#ifdef __has_include
    #if __has_include("lvgl.h")
        #ifndef LV_LVGL_H_INCLUDE_SIMPLE
            #define LV_LVGL_H_INCLUDE_SIMPLE
        #endif
    #endif
#endif

#if defined(LV_LVGL_H_INCLUDE_SIMPLE)
    #include "lvgl.h"
#else
    #include "lvgl/lvgl.h"
#endif

#ifndef LV_ATTRIBUTE_MEM_ALIGN
#define LV_ATTRIBUTE_MEM_ALIGN
#endif

#ifndef LV_ATTRIBUTE_IMG_IMG_APP_CLASSROOM_SCHEDULE
#define LV_ATTRIBUTE_IMG_IMG_APP_CLASSROOM_SCHEDULE
#endif

const LV_ATTRIBUTE_MEM_ALIGN LV_ATTRIBUTE_LARGE_CONST LV_ATTRIBUTE_IMG_IMG_APP_CLASSROOM_SCHEDULE uint8_t img_app_classroom_schedule_map[] = {
#if LV_COLOR_DEPTH == 16
  /*Pixel format: Red: 5 bit, Green: 6 bit, Blue: 5 bit + Alpha 8 bit*/
  0x00, 0x00, 0x00, 0x00, 0x00, 0x00, 0x00, 0x00, 0x00, 0x00, 0x00, 0x00, 0x00, 0x00, 0x00, 0x00,
  0x00, 0x00, 0x00, 0x00, 0x00, 0x00, 0x00, 0x00, 0x00, 0x00, 0x00, 0x00, 0x00, 0x00, 0x00, 0x00,
  0x00, 0x00, 0x00, 0x00, 0x00, 0x00, 0x00, 0x00, 0x00, 0x00, 0x00, 0x00, 0x00, 0x00, 0x00, 0x00,
  0x00, 0x00, 0x00, 0x00, 0x00, 0x00, 0x00, 0x00, 0x00, 0x00, 0x00, 0x00, 0x00, 0x00, 0x00, 0x00,
  0x00, 0x00, 0x00, 0x00, 0x00, 0x00, 0x00, 0x00, 0x00, 0x00, 0x00, 0x00, 0x00, 0x00, 0x00, 0x00,
  0x00, 0x00, 0x00, 0x00, 0x00, 0x00, 0x00, 0x00, 0x00, 0x00, 0x00, 0x00, 0x00, 0x00, 0x00, 0x00,
  0x00, 0x00, 0x00, 0x00, 0x00, 0x00, 0x00, 0x00, 0x00, 0x00, 0x00, 0x00, 0x00, 0x00, 0x00, 0x00,
  0x00, 0x00, 0x00, 0x00, 0x00, 0x00, 0x00, 0x00, 0x00, 0x00, 0x00, 0x00, 0x00, 0x00, 0x00, 0x00,
  0x00, 0x00, 0x00, 0x00, 0x00, 0x00, 0x00, 0x00, 0x00, 0x00, 0x00, 0x00, 0x00, 0x00, 0x00, 0x00,
  0x00, 0x00, 0x00, 0x00, 0x00, 0x00, 0x00, 0x00, 0x00, 0x00, 0x00, 0x00, 0x00, 0x00, 0x00, 0x00,
  0x00, 0x00, 0x00, 0x00, 0x00, 0x00, 0x00, 0x00, 0x00, 0x00, 0x00, 0x00, 0x00, 0x00, 0x00, 0x00,
  0x00, 0x00, 0x00, 0x00, 0x00, 0x00, 0x00, 0x00, 0x00, 0x00, 0x00, 0x00, 0x00, 0x00, 0x00, 0x00,
  0x00, 0x00, 0x00, 0x00, 0x00, 0x00, 0x00, 0x00, 0x00, 0x00, 0x00, 0x00, 0x00, 0x00, 0x00, 0x00,
  0x00, 0x00, 0x00, 0x00, 0x00, 0x00, 0x00, 0x00, 0x00, 0x00, 0x00, 0x00, 0x00, 0x00, 0x00, 0x00,
  0x00, 0x00, 0x00, 0x00, 0x00, 0x00, 0x00, 0x00, 0x00, 0x00, 0x00, 0x00, 0x00, 0x00, 0x00, 0x00,
  0x00, 0x00, 0x00, 0x00, 0x00, 0x00, 0x00, 0x00, 0x00, 0x00, 0x00, 0x00, 0x00, 0x00, 0x00, 0x00,
  0x00, 0x00, 0x00, 0x00, 0x00, 0x00, 0x00, 0x00, 0x00, 0x00, 0x00, 0x00, 0x00, 0x00, 0x00, 0x00,
  0x00, 0x00, 0x00, 0x00, 0x00, 0x00, 0x00, 0x00, 0x00, 0x00, 0x00, 0x00, 0x00, 0x00, 0x00, 0x00,
  0x00, 0x00, 0x00, 0x00, 0x00, 0x00, 0x00, 0x00, 0x00, 0x00, 0x00, 0x00, 0x00, 0x00, 0x00, 0x00,
  0x00, 0x00, 0x00, 0x00, 0x00, 0x00, 0x00, 0x00, 0x00, 0x00, 0x00, 0x00, 0x00, 0x00, 0x00, 0x00,
  0x00, 0x00, 0x00, 0x00, 0x00, 0x00, 0x00, 0x00, 0x00, 0x00, 0x00, 0x00, 0x00, 0x00, 0x00, 0x00,
  0x00, 0x00, 0x00, 0x00, 0x00, 0x00, 0x00, 0x00, 0x00, 0x00, 0x00, 0x00, 0x00, 0x00, 0x00, 0x00,
  0x00, 0x00, 0x00, 0x00, 0x00, 0x00, 0x00, 0x00, 0x00, 0x00, 0x00, 0x00, 0x00, 0x00, 0x00, 0x00,
  0x00, 0x00, 0x00, 0x00, 0x00, 0x00, 0x00, 0x00, 0x00, 0x00, 0x00, 0x00, 0x00, 0x00, 0x00, 0x00,
  0x00, 0x00, 0x00, 0x00, 0x00, 0x00, 0x00, 0x00, 0x00, 0x00, 0x00, 0x00, 0x00, 0x00, 0x00, 0x00,
  0x00, 0x00, 0x00, 0x00, 0x00, 0x00, 0x00, 0x00, 0x00, 0x00, 0x00, 0x00, 0x00, 0x00, 0x00, 0x00,
  0x00, 0x00, 0x00, 0x00, 0x00, 0x00, 0x00, 0x00, 0x00, 0x00, 0x00, 0x00, 0x00, 0x00, 0x00, 0x00,
  0x00, 0x00, 0x00, 0x00, 0x00, 0x00, 0x00, 0x00, 0x00, 0x00, 0x00, 0x00, 0x00, 0x00, 0x00, 0x00,
  0x00, 0x00, 0x00, 0x00, 0x00, 0x00, 0x00, 0x00, 0x00, 0x00, 0x00, 0x00, 0x00, 0x00, 0x00, 0x00,
  0x00, 0x00, 0x00, 0x00, 0x00, 0x00, 0x00, 0x00, 0x00, 0x00, 0x00, 0x00, 0x00, 0x00, 0x00, 0x00,
  0x00, 0x00, 0x00, 0x00, 0x00, 0x00, 0x00, 0x00, 0x00, 0x00, 0x00, 0x00, 0x00, 0x00, 0x00, 0x00,
  0x00, 0x00, 0x00, 0x00, 0x00, 0x00, 0x00, 0x00, 0x00, 0x00, 0x00, 0x00, 0x00, 0x00, 0x00, 0x00,
  0x00, 0x00, 0x00, 0x00, 0x00, 0x00, 0x00, 0x00, 0x00, 0x00, 0x00, 0x00, 0x00, 0x00, 0x00, 0x00,
  0x00, 0x00, 0x00, 0x00, 0x00, 0x00, 0x00, 0x00, 0x00, 0x00, 0x00, 0x00, 0x00, 0x00, 0x00, 0x00,
  0x00, 0x00, 0x00, 0x00, 0x00, 0x00, 0x00, 0x00, 0x00, 0x00, 0x00, 0x00, 0x00, 0x00, 0x00, 0x00,
  0x00, 0x00, 0x00, 0x00, 0x00, 0x00, 0x00, 0x00, 0x00, 0x00, 0x00, 0x00, 0x00, 0x00, 0x00, 0x00,
  0x00, 0x00, 0x00, 0x00, 0x00, 0x00, 0x00, 0x00, 0x00, 0x00, 0x00, 0x00, 0x00, 0x00, 0x00, 0x00,
  0x00, 0x00, 0x00, 0x00, 0x00, 0x00, 0x00, 0x00, 0x00, 0x00, 0x00, 0x00, 0x00, 0x00, 0x00, 0x00,
  0x00, 0x00, 0x00, 0x00, 0x00, 0x00, 0x00, 0x00, 0x00, 0x00, 0x00, 0x00, 0x00, 0x00, 0x00, 0x00,
  0x00, 0x00, 0x00, 0x00, 0x00, 0x00, 0x00, 0x00, 0x00, 0x00, 0x00, 0x00, 0x00, 0x00, 0x00, 0x00,
  0x00, 0x00, 0x00, 0x00, 0x00, 0x00, 0x00, 0x00, 0x00, 0x00, 0x00, 0x00, 0x00, 0x00, 0x00, 0x00,
  0x00, 0x00, 0x00, 0x00, 0x00, 0x00, 0x00, 0x00, 0x00, 0x00, 0x00, 0x00, 0x00, 0x00, 0x00, 0x00,
  0x00, 0x00, 0x00, 0x00, 0x00, 0x00, 0x00, 0x00, 0x00, 0x00, 0x00, 0x00, 0x00, 0x00, 0x00, 0x00,
  0x00, 0x00, 0x00, 0x00, 0x00, 0x00, 0x00, 0x00, 0x00, 0x00, 0x00, 0x00, 0x00, 0x00, 0x00, 0x00,
  0x00, 0x00, 0x00, 0x00, 0x00, 0x00, 0x00, 0x00, 0x00, 0x00, 0x00, 0x00, 0x00, 0x00, 0x00, 0x00,
  0x00, 0x00, 0x00, 0x00, 0x00, 0x00, 0x00, 0x00, 0x00, 0x00, 0x00, 0x00, 0x00, 0x00, 0x00, 0x00,
  0x00, 0x00, 0x00, 0x00, 0x00, 0x00, 0x00, 0x00, 0x00, 0x00, 0x00, 0x00, 0x00, 0x00, 0x00, 0x00,
  0x00, 0x00, 0x00, 0x00, 0x00, 0x00, 0x00, 0x00, 0x00, 0x00, 0x00, 0x00, 0x00, 0x00, 0x00, 0x00,
  0x00, 0x00, 0x00, 0x00, 0x00, 0x00, 0x00, 0x00, 0x00, 0x00, 0x00, 0x00, 0x00, 0x00, 0x00, 0x00,
  0x00, 0x00, 0x00, 0x00, 0x00, 0x00, 0x00, 0x00, 0x00, 0x00, 0x00, 0x00, 0x00, 0x00, 0x00, 0x00,
  0x00, 0x00, 0x00, 0x00, 0x00, 0x00, 0x00, 0x00, 0x00, 0x00, 0x00, 0x00, 0x00, 0x00, 0x00, 0x00,
  0x00, 0x00, 0x00, 0x00, 0x00, 0x00, 0x00, 0x00, 0x00, 0x00, 0x00, 0x00, 0x00, 0x00, 0x00, 0x00,
  0x00, 0x00, 0x00, 0x00, 0x00, 0x00, 0x00, 0x00, 0x00, 0x00, 0x00, 0x00, 0x00, 0x00, 0x00, 0x00,
  0x00, 0x00, 0x00, 0x00, 0x00, 0x00, 0x00, 0x00, 0x00, 0x00, 0x00, 0x00, 0x00, 0x00, 0x00, 0x00,
  0x00, 0x00, 0x00, 0x00, 0x00, 0x00, 0x00, 0x00, 0x00, 0x00, 0x00, 0x00, 0x00, 0x00, 0x00, 0x00,
  0x00, 0x00, 0x00, 0x00, 0x00, 0x00, 0x00, 0x00, 0x00, 0x00, 0x00, 0x00, 0x00, 0x00, 0x00, 0x00,
  0x00, 0x00, 0x00, 0x00, 0x00, 0x00, 0x00, 0x00, 0x00, 0x00, 0x00, 0x00, 0x00, 0x00, 0x00, 0x00,
  0x00, 0x00, 0x00, 0x00, 0x00, 0x00, 0x00, 0x00, 0x00, 0x00, 0x00, 0x00, 0x00, 0x00, 0x00, 0x00,
  0x00, 0x00, 0x00, 0x00, 0x00, 0x00, 0x00, 0x00, 0x00, 0x00, 0x00, 0x00, 0x00, 0x00, 0x00, 0x00,
  0x00, 0x00, 0x00, 0x00, 0x00, 0x00, 0x00, 0x00, 0x00, 0x00, 0x00, 0x00, 0x00, 0x00, 0x00, 0x00,
  0x00, 0x00, 0x00, 0x00, 0x00, 0x00, 0x00, 0x00, 0x00, 0x00, 0x00, 0x00, 0x00, 0x00, 0x00, 0x00,
  0x00, 0x00, 0x00, 0x00, 0x00, 0x00, 0x00, 0x00, 0x00, 0x00, 0x00, 0x00, 0x00, 0x00, 0x00, 0x00,
  0x00, 0x00, 0x00, 0x00, 0x00, 0x00, 0x00, 0x00, 0x00, 0x00, 0x00, 0x00, 0x00, 0x00, 0x00, 0x00,
  0x00, 0x00, 0x00, 0x00, 0x00, 0x00, 0x00, 0x00, 0x00, 0x00, 0x00, 0x00, 0x00, 0x00, 0x00, 0x00,
  0x00, 0x00, 0x00, 0x00, 0x00, 0x00, 0x00, 0x00, 0x00, 0x00, 0x00, 0x00, 0x00, 0x00, 0x00, 0x00,
  0x00, 0x00, 0x00, 0x00, 0x00, 0x00, 0x00, 0x00, 0x00, 0x00, 0x00, 0x00, 0x00, 0x00, 0x00, 0x00,
  0x00, 0x00, 0x00, 0x00, 0x00, 0x00, 0x00, 0x00, 0x00, 0x00, 0x00, 0x00, 0x00, 0x00, 0x00, 0x00,
  0x00, 0x00, 0x00, 0x00, 0x00, 0x00, 0x00, 0x00, 0x00, 0x00, 0x00, 0x00, 0x00, 0x00, 0x00, 0x00,
  0x00, 0x00, 0x00, 0x00, 0x00, 0x00, 0x00, 0x00, 0x00, 0x00, 0x00, 0x00, 0x00, 0xbf, 0xef, 0x18,
  0xbf, 0xef, 0x40, 0xbf, 0xef, 0x20, 0x00, 0x00, 0x00, 0x00, 0x00, 0x00, 0x00, 0x00, 0x00, 0x00,
  0x00, 0x00, 0x00, 0x00, 0x00, 0x00, 0x00, 0x00, 0x00, 0x00, 0x00, 0x00, 0x00, 0x00, 0x00, 0x00,
  0x00, 0x00, 0x00, 0x00, 0x00, 0x00, 0x00, 0x00, 0x00, 0x00, 0x00, 0x00, 0x00, 0x00, 0x00, 0x00,
  0x00, 0x00, 0x00, 0x00, 0x00, 0x00, 0x00, 0x00, 0x00, 0x00, 0x00, 0x00, 0x00, 0x00, 0x00, 0x00,
  0x00, 0x00, 0x00, 0x00, 0x00, 0x00, 0x00, 0x00, 0x00, 0x00, 0x00, 0x00, 0x00, 0x00, 0x00, 0x00,
  0x00, 0x00, 0x00, 0x00, 0x00, 0x00, 0x00, 0x00, 0x00, 0x00, 0x00, 0x00, 0x00, 0x00, 0x00, 0x00,
  0x00, 0x00, 0x00, 0x00, 0x00, 0x00, 0x00, 0x00, 0x00, 0x00, 0x00, 0x00, 0x00, 0x00, 0x00, 0x00,
  0x00, 0x00, 0x00, 0x00, 0x00, 0x00, 0x00, 0x00, 0x00, 0x00, 0x00, 0xbf, 0xef, 0x18, 0xbf, 0xef,
  0x40, 0xbf, 0xef, 0x20, 0x00, 0x00, 0x00, 0x00, 0x00, 0x00, 0x00, 0x00, 0x00, 0x00, 0x00, 0x00,
  0x00, 0x00, 0x00, 0x00, 0x00, 0x00, 0x00, 0x00, 0x00, 0x00, 0x00, 0x00, 0x00, 0x00, 0x00, 0x00,
  0x00, 0x00, 0x00, 0x00, 0x00, 0x00, 0x00, 0x00, 0x00, 0x00, 0x00, 0x00, 0x00, 0x00, 0x00, 0x00,
  0x00, 0x00, 0x00, 0x00, 0x00, 0x00, 0x00, 0x00, 0x00, 0x00, 0x00, 0x00, 0x00, 0x00, 0x00, 0x00,
  0x00, 0x00, 0x00, 0x00, 0x00, 0x00, 0x00, 0x00, 0x00, 0x00, 0x00, 0x00, 0x00, 0x00, 0x00, 0x00,
  0x00, 0x00, 0x00, 0x00, 0x00, 0x00, 0x00, 0x00, 0x00, 0x00, 0x00, 0x00, 0x00, 0x00, 0x00, 0x00,
  0x00, 0x00, 0x00, 0x00, 0x00, 0x00, 0x00, 0x00, 0x00, 0x00, 0x00, 0x00, 0x00, 0x00, 0x00, 0x00,
  0x00, 0x00, 0x00, 0x00, 0x00, 0x00, 0x00, 0x00, 0x00, 0x00, 0x00, 0x00, 0x00, 0x00, 0x00, 0x00,
  0x00, 0x00, 0x00, 0x00, 0x00, 0x00, 0x00, 0x00, 0x00, 0x00, 0x00, 0x00, 0x00, 0x00, 0x00, 0x00,
  0x00, 0x00, 0x00, 0x00, 0x00, 0x00, 0x00, 0x00, 0x00, 0x00, 0x00, 0x00, 0x00, 0x00, 0x00, 0x00,
  0x00, 0x00, 0x00, 0x00, 0x00, 0x00, 0x00, 0x00, 0x00, 0x00, 0x00, 0x00, 0x00, 0x00, 0x00, 0x00,
  0x00, 0x00, 0x00, 0x00, 0x00, 0x00, 0x00, 0x00, 0x00, 0x00, 0x00, 0x00, 0x00, 0x00, 0x00, 0x00,
  0x00, 0x00, 0x00, 0x00, 0x00, 0x00, 0x00, 0x00, 0x00, 0x00, 0x9f, 0xef, 0x28, 0xbf, 0xef, 0xef,
  0xbf, 0xef, 0xff, 0xbf, 0xef, 0xf7, 0xbf, 0xef, 0x40, 0x00, 0x00, 0x00, 0x00, 0x00, 0x00, 0x00,
  0x00, 0x00, 0x00, 0x00, 0x00, 0x00, 0x00, 0x00, 0x00, 0x00, 0x00, 0x00, 0x00, 0x00, 0x00, 0x00,
  0x00, 0x00, 0x00, 0x00, 0x00, 0x00, 0x00, 0x00, 0x00, 0x00, 0x00, 0x00, 0x00, 0x00, 0x00, 0x00,
  0x00, 0x00, 0x00, 0x00, 0x00, 0x00, 0x00, 0x00, 0x00, 0x00, 0x00, 0x00, 0x00, 0x00, 0x00, 0x00,
  0x00, 0x00, 0x00, 0x00, 0x00, 0x00, 0x00, 0x00, 0x00, 0x00, 0x00, 0x00, 0x00, 0x00, 0x00, 0x00,
  0x00, 0x00, 0x00, 0x00, 0x00, 0x00, 0x00, 0x00, 0x00, 0x00, 0x00, 0x00, 0x00, 0x00, 0x00, 0x00,
  0x00, 0x00, 0x00, 0x00, 0x00, 0x00, 0x00, 0x00, 0x00, 0x00, 0x00, 0x00, 0x00, 0x00, 0x00, 0x00,
  0x00, 0x00, 0x00, 0x00, 0x00, 0x00, 0x00, 0x00, 0x9f, 0xef, 0x28, 0xbf, 0xef, 0xef, 0xbf, 0xef,
  0xff, 0xbf, 0xef, 0xf7, 0xbf, 0xef, 0x40, 0x00, 0x00, 0x00, 0x00, 0x00, 0x00, 0x00, 0x00, 0x00,
  0x00, 0x00, 0x00, 0x00, 0x00, 0x00, 0x00, 0x00, 0x00, 0x00, 0x00, 0x00, 0x00, 0x00, 0x00, 0x00,
  0x00, 0x00, 0x00, 0x00, 0x00, 0x00, 0x00, 0x00, 0x00, 0x00, 0x00, 0x00, 0x00, 0x00, 0x00, 0x00,
  0x00, 0x00, 0x00, 0x00, 0x00, 0x00, 0x00, 0x00, 0x00, 0x00, 0x00, 0x00, 0x00, 0x00, 0x00, 0x00,
  0x00, 0x00, 0x00, 0x00, 0x00, 0x00, 0x00, 0x00, 0x00, 0x00, 0x00, 0x00, 0x00, 0x00, 0x00, 0x00,
  0x00, 0x00, 0x00, 0x00, 0x00, 0x00, 0x00, 0x00, 0x00, 0x00, 0x00, 0x00, 0x00, 0x00, 0x00, 0x00,
  0x00, 0x00, 0x00, 0x00, 0x00, 0x00, 0x00, 0x00, 0x00, 0x00, 0x00, 0x00, 0x00, 0x00, 0x00, 0x00,
  0x00, 0x00, 0x00, 0x00, 0x00, 0x00, 0x00, 0x00, 0x00, 0x00, 0x00, 0x00, 0x00, 0x00, 0x00, 0x00,
  0x00, 0x00, 0x00, 0x00, 0x00, 0x00, 0x00, 0x00, 0x00, 0x00, 0x00, 0x00, 0x00, 0x00, 0x00, 0x00,
  0x00, 0x00, 0x00, 0x00, 0x00, 0x00, 0x00, 0x00, 0x00, 0x00, 0x00, 0x00, 0x00, 0x00, 0x00, 0x00,
  0x00, 0x00, 0x00, 0x00, 0x00, 0x00, 0x00, 0x00, 0x00, 0x00, 0x00, 0x00, 0x00, 0x00, 0x00, 0x00,
  0x00, 0x00, 0x00, 0x00, 0x00, 0x00, 0x00, 0x00, 0x00, 0x00, 0x00, 0x00, 0x00, 0x00, 0x00, 0x00,
  0x00, 0x00, 0x00, 0x00, 0x00, 0x00, 0x00, 0x00, 0x00, 0x00, 0xbf, 0xef, 0xbf, 0xbf, 0xef, 0xff,
  0xbf, 0xef, 0xff, 0xbf, 0xef, 0xff, 0xbf, 0xef, 0xdf, 0xff, 0xdf, 0x08, 0x00, 0x00, 0x00, 0x00,
  0x00, 0x00, 0x00, 0x00, 0x00, 0x00, 0x00, 0x00, 0x00, 0x00, 0x00, 0x00, 0x00, 0x00, 0x00, 0x00,
  0x00, 0x00, 0x00, 0x00, 0x00, 0x00, 0x00, 0x00, 0x00, 0x00, 0x00, 0x00, 0x00, 0x00, 0x00, 0x00,
  0x00, 0x00, 0x00, 0x00, 0x00, 0x00, 0x00, 0x00, 0x00, 0x00, 0x00, 0x00, 0x00, 0x00, 0x00, 0x00,
  0x00, 0x00, 0x00, 0x00, 0x00, 0x00, 0x00, 0x00, 0x00, 0x00, 0x00, 0x00, 0x00, 0x00, 0x00, 0x00,
  0x00, 0x00, 0x00, 0x00, 0x00, 0x00, 0x00, 0x00, 0x00, 0x00, 0x00, 0x00, 0x00, 0x00, 0x00, 0x00,
  0x00, 0x00, 0x00, 0x00, 0x00, 0x00, 0x00, 0x00, 0x00, 0x00, 0x00, 0x00, 0x00, 0x00, 0x00, 0x00,
  0x00, 0x00, 0x00, 0x00, 0x00, 0x00, 0x00, 0x00, 0xbf, 0xef, 0xbf, 0xbf, 0xef, 0xff, 0xbf, 0xef,
  0xff, 0xbf, 0xef, 0xff, 0xbf, 0xef, 0xdf, 0xff, 0xdf, 0x08, 0x00, 0x00, 0x00, 0x00, 0x00, 0x00,
  0x00, 0x00, 0x00, 0x00, 0x00, 0x00, 0x00, 0x00, 0x00, 0x00, 0x00, 0x00, 0x00, 0x00, 0x00, 0x00,
  0x00, 0x00, 0x00, 0x00, 0x00, 0x00, 0x00, 0x00, 0x00, 0x00, 0x00, 0x00, 0x00, 0x00, 0x00, 0x00,
  0x00, 0x00, 0x00, 0x00, 0x00, 0x00, 0x00, 0x00, 0x00, 0x00, 0x00, 0x00, 0x00, 0x00, 0x00, 0x00,
  0x00, 0x00, 0x00, 0x00, 0x00, 0x00, 0x00, 0x00, 0x00, 0x00, 0x00, 0x00, 0x00, 0x00, 0x00, 0x00,
  0x00, 0x00, 0x00, 0x00, 0x00, 0x00, 0x00, 0x00, 0x00, 0x00, 0x00, 0x00, 0x00, 0x00, 0x00, 0x00,
  0x00, 0x00, 0x00, 0x00, 0x00, 0x00, 0x00, 0x00, 0x00, 0x00, 0x00, 0x00, 0x00, 0x00, 0x00, 0x00,
  0x00, 0x00, 0x00, 0x00, 0x00, 0x00, 0x00, 0x00, 0x00, 0x00, 0x00, 0x00, 0x00, 0x00, 0x00, 0x00,
  0x00, 0x00, 0x00, 0x00, 0x00, 0x00, 0x00, 0x00, 0x00, 0x00, 0x00, 0x00, 0x00, 0x00, 0x00, 0x00,
  0x00, 0x00, 0x00, 0x00, 0x00, 0x00, 0x00, 0x00, 0x00, 0x00, 0x00, 0x00, 0x00, 0x00, 0x00, 0x00,
  0x00, 0x00, 0x00, 0x00, 0x00, 0x00, 0x00, 0x00, 0x00, 0x00, 0x00, 0x00, 0x00, 0x00, 0x00, 0x00,
  0x00, 0x00, 0x00, 0x00, 0x00, 0x00, 0x00, 0x00, 0x00, 0x00, 0x00, 0x00, 0x00, 0x00, 0x00, 0x00,
  0x00, 0x00, 0x00, 0x00, 0x00, 0x00, 0x00, 0xbf, 0xef, 0x50, 0xbf, 0xef, 0xff, 0xbf, 0xef, 0xff,
  0xbf, 0xef, 0xff, 0xbf, 0xef, 0xff, 0xbf, 0xef, 0xff, 0xbf, 0xef, 0x80, 0x00, 0x00, 0x00, 0x00,
  0x00, 0x00, 0x00, 0x00, 0x00, 0x00, 0x00, 0x00, 0x00, 0x00, 0x00, 0x00, 0x00, 0x00, 0x00, 0x00,
  0x00, 0x00, 0x00, 0x00, 0x00, 0x00, 0x00, 0x00, 0x00, 0x00, 0x00, 0x00, 0x00, 0x00, 0x00, 0x00,
  0x00, 0x00, 0x00, 0x00, 0x00, 0x00, 0x00, 0x00, 0x00, 0x00, 0x00, 0x00, 0x00, 0x00, 0x00, 0x00,
  0x00, 0x00, 0x00, 0x00, 0x00, 0x00, 0x00, 0x00, 0x00, 0x00, 0x00, 0x00, 0x00, 0x00, 0x00, 0x00,
  0x00, 0x00, 0x00, 0x00, 0x00, 0x00, 0x00, 0x00, 0x00, 0x00, 0x00, 0x00, 0x00, 0x00, 0x00, 0x00,
  0x00, 0x00, 0x00, 0x00, 0x00, 0x00, 0x00, 0x00, 0x00, 0x00, 0x00, 0x00, 0x00, 0x00, 0x00, 0x00,
  0x00, 0x00, 0x00, 0x00, 0x00, 0xbf, 0xef, 0x50, 0xbf, 0xef, 0xff, 0xbf, 0xef, 0xff, 0xbf, 0xef,
  0xff, 0xbf, 0xef, 0xff, 0xbf, 0xef, 0xff, 0xbf, 0xef, 0x80, 0x00, 0x00, 0x00, 0x00, 0x00, 0x00,
  0x00, 0x00, 0x00, 0x00, 0x00, 0x00, 0x00, 0x00, 0x00, 0x00, 0x00, 0x00, 0x00, 0x00, 0x00, 0x00,
  0x00, 0x00, 0x00, 0x00, 0x00, 0x00, 0x00, 0x00, 0x00, 0x00, 0x00, 0x00, 0x00, 0x00, 0x00, 0x00,
  0x00, 0x00, 0x00, 0x00, 0x00, 0x00, 0x00, 0x00, 0x00, 0x00, 0x00, 0x00, 0x00, 0x00, 0x00, 0x00,
  0x00, 0x00, 0x00, 0x00, 0x00, 0x00, 0x00, 0x00, 0x00, 0x00, 0x00, 0x00, 0x00, 0x00, 0x00, 0x00,
  0x00, 0x00, 0x00, 0x00, 0x00, 0x00, 0x00, 0x00, 0x00, 0x00, 0x00, 0x00, 0x00, 0x00, 0x00, 0x00,
  0x00, 0x00, 0x00, 0x00, 0x00, 0x00, 0x00, 0x00, 0x00, 0x00, 0x00, 0x00, 0x00, 0x00, 0x00, 0x00,
  0x00, 0x00, 0x00, 0x00, 0x00, 0x00, 0x00, 0x00, 0x00, 0x00, 0x00, 0x00, 0x00, 0x00, 0x00, 0x00,
  0x00, 0x00, 0x00, 0x00, 0x00, 0x00, 0x00, 0x00, 0x00, 0x00, 0x00, 0x00, 0x00, 0x00, 0x00, 0x00,
  0x00, 0x00, 0x00, 0x00, 0x00, 0x00, 0x00, 0x00, 0x00, 0x00, 0x00, 0x00, 0x00, 0x00, 0x00, 0x00,
  0x00, 0x00, 0x00, 0x00, 0x00, 0x00, 0x00, 0x00, 0x00, 0x00, 0x00, 0x00, 0x00, 0x00, 0x00, 0x00,
  0x00, 0x00, 0x00, 0x00, 0x00, 0x00, 0x00, 0x00, 0x00, 0x00, 0x00, 0x00, 0x00, 0x00, 0x00, 0x00,
  0x00, 0x00, 0x00, 0x00, 0x00, 0x00, 0x00, 0xbf, 0xef, 0x9f, 0xbf, 0xef, 0xff, 0xbf, 0xef, 0xff,
  0x5f, 0xdf, 0xff, 0xbf, 0xef, 0xff, 0xbf, 0xef, 0xff, 0xbf, 0xef, 0xc7, 0x00, 0x00, 0x00, 0x00,
  0x00, 0x00, 0x00, 0x00, 0x00, 0x00, 0x00, 0x00, 0x00, 0x00, 0x00, 0x00, 0x00, 0x00, 0x00, 0x00,
  0x00, 0x00, 0x00, 0x00, 0x00, 0x00, 0x00, 0x00, 0x00, 0x00, 0x00, 0x00, 0x00, 0x00, 0x00, 0x00,
  0x00, 0x00, 0x00, 0x00, 0x00, 0x00, 0x00, 0x00, 0x00, 0x00, 0x00, 0x00, 0x00, 0x00, 0x00, 0x00,
  0x00, 0x00, 0x00, 0x00, 0x00, 0x00, 0x00, 0x00, 0x00, 0x00, 0x00, 0x00, 0x00, 0x00, 0x00, 0x00,
  0x00, 0x00, 0x00, 0x00, 0x00, 0x00, 0x00, 0x00, 0x00, 0x00, 0x00, 0x00, 0x00, 0x00, 0x00, 0x00,
  0x00, 0x00, 0x00, 0x00, 0x00, 0x00, 0x00, 0x00, 0x00, 0x00, 0x00, 0x00, 0x00, 0x00, 0x00, 0x00,
  0x00, 0x00, 0x00, 0x00, 0x00, 0xbf, 0xef, 0x9f, 0xbf, 0xef, 0xff, 0xbf, 0xef, 0xff, 0x5f, 0xdf,
  0xff, 0xbf, 0xef, 0xff, 0xbf, 0xef, 0xff, 0xbf, 0xef, 0xc7, 0x00, 0x00, 0x00, 0x00, 0x00, 0x00,
  0x00, 0x00, 0x00, 0x00, 0x00, 0x00, 0x00, 0x00, 0x00, 0x00, 0x00, 0x00, 0x00, 0x00, 0x00, 0x00,
  0x00, 0x00, 0x00, 0x00, 0x00, 0x00, 0x00, 0x00, 0x00, 0x00, 0x00, 0x00, 0x00, 0x00, 0x00, 0x00,
  0x00, 0x00, 0x00, 0x00, 0x00, 0x00, 0x00, 0x00, 0x00, 0x00, 0x00, 0x00, 0x00, 0x00, 0x00, 0x00,
  0x00, 0x00, 0x00, 0x00, 0x00, 0x00, 0x00, 0x00, 0x00, 0x00, 0x00, 0x00, 0x00, 0x00, 0x00, 0x00,
  0x00, 0x00, 0x00, 0x00, 0x00, 0x00, 0x00, 0x00, 0x00, 0x00, 0x00, 0x00, 0x00, 0x00, 0x00, 0x00,
  0x00, 0x00, 0x00, 0x00, 0x00, 0x00, 0x00, 0x00, 0x00, 0x00, 0x00, 0x00, 0x00, 0x00, 0x00, 0x00,
  0x00, 0x00, 0x00, 0x00, 0x00, 0x00, 0x00, 0x00, 0x00, 0x00, 0x00, 0x00, 0x00, 0x00, 0x00, 0x00,
  0x00, 0x00, 0x00, 0x00, 0x00, 0x00, 0x00, 0x00, 0x00, 0x00, 0x00, 0x00, 0x00, 0x00, 0x00, 0x00,
  0x00, 0x00, 0x00, 0x00, 0x00, 0x00, 0x00, 0x00, 0x00, 0x00, 0x00, 0x00, 0x00, 0x00, 0x00, 0x00,
  0x00, 0x00, 0x00, 0x00, 0x00, 0x00, 0x00, 0x00, 0x00, 0x00, 0x00, 0x00, 0x00, 0x00, 0x00, 0x00,
  0x00, 0x00, 0x00, 0x00, 0x00, 0x00, 0x00, 0x00, 0x00, 0x00, 0x00, 0x00, 0x00, 0x00, 0x7e, 0x7d,
  0x64, 0x7e, 0x7d, 0x70, 0x5d, 0x75, 0x9c, 0x9f, 0xef, 0xfb, 0xbf, 0xef, 0xff, 0x1f, 0xc7, 0xff,
  0x3f, 0x96, 0xff, 0xbf, 0xb6, 0xff, 0xbf, 0xef, 0xff, 0xbf, 0xef, 0xff, 0x5d, 0x6d, 0xc4, 0x3d,
  0x65, 0xc0, 0x3d, 0x65, 0xc0, 0x5d, 0x65, 0xc0, 0x5d, 0x65, 0xc0, 0x5d, 0x65, 0xc0, 0x5d, 0x65,
  0xc0, 0x5d, 0x65, 0xc0, 0x5d, 0x65, 0xc0, 0x7d, 0x65, 0xc0, 0x7d, 0x65, 0xc0, 0x7d, 0x65, 0xc0,
  0x7d, 0x65, 0xc0, 0x7d, 0x65, 0xc0, 0x7d, 0x65, 0xc0, 0x9d, 0x65, 0xc0, 0x9d, 0x65, 0xc0, 0x9d,
  0x65, 0xc0, 0x9d, 0x65, 0xc0, 0x9d, 0x65, 0xc0, 0x9d, 0x65, 0xc0, 0xbd, 0x65, 0xc0, 0xbd, 0x5d,
  0xc0, 0xbd, 0x5d, 0xc0, 0xbd, 0x5d, 0xc0, 0xbd, 0x5d, 0xc0, 0xbd, 0x5d, 0xc0, 0xbd, 0x5d, 0xc0,
  0xdd, 0x5d, 0xc0, 0xdd, 0x5d, 0xc0, 0xdc, 0x5d, 0xc0, 0xdc, 0x5d, 0xc0, 0xdc, 0x5d, 0xc0, 0xdc,
  0x5d, 0xc0, 0xfc, 0x5d, 0xc0, 0x9f, 0xe7, 0xfb, 0xbf, 0xef, 0xff, 0x1f, 0xc7, 0xff, 0x3f, 0x96,
  0xff, 0xbf, 0xb6, 0xff, 0xbf, 0xef, 0xff, 0xbf, 0xef, 0xff, 0x5d, 0x76, 0xa2, 0x5d, 0x6e, 0x70,
  0x5d, 0x6e, 0x70, 0x00, 0x00, 0x00, 0x00, 0x00, 0x00, 0x00, 0x00, 0x00, 0x00, 0x00, 0x00, 0x00,
  0x00, 0x00, 0x00, 0x00, 0x00, 0x00, 0x00, 0x00, 0x00, 0x00, 0x00, 0x00, 0x00, 0x00, 0x00, 0x00,
  0x00, 0x00, 0x00, 0x00, 0x00, 0x00, 0x00, 0x00, 0x00, 0x00, 0x00, 0x00, 0x00, 0x00, 0x00, 0x00,
  0x00, 0x00, 0x00, 0x00, 0x00, 0x00, 0x00, 0x00, 0x00, 0x00, 0x00, 0x00, 0x00, 0x00, 0x00, 0x00,
  0x00, 0x00, 0x00, 0x00, 0x00, 0x00, 0x00, 0x00, 0x00, 0x00, 0x00, 0x00, 0x00, 0x00, 0x00, 0x00,
  0x00, 0x00, 0x00, 0x00, 0x00, 0x00, 0x00, 0x00, 0x00, 0x00, 0x00, 0x00, 0x00, 0x00, 0x00, 0x00,
  0x00, 0x00, 0x00, 0x00, 0x00, 0x00, 0x00, 0x00, 0x00, 0x00, 0x00, 0x00, 0x00, 0x00, 0x00, 0x00,
  0x00, 0x00, 0x00, 0x00, 0x00, 0x00, 0x00, 0x00, 0x00, 0x00, 0x00, 0x00, 0x00, 0x00, 0x00, 0x00,
  0x00, 0x00, 0x00, 0x00, 0x00, 0x00, 0x00, 0x00, 0x00, 0x00, 0x00, 0x00, 0x00, 0x00, 0x00, 0x00,
  0x00, 0x00, 0x00, 0x00, 0x00, 0x00, 0x00, 0x00, 0x00, 0x00, 0x00, 0x00, 0x00, 0x00, 0x00, 0x00,
  0x00, 0x00, 0x5e, 0x7d, 0x64, 0xdd, 0x64, 0xce, 0x1d, 0x34, 0xfb, 0x9c, 0x1b, 0xff, 0x9c, 0x1b,
  0xff, 0xbc, 0x1b, 0xff, 0x5d, 0x3c, 0xff, 0xbf, 0xef, 0xff, 0xbf, 0xef, 0xff, 0x5f, 0x9e, 0xff,
  0x3f, 0x96, 0xff, 0x3f, 0x96, 0xff, 0x9f, 0xe7, 0xff, 0xbf, 0xef, 0xff, 0xfd, 0x54, 0xff, 0xfc,
  0x1b, 0xff, 0xfc, 0x1b, 0xff, 0xfc, 0x1b, 0xff, 0x1c, 0x1c, 0xff, 0x1c, 0x1c, 0xff, 0x1c, 0x1c,
  0xff, 0x1c, 0x1c, 0xff, 0x3c, 0x1c, 0xff, 0x3c, 0x1c, 0xff, 0x3c, 0x1c, 0xff, 0x3c, 0x14, 0xff,
  0x3c, 0x14, 0xff, 0x5c, 0x14, 0xff, 0x5c, 0x14, 0xff, 0x5c, 0x14, 0xff, 0x7c, 0x14, 0xff, 0x7c,
  0x14, 0xff, 0x7c, 0x14, 0xff, 0x7b, 0x14, 0xff, 0x9b, 0x14, 0xff, 0x9b, 0x14, 0xff, 0x9b, 0x14,
  0xff, 0x9b, 0x14, 0xff, 0xbb, 0x14, 0xff, 0xbb, 0x14, 0xff, 0xbb, 0x14, 0xff, 0xbb, 0x14, 0xff,
  0xbb, 0x14, 0xff, 0xdb, 0x14, 0xff, 0xdb, 0x14, 0xff, 0xdb, 0x14, 0xff, 0xdb, 0x14, 0xff, 0xfb,
  0x14, 0xff, 0x5c, 0x35, 0xff, 0xbf, 0xef, 0xff, 0xbf, 0xef, 0xff, 0x5f, 0x9e, 0xff, 0x3f, 0x96,
  0xff, 0x3f, 0x96, 0xff, 0x9f, 0xe7, 0xff, 0xbf, 0xef, 0xff, 0xdc, 0x4d, 0xff, 0x3b, 0x0d, 0xff,
  0x3b, 0x0d, 0xff, 0x3b, 0x0d, 0xff, 0x7b, 0x1d, 0xfd, 0x1c, 0x56, 0xd5, 0x5c, 0x6e, 0x87, 0x00,
  0x00, 0x00, 0x00, 0x00, 0x00, 0x00, 0x00, 0x00, 0x00, 0x00, 0x00, 0x00, 0x00, 0x00, 0x00, 0x00,
  0x00, 0x00, 0x00, 0x00, 0x00, 0x00, 0x00, 0x00, 0x00, 0x00, 0x00, 0x00, 0x00, 0x00, 0x00, 0x00,
  0x00, 0x00, 0x00, 0x00, 0x00, 0x00, 0x00, 0x00, 0x00, 0x00, 0x00, 0x00, 0x00, 0x00, 0x00, 0x00,
  0x00, 0x00, 0x00, 0x00, 0x00, 0x00, 0x00, 0x00, 0x00, 0x00, 0x00, 0x00, 0x00, 0x00, 0x00, 0x00,
  0x00, 0x00, 0x00, 0x00, 0x00, 0x00, 0x00, 0x00, 0x00, 0x00, 0x00, 0x00, 0x00, 0x00, 0x00, 0x00,
  0x00, 0x00, 0x00, 0x00, 0x00, 0x00, 0x00, 0x00, 0x00, 0x00, 0x00, 0x00, 0x00, 0x00, 0x00, 0x00,
  0x00, 0x00, 0x00, 0x00, 0x00, 0x00, 0x00, 0x00, 0x00, 0x00, 0x00, 0x00, 0x00, 0x00, 0x00, 0x00,
  0x00, 0x00, 0x00, 0x00, 0x00, 0x00, 0x00, 0x00, 0x00, 0x00, 0x00, 0x00, 0x00, 0x00, 0x00, 0x00,
  0x00, 0x00, 0x00, 0x00, 0x00, 0x00, 0x00, 0x00, 0x00, 0x00, 0x00, 0x00, 0x1e, 0x75, 0x9c, 0xfd,
  0x3b, 0xfb, 0x7d, 0x23, 0xff, 0x9d, 0x23, 0xff, 0x9c, 0x23, 0xff, 0x9c, 0x1b, 0xff, 0x9c, 0x1b,
  0xff, 0xbc, 0x1b, 0xff, 0xbd, 0x54, 0xff, 0xbf, 0xef, 0xff, 0x7f, 0xdf, 0xff, 0x3f, 0x96, 0xff,
  0x3f, 0x96, 0xff, 0x3f, 0x96, 0xff, 0x1f, 0xcf, 0xff, 0xbf, 0xef, 0xff, 0x5d, 0x6d, 0xff, 0xfc,
  0x1b, 0xff, 0xfc, 0x1b, 0xff, 0xfc, 0x1b, 0xff, 0x1c, 0x1c, 0xff, 0x1c, 0x1c, 0xff, 0x1c, 0x1c,
  0xff, 0x1c, 0x1c, 0xff, 0x3c, 0x1c, 0xff, 0x3c, 0x1c, 0xff, 0x3c, 0x1c, 0xff, 0x3c, 0x14, 0xff,
  0x3c, 0x14, 0xff, 0x5c, 0x14, 0xff, 0x5c, 0x14, 0xff, 0x5c, 0x14, 0xff, 0x7c, 0x14, 0xff, 0x7c,
  0x14, 0xff, 0x7c, 0x14, 0xff, 0x7b, 0x14, 0xff, 0x9b, 0x14, 0xff, 0x9b, 0x14, 0xff, 0x9b, 0x14,
  0xff, 0x9b, 0x14, 0xff, 0xbb, 0x14, 0xff, 0xbb, 0x14, 0xff, 0xbb, 0x14, 0xff, 0xbb, 0x14, 0xff,
  0xbb, 0x14, 0xff, 0xdb, 0x14, 0xff, 0xdb, 0x14, 0xff, 0xdb, 0x14, 0xff, 0xdb, 0x14, 0xff, 0xfb,
  0x14, 0xff, 0xbc, 0x4d, 0xff, 0xbf, 0xef, 0xff, 0x7f, 0xdf, 0xff, 0x3f, 0x96, 0xff, 0x3f, 0x96,
  0xff, 0x3f, 0x96, 0xff, 0x1f, 0xcf, 0xff, 0xbf, 0xef, 0xff, 0x1c, 0x66, 0xff, 0x3b, 0x0d, 0xff,
  0x3b, 0x0d, 0xff, 0x3b, 0x0d, 0xff, 0x5b, 0x0d, 0xff, 0x5a, 0x0d, 0xff, 0x5a, 0x0d, 0xff, 0x9b,
  0x1d, 0xfe, 0x3c, 0x5e, 0xb8, 0x7d, 0x7e, 0x10, 0x00, 0x00, 0x00, 0x00, 0x00, 0x00, 0x00, 0x00,
  0x00, 0x00, 0x00, 0x00, 0x00, 0x00, 0x00, 0x00, 0x00, 0x00, 0x00, 0x00, 0x00, 0x00, 0x00, 0x00,
  0x00, 0x00, 0x00, 0x00, 0x00, 0x00, 0x00, 0x00, 0x00, 0x00, 0x00, 0x00, 0x00, 0x00, 0x00, 0x00,
  0x00, 0x00, 0x00, 0x00, 0x00, 0x00, 0x00, 0x00, 0x00, 0x00, 0x00, 0x00, 0x00, 0x00, 0x00, 0x00,
  0x00, 0x00, 0x00, 0x00, 0x00, 0x00, 0x00, 0x00, 0x00, 0x00, 0x00, 0x00, 0x00, 0x00, 0x00, 0x00,
  0x00, 0x00, 0x00, 0x00, 0x00, 0x00, 0x00, 0x00, 0x00, 0x00, 0x00, 0x00, 0x00, 0x00, 0x00, 0x00,
  0x00, 0x00, 0x00, 0x00, 0x00, 0x00, 0x00, 0x00, 0x00, 0x00, 0x00, 0x00, 0x00, 0x00, 0x00, 0x00,
  0x00, 0x00, 0x00, 0x00, 0x00, 0x00, 0x00, 0x00, 0x00, 0x00, 0x00, 0x00, 0x00, 0x00, 0x00, 0x00,
  0x00, 0x00, 0x00, 0x00, 0x00, 0x00, 0x3e, 0x7d, 0x7c, 0xfd, 0x3b, 0xf9, 0x7d, 0x23, 0xff, 0x7d,
  0x23, 0xff, 0x7d, 0x23, 0xff, 0x9d, 0x23, 0xff, 0x9c, 0x23, 0xff, 0x9c, 0x1b, 0xff, 0x9c, 0x1b,
  0xff, 0xbc, 0x1b, 0xff, 0x1d, 0x65, 0xff, 0xbf, 0xef, 0xff, 0x3f, 0xd7, 0xff, 0x3f, 0x96, 0xff,
  0x3f, 0x96, 0xff, 0x3f, 0x96, 0xff, 0xff, 0xc6, 0xff, 0xbf, 0xef, 0xff, 0xbe, 0x7d, 0xff, 0xfc,
  0x1b, 0xff, 0xfc, 0x1b, 0xff, 0xfc, 0x1b, 0xff, 0x1c, 0x1c, 0xff, 0x1c, 0x1c, 0xff, 0x1c, 0x1c,
  0xff, 0x1c, 0x1c, 0xff, 0x3c, 0x1c, 0xff, 0x3c, 0x1c, 0xff, 0x3c, 0x1c, 0xff, 0x3c, 0x14, 0xff,
  0x3c, 0x14, 0xff, 0x5c, 0x14, 0xff, 0x5c, 0x14, 0xff, 0x5c, 0x14, 0xff, 0x7c, 0x14, 0xff, 0x7c,
  0x14, 0xff, 0x7c, 0x14, 0xff, 0x7b, 0x14, 0xff, 0x9b, 0x14, 0xff, 0x9b, 0x14, 0xff, 0x9b, 0x14,
  0xff, 0x9b, 0x14, 0xff, 0xbb, 0x14, 0xff, 0xbb, 0x14, 0xff, 0xbb, 0x14, 0xff, 0xbb, 0x14, 0xff,
  0xbb, 0x14, 0xff, 0xdb, 0x14, 0xff, 0xdb, 0x14, 0xff, 0xdb, 0x14, 0xff, 0xdb, 0x14, 0xff, 0xfb,
  0x14, 0xff, 0xfc, 0x5d, 0xff, 0xbf, 0xef, 0xff, 0x3f, 0xd7, 0xff, 0x3f, 0x96, 0xff, 0x3f, 0x96,
  0xff, 0x3f, 0x96, 0xff, 0xff, 0xc6, 0xff, 0xbf, 0xef, 0xff, 0x5d, 0x76, 0xff, 0x3b, 0x0d, 0xff,
  0x3b, 0x0d, 0xff, 0x3b, 0x0d, 0xff, 0x5b, 0x0d, 0xff, 0x5a, 0x0d, 0xff, 0x5a, 0x0d, 0xff, 0x7a,
  0x0d, 0xff, 0x7a, 0x0d, 0xff, 0xbb, 0x1d, 0xfd, 0x5c, 0x66, 0x92, 0x00, 0x00, 0x00, 0x00, 0x00,
  0x00, 0x00, 0x00, 0x00, 0x00, 0x00, 0x00, 0x00, 0x00, 0x00, 0x00, 0x00, 0x00, 0x00, 0x00, 0x00,
  0x00, 0x00, 0x00, 0x00, 0x00, 0x00, 0x00, 0x00, 0x00, 0x00, 0x00, 0x00, 0x00, 0x00, 0x00, 0x00,
  0x00, 0x00, 0x00, 0x00, 0x00, 0x00, 0x00, 0x00, 0x00, 0x00, 0x00, 0x00, 0x00, 0x00, 0x00, 0x00,
  0x00, 0x00, 0x00, 0x00, 0x00, 0x00, 0x00, 0x00, 0x00, 0x00, 0x00, 0x00, 0x00, 0x00, 0x00, 0x00,
  0x00, 0x00, 0x00, 0x00, 0x00, 0x00, 0x00, 0x00, 0x00, 0x00, 0x00, 0x00, 0x00, 0x00, 0x00, 0x00,
  0x00, 0x00, 0x00, 0x00, 0x00, 0x00, 0x00, 0x00, 0x00, 0x00, 0x00, 0x00, 0x00, 0x00, 0x00, 0x00,
  0x00, 0x00, 0x00, 0x00, 0x00, 0x00, 0x00, 0x00, 0x00, 0x00, 0x00, 0x00, 0x00, 0x00, 0x00, 0x00,
  0x00, 0x00, 0x00, 0xde, 0x6c, 0xc0, 0x5d, 0x23, 0xff, 0x5d, 0x23, 0xff, 0x7d, 0x23, 0xff, 0x7d,
  0x23, 0xff, 0x7d, 0x23, 0xff, 0x9d, 0x23, 0xff, 0x9c, 0x23, 0xff, 0x9c, 0x1b, 0xff, 0x9c, 0x1b,
  0xff, 0xbc, 0x1b, 0xff, 0x5e, 0x75, 0xff, 0xbf, 0xef, 0xff, 0x1f, 0xcf, 0xff, 0x3f, 0x96, 0xff,
  0x3f, 0x96, 0xff, 0x3f, 0x96, 0xff, 0xff, 0xc6, 0xff, 0xbf, 0xef, 0xff, 0xde, 0x85, 0xff, 0xfc,
  0x1b, 0xff, 0xfc, 0x1b, 0xff, 0xfc, 0x1b, 0xff, 0x1c, 0x1c, 0xff, 0x1c, 0x1c, 0xff, 0x1c, 0x1c,
  0xff, 0x1c, 0x1c, 0xff, 0x3c, 0x1c, 0xff, 0x3c, 0x1c, 0xff, 0x3c, 0x1c, 0xff, 0x3c, 0x14, 0xff,
  0x3c, 0x14, 0xff, 0x5c, 0x14, 0xff, 0x5c, 0x14, 0xff, 0x5c, 0x14, 0xff, 0x7c, 0x14, 0xff, 0x7c,
  0x14, 0xff, 0x7c, 0x14, 0xff, 0x7b, 0x14, 0xff, 0x9b, 0x14, 0xff, 0x9b, 0x14, 0xff, 0x9b, 0x14,
  0xff, 0x9b, 0x14, 0xff, 0xbb, 0x14, 0xff, 0xbb, 0x14, 0xff, 0xbb, 0x14, 0xff, 0xbb, 0x14, 0xff,
  0xbb, 0x14, 0xff, 0xdb, 0x14, 0xff, 0xdb, 0x14, 0xff, 0xdb, 0x14, 0xff, 0xdb, 0x14, 0xff, 0xfb,
  0x14, 0xff, 0x1d, 0x6e, 0xff, 0xbf, 0xef, 0xff, 0x1f, 0xcf, 0xff, 0x3f, 0x96, 0xff, 0x3f, 0x96,
  0xff, 0x3f, 0x96, 0xff, 0xff, 0xc6, 0xff, 0xbf, 0xef, 0xff, 0x7d, 0x7e, 0xff, 0x3b, 0x0d, 0xff,
  0x3b, 0x0d, 0xff, 0x3b, 0x0d, 0xff, 0x5b, 0x0d, 0xff, 0x5a, 0x0d, 0xff, 0x5a, 0x0d, 0xff, 0x7a,
  0x0d, 0xff, 0x7a, 0x0d, 0xff, 0x7a, 0x0d, 0xff, 0x7a, 0x0d, 0xff, 0x3c, 0x4e, 0xd5, 0xfd, 0x7e,
  0x10, 0x00, 0x00, 0x00, 0x00, 0x00, 0x00, 0x00, 0x00, 0x00, 0x00, 0x00, 0x00, 0x00, 0x00, 0x00,
  0x00, 0x00, 0x00, 0x00, 0x00, 0x00, 0x00, 0x00, 0x00, 0x00, 0x00, 0x00, 0x00, 0x00, 0x00, 0x00,
  0x00, 0x00, 0x00, 0x00, 0x00, 0x00, 0x00, 0x00, 0x00, 0x00, 0x00, 0x00, 0x00, 0x00, 0x00, 0x00,
  0x00, 0x00, 0x00, 0x00, 0x00, 0x00, 0x00, 0x00, 0x00, 0x00, 0x00, 0x00, 0x00, 0x00, 0x00, 0x00,
  0x00, 0x00, 0x00, 0x00, 0x00, 0x00, 0x00, 0x00, 0x00, 0x00, 0x00, 0x00, 0x00, 0x00, 0x00, 0x00,
  0x00, 0x00, 0x00, 0x00, 0x00, 0x00, 0x00, 0x00, 0x00, 0x00, 0x00, 0x00, 0x00, 0x00, 0x00, 0x00,
  0x00, 0x00, 0x00, 0x00, 0x00, 0x00, 0x00, 0x00, 0x00, 0x00, 0x00, 0x00, 0x00, 0xbe, 0x85, 0x1f,
  0x5d, 0x54, 0xe6, 0x5d, 0x23, 0xff, 0x5d, 0x23, 0xff, 0x5d, 0x23, 0xff, 0x7d, 0x23, 0xff, 0x7d,
  0x23, 0xff, 0x7d, 0x23, 0xff, 0x9d, 0x23, 0xff, 0x9c, 0x23, 0xff, 0x9c, 0x1b, 0xff, 0x9c, 0x1b,
  0xff, 0xbc, 0x1b, 0xff, 0x3d, 0x6d, 0xff, 0xbf, 0xef, 0xff, 0x1f, 0xcf, 0xff, 0x3f, 0x96, 0xff,
  0x3f, 0x96, 0xff, 0x3f, 0x96, 0xff, 0xff, 0xc6, 0xff, 0xbf, 0xef, 0xff, 0xde, 0x85, 0xff, 0xfc,
  0x1b, 0xff, 0xfc, 0x1b, 0xff, 0xfc, 0x1b, 0xff, 0x1c, 0x1c, 0xff, 0x1c, 0x1c, 0xff, 0x1c, 0x1c,
  0xff, 0x1c, 0x1c, 0xff, 0x3c, 0x1c, 0xff, 0x3c, 0x1c, 0xff, 0x3c, 0x1c, 0xff, 0x3c, 0x14, 0xff,
  0x3c, 0x14, 0xff, 0x5c, 0x14, 0xff, 0x5c, 0x14, 0xff, 0x5c, 0x14, 0xff, 0x7c, 0x14, 0xff, 0x7c,
  0x14, 0xff, 0x7c, 0x14, 0xff, 0x7b, 0x14, 0xff, 0x9b, 0x14, 0xff, 0x9b, 0x14, 0xff, 0x9b, 0x14,
  0xff, 0x9b, 0x14, 0xff, 0xbb, 0x14, 0xff, 0xbb, 0x14, 0xff, 0xbb, 0x14, 0xff, 0xbb, 0x14, 0xff,
  0xbb, 0x14, 0xff, 0xdb, 0x14, 0xff, 0xdb, 0x14, 0xff, 0xdb, 0x14, 0xff, 0xdb, 0x14, 0xff, 0xfb,
  0x14, 0xff, 0xfd, 0x65, 0xff, 0xbf, 0xef, 0xff, 0x1f, 0xcf, 0xff, 0x3f, 0x96, 0xff, 0x3f, 0x96,
  0xff, 0x3f, 0x96, 0xff, 0xff, 0xc6, 0xff, 0xbf, 0xef, 0xff, 0x7d, 0x7e, 0xff, 0x3b, 0x0d, 0xff,
  0x3b, 0x0d, 0xff, 0x3b, 0x0d, 0xff, 0x5b, 0x0d, 0xff, 0x5a, 0x0d, 0xff, 0x5a, 0x0d, 0xff, 0x7a,
  0x0d, 0xff, 0x7a, 0x0d, 0xff, 0x7a, 0x0d, 0xff, 0x7a, 0x0d, 0xff, 0x7a, 0x0d, 0xff, 0xfb, 0x35,
  0xf3, 0xbc, 0x7e, 0x1f, 0x00, 0x00, 0x00, 0x00, 0x00, 0x00, 0x00, 0x00, 0x00, 0x00, 0x00, 0x00,
  0x00, 0x00, 0x00, 0x00, 0x00, 0x00, 0x00, 0x00, 0x00, 0x00, 0x00, 0x00, 0x00, 0x00, 0x00, 0x00,
  0x00, 0x00, 0x00, 0x00, 0x00, 0x00, 0x00, 0x00, 0x00, 0x00, 0x00, 0x00, 0x00, 0x00, 0x00, 0x00,
  0x00, 0x00, 0x00, 0x00, 0x00, 0x00, 0x00, 0x00, 0x00, 0x00, 0x00, 0x00, 0x00, 0x00, 0x00, 0x00,
  0x00, 0x00, 0x00, 0x00, 0x00, 0x00, 0x00, 0x00, 0x00, 0x00, 0x00, 0x00, 0x00, 0x00, 0x00, 0x00,
  0x00, 0x00, 0x00, 0x00, 0x00, 0x00, 0x00, 0x00, 0x00, 0x00, 0x00, 0x00, 0x00, 0x00, 0x00, 0x00,
  0x00, 0x00, 0x00, 0x00, 0x00, 0x00, 0x00, 0x00, 0x00, 0x00, 0x00, 0x00, 0x00, 0x5d, 0x54, 0xe6,
  0x5d, 0x23, 0xff, 0x5d, 0x23, 0xff, 0x5d, 0x23, 0xff, 0x5d, 0x23, 0xff, 0x7d, 0x23, 0xff, 0x7d,
  0x23, 0xff, 0x7d, 0x23, 0xff, 0x9d, 0x23, 0xff, 0x9c, 0x23, 0xff, 0x9c, 0x1b, 0xff, 0x9c, 0x1b,
  0xff, 0xbc, 0x1b, 0xff, 0xbd, 0x54, 0xff, 0xbf, 0xef, 0xff, 0x5f, 0xdf, 0xff, 0x3f, 0x96, 0xff,
  0x3f, 0x96, 0xff, 0x3f, 0x96, 0xff, 0x1f, 0xc7, 0xff, 0xbf, 0xef, 0xff, 0x5d, 0x6d, 0xff, 0xfc,
  0x1b, 0xff, 0xfc, 0x1b, 0xff, 0xfc, 0x1b, 0xff, 0x1c, 0x1c, 0xff, 0x1c, 0x1c, 0xff, 0x1c, 0x1c,
  0xff, 0x1c, 0x1c, 0xff, 0x3c, 0x1c, 0xff, 0x3c, 0x1c, 0xff, 0x3c, 0x1c, 0xff, 0x3c, 0x14, 0xff,
  0x3c, 0x14, 0xff, 0x5c, 0x14, 0xff, 0x5c, 0x14, 0xff, 0x5c, 0x14, 0xff, 0x7c, 0x14, 0xff, 0x7c,
  0x14, 0xff, 0x7c, 0x14, 0xff, 0x7b, 0x14, 0xff, 0x9b, 0x14, 0xff, 0x9b, 0x14, 0xff, 0x9b, 0x14,
  0xff, 0x9b, 0x14, 0xff, 0xbb, 0x14, 0xff, 0xbb, 0x14, 0xff, 0xbb, 0x14, 0xff, 0xbb, 0x14, 0xff,
  0xbb, 0x14, 0xff, 0xdb, 0x14, 0xff, 0xdb, 0x14, 0xff, 0xdb, 0x14, 0xff, 0xdb, 0x14, 0xff, 0xfb,
  0x14, 0xff, 0xbc, 0x4d, 0xff, 0xbf, 0xef, 0xff, 0x5f, 0xdf, 0xff, 0x3f, 0x96, 0xff, 0x3f, 0x96,
  0xff, 0x3f, 0x96, 0xff, 0x1f, 0xc7, 0xff, 0xbf, 0xef, 0xff, 0x1c, 0x66, 0xff, 0x3b, 0x0d, 0xff,
  0x3b, 0x0d, 0xff, 0x3b, 0x0d, 0xff, 0x5b, 0x0d, 0xff, 0x5a, 0x0d, 0xff, 0x5a, 0x0d, 0xff, 0x7a,
  0x0d, 0xff, 0x7a, 0x0d, 0xff, 0x7a, 0x0d, 0xff, 0x7a, 0x0d, 0xff, 0x7a, 0x0d, 0xff, 0x9a, 0x0d,
  0xff, 0xfb, 0x35, 0xf3, 0xfd, 0x7e, 0x10, 0x00, 0x00, 0x00, 0x00, 0x00, 0x00, 0x00, 0x00, 0x00,
  0x00, 0x00, 0x00, 0x00, 0x00, 0x00, 0x00, 0x00, 0x00, 0x00, 0x00, 0x00, 0x00, 0x00, 0x00, 0x00,
  0x00, 0x00, 0x00, 0x00, 0x00, 0x00, 0x00, 0x00, 0x00, 0x00, 0x00, 0x00, 0x00, 0x00, 0x00, 0x00,
  0x00, 0x00, 0x00, 0x00, 0x00, 0x00, 0x00, 0x00, 0x00, 0x00, 0x00, 0x00, 0x00, 0x00, 0x00, 0x00,
  0x00, 0x00, 0x00, 0x00, 0x00, 0x00, 0x00, 0x00, 0x00, 0x00, 0x00, 0x00, 0x00, 0x00, 0x00, 0x00,
  0x00, 0x00, 0x00, 0x00, 0x00, 0x00, 0x00, 0x00, 0x00, 0x00, 0x00, 0x00, 0x00, 0x00, 0x00, 0x00,
  0x00, 0x00, 0x00, 0x00, 0x00, 0x00, 0x00, 0x00, 0x00, 0x00, 0xbd, 0x64, 0xc7, 0x5d, 0x23, 0xff,
  0x5d, 0x23, 0xff, 0x5d, 0x23, 0xff, 0x5d, 0x23, 0xff, 0x5d, 0x23, 0xff, 0x7d, 0x23, 0xff, 0x7d,
  0x23, 0xff, 0x7d, 0x23, 0xff, 0x9d, 0x23, 0xff, 0x9c, 0x23, 0xff, 0x9c, 0x1b, 0xff, 0x9c, 0x1b,
  0xff, 0xbc, 0x1b, 0xff, 0x7d, 0x44, 0xff, 0xbf, 0xef, 0xff, 0xbf, 0xef, 0xff, 0x3f, 0x96, 0xff,
  0x3f, 0x96, 0xff, 0x3f, 0x96, 0xff, 0x7f, 0xdf, 0xff, 0xbf, 0xef, 0xff, 0x1d, 0x5d, 0xff, 0xfc,
  0x1b, 0xff, 0xfc, 0x1b, 0xff, 0xfc, 0x1b, 0xff, 0x1c, 0x1c, 0xff, 0x1c, 0x1c, 0xff, 0x1c, 0x1c,
  0xff, 0x1c, 0x1c, 0xff, 0x3c, 0x1c, 0xff, 0x3c, 0x1c, 0xff, 0x3c, 0x1c, 0xff, 0x3c, 0x14, 0xff,
  0x3c, 0x14, 0xff, 0xbc, 0x2c, 0xff, 0xdd, 0x7d, 0xff, 0xfd, 0x7d, 0xff, 0xfd, 0x7d, 0xff, 0xfd,
  0x7d, 0xff, 0xfd, 0x7d, 0xff, 0xfd, 0x75, 0xff, 0xfd, 0x75, 0xff, 0x9b, 0x14, 0xff, 0x9b, 0x14,
  0xff, 0x9b, 0x14, 0xff, 0xbb, 0x14, 0xff, 0xbb, 0x14, 0xff, 0xbb, 0x14, 0xff, 0xbb, 0x14, 0xff,
  0xbb, 0x14, 0xff, 0xdb, 0x14, 0xff, 0xdb, 0x14, 0xff, 0xdb, 0x14, 0xff, 0xdb, 0x14, 0xff, 0xfb,
  0x14, 0xff, 0x7c, 0x3d, 0xff, 0xbf, 0xef, 0xff, 0xbf, 0xef, 0xff, 0x3f, 0x96, 0xff, 0x3f, 0x96,
  0xff, 0x3f, 0x96, 0xff, 0x7f, 0xdf, 0xff, 0xbf, 0xef, 0xff, 0xfc, 0x55, 0xff, 0x3b, 0x0d, 0xff,
  0x3b, 0x0d, 0xff, 0x3b, 0x0d, 0xff, 0x5b, 0x0d, 0xff, 0x5a, 0x0d, 0xff, 0x5a, 0x0d, 0xff, 0x7a,
  0x0d, 0xff, 0x7a, 0x0d, 0xff, 0x7a, 0x0d, 0xff, 0x7a, 0x0d, 0xff, 0x7a, 0x0d, 0xff, 0x9a, 0x0d,
  0xff, 0x9a, 0x0d, 0xff, 0x3b, 0x46, 0xe1, 0x00, 0x00, 0x00, 0x00, 0x00, 0x00, 0x00, 0x00, 0x00,
  0x00, 0x00, 0x00, 0x00, 0x00, 0x00, 0x00, 0x00, 0x00, 0x00, 0x00, 0x00, 0x00, 0x00, 0x00, 0x00,
  0x00, 0x00, 0x00, 0x00, 0x00, 0x00, 0x00, 0x00, 0x00, 0x00, 0x00, 0x00, 0x00, 0x00, 0x00, 0x00,
  0x00, 0x00, 0x00, 0x00, 0x00, 0x00, 0x00, 0x00, 0x00, 0x00, 0x00, 0x00, 0x00, 0x00, 0x00, 0x00,
  0x00, 0x00, 0x00, 0x00, 0x00, 0x00, 0x00, 0x00, 0x00, 0x00, 0x00, 0x00, 0x00, 0x00, 0x00, 0x00,
  0x00, 0x00, 0x00, 0x00, 0x00, 0x00, 0x00, 0x00, 0x00, 0x00, 0x00, 0x00, 0x00, 0x00, 0x00, 0x00,
  0x00, 0x00, 0x00, 0x00, 0x00, 0x00, 0x00, 0x1e, 0x7d, 0x7c, 0x3d, 0x23, 0xff, 0x5d, 0x23, 0xff,
  0x5d, 0x23, 0xff, 0x5d, 0x23, 0xff, 0x5d, 0x23, 0xff, 0x5d, 0x23, 0xff, 0x7d, 0x23, 0xff, 0x7d,
  0x23, 0xff, 0x7d, 0x23, 0xff, 0x9d, 0x23, 0xff, 0x9c, 0x23, 0xff, 0x9c, 0x1b, 0xff, 0x9c, 0x1b,
  0xff, 0xbc, 0x1b, 0xff, 0xdc, 0x23, 0xff, 0x9f, 0xef, 0xff, 0xbf, 0xef, 0xff, 0xdf, 0xb6, 0xff,
  0x3f, 0x96, 0xff, 0x7f, 0xa6, 0xff, 0xbf, 0xef, 0xff, 0xbf, 0xef, 0xff, 0x5c, 0x34, 0xff, 0xfc,
  0x1b, 0xff, 0xfc, 0x1b, 0xff, 0xfc, 0x1b, 0xff, 0x1c, 0x1c, 0xff, 0x1c, 0x1c, 0xff, 0x1c, 0x1c,
  0xff, 0x1c, 0x1c, 0xff, 0x3c, 0x1c, 0xff, 0x3c, 0x1c, 0xff, 0x3c, 0x1c, 0xff, 0x3c, 0x14, 0xff,
  0x3c, 0x14, 0xff, 0x1c, 0x45, 0xff, 0xff, 0xff, 0xff, 0xff, 0xff, 0xff, 0xff, 0xff, 0xff, 0xff,
  0xff, 0xff, 0xff, 0xff, 0xff, 0xff, 0xff, 0xff, 0xff, 0xff, 0xff, 0x9b, 0x14, 0xff, 0x9b, 0x14,
  0xff, 0x9b, 0x14, 0xff, 0xbb, 0x14, 0xff, 0xbb, 0x14, 0xff, 0xbb, 0x14, 0xff, 0xbb, 0x14, 0xff,
  0xbb, 0x14, 0xff, 0xdb, 0x14, 0xff, 0xdb, 0x14, 0xff, 0xdb, 0x14, 0xff, 0xdb, 0x14, 0xff, 0xfb,
  0x14, 0xff, 0x1b, 0x15, 0xff, 0x9f, 0xef, 0xff, 0xbf, 0xef, 0xff, 0xdf, 0xb6, 0xff, 0x3f, 0x96,
  0xff, 0x7f, 0xa6, 0xff, 0xbf, 0xef, 0xff, 0xbf, 0xef, 0xff, 0x7b, 0x2d, 0xff, 0x3b, 0x0d, 0xff,
  0x3b, 0x0d, 0xff, 0x3b, 0x0d, 0xff, 0x5b, 0x0d, 0xff, 0x5a, 0x0d, 0xff, 0x5a, 0x0d, 0xff, 0x7a,
  0x0d, 0xff, 0x7a, 0x0d, 0xff, 0x7a, 0x0d, 0xff, 0x7a, 0x0d, 0xff, 0x7a, 0x0d, 0xff, 0x9a, 0x0d,
  0xff, 0x9a, 0x0d, 0xff, 0x9a, 0x05, 0xff, 0x7c, 0x5e, 0xa6, 0x00, 0x00, 0x00, 0x00, 0x00, 0x00,
  0x00, 0x00, 0x00, 0x00, 0x00, 0x00, 0x00, 0x00, 0x00, 0x00, 0x00, 0x00, 0x00, 0x00, 0x00, 0x00,
  0x00, 0x00, 0x00, 0x00, 0x00, 0x00, 0x00, 0x00, 0x00, 0x00, 0x00, 0x00, 0x00, 0x00, 0x00, 0x00,
  0x00, 0x00, 0x00, 0x00, 0x00, 0x00, 0x00, 0x00, 0x00, 0x00, 0x00, 0x00, 0x00, 0x00, 0x00, 0x00,
  0x00, 0x00, 0x00, 0x00, 0x00, 0x00, 0x00, 0x00, 0x00, 0x00, 0x00, 0x00, 0x00, 0x00, 0x00, 0x00,
  0x00, 0x00, 0x00, 0x00, 0x00, 0x00, 0x00, 0x00, 0x00, 0x00, 0x00, 0x00, 0x00, 0x00, 0x00, 0x00,
  0x00, 0x00, 0x00, 0x00, 0x7d, 0x8d, 0x10, 0xdd, 0x3b, 0xf9, 0x3d, 0x23, 0xff, 0x5d, 0x23, 0xff,
  0x5d, 0x23, 0xff, 0x5d, 0x23, 0xff, 0x5d, 0x23, 0xff, 0x5d, 0x23, 0xff, 0x7d, 0x23, 0xff, 0x7d,
  0x23, 0xff, 0x7d, 0x23, 0xff, 0x9d, 0x23, 0xff, 0x9c, 0x23, 0xff, 0x9c, 0x1b, 0xff, 0x9c, 0x1b,
  0xff, 0xbc, 0x1b, 0xff, 0xbc, 0x1b, 0xff, 0x9f, 0xb6, 0xff, 0xbf, 0xef, 0xff, 0x9f, 0xef, 0xff,
  0xff, 0xc6, 0xff, 0x7f, 0xe7, 0xff, 0xbf, 0xef, 0xff, 0x3f, 0xd7, 0xff, 0xfc, 0x1b, 0xff, 0xfc,
  0x1b, 0xff, 0xfc, 0x1b, 0xff, 0xfc, 0x1b, 0xff, 0x1c, 0x1c, 0xff, 0x1c, 0x1c, 0xff, 0x1c, 0x1c,
  0xff, 0x1c, 0x1c, 0xff, 0x3c, 0x1c, 0xff, 0x3c, 0x1c, 0xff, 0x3c, 0x1c, 0xff, 0x3c, 0x14, 0xff,
  0x3c, 0x14, 0xff, 0xbc, 0x2c, 0xff, 0xdd, 0x7d, 0xff, 0xfd, 0x7d, 0xff, 0xfd, 0x7d, 0xff, 0xfd,
  0x7d, 0xff, 0x3f, 0xcf, 0xff, 0xff, 0xff, 0xff, 0xbe, 0xa6, 0xff, 0x9b, 0x14, 0xff, 0x9b, 0x14,
  0xff, 0x9b, 0x14, 0xff, 0xbb, 0x14, 0xff, 0xbb, 0x14, 0xff, 0xbb, 0x14, 0xff, 0xbb, 0x14, 0xff,
  0xbb, 0x14, 0xff, 0xdb, 0x14, 0xff, 0xdb, 0x14, 0xff, 0xdb, 0x14, 0xff, 0xdb, 0x14, 0xff, 0xfb,
  0x14, 0xff, 0xfb, 0x14, 0xff, 0xfe, 0xb6, 0xff, 0xbf, 0xef, 0xff, 0x9f, 0xef, 0xff, 0xff, 0xc6,
  0xff, 0x7f, 0xe7, 0xff, 0xbf, 0xef, 0xff, 0x5f, 0xd7, 0xff, 0x3b, 0x0d, 0xff, 0x3b, 0x0d, 0xff,
  0x3b, 0x0d, 0xff, 0x3b, 0x0d, 0xff, 0x5b, 0x0d, 0xff, 0x5a, 0x0d, 0xff, 0x5a, 0x0d, 0xff, 0x7a,
  0x0d, 0xff, 0x7a, 0x0d, 0xff, 0x7a, 0x0d, 0xff, 0x7a, 0x0d, 0xff, 0x7a, 0x0d, 0xff, 0x9a, 0x0d,
  0xff, 0x9a, 0x0d, 0xff, 0x9a, 0x05, 0xff, 0xba, 0x15, 0xfe, 0x9d, 0x7e, 0x2e, 0x00, 0x00, 0x00,
  0x00, 0x00, 0x00, 0x00, 0x00, 0x00, 0x00, 0x00, 0x00, 0x00, 0x00, 0x00, 0x00, 0x00, 0x00, 0x00,
  0x00, 0x00, 0x00, 0x00, 0x00, 0x00, 0x00, 0x00, 0x00, 0x00, 0x00, 0x00, 0x00, 0x00, 0x00, 0x00,
  0x00, 0x00, 0x00, 0x00, 0x00, 0x00, 0x00, 0x00, 0x00, 0x00, 0x00, 0x00, 0x00, 0x00, 0x00, 0x00,
  0x00, 0x00, 0x00, 0x00, 0x00, 0x00, 0x00, 0x00, 0x00, 0x00, 0x00, 0x00, 0x00, 0x00, 0x00, 0x00,
  0x00, 0x00, 0x00, 0x00, 0x00, 0x00, 0x00, 0x00, 0x00, 0x00, 0x00, 0x00, 0x00, 0x00, 0xfb, 0x1a,
  0x08, 0x00, 0x00, 0x00, 0xde, 0x6c, 0xaf, 0x3d, 0x23, 0xff, 0x3d, 0x23, 0xff, 0x5d, 0x23, 0xff,
  0x5d, 0x23, 0xff, 0x5d, 0x23, 0xff, 0x5d, 0x23, 0xff, 0x5d, 0x23, 0xff, 0x7d, 0x23, 0xff, 0x7d,
  0x23, 0xff, 0x7d, 0x23, 0xff, 0x9d, 0x23, 0xff, 0x9c, 0x23, 0xff, 0x9c, 0x1b, 0xff, 0x9c, 0x1b,
  0xff, 0xbc, 0x1b, 0xff, 0xbc, 0x1b, 0xff, 0x5e, 0x75, 0xff, 0xbf, 0xef, 0xff, 0xbf, 0xef, 0xff,
  0xbf, 0xef, 0xff, 0xbf, 0xef, 0xff, 0xbf, 0xef, 0xff, 0x1e, 0x96, 0xff, 0xfc, 0x1b, 0xff, 0xfc,
  0x1b, 0xff, 0xfc, 0x1b, 0xff, 0xfc, 0x1b, 0xff, 0x1c, 0x1c, 0xff, 0x1c, 0x1c, 0xff, 0x1c, 0x1c,
  0xff, 0x1c, 0x1c, 0xff, 0x3c, 0x1c, 0xff, 0x3c, 0x1c, 0xff, 0x3c, 0x1c, 0xff, 0x3c, 0x14, 0xff,
  0x3c, 0x14, 0xff, 0x5c, 0x14, 0xff, 0x5c, 0x14, 0xff, 0x5c, 0x14, 0xff, 0x7c, 0x14, 0xff, 0x9c,
  0x24, 0xff, 0xff, 0xff, 0xff, 0xff, 0xff, 0xff, 0xdc, 0x2c, 0xff, 0x9b, 0x14, 0xff, 0x9b, 0x14,
  0xff, 0x9b, 0x14, 0xff, 0xbb, 0x14, 0xff, 0xbb, 0x14, 0xff, 0xbb, 0x14, 0xff, 0xbb, 0x14, 0xff,
  0xbb, 0x14, 0xff, 0xdb, 0x14, 0xff, 0xdb, 0x14, 0xff, 0xdb, 0x14, 0xff, 0xdb, 0x14, 0xff, 0xfb,
  0x14, 0xff, 0xfb, 0x14, 0xff, 0x1d, 0x6e, 0xff, 0xbf, 0xef, 0xff, 0xbf, 0xef, 0xff, 0xbf, 0xef,
  0xff, 0xbf, 0xef, 0xff, 0xbf, 0xef, 0xff, 0x9d, 0x8e, 0xff, 0x3b, 0x0d, 0xff, 0x3b, 0x0d, 0xff,
  0x3b, 0x0d, 0xff, 0x3b, 0x0d, 0xff, 0x5b, 0x0d, 0xff, 0x5a, 0x0d, 0xff, 0x5a, 0x0d, 0xff, 0x7a,
  0x0d, 0xff, 0x7a, 0x0d, 0xff, 0x7a, 0x0d, 0xff, 0x7a, 0x0d, 0xff, 0x7a, 0x0d, 0xff, 0x9a, 0x0d,
  0xff, 0x9a, 0x0d, 0xff, 0x9a, 0x05, 0xff, 0x9a, 0x05, 0xff, 0x3c, 0x56, 0xcf, 0x00, 0x00, 0x00,
  0x00, 0x00, 0x00, 0x00, 0x00, 0x00, 0x00, 0x00, 0x00, 0x00, 0x00, 0x00, 0x00, 0x00, 0x00, 0x00,
  0x00, 0x00, 0x00, 0x00, 0x00, 0x00, 0x00, 0x00, 0x00, 0x00, 0x00, 0x00, 0x00, 0x00, 0x00, 0x00,
  0x00, 0x00, 0x00, 0x00, 0x00, 0x00, 0x00, 0x00, 0x00, 0x00, 0x00, 0x00, 0x00, 0x00, 0x00, 0x00,
  0x00, 0x00, 0x00, 0x00, 0x00, 0x00, 0x00, 0x00, 0x00, 0x00, 0x00, 0x00, 0x00, 0x00, 0x00, 0x00,
  0x00, 0x00, 0x00, 0x00, 0x00, 0x00, 0x00, 0x00, 0x00, 0x00, 0x00, 0x00, 0x00, 0x00, 0xfd, 0x22,
  0x28, 0x7d, 0x8d, 0x10, 0x9d, 0x33, 0xfd, 0x3d, 0x23, 0xff, 0x3d, 0x23, 0xff, 0x5d, 0x23, 0xff,
  0x5d, 0x23, 0xff, 0x5d, 0x23, 0xff, 0x5d, 0x23, 0xff, 0x5d, 0x23, 0xff, 0x7d, 0x23, 0xff, 0x7d,
  0x23, 0xff, 0x7d, 0x23, 0xff, 0x9d, 0x23, 0xff, 0x9c, 0x23, 0xff, 0x9c, 0x1b, 0xff, 0x9c, 0x1b,
  0xff, 0xbc, 0x1b, 0xff, 0xbc, 0x1b, 0xff, 0xdc, 0x23, 0xff, 0x3f, 0xd7, 0xff, 0xbf, 0xef, 0xff,
  0xbf, 0xef, 0xff, 0xbf, 0xef, 0xff, 0x9f, 0xef, 0xff, 0x5c, 0x34, 0xff, 0xfc, 0x1b, 0xff, 0xfc,
  0x1b, 0xff, 0xfc, 0x1b, 0xff, 0xfc, 0x1b, 0xff, 0x1c, 0x1c, 0xff, 0x1c, 0x1c, 0xff, 0x1c, 0x1c,
  0xff, 0x1c, 0x1c, 0xff, 0x3c, 0x1c, 0xff, 0x3c, 0x1c, 0xff, 0x3c, 0x1c, 0xff, 0x3c, 0x14, 0xff,
  0x3c, 0x14, 0xff, 0x5c, 0x14, 0xff, 0x5c, 0x14, 0xff, 0x5c, 0x14, 0xff, 0x7c, 0x14, 0xff, 0xfd,
  0x7d, 0xff, 0xff, 0xff, 0xff, 0x7e, 0x96, 0xff, 0x9b, 0x14, 0xff, 0x9b, 0x14, 0xff, 0x9b, 0x14,
  0xff, 0x9b, 0x14, 0xff, 0xbb, 0x14, 0xff, 0xbb, 0x14, 0xff, 0xbb, 0x14, 0xff, 0xbb, 0x14, 0xff,
  0xbb, 0x14, 0xff, 0xdb, 0x14, 0xff, 0xdb, 0x14, 0xff, 0xdb, 0x14, 0xff, 0xdb, 0x14, 0xff, 0xfb,
  0x14, 0xff, 0xfb, 0x14, 0xff, 0x1b, 0x15, 0xff, 0x5f, 0xd7, 0xff, 0xbf, 0xef, 0xff, 0xbf, 0xef,
  0xff, 0xbf, 0xef, 0xff, 0x9f, 0xef, 0xff, 0x7b, 0x2d, 0xff, 0x3b, 0x0d, 0xff, 0x3b, 0x0d, 0xff,
  0x3b, 0x0d, 0xff, 0x3b, 0x0d, 0xff, 0x5b, 0x0d, 0xff, 0x5a, 0x0d, 0xff, 0x5a, 0x0d, 0xff, 0x7a,
  0x0d, 0xff, 0x7a, 0x0d, 0xff, 0x7a, 0x0d, 0xff, 0x7a, 0x0d, 0xff, 0x7a, 0x0d, 0xff, 0x9a, 0x0d,
  0xff, 0x9a, 0x0d, 0xff, 0x9a, 0x05, 0xff, 0x9a, 0x05, 0xff, 0xba, 0x0d, 0xff, 0x5b, 0x76, 0x30,
  0xfb, 0x1a, 0x08, 0x00, 0x00, 0x00, 0x00, 0x00, 0x00, 0x00, 0x00, 0x00, 0x00, 0x00, 0x00, 0x00,
  0x00, 0x00, 0x00, 0x00, 0x00, 0x00, 0x00, 0x00, 0x00, 0x00, 0x00, 0x00, 0x00, 0x00, 0x00, 0x00,
  0x00, 0x00, 0x00, 0x00, 0x00, 0x00, 0x00, 0x00, 0x00, 0x00, 0x00, 0x00, 0x00, 0x00, 0x00, 0x00,
  0x00, 0x00, 0x00, 0x00, 0x00, 0x00, 0x00, 0x00, 0x00, 0x00, 0x00, 0x00, 0x00, 0x00, 0x00, 0x00,
  0x00, 0x00, 0x00, 0x00, 0x00, 0x00, 0x00, 0x00, 0x00, 0x00, 0x00, 0x00, 0x00, 0x00, 0x1d, 0x23,
  0x40, 0x1e, 0x7d, 0x7c, 0x3d, 0x23, 0xff, 0x3d, 0x23, 0xff, 0x3d, 0x23, 0xff, 0x5d, 0x23, 0xff,
  0x5d, 0x23, 0xff, 0x5d, 0x23, 0xff, 0x5d, 0x23, 0xff, 0x5d, 0x23, 0xff, 0x7d, 0x23, 0xff, 0x7d,
  0x23, 0xff, 0x7d, 0x23, 0xff, 0x9d, 0x23, 0xff, 0x9c, 0x23, 0xff, 0x9c, 0x1b, 0xff, 0x9c, 0x1b,
  0xff, 0xbc, 0x1b, 0xff, 0xbc, 0x1b, 0xff, 0xbc, 0x1b, 0xff, 0xdd, 0x5c, 0xff, 0xbf, 0xef, 0xff,
  0xbf, 0xef, 0xff, 0xbf, 0xef, 0xff, 0x7e, 0x75, 0xff, 0xdc, 0x1b, 0xff, 0xfc, 0x1b, 0xff, 0xfc,
  0x1b, 0xff, 0xfc, 0x1b, 0xff, 0xfc, 0x1b, 0xff, 0x1c, 0x1c, 0xff, 0x1c, 0x1c, 0xff, 0x1c, 0x1c,
  0xff, 0x1c, 0x1c, 0xff, 0x3c, 0x1c, 0xff, 0x3c, 0x1c, 0xff, 0x3c, 0x1c, 0xff, 0x3c, 0x14, 0xff,
  0x3c, 0x14, 0xff, 0x5c, 0x14, 0xff, 0x5c, 0x14, 0xff, 0x5c, 0x14, 0xff, 0x9c, 0x24, 0xff, 0xff,
  0xff, 0xff, 0xff, 0xff, 0xff, 0xdc, 0x2c, 0xff, 0x9b, 0x14, 0xff, 0x9b, 0x14, 0xff, 0x9b, 0x14,
  0xff, 0x9b, 0x14, 0xff, 0xbb, 0x14, 0xff, 0xbb, 0x14, 0xff, 0xbb, 0x14, 0xff, 0xbb, 0x14, 0xff,
  0xbb, 0x14, 0xff, 0xdb, 0x14, 0xff, 0xdb, 0x14, 0xff, 0xdb, 0x14, 0xff, 0xdb, 0x14, 0xff, 0xfb,
  0x14, 0xff, 0xfb, 0x14, 0xff, 0xfb, 0x0c, 0xff, 0xbc, 0x4d, 0xff, 0xbf, 0xef, 0xff, 0xbf, 0xef,
  0xff, 0xbf, 0xef, 0xff, 0x3d, 0x6e, 0xff, 0x1b, 0x0d, 0xff, 0x3b, 0x0d, 0xff, 0x3b, 0x0d, 0xff,
  0x3b, 0x0d, 0xff, 0x3b, 0x0d, 0xff, 0x5b, 0x0d, 0xff, 0x5a, 0x0d, 0xff, 0x5a, 0x0d, 0xff, 0x7a,
  0x0d, 0xff, 0x7a, 0x0d, 0xff, 0x7a, 0x0d, 0xff, 0x7a, 0x0d, 0xff, 0x7a, 0x0d, 0xff, 0x9a, 0x0d,
  0xff, 0x9a, 0x0d, 0xff, 0x9a, 0x05, 0xff, 0x9a, 0x05, 0xff, 0xba, 0x05, 0xff, 0xfa, 0x55, 0xbc,
  0xfc, 0x22, 0x20, 0x00, 0x00, 0x00, 0x00, 0x00, 0x00, 0x00, 0x00, 0x00, 0x00, 0x00, 0x00, 0x00,
  0x00, 0x00, 0x00, 0x00, 0x00, 0x00, 0x00, 0x00, 0x00, 0x00, 0x00, 0x00, 0x00, 0x00, 0x00, 0x00,
  0x00, 0x00, 0x00, 0x00, 0x00, 0x00, 0x00, 0x00, 0x00, 0x00, 0x00, 0x00, 0x00, 0x00, 0x00, 0x00,
  0x00, 0x00, 0x00, 0x00, 0x00, 0x00, 0x00, 0x00, 0x00, 0x00, 0x00, 0x00, 0x00, 0x00, 0x00, 0x00,
  0x00, 0x00, 0x00, 0x00, 0x00, 0x00, 0x00, 0x00, 0x00, 0x00, 0x00, 0x00, 0x00, 0x00, 0x1d, 0x23,
  0x60, 0x7e, 0x64, 0xd5, 0x3d, 0x23, 0xff, 0x3d, 0x23, 0xff, 0x3d, 0x23, 0xff, 0x5d, 0x23, 0xff,
  0x5d, 0x23, 0xff, 0x5d, 0x23, 0xff, 0x5d, 0x23, 0xff, 0x5d, 0x23, 0xff, 0x7d, 0x23, 0xff, 0x7d,
  0x23, 0xff, 0x7d, 0x23, 0xff, 0x9d, 0x23, 0xff, 0x9c, 0x23, 0xff, 0x9c, 0x1b, 0xff, 0x9c, 0x1b,
  0xff, 0xbc, 0x1b, 0xff, 0xbc, 0x1b, 0xff, 0xbc, 0x1b, 0xff, 0xbc, 0x1b, 0xff, 0x5d, 0x3c, 0xff,
  0xbe, 0x85, 0xff, 0xbd, 0x4c, 0xff, 0xdc, 0x1b, 0xff, 0xdc, 0x1b, 0xff, 0xfc, 0x1b, 0xff, 0xfc,
  0x1b, 0xff, 0xfc, 0x1b, 0xff, 0xfc, 0x1b, 0xff, 0x1c, 0x1c, 0xff, 0x1c, 0x1c, 0xff, 0x1c, 0x1c,
  0xff, 0x1c, 0x1c, 0xff, 0x3c, 0x1c, 0xff, 0x3c, 0x1c, 0xff, 0x3c, 0x1c, 0xff, 0x3c, 0x14, 0xff,
  0x3c, 0x14, 0xff, 0x5c, 0x14, 0xff, 0x5c, 0x14, 0xff, 0x5c, 0x14, 0xff, 0xbd, 0x6d, 0xff, 0xff,
  0xff, 0xff, 0xde, 0xb6, 0xff, 0x7b, 0x14, 0xff, 0x9b, 0x14, 0xff, 0x9b, 0x14, 0xff, 0x9b, 0x14,
  0xff, 0x9b, 0x14, 0xff, 0xbb, 0x14, 0xff, 0xbb, 0x14, 0xff, 0xbb, 0x14, 0xff, 0xbb, 0x14, 0xff,
  0xbb, 0x14, 0xff, 0xdb, 0x14, 0xff, 0xdb, 0x14, 0xff, 0xdb, 0x14, 0xff, 0xdb, 0x14, 0xff, 0xfb,
  0x14, 0xff, 0xfb, 0x14, 0xff, 0xfb, 0x0c, 0xff, 0xfb, 0x0c, 0xff, 0x7c, 0x35, 0xff, 0x5d, 0x7e,
  0xff, 0xbc, 0x3d, 0xff, 0x1b, 0x0d, 0xff, 0x1b, 0x0d, 0xff, 0x3b, 0x0d, 0xff, 0x3b, 0x0d, 0xff,
  0x3b, 0x0d, 0xff, 0x3b, 0x0d, 0xff, 0x5b, 0x0d, 0xff, 0x5a, 0x0d, 0xff, 0x5a, 0x0d, 0xff, 0x7a,
  0x0d, 0xff, 0x7a, 0x0d, 0xff, 0x7a, 0x0d, 0xff, 0x7a, 0x0d, 0xff, 0x7a, 0x0d, 0xff, 0x9a, 0x0d,
  0xff, 0x9a, 0x0d, 0xff, 0x9a, 0x05, 0xff, 0x9a, 0x05, 0xff, 0xba, 0x05, 0xff, 0x1b, 0x36, 0xf3,
  0x76, 0x1a, 0x53, 0x00, 0x00, 0x00, 0x00, 0x00, 0x00, 0x00, 0x00, 0x00, 0x00, 0x00, 0x00, 0x00,
  0x00, 0x00, 0x00, 0x00, 0x00, 0x00, 0x00, 0x00, 0x00, 0x00, 0x00, 0x00, 0x00, 0x00, 0x00, 0x00,
  0x00, 0x00, 0x00, 0x00, 0x00, 0x00, 0x00, 0x00, 0x00, 0x00, 0x00, 0x00, 0x00, 0x00, 0x00, 0x00,
  0x00, 0x00, 0x00, 0x00, 0x00, 0x00, 0x00, 0x00, 0x00, 0x00, 0x00, 0x00, 0x00, 0x00, 0x00, 0x00,
  0x00, 0x00, 0x00, 0x00, 0x00, 0x00, 0x00, 0x00, 0x00, 0x00, 0x00, 0x00, 0x00, 0x00, 0x1d, 0x23,
  0x78, 0xbd, 0x3b, 0xfc, 0x3d, 0x23, 0xff, 0x3d, 0x23, 0xff, 0x3d, 0x23, 0xff, 0x5d, 0x23, 0xff,
  0x5d, 0x23, 0xff, 0x5d, 0x23, 0xff, 0x5d, 0x23, 0xff, 0x5d, 0x23, 0xff, 0x7d, 0x23, 0xff, 0x7d,
  0x23, 0xff, 0x7d, 0x23, 0xff, 0x9d, 0x23, 0xff, 0x9c, 0x23, 0xff, 0x9c, 0x1b, 0xff, 0x9c, 0x1b,
  0xff, 0xbc, 0x1b, 0xff, 0xbc, 0x1b, 0xff, 0xbc, 0x1b, 0xff, 0xbc, 0x1b, 0xff, 0xdc, 0x1b, 0xff,
  0xdc, 0x1b, 0xff, 0xdc, 0x1b, 0xff, 0xdc, 0x1b, 0xff, 0xdc, 0x1b, 0xff, 0xfc, 0x1b, 0xff, 0xfc,
  0x1b, 0xff, 0xfc, 0x1b, 0xff, 0xfc, 0x1b, 0xff, 0x1c, 0x1c, 0xff, 0x1c, 0x1c, 0xff, 0x1c, 0x1c,
  0xff, 0x1c, 0x1c, 0xff, 0x3c, 0x1c, 0xff, 0x3c, 0x1c, 0xff, 0x3c, 0x1c, 0xff, 0x3c, 0x14, 0xff,
  0x3c, 0x14, 0xff, 0x5c, 0x14, 0xff, 0x5c, 0x14, 0xff, 0x5c, 0x14, 0xff, 0x7f, 0xdf, 0xff, 0xff,
  0xff, 0xff, 0x9d, 0x5d, 0xff, 0x7b, 0x14, 0xff, 0x9b, 0x14, 0xff, 0x9b, 0x14, 0xff, 0x9b, 0x14,
  0xff, 0x9b, 0x14, 0xff, 0xbb, 0x14, 0xff, 0xbb, 0x14, 0xff, 0xbb, 0x14, 0xff, 0xbb, 0x14, 0xff,
  0xbb, 0x14, 0xff, 0xdb, 0x14, 0xff, 0xdb, 0x14, 0xff, 0xdb, 0x14, 0xff, 0xdb, 0x14, 0xff, 0xfb,
  0x14, 0xff, 0xfb, 0x14, 0xff, 0xfb, 0x0c, 0xff, 0xfb, 0x0c, 0xff, 0x1b, 0x0d, 0xff, 0x1b, 0x0d,
  0xff, 0x1b, 0x0d, 0xff, 0x1b, 0x0d, 0xff, 0x1b, 0x0d, 0xff, 0x3b, 0x0d, 0xff, 0x3b, 0x0d, 0xff,
  0x3b, 0x0d, 0xff, 0x3b, 0x0d, 0xff, 0x5b, 0x0d, 0xff, 0x5a, 0x0d, 0xff, 0x5a, 0x0d, 0xff, 0x7a,
  0x0d, 0xff, 0x7a, 0x0d, 0xff, 0x7a, 0x0d, 0xff, 0x7a, 0x0d, 0xff, 0x7a, 0x0d, 0xff, 0x9a, 0x0d,
  0xff, 0x9a, 0x0d, 0xff, 0x9a, 0x05, 0xff, 0x9a, 0x05, 0xff, 0xba, 0x05, 0xff, 0xba, 0x0d, 0xff,
  0xb6, 0x2a, 0x8d, 0x00, 0x00, 0x06, 0x00, 0x00, 0x00, 0x00, 0x00, 0x00, 0x00, 0x00, 0x00, 0x00,
  0x00, 0x00, 0x00, 0x00, 0x00, 0x00, 0x00, 0x00, 0x00, 0x00, 0x00, 0x00, 0x00, 0x00, 0x00, 0x00,
  0x00, 0x00, 0x00, 0x00, 0x00, 0x00, 0x00, 0x00, 0x00, 0x00, 0x00, 0x00, 0x00, 0x00, 0x00, 0x00,
  0x00, 0x00, 0x00, 0x00, 0x00, 0x00, 0x00, 0x00, 0x00, 0x00, 0x00, 0x00, 0x00, 0x00, 0x00, 0x00,
  0x00, 0x00, 0x00, 0x00, 0x00, 0x00, 0x00, 0x00, 0x00, 0x00, 0x00, 0x00, 0x00, 0x00, 0xdd, 0x4b,
  0x74, 0xde, 0x6c, 0xff, 0x3d, 0x23, 0xff, 0x3d, 0x23, 0xff, 0x3d, 0x23, 0xff, 0x5d, 0x23, 0xff,
  0x5d, 0x23, 0xff, 0x5d, 0x23, 0xff, 0x5d, 0x23, 0xff, 0x5d, 0x23, 0xff, 0x7d, 0x23, 0xff, 0x7d,
  0x23, 0xff, 0x7d, 0x23, 0xff, 0x9d, 0x23, 0xff, 0x9c, 0x23, 0xff, 0x9c, 0x1b, 0xff, 0x9c, 0x1b,
  0xff, 0xbc, 0x1b, 0xff, 0xbc, 0x1b, 0xff, 0xbc, 0x1b, 0xff, 0xbc, 0x1b, 0xff, 0xdc, 0x1b, 0xff,
  0xdc, 0x1b, 0xff, 0xdc, 0x1b, 0xff, 0xdc, 0x1b, 0xff, 0xdc, 0x1b, 0xff, 0xfc, 0x1b, 0xff, 0xfc,
  0x1b, 0xff, 0xfc, 0x1b, 0xff, 0xfc, 0x1b, 0xff, 0x1c, 0x1c, 0xff, 0x1c, 0x1c, 0xff, 0x1c, 0x1c,
  0xff, 0x1c, 0x1c, 0xff, 0x3c, 0x1c, 0xff, 0x3c, 0x1c, 0xff, 0x3c, 0x1c, 0xff, 0x3c, 0x14, 0xff,
  0x3c, 0x14, 0xff, 0x5c, 0x14, 0xff, 0x5c, 0x14, 0xff, 0xfc, 0x3c, 0xff, 0xff, 0xff, 0xff, 0xff,
  0xff, 0xff, 0x9c, 0x24, 0xff, 0x7b, 0x14, 0xff, 0x9b, 0x14, 0xff, 0x9b, 0x14, 0xff, 0x9b, 0x14,
  0xff, 0x9b, 0x14, 0xff, 0xbb, 0x14, 0xff, 0xbb, 0x14, 0xff, 0xbb, 0x14, 0xff, 0xbb, 0x14, 0xff,
  0xbb, 0x14, 0xff, 0xdb, 0x14, 0xff, 0xdb, 0x14, 0xff, 0xdb, 0x14, 0xff, 0xdb, 0x14, 0xff, 0xfb,
  0x14, 0xff, 0xfb, 0x14, 0xff, 0xfb, 0x0c, 0xff, 0xfb, 0x0c, 0xff, 0x1b, 0x0d, 0xff, 0x1b, 0x0d,
  0xff, 0x1b, 0x0d, 0xff, 0x1b, 0x0d, 0xff, 0x1b, 0x0d, 0xff, 0x3b, 0x0d, 0xff, 0x3b, 0x0d, 0xff,
  0x3b, 0x0d, 0xff, 0x3b, 0x0d, 0xff, 0x5b, 0x0d, 0xff, 0x5a, 0x0d, 0xff, 0x5a, 0x0d, 0xff, 0x7a,
  0x0d, 0xff, 0x7a, 0x0d, 0xff, 0x7a, 0x0d, 0xff, 0x7a, 0x0d, 0xff, 0x7a, 0x0d, 0xff, 0x9a, 0x0d,
  0xff, 0x9a, 0x0d, 0xff, 0x9a, 0x05, 0xff, 0x9a, 0x05, 0xff, 0xba, 0x05, 0xff, 0x1b, 0x36, 0xff,
  0xd7, 0x5b, 0x94, 0x00, 0x00, 0x24, 0x00, 0x00, 0x00, 0x00, 0x00, 0x00, 0x00, 0x00, 0x00, 0x00,
  0x00, 0x00, 0x00, 0x00, 0x00, 0x00, 0x00, 0x00, 0x00, 0x00, 0x00, 0x00, 0x00, 0x00, 0x00, 0x00,
  0x00, 0x00, 0x00, 0x00, 0x00, 0x00, 0x00, 0x00, 0x00, 0x00, 0x00, 0x00, 0x00, 0x00, 0x00, 0x00,
  0x00, 0x00, 0x00, 0x00, 0x00, 0x00, 0x00, 0x00, 0x00, 0x00, 0x00, 0x00, 0x00, 0x00, 0x00, 0x00,
  0x00, 0x00, 0x00, 0x00, 0x00, 0x00, 0x00, 0x00, 0x00, 0x00, 0x00, 0x00, 0x00, 0x00, 0xde, 0x6c,
  0x70, 0x1e, 0xa6, 0xff, 0x3d, 0x23, 0xff, 0x3d, 0x23, 0xff, 0x3d, 0x23, 0xff, 0x5d, 0x23, 0xff,
  0x5d, 0x23, 0xff, 0x5d, 0x23, 0xff, 0x5d, 0x23, 0xff, 0x5d, 0x23, 0xff, 0x7d, 0x23, 0xff, 0x7d,
  0x23, 0xff, 0x7d, 0x23, 0xff, 0x9d, 0x23, 0xff, 0x9c, 0x23, 0xff, 0x9c, 0x1b, 0xff, 0x9c, 0x1b,
  0xff, 0xbc, 0x1b, 0xff, 0xbc, 0x1b, 0xff, 0xbc, 0x1b, 0xff, 0xbc, 0x1b, 0xff, 0xdc, 0x1b, 0xff,
  0xdc, 0x1b, 0xff, 0xdc, 0x1b, 0xff, 0xdc, 0x1b, 0xff, 0xdc, 0x1b, 0xff, 0xfc, 0x1b, 0xff, 0xfc,
  0x1b, 0xff, 0xfc, 0x1b, 0xff, 0xfc, 0x1b, 0xff, 0x1c, 0x1c, 0xff, 0x1c, 0x1c, 0xff, 0x1c, 0x1c,
  0xff, 0x1c, 0x1c, 0xff, 0x3c, 0x1c, 0xff, 0x3c, 0x1c, 0xff, 0x3c, 0x1c, 0xff, 0x3c, 0x14, 0xff,
  0x3c, 0x14, 0xff, 0x5c, 0x14, 0xff, 0x5c, 0x14, 0xff, 0xbd, 0x6d, 0xff, 0xff, 0xff, 0xff, 0x3f,
  0xcf, 0xff, 0x7c, 0x14, 0xff, 0x7b, 0x14, 0xff, 0x9b, 0x14, 0xff, 0x9b, 0x14, 0xff, 0x9b, 0x14,
  0xff, 0x9b, 0x14, 0xff, 0xbb, 0x14, 0xff, 0xbb, 0x14, 0xff, 0xbb, 0x14, 0xff, 0xbb, 0x14, 0xff,
  0xbb, 0x14, 0xff, 0xdb, 0x14, 0xff, 0xdb, 0x14, 0xff, 0xdb, 0x14, 0xff, 0xdb, 0x14, 0xff, 0xfb,
  0x14, 0xff, 0xfb, 0x14, 0xff, 0xfb, 0x0c, 0xff, 0xfb, 0x0c, 0xff, 0x1b, 0x0d, 0xff, 0x1b, 0x0d,
  0xff, 0x1b, 0x0d, 0xff, 0x1b, 0x0d, 0xff, 0x1b, 0x0d, 0xff, 0x3b, 0x0d, 0xff, 0x3b, 0x0d, 0xff,
  0x3b, 0x0d, 0xff, 0x3b, 0x0d, 0xff, 0x5b, 0x0d, 0xff, 0x5a, 0x0d, 0xff, 0x5a, 0x0d, 0xff, 0x7a,
  0x0d, 0xff, 0x7a, 0x0d, 0xff, 0x7a, 0x0d, 0xff, 0x7a, 0x0d, 0xff, 0x7a, 0x0d, 0xff, 0x9a, 0x0d,
  0xff, 0x9a, 0x0d, 0xff, 0x9a, 0x05, 0xff, 0x9a, 0x05, 0xff, 0xba, 0x05, 0xff, 0xbd, 0x76, 0xff,
  0x97, 0x84, 0x96, 0x00, 0x00, 0x3e, 0x00, 0x00, 0x06, 0x00, 0x00, 0x00, 0x00, 0x00, 0x00, 0x00,
  0x00, 0x00, 0x00, 0x00, 0x00, 0x00, 0x00, 0x00, 0x00, 0x00, 0x00, 0x00, 0x00, 0x00, 0x00, 0x00,
  0x00, 0x00, 0x00, 0x00, 0x00, 0x00, 0x00, 0x00, 0x00, 0x00, 0x00, 0x00, 0x00, 0x00, 0x00, 0x00,
  0x00, 0x00, 0x00, 0x00, 0x00, 0x00, 0x00, 0x00, 0x00, 0x00, 0x00, 0x00, 0x00, 0x00, 0x00, 0x00,
  0x00, 0x00, 0x00, 0x00, 0x00, 0x00, 0x00, 0x00, 0x00, 0x00, 0x00, 0x00, 0x00, 0x00, 0xde, 0x9d,
  0x71, 0x7f, 0xe7, 0xff, 0x5d, 0x2b, 0xff, 0x3d, 0x23, 0xff, 0x3d, 0x23, 0xff, 0x5d, 0x23, 0xff,
  0x5d, 0x23, 0xff, 0x5d, 0x23, 0xff, 0x5d, 0x23, 0xff, 0x5d, 0x23, 0xff, 0x7d, 0x23, 0xff, 0x7d,
  0x23, 0xff, 0x7d, 0x23, 0xff, 0x9d, 0x23, 0xff, 0x9c, 0x23, 0xff, 0x9c, 0x1b, 0xff, 0x9c, 0x1b,
  0xff, 0xbc, 0x1b, 0xff, 0xbc, 0x1b, 0xff, 0xbc, 0x1b, 0xff, 0xbc, 0x1b, 0xff, 0xdc, 0x1b, 0xff,
  0xdc, 0x1b, 0xff, 0xdc, 0x1b, 0xff, 0xdc, 0x1b, 0xff, 0xdc, 0x1b, 0xff, 0xfc, 0x1b, 0xff, 0xfc,
  0x1b, 0xff, 0xfc, 0x1b, 0xff, 0xfc, 0x1b, 0xff, 0x1c, 0x1c, 0xff, 0x1c, 0x1c, 0xff, 0x1c, 0x1c,
  0xff, 0x1c, 0x1c, 0xff, 0x3c, 0x1c, 0xff, 0x3c, 0x1c, 0xff, 0x3c, 0x1c, 0xff, 0x3c, 0x14, 0xff,
  0x3c, 0x14, 0xff, 0x5c, 0x14, 0xff, 0x5c, 0x14, 0xff, 0x9e, 0xa6, 0xff, 0xff, 0xff, 0xff, 0x5e,
  0x96, 0xff, 0x7c, 0x14, 0xff, 0x7b, 0x14, 0xff, 0x9b, 0x14, 0xff, 0x9b, 0x14, 0xff, 0x9b, 0x14,
  0xff, 0x9b, 0x14, 0xff, 0xbb, 0x14, 0xff, 0xbb, 0x14, 0xff, 0xbb, 0x14, 0xff, 0xbb, 0x14, 0xff,
  0xbb, 0x14, 0xff, 0xdb, 0x14, 0xff, 0xdb, 0x14, 0xff, 0xdb, 0x14, 0xff, 0xdb, 0x14, 0xff, 0xfb,
  0x14, 0xff, 0xfb, 0x14, 0xff, 0xfb, 0x0c, 0xff, 0xfb, 0x0c, 0xff, 0x1b, 0x0d, 0xff, 0x1b, 0x0d,
  0xff, 0x1b, 0x0d, 0xff, 0x1b, 0x0d, 0xff, 0x1b, 0x0d, 0xff, 0x3b, 0x0d, 0xff, 0x3b, 0x0d, 0xff,
  0x3b, 0x0d, 0xff, 0x3b, 0x0d, 0xff, 0x5b, 0x0d, 0xff, 0x5a, 0x0d, 0xff, 0x5a, 0x0d, 0xff, 0x7a,
  0x0d, 0xff, 0x7a, 0x0d, 0xff, 0x7a, 0x0d, 0xff, 0x7a, 0x0d, 0xff, 0x7a, 0x0d, 0xff, 0x9a, 0x0d,
  0xff, 0x9a, 0x0d, 0xff, 0x9a, 0x05, 0xff, 0x9a, 0x05, 0xff, 0xba, 0x05, 0xff, 0x3e, 0xbf, 0xff,
  0x98, 0xa5, 0x9b, 0x00, 0x00, 0x40, 0x00, 0x00, 0x1c, 0x00, 0x00, 0x00, 0x00, 0x00, 0x00, 0x00,
  0x00, 0x00, 0x00, 0x00, 0x00, 0x00, 0x00, 0x00, 0x00, 0x00, 0x00, 0x00, 0x00, 0x00, 0x00, 0x00,
  0x00, 0x00, 0x00, 0x00, 0x00, 0x00, 0x00, 0x00, 0x00, 0x00, 0x00, 0x00, 0x00, 0x00, 0x00, 0x00,
  0x00, 0x00, 0x00, 0x00, 0x00, 0x00, 0x00, 0x00, 0x00, 0x00, 0x00, 0x00, 0x00, 0x00, 0x00, 0x00,
  0x00, 0x00, 0x00, 0x00, 0x00, 0x00, 0x00, 0x00, 0x00, 0x00, 0x00, 0x00, 0x00, 0x00, 0x7e, 0x5c,
  0xbc, 0x3d, 0x23, 0xff, 0x3d, 0x23, 0xff, 0x3d, 0x23, 0xff, 0x3d, 0x23, 0xff, 0x5d, 0x23, 0xff,
  0x5d, 0x23, 0xff, 0x5d, 0x23, 0xff, 0x5d, 0x23, 0xff, 0x5d, 0x23, 0xff, 0x7d, 0x23, 0xff, 0x7d,
  0x23, 0xff, 0x7d, 0x23, 0xff, 0x9d, 0x23, 0xff, 0x9c, 0x23, 0xff, 0x9c, 0x1b, 0xff, 0x9c, 0x1b,
  0xff, 0xbc, 0x1b, 0xff, 0xbc, 0x1b, 0xff, 0xbc, 0x1b, 0xff, 0xbc, 0x1b, 0xff, 0xdc, 0x1b, 0xff,
  0xdc, 0x1b, 0xff, 0xdc, 0x1b, 0xff, 0xdc, 0x1b, 0xff, 0xdc, 0x1b, 0xff, 0xfc, 0x1b, 0xff, 0xfc,
  0x1b, 0xff, 0xfc, 0x1b, 0xff, 0xfc, 0x1b, 0xff, 0x1c, 0x1c, 0xff, 0x1c, 0x1c, 0xff, 0x1c, 0x1c,
  0xff, 0x1c, 0x1c, 0xff, 0x3c, 0x1c, 0xff, 0x3c, 0x1c, 0xff, 0x3c, 0x1c, 0xff, 0x3c, 0x14, 0xff,
  0x3c, 0x14, 0xff, 0x5c, 0x14, 0xff, 0x5c, 0x14, 0xff, 0x7d, 0x5d, 0xff, 0xfd, 0x7d, 0xff, 0x3c,
  0x45, 0xff, 0x7c, 0x14, 0xff, 0x7b, 0x14, 0xff, 0x9b, 0x14, 0xff, 0x9b, 0x14, 0xff, 0x9b, 0x14,
  0xff, 0x9b, 0x14, 0xff, 0xbb, 0x14, 0xff, 0xbb, 0x14, 0xff, 0xbb, 0x14, 0xff, 0xbb, 0x14, 0xff,
  0xbb, 0x14, 0xff, 0xdb, 0x14, 0xff, 0xdb, 0x14, 0xff, 0xdb, 0x14, 0xff, 0xdb, 0x14, 0xff, 0xfb,
  0x14, 0xff, 0xfb, 0x14, 0xff, 0xfb, 0x0c, 0xff, 0xfb, 0x0c, 0xff, 0x1b, 0x0d, 0xff, 0x1b, 0x0d,
  0xff, 0x1b, 0x0d, 0xff, 0x1b, 0x0d, 0xff, 0x1b, 0x0d, 0xff, 0x3b, 0x0d, 0xff, 0x3b, 0x0d, 0xff,
  0x3b, 0x0d, 0xff, 0x3b, 0x0d, 0xff, 0x5b, 0x0d, 0xff, 0x5a, 0x0d, 0xff, 0x5a, 0x0d, 0xff, 0x7a,
  0x0d, 0xff, 0x7a, 0x0d, 0xff, 0x7a, 0x0d, 0xff, 0x7a, 0x0d, 0xff, 0x7a, 0x0d, 0xff, 0x9a, 0x0d,
  0xff, 0x9a, 0x0d, 0xff, 0x9a, 0x05, 0xff, 0x9a, 0x05, 0xff, 0xba, 0x05, 0xff, 0xba, 0x05, 0xff,
  0x39, 0xc6, 0xa0, 0x00, 0x00, 0x40, 0x00, 0x00, 0x30, 0x00, 0x00, 0x00, 0x00, 0x00, 0x00, 0x00,
  0x00, 0x00, 0x00, 0x00, 0x00, 0x00, 0x00, 0x00, 0x00, 0x00, 0x00, 0x00, 0x00, 0x00, 0x00, 0x00,
  0x00, 0x00, 0x00, 0x00, 0x00, 0x00, 0x00, 0x00, 0x00, 0x00, 0x00, 0x00, 0x00, 0x00, 0x00, 0x00,
  0x00, 0x00, 0x00, 0x00, 0x00, 0x00, 0x00, 0x00, 0x00, 0x00, 0x00, 0x00, 0x00, 0x00, 0x00, 0x00,
  0x00, 0x00, 0x00, 0x00, 0x00, 0x00, 0x00, 0x00, 0x00, 0x00, 0x00, 0x00, 0x00, 0x00, 0xbe, 0x6c,
  0xc0, 0x3d, 0x23, 0xff, 0x3d, 0x23, 0xff, 0x3d, 0x23, 0xff, 0x3d, 0x23, 0xff, 0x5d, 0x23, 0xff,
  0x5d, 0x23, 0xff, 0x5d, 0x23, 0xff, 0x5d, 0x23, 0xff, 0x5d, 0x23, 0xff, 0x7d, 0x23, 0xff, 0x7d,
  0x23, 0xff, 0x7d, 0x23, 0xff, 0x9d, 0x23, 0xff, 0x9c, 0x23, 0xff, 0x9c, 0x1b, 0xff, 0x9c, 0x1b,
  0xff, 0xbc, 0x1b, 0xff, 0xbc, 0x1b, 0xff, 0xbc, 0x1b, 0xff, 0xbc, 0x1b, 0xff, 0xdc, 0x1b, 0xff,
  0xdc, 0x1b, 0xff, 0xdc, 0x1b, 0xff, 0xdc, 0x1b, 0xff, 0xdc, 0x1b, 0xff, 0xfc, 0x1b, 0xff, 0xfc,
  0x1b, 0xff, 0xfc, 0x1b, 0xff, 0xfc, 0x1b, 0xff, 0x1c, 0x1c, 0xff, 0x1c, 0x1c, 0xff, 0x1c, 0x1c,
  0xff, 0x1c, 0x1c, 0xff, 0x3c, 0x1c, 0xff, 0x3c, 0x1c, 0xff, 0x3c, 0x1c, 0xff, 0x3c, 0x14, 0xff,
  0x3c, 0x14, 0xff, 0x5c, 0x14, 0xff, 0x5c, 0x14, 0xff, 0x5c, 0x14, 0xff, 0x7c, 0x14, 0xff, 0x7c,
  0x14, 0xff, 0x7c, 0x14, 0xff, 0x7b, 0x14, 0xff, 0x9b, 0x14, 0xff, 0x9b, 0x14, 0xff, 0x9b, 0x14,
  0xff, 0x9b, 0x14, 0xff, 0xbb, 0x14, 0xff, 0xbb, 0x14, 0xff, 0xbb, 0x14, 0xff, 0xbb, 0x14, 0xff,
  0xbb, 0x14, 0xff, 0xdb, 0x14, 0xff, 0xdb, 0x14, 0xff, 0xdb, 0x14, 0xff, 0xdb, 0x14, 0xff, 0xfb,
  0x14, 0xff, 0xfb, 0x14, 0xff, 0xfb, 0x0c, 0xff, 0xfb, 0x0c, 0xff, 0x1b, 0x0d, 0xff, 0x1b, 0x0d,
  0xff, 0x1b, 0x0d, 0xff, 0x1b, 0x0d, 0xff, 0x1b, 0x0d, 0xff, 0x3b, 0x0d, 0xff, 0x3b, 0x0d, 0xff,
  0x3b, 0x0d, 0xff, 0x3b, 0x0d, 0xff, 0x5b, 0x0d, 0xff, 0x5a, 0x0d, 0xff, 0x5a, 0x0d, 0xff, 0x7a,
  0x0d, 0xff, 0x7a, 0x0d, 0xff, 0x7a, 0x0d, 0xff, 0x7a, 0x0d, 0xff, 0x7a, 0x0d, 0xff, 0x9a, 0x0d,
  0xff, 0x9a, 0x0d, 0xff, 0x9a, 0x05, 0xff, 0x9a, 0x05, 0xff, 0xba, 0x05, 0xff, 0xba, 0x05, 0xff,
  0x39, 0xc6, 0xa0, 0x00, 0x00, 0x40, 0x00, 0x00, 0x3e, 0x00, 0x00, 0x04, 0x00, 0x00, 0x00, 0x00,
  0x00, 0x00, 0x00, 0x00, 0x00, 0x00, 0x00, 0x00, 0x00, 0x00, 0x00, 0x00, 0x00, 0x00, 0x00, 0x00,
  0x00, 0x00, 0x00, 0x00, 0x00, 0x00, 0x00, 0x00, 0x00, 0x00, 0x00, 0x00, 0x00, 0x00, 0x00, 0x00,
  0x00, 0x00, 0x00, 0x00, 0x00, 0x00, 0x00, 0x00, 0x00, 0x00, 0x00, 0x00, 0x00, 0x00, 0x00, 0x00,
  0x00, 0x00, 0x00, 0x00, 0x00, 0x00, 0x00, 0x00, 0x00, 0x00, 0x00, 0x00, 0x00, 0x00, 0xbe, 0x6c,
  0xc0, 0x3d, 0x23, 0xff, 0x3d, 0x23, 0xff, 0x3d, 0x23, 0xff, 0x3d, 0x23, 0xff, 0x5d, 0x23, 0xff,
  0x5d, 0x23, 0xff, 0x5d, 0x23, 0xff, 0x5d, 0x23, 0xff, 0x5d, 0x23, 0xff, 0x7d, 0x23, 0xff, 0x7d,
  0x23, 0xff, 0x7d, 0x23, 0xff, 0x9d, 0x23, 0xff, 0x9c, 0x23, 0xff, 0x9c, 0x1b, 0xff, 0x9c, 0x1b,
  0xff, 0xbc, 0x1b, 0xff, 0xbc, 0x1b, 0xff, 0xbc, 0x1b, 0xff, 0xbc, 0x1b, 0xff, 0xdc, 0x1b, 0xff,
  0xdc, 0x1b, 0xff, 0xdc, 0x1b, 0xff, 0xdc, 0x1b, 0xff, 0xdc, 0x1b, 0xff, 0xfc, 0x1b, 0xff, 0xfc,
  0x1b, 0xff, 0xfc, 0x1b, 0xff, 0xfc, 0x1b, 0xff, 0x1c, 0x1c, 0xff, 0x1c, 0x1c, 0xff, 0x1c, 0x1c,
  0xff, 0x1c, 0x1c, 0xff, 0x3c, 0x1c, 0xff, 0x3c, 0x1c, 0xff, 0x3c, 0x1c, 0xff, 0x3c, 0x14, 0xff,
  0x3c, 0x14, 0xff, 0x5c, 0x14, 0xff, 0x5c, 0x14, 0xff, 0x5c, 0x14, 0xff, 0x7c, 0x14, 0xff, 0x7c,
  0x14, 0xff, 0x7c, 0x14, 0xff, 0x7b, 0x14, 0xff, 0x9b, 0x14, 0xff, 0x9b, 0x14, 0xff, 0x9b, 0x14,
  0xff, 0x9b, 0x14, 0xff, 0xbb, 0x14, 0xff, 0xbb, 0x14, 0xff, 0xbb, 0x14, 0xff, 0xbb, 0x14, 0xff,
  0xbb, 0x14, 0xff, 0xdb, 0x14, 0xff, 0xdb, 0x14, 0xff, 0xdb, 0x14, 0xff, 0xdb, 0x14, 0xff, 0xfb,
  0x14, 0xff, 0xfb, 0x14, 0xff, 0xfb, 0x0c, 0xff, 0xfb, 0x0c, 0xff, 0x1b, 0x0d, 0xff, 0x1b, 0x0d,
  0xff, 0x1b, 0x0d, 0xff, 0x1b, 0x0d, 0xff, 0x1b, 0x0d, 0xff, 0x3b, 0x0d, 0xff, 0x3b, 0x0d, 0xff,
  0x3b, 0x0d, 0xff, 0x3b, 0x0d, 0xff, 0x5b, 0x0d, 0xff, 0x5a, 0x0d, 0xff, 0x5a, 0x0d, 0xff, 0x7a,
  0x0d, 0xff, 0x7a, 0x0d, 0xff, 0x7a, 0x0d, 0xff, 0x7a, 0x0d, 0xff, 0x7a, 0x0d, 0xff, 0x9a, 0x0d,
  0xff, 0x9a, 0x0d, 0xff, 0x9a, 0x05, 0xff, 0x9a, 0x05, 0xff, 0xba, 0x05, 0xff, 0xba, 0x05, 0xff,
  0x39, 0xc6, 0xa0, 0x00, 0x00, 0x40, 0x00, 0x00, 0x40, 0x00, 0x00, 0x10, 0x00, 0x00, 0x00, 0x00,
  0x00, 0x00, 0x00, 0x00, 0x00, 0x00, 0x00, 0x00, 0x00, 0x00, 0x00, 0x00, 0x00, 0x00, 0x00, 0x00,
  0x00, 0x00, 0x00, 0x00, 0x00, 0x00, 0x00, 0x00, 0x00, 0x00, 0x00, 0x00, 0x00, 0x00, 0x00, 0x00,
  0x00, 0x00, 0x00, 0x00, 0x00, 0x00, 0x00, 0x00, 0x00, 0x00, 0x00, 0x00, 0x00, 0x00, 0x00, 0x00,
  0x00, 0x00, 0x00, 0x00, 0x00, 0x00, 0x00, 0x00, 0x00, 0x00, 0x00, 0x00, 0x00, 0x00, 0xbe, 0x6c,
  0xc0, 0x3d, 0x23, 0xff, 0x3d, 0x23, 0xff, 0x3d, 0x23, 0xff, 0x3d, 0x23, 0xff, 0x5d, 0x23, 0xff,
  0x5d, 0x23, 0xff, 0x5d, 0x23, 0xff, 0x5d, 0x23, 0xff, 0x5d, 0x23, 0xff, 0x7d, 0x23, 0xff, 0x7d,
  0x23, 0xff, 0x7d, 0x23, 0xff, 0x9d, 0x23, 0xff, 0x9c, 0x23, 0xff, 0x9c, 0x1b, 0xff, 0x9c, 0x1b,
  0xff, 0xbc, 0x1b, 0xff, 0xbc, 0x1b, 0xff, 0xbc, 0x1b, 0xff, 0xbc, 0x1b, 0xff, 0xdc, 0x1b, 0xff,
  0xdc, 0x1b, 0xff, 0xdc, 0x1b, 0xff, 0xdc, 0x1b, 0xff, 0xdc, 0x1b, 0xff, 0xfc, 0x1b, 0xff, 0xfc,
  0x1b, 0xff, 0xfc, 0x1b, 0xff, 0xfc, 0x1b, 0xff, 0x1c, 0x1c, 0xff, 0x1c, 0x1c, 0xff, 0x1c, 0x1c,
  0xff, 0x1c, 0x1c, 0xff, 0x3c, 0x1c, 0xff, 0x3c, 0x1c, 0xff, 0x3c, 0x1c, 0xff, 0x3c, 0x14, 0xff,
  0x3c, 0x14, 0xff, 0x5c, 0x14, 0xff, 0x5c, 0x14, 0xff, 0x5c, 0x14, 0xff, 0x7c, 0x14, 0xff, 0x7c,
  0x14, 0xff, 0x7c, 0x14, 0xff, 0x7b, 0x14, 0xff, 0x9b, 0x14, 0xff, 0x9b, 0x14, 0xff, 0x9b, 0x14,
  0xff, 0x9b, 0x14, 0xff, 0xbb, 0x14, 0xff, 0xbb, 0x14, 0xff, 0xbb, 0x14, 0xff, 0xbb, 0x14, 0xff,
  0xbb, 0x14, 0xff, 0xdb, 0x14, 0xff, 0xdb, 0x14, 0xff, 0xdb, 0x14, 0xff, 0xdb, 0x14, 0xff, 0xfb,
  0x14, 0xff, 0xfb, 0x14, 0xff, 0xfb, 0x0c, 0xff, 0xfb, 0x0c, 0xff, 0x1b, 0x0d, 0xff, 0x1b, 0x0d,
  0xff, 0x1b, 0x0d, 0xff, 0x1b, 0x0d, 0xff, 0x1b, 0x0d, 0xff, 0x3b, 0x0d, 0xff, 0x3b, 0x0d, 0xff,
  0x3b, 0x0d, 0xff, 0x3b, 0x0d, 0xff, 0x5b, 0x0d, 0xff, 0x5a, 0x0d, 0xff, 0x5a, 0x0d, 0xff, 0x7a,
  0x0d, 0xff, 0x7a, 0x0d, 0xff, 0x7a, 0x0d, 0xff, 0x7a, 0x0d, 0xff, 0x7a, 0x0d, 0xff, 0x9a, 0x0d,
  0xff, 0x9a, 0x0d, 0xff, 0x9a, 0x05, 0xff, 0x9a, 0x05, 0xff, 0xba, 0x05, 0xff, 0xba, 0x05, 0xff,
  0x39, 0xc6, 0xa0, 0x00, 0x00, 0x40, 0x00, 0x00, 0x40, 0x00, 0x00, 0x16, 0x00, 0x00, 0x00, 0x00,
  0x00, 0x00, 0x00, 0x00, 0x00, 0x00, 0x00, 0x00, 0x00, 0x00, 0x00, 0x00, 0x00, 0x00, 0x00, 0x00,
  0x00, 0x00, 0x00, 0x00, 0x00, 0x00, 0x00, 0x00, 0x00, 0x00, 0x00, 0x00, 0x00, 0x00, 0x00, 0x00,
  0x00, 0x00, 0x00, 0x00, 0x00, 0x00, 0x00, 0x00, 0x00, 0x00, 0x00, 0x00, 0x00, 0x00, 0x00, 0x00,
  0x00, 0x00, 0x00, 0x00, 0x00, 0x00, 0x00, 0x00, 0x00, 0x00, 0x00, 0x00, 0x00, 0x00, 0xbe, 0x6c,
  0xc0, 0x3d, 0x23, 0xff, 0x3d, 0x23, 0xff, 0x3d, 0x23, 0xff, 0x3d, 0x23, 0xff, 0x5d, 0x23, 0xff,
  0x5d, 0x23, 0xff, 0x5d, 0x23, 0xff, 0x5d, 0x23, 0xff, 0x5d, 0x23, 0xff, 0x7d, 0x23, 0xff, 0x7d,
  0x23, 0xff, 0x7d, 0x23, 0xff, 0x9d, 0x23, 0xff, 0x9c, 0x23, 0xff, 0x9c, 0x1b, 0xff, 0x9c, 0x1b,
  0xff, 0xbc, 0x1b, 0xff, 0xbc, 0x1b, 0xff, 0xbc, 0x1b, 0xff, 0xbc, 0x1b, 0xff, 0xdc, 0x1b, 0xff,
  0xdc, 0x1b, 0xff, 0xdc, 0x1b, 0xff, 0xdc, 0x1b, 0xff, 0xdc, 0x1b, 0xff, 0xfc, 0x1b, 0xff, 0xfc,
  0x1b, 0xff, 0xfc, 0x1b, 0xff, 0xfc, 0x1b, 0xff, 0x1c, 0x1c, 0xff, 0x1c, 0x1c, 0xff, 0x1c, 0x1c,
  0xff, 0x1c, 0x1c, 0xff, 0x3c, 0x1c, 0xff, 0x3c, 0x1c, 0xff, 0x3c, 0x1c, 0xff, 0x3c, 0x14, 0xff,
  0x3c, 0x14, 0xff, 0x5c, 0x14, 0xff, 0x5c, 0x14, 0xff, 0x5c, 0x14, 0xff, 0x7c, 0x14, 0xff, 0x7c,
  0x14, 0xff, 0x7c, 0x14, 0xff, 0x7b, 0x14, 0xff, 0x9b, 0x14, 0xff, 0x9b, 0x14, 0xff, 0x9b, 0x14,
  0xff, 0x9b, 0x14, 0xff, 0xbb, 0x14, 0xff, 0xbb, 0x14, 0xff, 0xbb, 0x14, 0xff, 0xbb, 0x14, 0xff,
  0xbb, 0x14, 0xff, 0xdb, 0x14, 0xff, 0xdb, 0x14, 0xff, 0xdb, 0x14, 0xff, 0xdb, 0x14, 0xff, 0xfb,
  0x14, 0xff, 0xfb, 0x14, 0xff, 0xfb, 0x0c, 0xff, 0xfb, 0x0c, 0xff, 0x1b, 0x0d, 0xff, 0x1b, 0x0d,
  0xff, 0x1b, 0x0d, 0xff, 0x1b, 0x0d, 0xff, 0x1b, 0x0d, 0xff, 0x3b, 0x0d, 0xff, 0x3b, 0x0d, 0xff,
  0x3b, 0x0d, 0xff, 0x3b, 0x0d, 0xff, 0x5b, 0x0d, 0xff, 0x5a, 0x0d, 0xff, 0x5a, 0x0d, 0xff, 0x7a,
  0x0d, 0xff, 0x7a, 0x0d, 0xff, 0x7a, 0x0d, 0xff, 0x7a, 0x0d, 0xff, 0x7a, 0x0d, 0xff, 0x9a, 0x0d,
  0xff, 0x9a, 0x0d, 0xff, 0x9a, 0x05, 0xff, 0x9a, 0x05, 0xff, 0xba, 0x05, 0xff, 0xba, 0x05, 0xff,
  0x39, 0xc6, 0xa0, 0x00, 0x00, 0x40, 0x00, 0x00, 0x40, 0x00, 0x00, 0x1c, 0x00, 0x00, 0x00, 0x00,
  0x00, 0x00, 0x00, 0x00, 0x00, 0x00, 0x00, 0x00, 0x00, 0x00, 0x00, 0x00, 0x00, 0x00, 0x00, 0x00,
  0x00, 0x00, 0x00, 0x00, 0x00, 0x00, 0x00, 0x00, 0x00, 0x00, 0x00, 0x00, 0x00, 0x00, 0x00, 0x00,
  0x00, 0x00, 0x00, 0x00, 0x00, 0x00, 0x00, 0x00, 0x00, 0x00, 0x00, 0x00, 0x00, 0x00, 0x00, 0x00,
  0x00, 0x00, 0x00, 0x00, 0x00, 0x00, 0x00, 0x00, 0x00, 0x00, 0x00, 0x00, 0x00, 0x00, 0xbe, 0x6c,
  0xc0, 0x3d, 0x23, 0xff, 0x3d, 0x23, 0xff, 0x3d, 0x23, 0xff, 0x3d, 0x23, 0xff, 0x5d, 0x23, 0xff,
  0x5d, 0x23, 0xff, 0x5d, 0x23, 0xff, 0x5d, 0x23, 0xff, 0x5d, 0x23, 0xff, 0x7d, 0x23, 0xff, 0x7d,
  0x23, 0xff, 0x7d, 0x23, 0xff, 0x9d, 0x23, 0xff, 0x9c, 0x23, 0xff, 0x9c, 0x1b, 0xff, 0x9c, 0x1b,
  0xff, 0xbc, 0x1b, 0xff, 0xbc, 0x1b, 0xff, 0xbc, 0x1b, 0xff, 0xbc, 0x1b, 0xff, 0xdc, 0x1b, 0xff,
  0xdc, 0x1b, 0xff, 0xdc, 0x1b, 0xff, 0xdc, 0x1b, 0xff, 0xdc, 0x1b, 0xff, 0xfc, 0x1b, 0xff, 0xfc,
  0x1b, 0xff, 0xfc, 0x1b, 0xff, 0xfc, 0x1b, 0xff, 0x1c, 0x1c, 0xff, 0x1c, 0x1c, 0xff, 0x1c, 0x1c,
  0xff, 0x1c, 0x1c, 0xff, 0x3c, 0x1c, 0xff, 0x3c, 0x1c, 0xff, 0x3c, 0x1c, 0xff, 0x3c, 0x14, 0xff,
  0x3c, 0x14, 0xff, 0x5c, 0x14, 0xff, 0x5c, 0x14, 0xff, 0x5c, 0x14, 0xff, 0x7c, 0x14, 0xff, 0x7c,
  0x14, 0xff, 0x7c, 0x14, 0xff, 0x7b, 0x14, 0xff, 0x9b, 0x14, 0xff, 0x9b, 0x14, 0xff, 0x9b, 0x14,
  0xff, 0x9b, 0x14, 0xff, 0xbb, 0x14, 0xff, 0xbb, 0x14, 0xff, 0xbb, 0x14, 0xff, 0xbb, 0x14, 0xff,
  0xbb, 0x14, 0xff, 0xdb, 0x14, 0xff, 0xdb, 0x14, 0xff, 0xdb, 0x14, 0xff, 0xdb, 0x14, 0xff, 0xfb,
  0x14, 0xff, 0xfb, 0x14, 0xff, 0xfb, 0x0c, 0xff, 0xfb, 0x0c, 0xff, 0x1b, 0x0d, 0xff, 0x1b, 0x0d,
  0xff, 0x1b, 0x0d, 0xff, 0x1b, 0x0d, 0xff, 0x1b, 0x0d, 0xff, 0x3b, 0x0d, 0xff, 0x3b, 0x0d, 0xff,
  0x3b, 0x0d, 0xff, 0x3b, 0x0d, 0xff, 0x5b, 0x0d, 0xff, 0x5a, 0x0d, 0xff, 0x5a, 0x0d, 0xff, 0x7a,
  0x0d, 0xff, 0x7a, 0x0d, 0xff, 0x7a, 0x0d, 0xff, 0x7a, 0x0d, 0xff, 0x7a, 0x0d, 0xff, 0x9a, 0x0d,
  0xff, 0x9a, 0x0d, 0xff, 0x9a, 0x05, 0xff, 0x9a, 0x05, 0xff, 0xba, 0x05, 0xff, 0xba, 0x05, 0xff,
  0x39, 0xc6, 0xa0, 0x00, 0x00, 0x40, 0x00, 0x00, 0x40, 0x00, 0x00, 0x20, 0x00, 0x00, 0x00, 0x00,
  0x00, 0x00, 0x00, 0x00, 0x00, 0x00, 0x00, 0x00, 0x00, 0x00, 0x00, 0x00, 0x00, 0x00, 0x00, 0x00,
  0x00, 0x00, 0x00, 0x00, 0x00, 0x00, 0x00, 0x00, 0x00, 0x00, 0x00, 0x00, 0x00, 0x00, 0x00, 0x00,
  0x00, 0x00, 0x00, 0x00, 0x00, 0x00, 0x00, 0x00, 0x00, 0x00, 0x00, 0x00, 0x00, 0x00, 0x00, 0x00,
  0x00, 0x00, 0x00, 0x00, 0x00, 0x00, 0x00, 0x00, 0x00, 0x00, 0x00, 0x00, 0x00, 0x00, 0xbe, 0x6c,
  0xc0, 0x3d, 0x23, 0xff, 0x3d, 0x23, 0xff, 0x3d, 0x23, 0xff, 0x3d, 0x23, 0xff, 0x5d, 0x23, 0xff,
  0x5d, 0x23, 0xff, 0x5d, 0x23, 0xff, 0x5d, 0x23, 0xff, 0x5d, 0x23, 0xff, 0x7d, 0x23, 0xff, 0x7d,
  0x23, 0xff, 0x7d, 0x23, 0xff, 0x9d, 0x23, 0xff, 0x9c, 0x23, 0xff, 0x9c, 0x1b, 0xff, 0x9c, 0x1b,
  0xff, 0xbc, 0x1b, 0xff, 0xbc, 0x1b, 0xff, 0xbc, 0x1b, 0xff, 0xbc, 0x1b, 0xff, 0xdc, 0x1b, 0xff,
  0xdc, 0x1b, 0xff, 0xdc, 0x1b, 0xff, 0xdc, 0x1b, 0xff, 0xdc, 0x1b, 0xff, 0xfc, 0x1b, 0xff, 0xfc,
  0x1b, 0xff, 0xfc, 0x1b, 0xff, 0xfc, 0x1b, 0xff, 0x1c, 0x1c, 0xff, 0x1c, 0x1c, 0xff, 0x1c, 0x1c,
  0xff, 0x1c, 0x1c, 0xff, 0x3c, 0x1c, 0xff, 0x3c, 0x1c, 0xff, 0x3c, 0x1c, 0xff, 0x3c, 0x14, 0xff,
  0x3c, 0x14, 0xff, 0x5c, 0x14, 0xff, 0x5c, 0x14, 0xff, 0x5c, 0x14, 0xff, 0x7c, 0x14, 0xff, 0x7c,
  0x14, 0xff, 0x7c, 0x14, 0xff, 0x7b, 0x14, 0xff, 0x9b, 0x14, 0xff, 0x9b, 0x14, 0xff, 0x9b, 0x14,
  0xff, 0x9b, 0x14, 0xff, 0xbb, 0x14, 0xff, 0xbb, 0x14, 0xff, 0xbb, 0x14, 0xff, 0xbb, 0x14, 0xff,
  0xbb, 0x14, 0xff, 0xdb, 0x14, 0xff, 0xdb, 0x14, 0xff, 0xdb, 0x14, 0xff, 0xdb, 0x14, 0xff, 0xfb,
  0x14, 0xff, 0xfb, 0x14, 0xff, 0xfb, 0x0c, 0xff, 0xfb, 0x0c, 0xff, 0x1b, 0x0d, 0xff, 0x1b, 0x0d,
  0xff, 0x1b, 0x0d, 0xff, 0x1b, 0x0d, 0xff, 0x1b, 0x0d, 0xff, 0x3b, 0x0d, 0xff, 0x3b, 0x0d, 0xff,
  0x3b, 0x0d, 0xff, 0x3b, 0x0d, 0xff, 0x5b, 0x0d, 0xff, 0x5a, 0x0d, 0xff, 0x5a, 0x0d, 0xff, 0x7a,
  0x0d, 0xff, 0x7a, 0x0d, 0xff, 0x7a, 0x0d, 0xff, 0x7a, 0x0d, 0xff, 0x7a, 0x0d, 0xff, 0x9a, 0x0d,
  0xff, 0x9a, 0x0d, 0xff, 0x9a, 0x05, 0xff, 0x9a, 0x05, 0xff, 0xba, 0x05, 0xff, 0xba, 0x05, 0xff,
  0x39, 0xbe, 0xa0, 0x00, 0x00, 0x40, 0x00, 0x00, 0x40, 0x00, 0x00, 0x20, 0x00, 0x00, 0x00, 0x00,
  0x00, 0x00, 0x00, 0x00, 0x00, 0x00, 0x00, 0x00, 0x00, 0x00, 0x00, 0x00, 0x00, 0x00, 0x00, 0x00,
  0x00, 0x00, 0x00, 0x00, 0x00, 0x00, 0x00, 0x00, 0x00, 0x00, 0x00, 0x00, 0x00, 0x00, 0x00, 0x00,
  0x00, 0x00, 0x00, 0x00, 0x00, 0x00, 0x00, 0x00, 0x00, 0x00, 0x00, 0x00, 0x00, 0x00, 0x00, 0x00,
  0x00, 0x00, 0x00, 0x00, 0x00, 0x00, 0x00, 0x00, 0x00, 0x00, 0x00, 0x00, 0x00, 0x00, 0x9e, 0x6c,
  0xc0, 0x3d, 0x23, 0xff, 0x3d, 0x23, 0xff, 0x3d, 0x23, 0xff, 0x3d, 0x23, 0xff, 0x5d, 0x23, 0xff,
  0x5d, 0x23, 0xff, 0x5d, 0x23, 0xff, 0x5d, 0x23, 0xff, 0x5d, 0x23, 0xff, 0x7d, 0x23, 0xff, 0x7d,
  0x23, 0xff, 0x7d, 0x23, 0xff, 0x9d, 0x23, 0xff, 0x9c, 0x23, 0xff, 0x9c, 0x1b, 0xff, 0x9c, 0x1b,
  0xff, 0xbc, 0x1b, 0xff, 0xbc, 0x1b, 0xff, 0xbc, 0x1b, 0xff, 0xbc, 0x1b, 0xff, 0xdc, 0x1b, 0xff,
  0xdc, 0x1b, 0xff, 0xdc, 0x1b, 0xff, 0xdc, 0x1b, 0xff, 0xdc, 0x1b, 0xff, 0xfc, 0x1b, 0xff, 0xfc,
  0x1b, 0xff, 0xfc, 0x1b, 0xff, 0xfc, 0x1b, 0xff, 0x1c, 0x1c, 0xff, 0x1c, 0x1c, 0xff, 0x1c, 0x1c,
  0xff, 0x1c, 0x1c, 0xff, 0x3c, 0x1c, 0xff, 0x3c, 0x1c, 0xff, 0x3c, 0x1c, 0xff, 0x3c, 0x14, 0xff,
  0x3c, 0x14, 0xff, 0x5c, 0x14, 0xff, 0x5c, 0x14, 0xff, 0x5c, 0x14, 0xff, 0x7c, 0x14, 0xff, 0x7c,
  0x14, 0xff, 0x7c, 0x14, 0xff, 0x7b, 0x14, 0xff, 0x9b, 0x14, 0xff, 0x9b, 0x14, 0xff, 0x9b, 0x14,
  0xff, 0x9b, 0x14, 0xff, 0xbb, 0x14, 0xff, 0xbb, 0x14, 0xff, 0xbb, 0x14, 0xff, 0xbb, 0x14, 0xff,
  0xbb, 0x14, 0xff, 0xdb, 0x14, 0xff, 0xdb, 0x14, 0xff, 0xdb, 0x14, 0xff, 0xdb, 0x14, 0xff, 0xfb,
  0x14, 0xff, 0xfb, 0x14, 0xff, 0xfb, 0x0c, 0xff, 0xfb, 0x0c, 0xff, 0x1b, 0x0d, 0xff, 0x1b, 0x0d,
  0xff, 0x1b, 0x0d, 0xff, 0x1b, 0x0d, 0xff, 0x1b, 0x0d, 0xff, 0x3b, 0x0d, 0xff, 0x3b, 0x0d, 0xff,
  0x3b, 0x0d, 0xff, 0x3b, 0x0d, 0xff, 0x5b, 0x0d, 0xff, 0x5a, 0x0d, 0xff, 0x5a, 0x0d, 0xff, 0x7a,
  0x0d, 0xff, 0x7a, 0x0d, 0xff, 0x7a, 0x0d, 0xff, 0x7a, 0x0d, 0xff, 0x7a, 0x0d, 0xff, 0x9a, 0x0d,
  0xff, 0x9a, 0x0d, 0xff, 0x9a, 0x05, 0xff, 0x9a, 0x05, 0xff, 0xba, 0x05, 0xff, 0xba, 0x05, 0xff,
  0x39, 0xbe, 0xa0, 0x00, 0x00, 0x40, 0x00, 0x00, 0x40, 0x00, 0x00, 0x20, 0x00, 0x00, 0x00, 0x00,
  0x00, 0x00, 0x00, 0x00, 0x00, 0x00, 0x00, 0x00, 0x00, 0x00, 0x00, 0x00, 0x00, 0x00, 0x00, 0x00,
  0x00, 0x00, 0x00, 0x00, 0x00, 0x00, 0x00, 0x00, 0x00, 0x00, 0x00, 0x00, 0x00, 0x00, 0x00, 0x00,
  0x00, 0x00, 0x00, 0x00, 0x00, 0x00, 0x00, 0x00, 0x00, 0x00, 0x00, 0x00, 0x00, 0x00, 0x00, 0x00,
  0x00, 0x00, 0x00, 0x00, 0x00, 0x00, 0x00, 0x00, 0x00, 0x00, 0x00, 0x00, 0x00, 0x00, 0x9e, 0x6c,
  0xc0, 0x3d, 0x23, 0xff, 0x3d, 0x23, 0xff, 0x3d, 0x23, 0xff, 0x3d, 0x23, 0xff, 0x5d, 0x23, 0xff,
  0x5d, 0x23, 0xff, 0x5d, 0x23, 0xff, 0x5d, 0x23, 0xff, 0x5d, 0x23, 0xff, 0x7d, 0x23, 0xff, 0x7d,
  0x23, 0xff, 0x7d, 0x23, 0xff, 0x9d, 0x23, 0xff, 0x9c, 0x23, 0xff, 0x9c, 0x1b, 0xff, 0x9c, 0x1b,
  0xff, 0xbc, 0x1b, 0xff, 0xbc, 0x1b, 0xff, 0xbc, 0x1b, 0xff, 0xbc, 0x1b, 0xff, 0xdc, 0x1b, 0xff,
  0xdc, 0x1b, 0xff, 0xdc, 0x1b, 0xff, 0xdc, 0x1b, 0xff, 0xdc, 0x1b, 0xff, 0xfc, 0x1b, 0xff, 0xfc,
  0x1b, 0xff, 0xfc, 0x1b, 0xff, 0xfc, 0x1b, 0xff, 0x1c, 0x1c, 0xff, 0x1c, 0x1c, 0xff, 0x1c, 0x1c,
  0xff, 0x1c, 0x1c, 0xff, 0x3c, 0x1c, 0xff, 0x3c, 0x1c, 0xff, 0x3c, 0x1c, 0xff, 0x3c, 0x14, 0xff,
  0x3c, 0x14, 0xff, 0x5c, 0x14, 0xff, 0x5c, 0x14, 0xff, 0x5c, 0x14, 0xff, 0x7c, 0x14, 0xff, 0x7c,
  0x14, 0xff, 0x7c, 0x14, 0xff, 0x7b, 0x14, 0xff, 0x9b, 0x14, 0xff, 0x9b, 0x14, 0xff, 0x9b, 0x14,
  0xff, 0x9b, 0x14, 0xff, 0xbb, 0x14, 0xff, 0xbb, 0x14, 0xff, 0xbb, 0x14, 0xff, 0xbb, 0x14, 0xff,
  0xbb, 0x14, 0xff, 0xdb, 0x14, 0xff, 0xdb, 0x14, 0xff, 0xdb, 0x14, 0xff, 0xdb, 0x14, 0xff, 0xfb,
  0x14, 0xff, 0xfb, 0x14, 0xff, 0xfb, 0x0c, 0xff, 0xfb, 0x0c, 0xff, 0x1b, 0x0d, 0xff, 0x1b, 0x0d,
  0xff, 0x1b, 0x0d, 0xff, 0x1b, 0x0d, 0xff, 0x1b, 0x0d, 0xff, 0x3b, 0x0d, 0xff, 0x3b, 0x0d, 0xff,
  0x3b, 0x0d, 0xff, 0x3b, 0x0d, 0xff, 0x5b, 0x0d, 0xff, 0x5a, 0x0d, 0xff, 0x5a, 0x0d, 0xff, 0x7a,
  0x0d, 0xff, 0x7a, 0x0d, 0xff, 0x7a, 0x0d, 0xff, 0x7a, 0x0d, 0xff, 0x7a, 0x0d, 0xff, 0x9a, 0x0d,
  0xff, 0x9a, 0x0d, 0xff, 0x9a, 0x05, 0xff, 0x9a, 0x05, 0xff, 0xba, 0x05, 0xff, 0xba, 0x05, 0xff,
  0x39, 0xbe, 0xa0, 0x00, 0x00, 0x40, 0x00, 0x00, 0x40, 0x00, 0x00, 0x20, 0x00, 0x00, 0x00, 0x00,
  0x00, 0x00, 0x00, 0x00, 0x00, 0x00, 0x00, 0x00, 0x00, 0x00, 0x00, 0x00, 0x00, 0x00, 0x00, 0x00,
  0x00, 0x00, 0x00, 0x00, 0x00, 0x00, 0x00, 0x00, 0x00, 0x00, 0x00, 0x00, 0x00, 0x00, 0x00, 0x00,
  0x00, 0x00, 0x00, 0x00, 0x00, 0x00, 0x00, 0x00, 0x00, 0x00, 0x00, 0x00, 0x00, 0x00, 0x00, 0x00,
  0x00, 0x00, 0x00, 0x00, 0x00, 0x00, 0x00, 0x00, 0x00, 0x00, 0x00, 0x00, 0x00, 0x00, 0x9e, 0x6c,
  0xc0, 0x3d, 0x23, 0xff, 0x3d, 0x23, 0xff, 0x3d, 0x23, 0xff, 0x3d, 0x23, 0xff, 0x5d, 0x23, 0xff,
  0x5d, 0x23, 0xff, 0x5d, 0x23, 0xff, 0x5d, 0x23, 0xff, 0x5d, 0x23, 0xff, 0x7d, 0x23, 0xff, 0x7d,
  0x23, 0xff, 0x7d, 0x23, 0xff, 0x9d, 0x23, 0xff, 0x9c, 0x23, 0xff, 0x9c, 0x1b, 0xff, 0x9c, 0x1b,
  0xff, 0xbc, 0x1b, 0xff, 0xbc, 0x1b, 0xff, 0xbc, 0x1b, 0xff, 0xbc, 0x1b, 0xff, 0xdc, 0x1b, 0xff,
  0xdc, 0x1b, 0xff, 0xdc, 0x1b, 0xff, 0xdc, 0x1b, 0xff, 0xdc, 0x1b, 0xff, 0xfc, 0x1b, 0xff, 0xfc,
  0x1b, 0xff, 0xfc, 0x1b, 0xff, 0xfc, 0x1b, 0xff, 0x1c, 0x1c, 0xff, 0x1c, 0x1c, 0xff, 0x1c, 0x1c,
  0xff, 0x1c, 0x1c, 0xff, 0x3c, 0x1c, 0xff, 0x3c, 0x1c, 0xff, 0x3c, 0x1c, 0xff, 0x3c, 0x14, 0xff,
  0x3c, 0x14, 0xff, 0x5c, 0x14, 0xff, 0x5c, 0x14, 0xff, 0x5c, 0x14, 0xff, 0x7c, 0x14, 0xff, 0x7c,
  0x14, 0xff, 0x7c, 0x14, 0xff, 0x7b, 0x14, 0xff, 0x9b, 0x14, 0xff, 0x9b, 0x14, 0xff, 0x9b, 0x14,
  0xff, 0x9b, 0x14, 0xff, 0xbb, 0x14, 0xff, 0xbb, 0x14, 0xff, 0xbb, 0x14, 0xff, 0xbb, 0x14, 0xff,
  0xbb, 0x14, 0xff, 0xdb, 0x14, 0xff, 0xdb, 0x14, 0xff, 0xdb, 0x14, 0xff, 0xdb, 0x14, 0xff, 0xfb,
  0x14, 0xff, 0xfb, 0x14, 0xff, 0xfb, 0x0c, 0xff, 0xfb, 0x0c, 0xff, 0x1b, 0x0d, 0xff, 0x1b, 0x0d,
  0xff, 0x1b, 0x0d, 0xff, 0x1b, 0x0d, 0xff, 0x1b, 0x0d, 0xff, 0x3b, 0x0d, 0xff, 0x3b, 0x0d, 0xff,
  0x3b, 0x0d, 0xff, 0x3b, 0x0d, 0xff, 0x5b, 0x0d, 0xff, 0x5a, 0x0d, 0xff, 0x5a, 0x0d, 0xff, 0x7a,
  0x0d, 0xff, 0x7a, 0x0d, 0xff, 0x7a, 0x0d, 0xff, 0x7a, 0x0d, 0xff, 0x7a, 0x0d, 0xff, 0x9a, 0x0d,
  0xff, 0x9a, 0x0d, 0xff, 0x9a, 0x05, 0xff, 0x9a, 0x05, 0xff, 0xba, 0x05, 0xff, 0xba, 0x05, 0xff,
  0x39, 0xbe, 0xa0, 0x00, 0x00, 0x40, 0x00, 0x00, 0x40, 0x00, 0x00, 0x20, 0x00, 0x00, 0x00, 0x00,
  0x00, 0x00, 0x00, 0x00, 0x00, 0x00, 0x00, 0x00, 0x00, 0x00, 0x00, 0x00, 0x00, 0x00, 0x00, 0x00,
  0x00, 0x00, 0x00, 0x00, 0x00, 0x00, 0x00, 0x00, 0x00, 0x00, 0x00, 0x00, 0x00, 0x00, 0x00, 0x00,
  0x00, 0x00, 0x00, 0x00, 0x00, 0x00, 0x00, 0x00, 0x00, 0x00, 0x00, 0x00, 0x00, 0x00, 0x00, 0x00,
  0x00, 0x00, 0x00, 0x00, 0x00, 0x00, 0x00, 0x00, 0x00, 0x00, 0x00, 0x00, 0x00, 0x00, 0x9e, 0x6c,
  0xc0, 0x3d, 0x23, 0xff, 0x3d, 0x23, 0xff, 0x3d, 0x23, 0xff, 0x3d, 0x23, 0xff, 0x5d, 0x23, 0xff,
  0x5d, 0x23, 0xff, 0x5d, 0x23, 0xff, 0x5d, 0x23, 0xff, 0x5d, 0x23, 0xff, 0x7d, 0x23, 0xff, 0x7d,
  0x23, 0xff, 0x7d, 0x23, 0xff, 0x9d, 0x23, 0xff, 0x9c, 0x23, 0xff, 0x9c, 0x1b, 0xff, 0x9c, 0x1b,
  0xff, 0xbc, 0x1b, 0xff, 0xbc, 0x1b, 0xff, 0xbc, 0x1b, 0xff, 0xbc, 0x1b, 0xff, 0xdc, 0x1b, 0xff,
  0xdc, 0x1b, 0xff, 0xdc, 0x1b, 0xff, 0xdc, 0x1b, 0xff, 0xdc, 0x1b, 0xff, 0xfc, 0x1b, 0xff, 0xfc,
  0x1b, 0xff, 0xfc, 0x1b, 0xff, 0xfc, 0x1b, 0xff, 0x1c, 0x1c, 0xff, 0x1c, 0x1c, 0xff, 0x1c, 0x1c,
  0xff, 0x1c, 0x1c, 0xff, 0x3c, 0x1c, 0xff, 0x3c, 0x1c, 0xff, 0x3c, 0x1c, 0xff, 0x3c, 0x14, 0xff,
  0x3c, 0x14, 0xff, 0x5c, 0x14, 0xff, 0x5c, 0x14, 0xff, 0x5c, 0x14, 0xff, 0x7c, 0x14, 0xff, 0x7c,
  0x14, 0xff, 0x7c, 0x14, 0xff, 0x7b, 0x14, 0xff, 0x9b, 0x14, 0xff, 0x9b, 0x14, 0xff, 0x9b, 0x14,
  0xff, 0x9b, 0x14, 0xff, 0xbb, 0x14, 0xff, 0xbb, 0x14, 0xff, 0xbb, 0x14, 0xff, 0xbb, 0x14, 0xff,
  0xbb, 0x14, 0xff, 0xdb, 0x14, 0xff, 0xdb, 0x14, 0xff, 0xdb, 0x14, 0xff, 0xdb, 0x14, 0xff, 0xfb,
  0x14, 0xff, 0xfb, 0x14, 0xff, 0xfb, 0x0c, 0xff, 0xfb, 0x0c, 0xff, 0x1b, 0x0d, 0xff, 0x1b, 0x0d,
  0xff, 0x1b, 0x0d, 0xff, 0x1b, 0x0d, 0xff, 0x1b, 0x0d, 0xff, 0x3b, 0x0d, 0xff, 0x3b, 0x0d, 0xff,
  0x3b, 0x0d, 0xff, 0x3b, 0x0d, 0xff, 0x5b, 0x0d, 0xff, 0x5a, 0x0d, 0xff, 0x5a, 0x0d, 0xff, 0x7a,
  0x0d, 0xff, 0x7a, 0x0d, 0xff, 0x7a, 0x0d, 0xff, 0x7a, 0x0d, 0xff, 0x7a, 0x0d, 0xff, 0x9a, 0x0d,
  0xff, 0x9a, 0x0d, 0xff, 0x9a, 0x05, 0xff, 0x9a, 0x05, 0xff, 0xba, 0x05, 0xff, 0xba, 0x05, 0xff,
  0x39, 0xbe, 0xa0, 0x00, 0x00, 0x40, 0x00, 0x00, 0x40, 0x00, 0x00, 0x20, 0x00, 0x00, 0x00, 0x00,
  0x00, 0x00, 0x00, 0x00, 0x00, 0x00, 0x00, 0x00, 0x00, 0x00, 0x00, 0x00, 0x00, 0x00, 0x00, 0x00,
  0x00, 0x00, 0x00, 0x00, 0x00, 0x00, 0x00, 0x00, 0x00, 0x00, 0x00, 0x00, 0x00, 0x00, 0x00, 0x00,
  0x00, 0x00, 0x00, 0x00, 0x00, 0x00, 0x00, 0x00, 0x00, 0x00, 0x00, 0x00, 0x00, 0x00, 0x00, 0x00,
  0x00, 0x00, 0x00, 0x00, 0x00, 0x00, 0x00, 0x00, 0x00, 0x00, 0x00, 0x00, 0x00, 0x00, 0x9e, 0x6c,
  0xc0, 0x3d, 0x23, 0xff, 0x3d, 0x23, 0xff, 0x3d, 0x23, 0xff, 0x3d, 0x23, 0xff, 0x5d, 0x23, 0xff,
  0x5d, 0x23, 0xff, 0x5d, 0x23, 0xff, 0x5d, 0x23, 0xff, 0x5d, 0x23, 0xff, 0x7d, 0x23, 0xff, 0x7d,
  0x23, 0xff, 0x7d, 0x23, 0xff, 0x9d, 0x23, 0xff, 0x9c, 0x23, 0xff, 0x9c, 0x1b, 0xff, 0x9c, 0x1b,
  0xff, 0xbc, 0x1b, 0xff, 0xbc, 0x1b, 0xff, 0xbc, 0x1b, 0xff, 0xbc, 0x1b, 0xff, 0xdc, 0x1b, 0xff,
  0xdc, 0x1b, 0xff, 0xdc, 0x1b, 0xff, 0xdc, 0x1b, 0xff, 0xdc, 0x1b, 0xff, 0xfc, 0x1b, 0xff, 0xfc,
  0x1b, 0xff, 0xfc, 0x1b, 0xff, 0xfc, 0x1b, 0xff, 0x1c, 0x1c, 0xff, 0x1c, 0x1c, 0xff, 0x1c, 0x1c,
  0xff, 0x1c, 0x1c, 0xff, 0x3c, 0x1c, 0xff, 0x3c, 0x1c, 0xff, 0x3c, 0x1c, 0xff, 0x3c, 0x14, 0xff,
  0x3c, 0x14, 0xff, 0x5c, 0x14, 0xff, 0x5c, 0x14, 0xff, 0x5c, 0x14, 0xff, 0x7c, 0x14, 0xff, 0x7c,
  0x14, 0xff, 0x7c, 0x14, 0xff, 0x7b, 0x14, 0xff, 0x9b, 0x14, 0xff, 0x9b, 0x14, 0xff, 0x9b, 0x14,
  0xff, 0x9b, 0x14, 0xff, 0xbb, 0x14, 0xff, 0xbb, 0x14, 0xff, 0xbb, 0x14, 0xff, 0xbb, 0x14, 0xff,
  0xbb, 0x14, 0xff, 0xdb, 0x14, 0xff, 0xdb, 0x14, 0xff, 0xdb, 0x14, 0xff, 0xdb, 0x14, 0xff, 0xfb,
  0x14, 0xff, 0xfb, 0x14, 0xff, 0xfb, 0x0c, 0xff, 0xfb, 0x0c, 0xff, 0x1b, 0x0d, 0xff, 0x1b, 0x0d,
  0xff, 0x1b, 0x0d, 0xff, 0x1b, 0x0d, 0xff, 0x1b, 0x0d, 0xff, 0x3b, 0x0d, 0xff, 0x3b, 0x0d, 0xff,
  0x3b, 0x0d, 0xff, 0x3b, 0x0d, 0xff, 0x5b, 0x0d, 0xff, 0x5a, 0x0d, 0xff, 0x5a, 0x0d, 0xff, 0x7a,
  0x0d, 0xff, 0x7a, 0x0d, 0xff, 0x7a, 0x0d, 0xff, 0x7a, 0x0d, 0xff, 0x7a, 0x0d, 0xff, 0x9a, 0x0d,
  0xff, 0x9a, 0x0d, 0xff, 0x9a, 0x05, 0xff, 0x9a, 0x05, 0xff, 0xba, 0x05, 0xff, 0xba, 0x05, 0xff,
  0x39, 0xbe, 0xa0, 0x00, 0x00, 0x40, 0x00, 0x00, 0x40, 0x00, 0x00, 0x20, 0x00, 0x00, 0x00, 0x00,
  0x00, 0x00, 0x00, 0x00, 0x00, 0x00, 0x00, 0x00, 0x00, 0x00, 0x00, 0x00, 0x00, 0x00, 0x00, 0x00,
  0x00, 0x00, 0x00, 0x00, 0x00, 0x00, 0x00, 0x00, 0x00, 0x00, 0x00, 0x00, 0x00, 0x00, 0x00, 0x00,
  0x00, 0x00, 0x00, 0x00, 0x00, 0x00, 0x00, 0x00, 0x00, 0x00, 0x00, 0x00, 0x00, 0x00, 0x00, 0x00,
  0x00, 0x00, 0x00, 0x00, 0x00, 0x00, 0x00, 0x00, 0x00, 0x00, 0x00, 0x00, 0x00, 0x00, 0xbf, 0xef,
  0x80, 0xbf, 0xef, 0xff, 0xbf, 0xef, 0xff, 0xbf, 0xef, 0xff, 0xbf, 0xef, 0xff, 0xbf, 0xef, 0xff,
  0xbf, 0xef, 0xff, 0xbf, 0xef, 0xff, 0xbf, 0xef, 0xff, 0xbf, 0xef, 0xff, 0xbf, 0xef, 0xff, 0xbf,
  0xef, 0xff, 0xbf, 0xef, 0xff, 0xbf, 0xef, 0xff, 0xbf, 0xef, 0xff, 0xbf, 0xef, 0xff, 0xbf, 0xef,
  0xff, 0xbf, 0xef, 0xff, 0xbf, 0xef, 0xff, 0xbf, 0xef, 0xff, 0xbf, 0xef, 0xff, 0xbf, 0xef, 0xff,
  0xbf, 0xef, 0xff, 0xbf, 0xef, 0xff, 0xbf, 0xef, 0xff, 0xbf, 0xef, 0xff, 0xbf, 0xef, 0xff, 0xbf,
  0xef, 0xff, 0xbf, 0xef, 0xff, 0xbf, 0xef, 0xff, 0xbf, 0xef, 0xff, 0xbf, 0xef, 0xff, 0xbf, 0xef,
  0xff, 0xbf, 0xef, 0xff, 0xbf, 0xef, 0xff, 0xbf, 0xef, 0xff, 0xbf, 0xef, 0xff, 0xbf, 0xef, 0xff,
  0xbf, 0xef, 0xff, 0xbf, 0xef, 0xff, 0xbf, 0xef, 0xff, 0xbf, 0xef, 0xff, 0xbf, 0xef, 0xff, 0xbf,
  0xef, 0xff, 0xbf, 0xef, 0xff, 0xbf, 0xef, 0xff, 0xbf, 0xef, 0xff, 0xbf, 0xef, 0xff, 0xbf, 0xef,
  0xff, 0xbf, 0xef, 0xff, 0xbf, 0xef, 0xff, 0xbf, 0xef, 0xff, 0xbf, 0xef, 0xff, 0xbf, 0xef, 0xff,
  0xbf, 0xef, 0xff, 0xbf, 0xef, 0xff, 0xbf, 0xef, 0xff, 0xbf, 0xef, 0xff, 0xbf, 0xef, 0xff, 0xbf,
  0xef, 0xff, 0xbf, 0xef, 0xff, 0xbf, 0xef, 0xff, 0xbf, 0xef, 0xff, 0xbf, 0xef, 0xff, 0xbf, 0xef,
  0xff, 0xbf, 0xef, 0xff, 0xbf, 0xef, 0xff, 0xbf, 0xef, 0xff, 0xbf, 0xef, 0xff, 0xbf, 0xef, 0xff,
  0xbf, 0xef, 0xff, 0xbf, 0xef, 0xff, 0xbf, 0xef, 0xff, 0xbf, 0xef, 0xff, 0xbf, 0xef, 0xff, 0xbf,
  0xef, 0xff, 0xbf, 0xef, 0xff, 0xbf, 0xef, 0xff, 0xbf, 0xef, 0xff, 0xbf, 0xef, 0xff, 0xbf, 0xef,
  0xff, 0xbf, 0xef, 0xff, 0xbf, 0xef, 0xff, 0xbf, 0xef, 0xff, 0xbf, 0xef, 0xff, 0xbf, 0xef, 0xff,
  0x39, 0xbe, 0xa0, 0x00, 0x00, 0x40, 0x00, 0x00, 0x40, 0x00, 0x00, 0x20, 0x00, 0x00, 0x00, 0x00,
  0x00, 0x00, 0x00, 0x00, 0x00, 0x00, 0x00, 0x00, 0x00, 0x00, 0x00, 0x00, 0x00, 0x00, 0x00, 0x00,
  0x00, 0x00, 0x00, 0x00, 0x00, 0x00, 0x00, 0x00, 0x00, 0x00, 0x00, 0x00, 0x00, 0x00, 0x00, 0x00,
  0x00, 0x00, 0x00, 0x00, 0x00, 0x00, 0x00, 0x00, 0x00, 0x00, 0x00, 0x00, 0x00, 0x00, 0x00, 0x00,
  0x00, 0x00, 0x00, 0x00, 0x00, 0x00, 0x00, 0x00, 0x00, 0x00, 0x00, 0x00, 0x00, 0x00, 0xbf, 0xef,
  0x80, 0xbf, 0xef, 0xff, 0xbf, 0xef, 0xff, 0xbf, 0xef, 0xff, 0xbf, 0xef, 0xff, 0xbf, 0xef, 0xff,
  0xbf, 0xef, 0xff, 0xbf, 0xef, 0xff, 0xbf, 0xef, 0xff, 0xbf, 0xef, 0xff, 0xbf, 0xef, 0xff, 0xbf,
  0xef, 0xff, 0xbf, 0xef, 0xff, 0xbf, 0xef, 0xff, 0xbf, 0xef, 0xff, 0xbf, 0xef, 0xff, 0xbf, 0xef,
  0xff, 0xbf, 0xef, 0xff, 0xbf, 0xef, 0xff, 0xbf, 0xef, 0xff, 0xbf, 0xef, 0xff, 0xbf, 0xef, 0xff,
  0xbf, 0xef, 0xff, 0xbf, 0xef, 0xff, 0xbf, 0xef, 0xff, 0xbf, 0xef, 0xff, 0xbf, 0xef, 0xff, 0xbf,
  0xef, 0xff, 0xbf, 0xef, 0xff, 0xbf, 0xef, 0xff, 0xbf, 0xef, 0xff, 0xbf, 0xef, 0xff, 0xbf, 0xef,
  0xff, 0xbf, 0xef, 0xff, 0xbf, 0xef, 0xff, 0xbf, 0xef, 0xff, 0xbf, 0xef, 0xff, 0xbf, 0xef, 0xff,
  0xbf, 0xef, 0xff, 0xbf, 0xef, 0xff, 0xbf, 0xef, 0xff, 0xbf, 0xef, 0xff, 0xbf, 0xef, 0xff, 0xbf,
  0xef, 0xff, 0xbf, 0xef, 0xff, 0xbf, 0xef, 0xff, 0xbf, 0xef, 0xff, 0xbf, 0xef, 0xff, 0xbf, 0xef,
  0xff, 0xbf, 0xef, 0xff, 0xbf, 0xef, 0xff, 0xbf, 0xef, 0xff, 0xbf, 0xef, 0xff, 0xbf, 0xef, 0xff,
  0xbf, 0xef, 0xff, 0xbf, 0xef, 0xff, 0xbf, 0xef, 0xff, 0xbf, 0xef, 0xff, 0xbf, 0xef, 0xff, 0xbf,
  0xef, 0xff, 0xbf, 0xef, 0xff, 0xbf, 0xef, 0xff, 0xbf, 0xef, 0xff, 0xbf, 0xef, 0xff, 0xbf, 0xef,
  0xff, 0xbf, 0xef, 0xff, 0xbf, 0xef, 0xff, 0xbf, 0xef, 0xff, 0xbf, 0xef, 0xff, 0xbf, 0xef, 0xff,
  0xbf, 0xef, 0xff, 0xbf, 0xef, 0xff, 0xbf, 0xef, 0xff, 0xbf, 0xef, 0xff, 0xbf, 0xef, 0xff, 0xbf,
  0xef, 0xff, 0xbf, 0xef, 0xff, 0xbf, 0xef, 0xff, 0xbf, 0xef, 0xff, 0xbf, 0xef, 0xff, 0xbf, 0xef,
  0xff, 0xbf, 0xef, 0xff, 0xbf, 0xef, 0xff, 0xbf, 0xef, 0xff, 0xbf, 0xef, 0xff, 0xbf, 0xef, 0xff,
  0x39, 0xbe, 0xa0, 0x00, 0x00, 0x40, 0x00, 0x00, 0x40, 0x00, 0x00, 0x20, 0x00, 0x00, 0x00, 0x00,
  0x00, 0x00, 0x00, 0x00, 0x00, 0x00, 0x00, 0x00, 0x00, 0x00, 0x00, 0x00, 0x00, 0x00, 0x00, 0x00,
  0x00, 0x00, 0x00, 0x00, 0x00, 0x00, 0x00, 0x00, 0x00, 0x00, 0x00, 0x00, 0x00, 0x00, 0x00, 0x00,
  0x00, 0x00, 0x00, 0x00, 0x00, 0x00, 0x00, 0x00, 0x00, 0x00, 0x00, 0x00, 0x00, 0x00, 0x00, 0x00,
  0x00, 0x00, 0x00, 0x00, 0x00, 0x00, 0x00, 0x00, 0x00, 0x00, 0x00, 0x00, 0x00, 0x00, 0xbf, 0xef,
  0x80, 0xbf, 0xef, 0xff, 0xbf, 0xef, 0xff, 0xbf, 0xef, 0xff, 0xbf, 0xef, 0xff, 0xbf, 0xef, 0xff,
  0xbf, 0xef, 0xff, 0xbf, 0xef, 0xff, 0xbf, 0xef, 0xff, 0xbf, 0xef, 0xff, 0xbf, 0xef, 0xff, 0xbf,
  0xef, 0xff, 0xbf, 0xef, 0xff, 0xbf, 0xef, 0xff, 0xbf, 0xef, 0xff, 0xbf, 0xef, 0xff, 0xbf, 0xef,
  0xff, 0xbf, 0xef, 0xff, 0xbf, 0xef, 0xff, 0xbf, 0xef, 0xff, 0xbf, 0xef, 0xff, 0xbf, 0xef, 0xff,
  0xbf, 0xef, 0xff, 0xbf, 0xef, 0xff, 0xbf, 0xef, 0xff, 0xbf, 0xef, 0xff, 0xbf, 0xef, 0xff, 0xbf,
  0xef, 0xff, 0xbf, 0xef, 0xff, 0xbf, 0xef, 0xff, 0xbf, 0xef, 0xff, 0xbf, 0xef, 0xff, 0xbf, 0xef,
  0xff, 0xbf, 0xef, 0xff, 0xbf, 0xef, 0xff, 0xbf, 0xef, 0xff, 0xbf, 0xef, 0xff, 0xbf, 0xef, 0xff,
  0xbf, 0xef, 0xff, 0xbf, 0xef, 0xff, 0xbf, 0xef, 0xff, 0xbf, 0xef, 0xff, 0xbf, 0xef, 0xff, 0xbf,
  0xef, 0xff, 0xbf, 0xef, 0xff, 0xbf, 0xef, 0xff, 0xbf, 0xef, 0xff, 0xbf, 0xef, 0xff, 0xbf, 0xef,
  0xff, 0xbf, 0xef, 0xff, 0xbf, 0xef, 0xff, 0xbf, 0xef, 0xff, 0xbf, 0xef, 0xff, 0xbf, 0xef, 0xff,
  0xbf, 0xef, 0xff, 0xbf, 0xef, 0xff, 0xbf, 0xef, 0xff, 0xbf, 0xef, 0xff, 0xbf, 0xef, 0xff, 0xbf,
  0xef, 0xff, 0xbf, 0xef, 0xff, 0xbf, 0xef, 0xff, 0xbf, 0xef, 0xff, 0xbf, 0xef, 0xff, 0xbf, 0xef,
  0xff, 0xbf, 0xef, 0xff, 0xbf, 0xef, 0xff, 0xbf, 0xef, 0xff, 0xbf, 0xef, 0xff, 0xbf, 0xef, 0xff,
  0xbf, 0xef, 0xff, 0xbf, 0xef, 0xff, 0xbf, 0xef, 0xff, 0xbf, 0xef, 0xff, 0xbf, 0xef, 0xff, 0xbf,
  0xef, 0xff, 0xbf, 0xef, 0xff, 0xbf, 0xef, 0xff, 0xbf, 0xef, 0xff, 0xbf, 0xef, 0xff, 0xbf, 0xef,
  0xff, 0xbf, 0xef, 0xff, 0xbf, 0xef, 0xff, 0xbf, 0xef, 0xff, 0xbf, 0xef, 0xff, 0xbf, 0xef, 0xff,
  0x39, 0xbe, 0xa0, 0x00, 0x00, 0x40, 0x00, 0x00, 0x40, 0x00, 0x00, 0x20, 0x00, 0x00, 0x00, 0x00,
  0x00, 0x00, 0x00, 0x00, 0x00, 0x00, 0x00, 0x00, 0x00, 0x00, 0x00, 0x00, 0x00, 0x00, 0x00, 0x00,
  0x00, 0x00, 0x00, 0x00, 0x00, 0x00, 0x00, 0x00, 0x00, 0x00, 0x00, 0x00, 0x00, 0x00, 0x00, 0x00,
  0x00, 0x00, 0x00, 0x00, 0x00, 0x00, 0x00, 0x00, 0x00, 0x00, 0x00, 0x00, 0x00, 0x00, 0x00, 0x00,
  0x00, 0x00, 0x00, 0x00, 0x00, 0x00, 0x00, 0x00, 0x00, 0x00, 0x00, 0x00, 0x00, 0x00, 0xbf, 0xef,
  0x80, 0xbf, 0xef, 0xff, 0xbf, 0xef, 0xff, 0xbf, 0xef, 0xff, 0xbf, 0xef, 0xff, 0xbf, 0xef, 0xff,
  0xbf, 0xef, 0xff, 0xbf, 0xef, 0xff, 0xbf, 0xef, 0xff, 0xbf, 0xef, 0xff, 0xbf, 0xef, 0xff, 0xbf,
  0xef, 0xff, 0xbf, 0xef, 0xff, 0xbf, 0xef, 0xff, 0xbf, 0xef, 0xff, 0xbf, 0xef, 0xff, 0xbf, 0xef,
  0xff, 0xbf, 0xef, 0xff, 0xbf, 0xef, 0xff, 0xbf, 0xef, 0xff, 0xbf, 0xef, 0xff, 0xbf, 0xef, 0xff,
  0xbf, 0xef, 0xff, 0xbf, 0xef, 0xff, 0xbf, 0xef, 0xff, 0xbf, 0xef, 0xff, 0xbf, 0xef, 0xff, 0xbf,
  0xef, 0xff, 0xbf, 0xef, 0xff, 0xbf, 0xef, 0xff, 0xbf, 0xef, 0xff, 0xbf, 0xef, 0xff, 0xbf, 0xef,
  0xff, 0xbf, 0xef, 0xff, 0xbf, 0xef, 0xff, 0xbf, 0xef, 0xff, 0xbf, 0xef, 0xff, 0xbf, 0xef, 0xff,
  0xbf, 0xef, 0xff, 0xbf, 0xef, 0xff, 0xbf, 0xef, 0xff, 0xbf, 0xef, 0xff, 0xbf, 0xef, 0xff, 0xbf,
  0xef, 0xff, 0xbf, 0xef, 0xff, 0xbf, 0xef, 0xff, 0xbf, 0xef, 0xff, 0xbf, 0xef, 0xff, 0xbf, 0xef,
  0xff, 0xbf, 0xef, 0xff, 0xbf, 0xef, 0xff, 0xbf, 0xef, 0xff, 0xbf, 0xef, 0xff, 0xbf, 0xef, 0xff,
  0xbf, 0xef, 0xff, 0xbf, 0xef, 0xff, 0xbf, 0xef, 0xff, 0xbf, 0xef, 0xff, 0xbf, 0xef, 0xff, 0xbf,
  0xef, 0xff, 0xbf, 0xef, 0xff, 0xbf, 0xef, 0xff, 0xbf, 0xef, 0xff, 0xbf, 0xef, 0xff, 0xbf, 0xef,
  0xff, 0xbf, 0xef, 0xff, 0xbf, 0xef, 0xff, 0xbf, 0xef, 0xff, 0xbf, 0xef, 0xff, 0xbf, 0xef, 0xff,
  0xbf, 0xef, 0xff, 0xbf, 0xef, 0xff, 0xbf, 0xef, 0xff, 0xbf, 0xef, 0xff, 0xbf, 0xef, 0xff, 0xbf,
  0xef, 0xff, 0xbf, 0xef, 0xff, 0xbf, 0xef, 0xff, 0xbf, 0xef, 0xff, 0xbf, 0xef, 0xff, 0xbf, 0xef,
  0xff, 0xbf, 0xef, 0xff, 0xbf, 0xef, 0xff, 0xbf, 0xef, 0xff, 0xbf, 0xef, 0xff, 0xbf, 0xef, 0xff,
  0x39, 0xbe, 0xa0, 0x00, 0x00, 0x40, 0x00, 0x00, 0x40, 0x00, 0x00, 0x20, 0x00, 0x00, 0x00, 0x00,
  0x00, 0x00, 0x00, 0x00, 0x00, 0x00, 0x00, 0x00, 0x00, 0x00, 0x00, 0x00, 0x00, 0x00, 0x00, 0x00,
  0x00, 0x00, 0x00, 0x00, 0x00, 0x00, 0x00, 0x00, 0x00, 0x00, 0x00, 0x00, 0x00, 0x00, 0x00, 0x00,
  0x00, 0x00, 0x00, 0x00, 0x00, 0x00, 0x00, 0x00, 0x00, 0x00, 0x00, 0x00, 0x00, 0x00, 0x00, 0x00,
  0x00, 0x00, 0x00, 0x00, 0x00, 0x00, 0x00, 0x00, 0x00, 0x00, 0x00, 0x00, 0x00, 0x00, 0xbf, 0xef,
  0x80, 0xbf, 0xef, 0xff, 0xbf, 0xef, 0xff, 0xbf, 0xef, 0xff, 0xbf, 0xef, 0xff, 0xbf, 0xef, 0xff,
  0xbf, 0xef, 0xff, 0xbf, 0xef, 0xff, 0xbf, 0xef, 0xff, 0xbf, 0xef, 0xff, 0xbf, 0xef, 0xff, 0x3b,
  0xb7, 0xff, 0x3b, 0xb7, 0xff, 0x9f, 0xef, 0xff, 0xbf, 0xef, 0xff, 0xbf, 0xef, 0xff, 0xbf, 0xef,
  0xff, 0xbf, 0xef, 0xff, 0xbf, 0xef, 0xff, 0xbf, 0xef, 0xff, 0xbf, 0xef, 0xff, 0xbf, 0xef, 0xff,
  0xbf, 0xef, 0xff, 0xbf, 0xef, 0xff, 0xbf, 0xef, 0xff, 0xbf, 0xef, 0xff, 0xbf, 0xef, 0xff, 0xbf,
  0xef, 0xff, 0xbf, 0xef, 0xff, 0xbf, 0xef, 0xff, 0xbf, 0xef, 0xff, 0xbf, 0xef, 0xff, 0xbf, 0xef,
  0xff, 0xbf, 0xef, 0xff, 0xbf, 0xef, 0xff, 0xbf, 0xef, 0xff, 0xbf, 0xef, 0xff, 0xbf, 0xef, 0xff,
  0xbf, 0xef, 0xff, 0xbf, 0xef, 0xff, 0xbf, 0xef, 0xff, 0xbf, 0xef, 0xff, 0xbf, 0xef, 0xff, 0xbf,
  0xef, 0xff, 0xbf, 0xef, 0xff, 0xbf, 0xef, 0xff, 0xbf, 0xef, 0xff, 0xbf, 0xef, 0xff, 0xbf, 0xef,
  0xff, 0xbf, 0xef, 0xff, 0xbf, 0xef, 0xff, 0xbf, 0xef, 0xff, 0xbf, 0xef, 0xff, 0xbf, 0xef, 0xff,
  0xbf, 0xef, 0xff, 0xbf, 0xef, 0xff, 0xbf, 0xef, 0xff, 0xbf, 0xef, 0xff, 0xbf, 0xef, 0xff, 0xbf,
  0xef, 0xff, 0xbf, 0xef, 0xff, 0xbf, 0xef, 0xff, 0xbf, 0xef, 0xff, 0xbf, 0xef, 0xff, 0xbf, 0xef,
  0xff, 0xbf, 0xef, 0xff, 0xbf, 0xef, 0xff, 0xbf, 0xef, 0xff, 0xbf, 0xef, 0xff, 0xbf, 0xef, 0xff,
  0xbf, 0xef, 0xff, 0xbf, 0xef, 0xff, 0xbf, 0xef, 0xff, 0xbf, 0xef, 0xff, 0xbf, 0xef, 0xff, 0xbf,
  0xef, 0xff, 0xbf, 0xef, 0xff, 0xbf, 0xef, 0xff, 0xbf, 0xef, 0xff, 0xbf, 0xef, 0xff, 0xbf, 0xef,
  0xff, 0xbf, 0xef, 0xff, 0xbf, 0xef, 0xff, 0xbf, 0xef, 0xff, 0xbf, 0xef, 0xff, 0xbf, 0xef, 0xff,
  0x39, 0xbe, 0xa0, 0x00, 0x00, 0x40, 0x00, 0x00, 0x40, 0x00, 0x00, 0x20, 0x00, 0x00, 0x00, 0x00,
  0x00, 0x00, 0x00, 0x00, 0x00, 0x00, 0x00, 0x00, 0x00, 0x00, 0x00, 0x00, 0x00, 0x00, 0x00, 0x00,
  0x00, 0x00, 0x00, 0x00, 0x00, 0x00, 0x00, 0x00, 0x00, 0x00, 0x00, 0x00, 0x00, 0x00, 0x00, 0x00,
  0x00, 0x00, 0x00, 0x00, 0x00, 0x00, 0x00, 0x00, 0x00, 0x00, 0x00, 0x00, 0x00, 0x00, 0x00, 0x00,
  0x00, 0x00, 0x00, 0x00, 0x00, 0x00, 0x00, 0x00, 0x00, 0x00, 0x00, 0x00, 0x00, 0x00, 0xbf, 0xef,
  0x80, 0xbf, 0xef, 0xff, 0xbf, 0xef, 0xff, 0xbf, 0xef, 0xff, 0xbf, 0xef, 0xff, 0xbf, 0xef, 0xff,
  0xbf, 0xef, 0xff, 0xbf, 0xef, 0xff, 0xbf, 0xef, 0xff, 0x5c, 0xc7, 0xff, 0x12, 0x36, 0xff, 0xd0,
  0x15, 0xff, 0xd0, 0x15, 0xff, 0xf1, 0x1d, 0xff, 0x1a, 0xaf, 0xff, 0xbf, 0xef, 0xff, 0xbf, 0xef,
  0xff, 0xbf, 0xef, 0xff, 0xbf, 0xef, 0xff, 0xbf, 0xef, 0xff, 0xbf, 0xef, 0xff, 0xbf, 0xef, 0xff,
  0xbf, 0xef, 0xff, 0xbf, 0xef, 0xff, 0xbf, 0xef, 0xff, 0xbf, 0xef, 0xff, 0xbf, 0xef, 0xff, 0xbf,
  0xef, 0xff, 0xbf, 0xef, 0xff, 0xbf, 0xef, 0xff, 0xbf, 0xef, 0xff, 0xbf, 0xef, 0xff, 0xbf, 0xef,
  0xff, 0xbf, 0xef, 0xff, 0xbf, 0xef, 0xff, 0xbf, 0xef, 0xff, 0xbf, 0xef, 0xff, 0xbf, 0xef, 0xff,
  0xbf, 0xef, 0xff, 0xbf, 0xef, 0xff, 0xbf, 0xef, 0xff, 0xbf, 0xef, 0xff, 0xbf, 0xef, 0xff, 0xbf,
  0xef, 0xff, 0xbf, 0xef, 0xff, 0xbf, 0xef, 0xff, 0xbf, 0xef, 0xff, 0xbf, 0xef, 0xff, 0xbf, 0xef,
  0xff, 0xbf, 0xef, 0xff, 0xbf, 0xef, 0xff, 0xbf, 0xef, 0xff, 0xbf, 0xef, 0xff, 0xbf, 0xef, 0xff,
  0xbf, 0xef, 0xff, 0xbf, 0xef, 0xff, 0xbf, 0xef, 0xff, 0xbf, 0xef, 0xff, 0xbf, 0xef, 0xff, 0xbf,
  0xef, 0xff, 0xbf, 0xef, 0xff, 0xbf, 0xef, 0xff, 0xbf, 0xef, 0xff, 0xbf, 0xef, 0xff, 0xbf, 0xef,
  0xff, 0xbf, 0xef, 0xff, 0xbf, 0xef, 0xff, 0xbf, 0xef, 0xff, 0xbf, 0xef, 0xff, 0xbf, 0xef, 0xff,
  0xbf, 0xef, 0xff, 0xbf, 0xef, 0xff, 0xbf, 0xef, 0xff, 0xbf, 0xef, 0xff, 0xbf, 0xef, 0xff, 0xbf,
  0xef, 0xff, 0xbf, 0xef, 0xff, 0xbf, 0xef, 0xff, 0xbf, 0xef, 0xff, 0xbf, 0xef, 0xff, 0xbf, 0xef,
  0xff, 0xbf, 0xef, 0xff, 0xbf, 0xef, 0xff, 0xbf, 0xef, 0xff, 0xbf, 0xef, 0xff, 0xbf, 0xef, 0xff,
  0x39, 0xbe, 0xa0, 0x00, 0x00, 0x40, 0x00, 0x00, 0x40, 0x00, 0x00, 0x20, 0x00, 0x00, 0x00, 0x00,
  0x00, 0x00, 0x00, 0x00, 0x00, 0x00, 0x00, 0x00, 0x00, 0x00, 0x00, 0x00, 0x00, 0x00, 0x00, 0x00,
  0x00, 0x00, 0x00, 0x00, 0x00, 0x00, 0x00, 0x00, 0x00, 0x00, 0x00, 0x00, 0x00, 0x00, 0x00, 0x00,
  0x00, 0x00, 0x00, 0x00, 0x00, 0x00, 0x00, 0x00, 0x00, 0x00, 0x00, 0x00, 0x00, 0x00, 0x00, 0x00,
  0x00, 0x00, 0x00, 0x00, 0x00, 0x00, 0x00, 0x00, 0x00, 0x00, 0x00, 0x00, 0x00, 0x00, 0x9f, 0xef,
  0x80, 0xbf, 0xef, 0xff, 0xbf, 0xef, 0xff, 0xbf, 0xef, 0xff, 0xbf, 0xef, 0xff, 0xbf, 0xef, 0xff,
  0xbf, 0xef, 0xff, 0xbf, 0xef, 0xff, 0x9f, 0xe7, 0xff, 0x12, 0x2e, 0xff, 0xd0, 0x15, 0xff, 0xd0,
  0x15, 0xff, 0xd0, 0x15, 0xff, 0xd0, 0x15, 0xff, 0xd0, 0x15, 0xff, 0x7d, 0xd7, 0xff, 0xbf, 0xef,
  0xff, 0xbf, 0xef, 0xff, 0xbf, 0xef, 0xff, 0xbf, 0xef, 0xff, 0xbf, 0xef, 0xff, 0xbf, 0xef, 0xff,
  0xbf, 0xef, 0xff, 0xbf, 0xef, 0xff, 0xbf, 0xef, 0xff, 0xbf, 0xef, 0xff, 0xbf, 0xef, 0xff, 0xbf,
  0xef, 0xff, 0xbf, 0xef, 0xff, 0xbf, 0xef, 0xff, 0xbf, 0xef, 0xff, 0xbf, 0xef, 0xff, 0xbf, 0xef,
  0xff, 0xbf, 0xef, 0xff, 0xbf, 0xef, 0xff, 0xbf, 0xef, 0xff, 0xbf, 0xef, 0xff, 0xbf, 0xef, 0xff,
  0xbf, 0xef, 0xff, 0xbf, 0xef, 0xff, 0xbf, 0xef, 0xff, 0xbf, 0xef, 0xff, 0xbf, 0xef, 0xff, 0xbf,
  0xef, 0xff, 0xbf, 0xef, 0xff, 0xbf, 0xef, 0xff, 0xbf, 0xef, 0xff, 0xbf, 0xef, 0xff, 0xbf, 0xef,
  0xff, 0xbf, 0xef, 0xff, 0xbf, 0xef, 0xff, 0xbf, 0xef, 0xff, 0xbf, 0xef, 0xff, 0xbf, 0xef, 0xff,
  0xbf, 0xef, 0xff, 0xbf, 0xef, 0xff, 0xbf, 0xef, 0xff, 0xbf, 0xef, 0xff, 0xbf, 0xef, 0xff, 0xbf,
  0xef, 0xff, 0xbf, 0xef, 0xff, 0xbf, 0xef, 0xff, 0xbf, 0xef, 0xff, 0xbf, 0xef, 0xff, 0xbf, 0xef,
  0xff, 0xbf, 0xef, 0xff, 0xbf, 0xef, 0xff, 0xbf, 0xef, 0xff, 0xbf, 0xef, 0xff, 0xbf, 0xef, 0xff,
  0xbf, 0xef, 0xff, 0xbf, 0xef, 0xff, 0xbf, 0xef, 0xff, 0xbf, 0xef, 0xff, 0xbf, 0xef, 0xff, 0xbf,
  0xef, 0xff, 0xbf, 0xef, 0xff, 0xbf, 0xef, 0xff, 0xbf, 0xef, 0xff, 0xbf, 0xef, 0xff, 0xbf, 0xef,
  0xff, 0xbf, 0xef, 0xff, 0xbf, 0xef, 0xff, 0xbf, 0xef, 0xff, 0xbf, 0xef, 0xff, 0xbf, 0xef, 0xff,
  0x19, 0xbe, 0xa0, 0x00, 0x00, 0x40, 0x00, 0x00, 0x40, 0x00, 0x00, 0x20, 0x00, 0x00, 0x00, 0x00,
  0x00, 0x00, 0x00, 0x00, 0x00, 0x00, 0x00, 0x00, 0x00, 0x00, 0x00, 0x00, 0x00, 0x00, 0x00, 0x00,
  0x00, 0x00, 0x00, 0x00, 0x00, 0x00, 0x00, 0x00, 0x00, 0x00, 0x00, 0x00, 0x00, 0x00, 0x00, 0x00,
  0x00, 0x00, 0x00, 0x00, 0x00, 0x00, 0x00, 0x00, 0x00, 0x00, 0x00, 0x00, 0x00, 0x00, 0x00, 0x00,
  0x00, 0x00, 0x00, 0x00, 0x00, 0x00, 0x00, 0x00, 0x00, 0x00, 0x00, 0x00, 0x00, 0x00, 0x9f, 0xef,
  0x80, 0xbf, 0xef, 0xff, 0xbf, 0xef, 0xff, 0xbf, 0xef, 0xff, 0xbf, 0xef, 0xff, 0xbf, 0xef, 0xff,
  0xbf, 0xef, 0xff, 0xbf, 0xef, 0xff, 0x1a, 0xaf, 0xff, 0xd0, 0x15, 0xff, 0xd0, 0x15, 0xff, 0xd0,
  0x15, 0xff, 0xd0, 0x15, 0xff, 0xd0, 0x15, 0xff, 0xd0, 0x15, 0xff, 0xd8, 0x8e, 0xff, 0xbf, 0xef,
  0xff, 0xbf, 0xef, 0xff, 0xbf, 0xef, 0xff, 0xbf, 0xef, 0xff, 0xbf, 0xef, 0xff, 0xbf, 0xef, 0xff,
  0xbf, 0xef, 0xff, 0xbf, 0xef, 0xff, 0xbf, 0xef, 0xff, 0xbf, 0xef, 0xff, 0xbf, 0xef, 0xff, 0xbf,
  0xef, 0xff, 0xbf, 0xef, 0xff, 0xbf, 0xef, 0xff, 0xbf, 0xef, 0xff, 0xbf, 0xef, 0xff, 0xbf, 0xef,
  0xff, 0xbf, 0xef, 0xff, 0xbf, 0xef, 0xff, 0xbf, 0xef, 0xff, 0xbf, 0xef, 0xff, 0xbf, 0xef, 0xff,
  0xbf, 0xef, 0xff, 0xbf, 0xef, 0xff, 0xbf, 0xef, 0xff, 0xbf, 0xef, 0xff, 0xbf, 0xef, 0xff, 0xbf,
  0xef, 0xff, 0xbf, 0xef, 0xff, 0xbf, 0xef, 0xff, 0xbf, 0xef, 0xff, 0xbf, 0xef, 0xff, 0xbf, 0xef,
  0xff, 0xbf, 0xef, 0xff, 0xbf, 0xef, 0xff, 0xbf, 0xef, 0xff, 0xbf, 0xef, 0xff, 0xbf, 0xef, 0xff,
  0xbf, 0xef, 0xff, 0xbf, 0xef, 0xff, 0xbf, 0xef, 0xff, 0xbf, 0xef, 0xff, 0xbf, 0xef, 0xff, 0xbf,
  0xef, 0xff, 0xbf, 0xef, 0xff, 0xbf, 0xef, 0xff, 0xbf, 0xef, 0xff, 0xbf, 0xef, 0xff, 0xbf, 0xef,
  0xff, 0xbf, 0xef, 0xff, 0xbf, 0xef, 0xff, 0xbf, 0xef, 0xff, 0xbf, 0xef, 0xff, 0xbf, 0xef, 0xff,
  0xbf, 0xef, 0xff, 0xbf, 0xef, 0xff, 0xbf, 0xef, 0xff, 0xbf, 0xef, 0xff, 0xbf, 0xef, 0xff, 0xbf,
  0xef, 0xff, 0xbf, 0xef, 0xff, 0xbf, 0xef, 0xff, 0xbf, 0xef, 0xff, 0xbf, 0xef, 0xff, 0xbf, 0xef,
  0xff, 0xbf, 0xef, 0xff, 0xbf, 0xef, 0xff, 0xbf, 0xef, 0xff, 0xbf, 0xef, 0xff, 0xbf, 0xef, 0xff,
  0x19, 0xbe, 0xa0, 0x00, 0x00, 0x40, 0x00, 0x00, 0x40, 0x00, 0x00, 0x20, 0x00, 0x00, 0x00, 0x00,
  0x00, 0x00, 0x00, 0x00, 0x00, 0x00, 0x00, 0x00, 0x00, 0x00, 0x00, 0x00, 0x00, 0x00, 0x00, 0x00,
  0x00, 0x00, 0x00, 0x00, 0x00, 0x00, 0x00, 0x00, 0x00, 0x00, 0x00, 0x00, 0x00, 0x00, 0x00, 0x00,
  0x00, 0x00, 0x00, 0x00, 0x00, 0x00, 0x00, 0x00, 0x00, 0x00, 0x00, 0x00, 0x00, 0x00, 0x00, 0x00,
  0x00, 0x00, 0x00, 0x00, 0x00, 0x00, 0x00, 0x00, 0x00, 0x00, 0x00, 0x00, 0x00, 0x00, 0x9f, 0xef,
  0x80, 0xbf, 0xef, 0xff, 0xbf, 0xef, 0xff, 0xbf, 0xef, 0xff, 0xbf, 0xef, 0xff, 0xbf, 0xef, 0xff,
  0xbf, 0xef, 0xff, 0xbf, 0xef, 0xff, 0xf9, 0x9e, 0xff, 0xd0, 0x15, 0xff, 0xd0, 0x15, 0xff, 0xd0,
  0x15, 0xff, 0xd0, 0x15, 0xff, 0xd0, 0x15, 0xff, 0xd0, 0x15, 0xff, 0x36, 0x76, 0xff, 0xbc, 0xc6,
  0xff, 0xbc, 0xc6, 0xff, 0xbc, 0xc6, 0xff, 0xbc, 0xc6, 0xff, 0xbc, 0xc6, 0xff, 0xbc, 0xc6, 0xff,
  0xbc, 0xc6, 0xff, 0xbc, 0xc6, 0xff, 0xbc, 0xc6, 0xff, 0xbc, 0xc6, 0xff, 0xbc, 0xc6, 0xff, 0xbc,
  0xc6, 0xff, 0xbc, 0xc6, 0xff, 0xbc, 0xc6, 0xff, 0xbc, 0xc6, 0xff, 0xbc, 0xc6, 0xff, 0xbc, 0xc6,
  0xff, 0xbc, 0xc6, 0xff, 0xbc, 0xc6, 0xff, 0xbc, 0xc6, 0xff, 0xbc, 0xc6, 0xff, 0xbc, 0xc6, 0xff,
  0xbc, 0xc6, 0xff, 0xbc, 0xc6, 0xff, 0xbc, 0xc6, 0xff, 0xbc, 0xc6, 0xff, 0xbc, 0xc6, 0xff, 0xbc,
  0xc6, 0xff, 0xbc, 0xc6, 0xff, 0xbc, 0xc6, 0xff, 0xbc, 0xc6, 0xff, 0xbc, 0xc6, 0xff, 0xbc, 0xc6,
  0xff, 0xbc, 0xc6, 0xff, 0xbc, 0xc6, 0xff, 0xbc, 0xc6, 0xff, 0xbc, 0xc6, 0xff, 0xbc, 0xc6, 0xff,
  0xbc, 0xc6, 0xff, 0xbc, 0xc6, 0xff, 0xbc, 0xc6, 0xff, 0xbc, 0xc6, 0xff, 0xbc, 0xc6, 0xff, 0xbc,
  0xc6, 0xff, 0xbc, 0xc6, 0xff, 0xbc, 0xc6, 0xff, 0xbc, 0xc6, 0xff, 0xbc, 0xc6, 0xff, 0xbc, 0xc6,
  0xff, 0xbc, 0xc6, 0xff, 0xbc, 0xc6, 0xff, 0xbc, 0xc6, 0xff, 0xbc, 0xc6, 0xff, 0xbc, 0xc6, 0xff,
  0xbc, 0xc6, 0xff, 0xbc, 0xc6, 0xff, 0x3e, 0xdf, 0xff, 0xbf, 0xef, 0xff, 0xbf, 0xef, 0xff, 0xbf,
  0xef, 0xff, 0xbf, 0xef, 0xff, 0xbf, 0xef, 0xff, 0xbf, 0xef, 0xff, 0xbf, 0xef, 0xff, 0xbf, 0xef,
  0xff, 0xbf, 0xef, 0xff, 0xbf, 0xef, 0xff, 0xbf, 0xef, 0xff, 0xbf, 0xef, 0xff, 0xbf, 0xef, 0xff,
  0x19, 0xbe, 0xa0, 0x00, 0x00, 0x40, 0x00, 0x00, 0x40, 0x00, 0x00, 0x20, 0x00, 0x00, 0x00, 0x00,
  0x00, 0x00, 0x00, 0x00, 0x00, 0x00, 0x00, 0x00, 0x00, 0x00, 0x00, 0x00, 0x00, 0x00, 0x00, 0x00,
  0x00, 0x00, 0x00, 0x00, 0x00, 0x00, 0x00, 0x00, 0x00, 0x00, 0x00, 0x00, 0x00, 0x00, 0x00, 0x00,
  0x00, 0x00, 0x00, 0x00, 0x00, 0x00, 0x00, 0x00, 0x00, 0x00, 0x00, 0x00, 0x00, 0x00, 0x00, 0x00,
  0x00, 0x00, 0x00, 0x00, 0x00, 0x00, 0x00, 0x00, 0x00, 0x00, 0x00, 0x00, 0x00, 0x00, 0x9f, 0xef,
  0x80, 0xbf, 0xef, 0xff, 0xbf, 0xef, 0xff, 0xbf, 0xef, 0xff, 0xbf, 0xef, 0xff, 0xbf, 0xef, 0xff,
  0xbf, 0xef, 0xff, 0xbf, 0xef, 0xff, 0x7e, 0xdf, 0xff, 0xd0, 0x15, 0xff, 0xd0, 0x15, 0xff, 0xd0,
  0x15, 0xff, 0xd0, 0x15, 0xff, 0xd0, 0x15, 0xff, 0xd0, 0x15, 0xff, 0xb7, 0x7d, 0xff, 0xba, 0x9d,
  0xff, 0xba, 0x9d, 0xff, 0xba, 0x9d, 0xff, 0xba, 0x9d, 0xff, 0xba, 0x9d, 0xff, 0xba, 0x9d, 0xff,
  0xba, 0x9d, 0xff, 0xba, 0x9d, 0xff, 0xba, 0x9d, 0xff, 0xba, 0x9d, 0xff, 0xba, 0x9d, 0xff, 0xba,
  0x9d, 0xff, 0xba, 0x9d, 0xff, 0xba, 0x9d, 0xff, 0xba, 0x9d, 0xff, 0xba, 0x9d, 0xff, 0xba, 0x9d,
  0xff, 0xba, 0x9d, 0xff, 0xba, 0x9d, 0xff, 0xba, 0x9d, 0xff, 0xba, 0x9d, 0xff, 0xba, 0x9d, 0xff,
  0xba, 0x9d, 0xff, 0xba, 0x9d, 0xff, 0xba, 0x9d, 0xff, 0xba, 0x9d, 0xff, 0xba, 0x9d, 0xff, 0xba,
  0x9d, 0xff, 0xba, 0x9d, 0xff, 0xba, 0x9d, 0xff, 0xba, 0x9d, 0xff, 0xba, 0x9d, 0xff, 0xba, 0x9d,
  0xff, 0xba, 0x9d, 0xff, 0xba, 0x9d, 0xff, 0xba, 0x9d, 0xff, 0xba, 0x9d, 0xff, 0xba, 0x9d, 0xff,
  0xba, 0x9d, 0xff, 0xba, 0x9d, 0xff, 0xba, 0x9d, 0xff, 0xba, 0x9d, 0xff, 0xba, 0x9d, 0xff, 0xba,
  0x9d, 0xff, 0xba, 0x9d, 0xff, 0xba, 0x9d, 0xff, 0xba, 0x9d, 0xff, 0xba, 0x9d, 0xff, 0xba, 0x9d,
  0xff, 0xba, 0x9d, 0xff, 0xba, 0x9d, 0xff, 0xba, 0x9d, 0xff, 0xba, 0x9d, 0xff, 0xba, 0x9d, 0xff,
  0xba, 0x9d, 0xff, 0xba, 0x9d, 0xff, 0xbc, 0xc6, 0xff, 0xbf, 0xef, 0xff, 0xbf, 0xef, 0xff, 0xbf,
  0xef, 0xff, 0xbf, 0xef, 0xff, 0xbf, 0xef, 0xff, 0xbf, 0xef, 0xff, 0xbf, 0xef, 0xff, 0xbf, 0xef,
  0xff, 0xbf, 0xef, 0xff, 0xbf, 0xef, 0xff, 0xbf, 0xef, 0xff, 0xbf, 0xef, 0xff, 0xbf, 0xef, 0xff,
  0x19, 0xbe, 0xa0, 0x00, 0x00, 0x40, 0x00, 0x00, 0x40, 0x00, 0x00, 0x20, 0x00, 0x00, 0x00, 0x00,
  0x00, 0x00, 0x00, 0x00, 0x00, 0x00, 0x00, 0x00, 0x00, 0x00, 0x00, 0x00, 0x00, 0x00, 0x00, 0x00,
  0x00, 0x00, 0x00, 0x00, 0x00, 0x00, 0x00, 0x00, 0x00, 0x00, 0x00, 0x00, 0x00, 0x00, 0x00, 0x00,
  0x00, 0x00, 0x00, 0x00, 0x00, 0x00, 0x00, 0x00, 0x00, 0x00, 0x00, 0x00, 0x00, 0x00, 0x00, 0x00,
  0x00, 0x00, 0x00, 0x00, 0x00, 0x00, 0x00, 0x00, 0x00, 0x00, 0x00, 0x00, 0x00, 0x00, 0x9f, 0xef,
  0x80, 0xbf, 0xef, 0xff, 0xbf, 0xef, 0xff, 0xbf, 0xef, 0xff, 0xbf, 0xef, 0xff, 0xbf, 0xef, 0xff,
  0xbf, 0xef, 0xff, 0xbf, 0xef, 0xff, 0xbf, 0xef, 0xff, 0xd9, 0x96, 0xff, 0xd0, 0x15, 0xff, 0xd0,
  0x15, 0xff, 0xd0, 0x15, 0xff, 0xd0, 0x15, 0xff, 0x76, 0x66, 0xff, 0xbc, 0xc6, 0xff, 0xbc, 0xc6,
  0xff, 0xbc, 0xc6, 0xff, 0xbc, 0xc6, 0xff, 0xbc, 0xc6, 0xff, 0xbc, 0xc6, 0xff, 0xbc, 0xc6, 0xff,
  0xbc, 0xc6, 0xff, 0xbc, 0xc6, 0xff, 0xbc, 0xc6, 0xff, 0xbc, 0xc6, 0xff, 0xbc, 0xc6, 0xff, 0xbc,
  0xc6, 0xff, 0xbc, 0xc6, 0xff, 0xbc, 0xc6, 0xff, 0xbc, 0xc6, 0xff, 0xbc, 0xc6, 0xff, 0xbc, 0xc6,
  0xff, 0xbc, 0xc6, 0xff, 0xbc, 0xc6, 0xff, 0xbc, 0xc6, 0xff, 0xbc, 0xc6, 0xff, 0xbc, 0xc6, 0xff,
  0xbc, 0xc6, 0xff, 0xbc, 0xc6, 0xff, 0xbc, 0xc6, 0xff, 0xbc, 0xc6, 0xff, 0xbc, 0xc6, 0xff, 0xbc,
  0xc6, 0xff, 0xbc, 0xc6, 0xff, 0xbc, 0xc6, 0xff, 0xbc, 0xc6, 0xff, 0xbc, 0xc6, 0xff, 0xbc, 0xc6,
  0xff, 0xbc, 0xc6, 0xff, 0xbc, 0xc6, 0xff, 0xbc, 0xc6, 0xff, 0xbc, 0xc6, 0xff, 0xbc, 0xc6, 0xff,
  0xbc, 0xc6, 0xff, 0xbc, 0xc6, 0xff, 0xbc, 0xc6, 0xff, 0xbc, 0xc6, 0xff, 0xbc, 0xc6, 0xff, 0xbc,
  0xc6, 0xff, 0xbc, 0xc6, 0xff, 0xbc, 0xc6, 0xff, 0xbc, 0xc6, 0xff, 0xbc, 0xc6, 0xff, 0xbc, 0xc6,
  0xff, 0xbc, 0xc6, 0xff, 0xbc, 0xc6, 0xff, 0xbc, 0xc6, 0xff, 0xbc, 0xc6, 0xff, 0xbc, 0xc6, 0xff,
  0xbc, 0xc6, 0xff, 0xbc, 0xc6, 0xff, 0x3e, 0xd7, 0xff, 0xbf, 0xef, 0xff, 0xbf, 0xef, 0xff, 0xbf,
  0xef, 0xff, 0xbf, 0xef, 0xff, 0xbf, 0xef, 0xff, 0xbf, 0xef, 0xff, 0xbf, 0xef, 0xff, 0xbf, 0xef,
  0xff, 0xbf, 0xef, 0xff, 0xbf, 0xef, 0xff, 0xbf, 0xef, 0xff, 0xbf, 0xef, 0xff, 0xbf, 0xef, 0xff,
  0x19, 0xbe, 0xa0, 0x00, 0x00, 0x40, 0x00, 0x00, 0x40, 0x00, 0x00, 0x20, 0x00, 0x00, 0x00, 0x00,
  0x00, 0x00, 0x00, 0x00, 0x00, 0x00, 0x00, 0x00, 0x00, 0x00, 0x00, 0x00, 0x00, 0x00, 0x00, 0x00,
  0x00, 0x00, 0x00, 0x00, 0x00, 0x00, 0x00, 0x00, 0x00, 0x00, 0x00, 0x00, 0x00, 0x00, 0x00, 0x00,
  0x00, 0x00, 0x00, 0x00, 0x00, 0x00, 0x00, 0x00, 0x00, 0x00, 0x00, 0x00, 0x00, 0x00, 0x00, 0x00,
  0x00, 0x00, 0x00, 0x00, 0x00, 0x00, 0x00, 0x00, 0x00, 0x00, 0x00, 0x00, 0x00, 0x00, 0x9f, 0xef,
  0x80, 0xbf, 0xef, 0xff, 0xbf, 0xef, 0xff, 0xbf, 0xef, 0xff, 0xbf, 0xef, 0xff, 0xbf, 0xef, 0xff,
  0xbf, 0xef, 0xff, 0xbf, 0xef, 0xff, 0xbf, 0xef, 0xff, 0xbf, 0xef, 0xff, 0x3c, 0xbf, 0xff, 0xb8,
  0x7e, 0xff, 0xb8, 0x7e, 0xff, 0x1b, 0xaf, 0xff, 0xbf, 0xef, 0xff, 0xbf, 0xef, 0xff, 0xbf, 0xef,
  0xff, 0xbf, 0xef, 0xff, 0xbf, 0xef, 0xff, 0xbf, 0xef, 0xff, 0xbf, 0xef, 0xff, 0xbf, 0xef, 0xff,
  0xbf, 0xef, 0xff, 0xbf, 0xef, 0xff, 0xbf, 0xef, 0xff, 0xbf, 0xef, 0xff, 0xbf, 0xef, 0xff, 0xbf,
  0xef, 0xff, 0xbf, 0xef, 0xff, 0xbf, 0xef, 0xff, 0xbf, 0xef, 0xff, 0xbf, 0xef, 0xff, 0xbf, 0xef,
  0xff, 0xbf, 0xef, 0xff, 0xbf, 0xef, 0xff, 0xbf, 0xef, 0xff, 0xbf, 0xef, 0xff, 0xbf, 0xef, 0xff,
  0xbf, 0xef, 0xff, 0xbf, 0xef, 0xff, 0xbf, 0xef, 0xff, 0xbf, 0xef, 0xff, 0xbf, 0xef, 0xff, 0xbf,
  0xef, 0xff, 0xbf, 0xef, 0xff, 0xbf, 0xef, 0xff, 0xbf, 0xef, 0xff, 0xbf, 0xef, 0xff, 0xbf, 0xef,
  0xff, 0xbf, 0xef, 0xff, 0xbf, 0xef, 0xff, 0xbf, 0xef, 0xff, 0xbf, 0xef, 0xff, 0xbf, 0xef, 0xff,
  0xbf, 0xef, 0xff, 0xbf, 0xef, 0xff, 0xbf, 0xef, 0xff, 0xbf, 0xef, 0xff, 0xbf, 0xef, 0xff, 0xbf,
  0xef, 0xff, 0xbf, 0xef, 0xff, 0xbf, 0xef, 0xff, 0xbf, 0xef, 0xff, 0xbf, 0xef, 0xff, 0xbf, 0xef,
  0xff, 0xbf, 0xef, 0xff, 0xbf, 0xef, 0xff, 0xbf, 0xef, 0xff, 0xbf, 0xef, 0xff, 0xbf, 0xef, 0xff,
  0xbf, 0xef, 0xff, 0xbf, 0xef, 0xff, 0xbf, 0xef, 0xff, 0xbf, 0xef, 0xff, 0xbf, 0xef, 0xff, 0xbf,
  0xef, 0xff, 0xbf, 0xef, 0xff, 0xbf, 0xef, 0xff, 0xbf, 0xef, 0xff, 0xbf, 0xef, 0xff, 0xbf, 0xef,
  0xff, 0xbf, 0xef, 0xff, 0xbf, 0xef, 0xff, 0xbf, 0xef, 0xff, 0xbf, 0xef, 0xff, 0xbf, 0xef, 0xff,
  0x19, 0xbe, 0xa0, 0x00, 0x00, 0x40, 0x00, 0x00, 0x40, 0x00, 0x00, 0x20, 0x00, 0x00, 0x00, 0x00,
  0x00, 0x00, 0x00, 0x00, 0x00, 0x00, 0x00, 0x00, 0x00, 0x00, 0x00, 0x00, 0x00, 0x00, 0x00, 0x00,
  0x00, 0x00, 0x00, 0x00, 0x00, 0x00, 0x00, 0x00, 0x00, 0x00, 0x00, 0x00, 0x00, 0x00, 0x00, 0x00,
  0x00, 0x00, 0x00, 0x00, 0x00, 0x00, 0x00, 0x00, 0x00, 0x00, 0x00, 0x00, 0x00, 0x00, 0x00, 0x00,
  0x00, 0x00, 0x00, 0x00, 0x00, 0x00, 0x00, 0x00, 0x00, 0x00, 0x00, 0x00, 0x00, 0x00, 0x9f, 0xef,
  0x80, 0x9f, 0xef, 0xff, 0x9f, 0xef, 0xff, 0x9f, 0xef, 0xff, 0x9f, 0xef, 0xff, 0x9f, 0xef, 0xff,
  0x9f, 0xef, 0xff, 0x9f, 0xef, 0xff, 0x9f, 0xef, 0xff, 0x9f, 0xef, 0xff, 0x9f, 0xef, 0xff, 0x9f,
  0xef, 0xff, 0x9f, 0xef, 0xff, 0x9f, 0xef, 0xff, 0x9f, 0xef, 0xff, 0x9f, 0xef, 0xff, 0x9f, 0xef,
  0xff, 0x9f, 0xef, 0xff, 0x9f, 0xef, 0xff, 0x9f, 0xef, 0xff, 0x9f, 0xef, 0xff, 0x9f, 0xef, 0xff,
  0x9f, 0xef, 0xff, 0x9f, 0xef, 0xff, 0x9f, 0xef, 0xff, 0x9f, 0xef, 0xff, 0x9f, 0xef, 0xff, 0x9f,
  0xef, 0xff, 0x9f, 0xef, 0xff, 0x9f, 0xef, 0xff, 0x9f, 0xef, 0xff, 0x9f, 0xef, 0xff, 0x9f, 0xef,
  0xff, 0x9f, 0xef, 0xff, 0x9f, 0xef, 0xff, 0x9f, 0xef, 0xff, 0x9f, 0xef, 0xff, 0x9f, 0xef, 0xff,
  0x9f, 0xef, 0xff, 0x9f, 0xef, 0xff, 0x9f, 0xef, 0xff, 0x9f, 0xef, 0xff, 0x9f, 0xef, 0xff, 0x9f,
  0xef, 0xff, 0x9f, 0xef, 0xff, 0x9f, 0xef, 0xff, 0x9f, 0xef, 0xff, 0x9f, 0xef, 0xff, 0x9f, 0xef,
  0xff, 0x9f, 0xef, 0xff, 0x9f, 0xef, 0xff, 0x9f, 0xef, 0xff, 0x9f, 0xef, 0xff, 0x9f, 0xef, 0xff,
  0x9f, 0xef, 0xff, 0x9f, 0xef, 0xff, 0x9f, 0xef, 0xff, 0x9f, 0xef, 0xff, 0x9f, 0xef, 0xff, 0x9f,
  0xef, 0xff, 0x9f, 0xef, 0xff, 0x9f, 0xef, 0xff, 0x9f, 0xef, 0xff, 0x9f, 0xef, 0xff, 0x9f, 0xef,
  0xff, 0x9f, 0xef, 0xff, 0x9f, 0xef, 0xff, 0x9f, 0xef, 0xff, 0x9f, 0xef, 0xff, 0x9f, 0xef, 0xff,
  0x9f, 0xef, 0xff, 0x9f, 0xef, 0xff, 0x9f, 0xef, 0xff, 0x9f, 0xef, 0xff, 0x9f, 0xef, 0xff, 0x9f,
  0xef, 0xff, 0x9f, 0xef, 0xff, 0x9f, 0xef, 0xff, 0x9f, 0xef, 0xff, 0x9f, 0xef, 0xff, 0x9f, 0xef,
  0xff, 0x9f, 0xef, 0xff, 0x9f, 0xef, 0xff, 0x9f, 0xef, 0xff, 0x9f, 0xef, 0xff, 0x9f, 0xef, 0xff,
  0x19, 0xbe, 0xa0, 0x00, 0x00, 0x40, 0x00, 0x00, 0x40, 0x00, 0x00, 0x20, 0x00, 0x00, 0x00, 0x00,
  0x00, 0x00, 0x00, 0x00, 0x00, 0x00, 0x00, 0x00, 0x00, 0x00, 0x00, 0x00, 0x00, 0x00, 0x00, 0x00,
  0x00, 0x00, 0x00, 0x00, 0x00, 0x00, 0x00, 0x00, 0x00, 0x00, 0x00, 0x00, 0x00, 0x00, 0x00, 0x00,
  0x00, 0x00, 0x00, 0x00, 0x00, 0x00, 0x00, 0x00, 0x00, 0x00, 0x00, 0x00, 0x00, 0x00, 0x00, 0x00,
  0x00, 0x00, 0x00, 0x00, 0x00, 0x00, 0x00, 0x00, 0x00, 0x00, 0x00, 0x00, 0x00, 0x00, 0x9f, 0xef,
  0x80, 0x9f, 0xef, 0xff, 0x9f, 0xef, 0xff, 0x9f, 0xef, 0xff, 0x9f, 0xef, 0xff, 0x9f, 0xef, 0xff,
  0x9f, 0xef, 0xff, 0x9f, 0xef, 0xff, 0x9f, 0xef, 0xff, 0x9f, 0xef, 0xff, 0x9f, 0xef, 0xff, 0x9f,
  0xef, 0xff, 0x9f, 0xef, 0xff, 0x9f, 0xef, 0xff, 0x9f, 0xef, 0xff, 0x9f, 0xef, 0xff, 0x9f, 0xef,
  0xff, 0x9f, 0xef, 0xff, 0x9f, 0xef, 0xff, 0x9f, 0xef, 0xff, 0x9f, 0xef, 0xff, 0x9f, 0xef, 0xff,
  0x9f, 0xef, 0xff, 0x9f, 0xef, 0xff, 0x9f, 0xef, 0xff, 0x9f, 0xef, 0xff, 0x9f, 0xef, 0xff, 0x9f,
  0xef, 0xff, 0x9f, 0xef, 0xff, 0x9f, 0xef, 0xff, 0x9f, 0xef, 0xff, 0x9f, 0xef, 0xff, 0x9f, 0xef,
  0xff, 0x9f, 0xef, 0xff, 0x9f, 0xef, 0xff, 0x9f, 0xef, 0xff, 0x9f, 0xef, 0xff, 0x9f, 0xef, 0xff,
  0x9f, 0xef, 0xff, 0x9f, 0xef, 0xff, 0x9f, 0xef, 0xff, 0x9f, 0xef, 0xff, 0x9f, 0xef, 0xff, 0x9f,
  0xef, 0xff, 0x9f, 0xef, 0xff, 0x9f, 0xef, 0xff, 0x9f, 0xef, 0xff, 0x9f, 0xef, 0xff, 0x9f, 0xef,
  0xff, 0x9f, 0xef, 0xff, 0x9f, 0xef, 0xff, 0x9f, 0xef, 0xff, 0x9f, 0xef, 0xff, 0x9f, 0xef, 0xff,
  0x9f, 0xef, 0xff, 0x9f, 0xef, 0xff, 0x9f, 0xef, 0xff, 0x9f, 0xef, 0xff, 0x9f, 0xef, 0xff, 0x9f,
  0xef, 0xff, 0x9f, 0xef, 0xff, 0x9f, 0xef, 0xff, 0x9f, 0xef, 0xff, 0x9f, 0xef, 0xff, 0x9f, 0xef,
  0xff, 0x9f, 0xef, 0xff, 0x9f, 0xef, 0xff, 0x9f, 0xef, 0xff, 0x9f, 0xef, 0xff, 0x9f, 0xef, 0xff,
  0x9f, 0xef, 0xff, 0x9f, 0xef, 0xff, 0x9f, 0xef, 0xff, 0x9f, 0xef, 0xff, 0x9f, 0xef, 0xff, 0x9f,
  0xef, 0xff, 0x9f, 0xef, 0xff, 0x9f, 0xef, 0xff, 0x9f, 0xef, 0xff, 0x9f, 0xef, 0xff, 0x9f, 0xef,
  0xff, 0x9f, 0xef, 0xff, 0x9f, 0xef, 0xff, 0x9f, 0xef, 0xff, 0x9f, 0xef, 0xff, 0x9f, 0xef, 0xff,
  0x19, 0xbe, 0xa0, 0x00, 0x00, 0x40, 0x00, 0x00, 0x40, 0x00, 0x00, 0x20, 0x00, 0x00, 0x00, 0x00,
  0x00, 0x00, 0x00, 0x00, 0x00, 0x00, 0x00, 0x00, 0x00, 0x00, 0x00, 0x00, 0x00, 0x00, 0x00, 0x00,
  0x00, 0x00, 0x00, 0x00, 0x00, 0x00, 0x00, 0x00, 0x00, 0x00, 0x00, 0x00, 0x00, 0x00, 0x00, 0x00,
  0x00, 0x00, 0x00, 0x00, 0x00, 0x00, 0x00, 0x00, 0x00, 0x00, 0x00, 0x00, 0x00, 0x00, 0x00, 0x00,
  0x00, 0x00, 0x00, 0x00, 0x00, 0x00, 0x00, 0x00, 0x00, 0x00, 0x00, 0x00, 0x00, 0x00, 0x9f, 0xef,
  0x80, 0x9f, 0xef, 0xff, 0x9f, 0xef, 0xff, 0x9f, 0xef, 0xff, 0x9f, 0xef, 0xff, 0x9f, 0xef, 0xff,
  0x9f, 0xef, 0xff, 0x9f, 0xef, 0xff, 0x9f, 0xef, 0xff, 0x9f, 0xef, 0xff, 0x9f, 0xef, 0xff, 0x9f,
  0xef, 0xff, 0x9f, 0xef, 0xff, 0x9f, 0xef, 0xff, 0x9f, 0xef, 0xff, 0x9f, 0xef, 0xff, 0x9f, 0xef,
  0xff, 0x9f, 0xef, 0xff, 0x9f, 0xef, 0xff, 0x9f, 0xef, 0xff, 0x9f, 0xef, 0xff, 0x9f, 0xef, 0xff,
  0x9f, 0xef, 0xff, 0x9f, 0xef, 0xff, 0x9f, 0xef, 0xff, 0x9f, 0xef, 0xff, 0x9f, 0xef, 0xff, 0x9f,
  0xef, 0xff, 0x9f, 0xef, 0xff, 0x9f, 0xef, 0xff, 0x9f, 0xef, 0xff, 0x9f, 0xef, 0xff, 0x9f, 0xef,
  0xff, 0x9f, 0xef, 0xff, 0x9f, 0xef, 0xff, 0x9f, 0xef, 0xff, 0x9f, 0xef, 0xff, 0x9f, 0xef, 0xff,
  0x9f, 0xef, 0xff, 0x9f, 0xef, 0xff, 0x9f, 0xef, 0xff, 0x9f, 0xef, 0xff, 0x9f, 0xef, 0xff, 0x9f,
  0xef, 0xff, 0x9f, 0xef, 0xff, 0x9f, 0xef, 0xff, 0x9f, 0xef, 0xff, 0x9f, 0xef, 0xff, 0x9f, 0xef,
  0xff, 0x9f, 0xef, 0xff, 0x9f, 0xef, 0xff, 0x9f, 0xef, 0xff, 0x9f, 0xef, 0xff, 0x9f, 0xef, 0xff,
  0x9f, 0xef, 0xff, 0x9f, 0xef, 0xff, 0x9f, 0xef, 0xff, 0x9f, 0xef, 0xff, 0x9f, 0xef, 0xff, 0x9f,
  0xef, 0xff, 0x9f, 0xef, 0xff, 0x9f, 0xef, 0xff, 0x9f, 0xef, 0xff, 0x9f, 0xef, 0xff, 0x9f, 0xef,
  0xff, 0x9f, 0xef, 0xff, 0x9f, 0xef, 0xff, 0x9f, 0xef, 0xff, 0x9f, 0xef, 0xff, 0x9f, 0xef, 0xff,
  0x9f, 0xef, 0xff, 0x9f, 0xef, 0xff, 0x9f, 0xef, 0xff, 0x9f, 0xef, 0xff, 0x9f, 0xef, 0xff, 0x9f,
  0xef, 0xff, 0x9f, 0xef, 0xff, 0x9f, 0xef, 0xff, 0x9f, 0xef, 0xff, 0x9f, 0xef, 0xff, 0x9f, 0xef,
  0xff, 0x9f, 0xef, 0xff, 0x9f, 0xef, 0xff, 0x9f, 0xef, 0xff, 0x9f, 0xef, 0xff, 0x9f, 0xef, 0xff,
  0x19, 0xbe, 0xa0, 0x00, 0x00, 0x40, 0x00, 0x00, 0x40, 0x00, 0x00, 0x20, 0x00, 0x00, 0x00, 0x00,
  0x00, 0x00, 0x00, 0x00, 0x00, 0x00, 0x00, 0x00, 0x00, 0x00, 0x00, 0x00, 0x00, 0x00, 0x00, 0x00,
  0x00, 0x00, 0x00, 0x00, 0x00, 0x00, 0x00, 0x00, 0x00, 0x00, 0x00, 0x00, 0x00, 0x00, 0x00, 0x00,
  0x00, 0x00, 0x00, 0x00, 0x00, 0x00, 0x00, 0x00, 0x00, 0x00, 0x00, 0x00, 0x00, 0x00, 0x00, 0x00,
  0x00, 0x00, 0x00, 0x00, 0x00, 0x00, 0x00, 0x00, 0x00, 0x00, 0x00, 0x00, 0x00, 0x00, 0x9f, 0xef,
  0x80, 0x9f, 0xef, 0xff, 0x9f, 0xef, 0xff, 0x9f, 0xef, 0xff, 0x9f, 0xef, 0xff, 0x9f, 0xef, 0xff,
  0x9f, 0xef, 0xff, 0x9f, 0xef, 0xff, 0x9f, 0xef, 0xff, 0x9f, 0xef, 0xff, 0x9f, 0xef, 0xff, 0x9f,
  0xef, 0xff, 0x9f, 0xef, 0xff, 0x9f, 0xef, 0xff, 0x9f, 0xef, 0xff, 0x9f, 0xef, 0xff, 0x9f, 0xef,
  0xff, 0x9f, 0xef, 0xff, 0x9f, 0xef, 0xff, 0x9f, 0xef, 0xff, 0x9f, 0xef, 0xff, 0x9f, 0xef, 0xff,
  0x9f, 0xef, 0xff, 0x9f, 0xef, 0xff, 0x9f, 0xef, 0xff, 0x9f, 0xef, 0xff, 0x9f, 0xef, 0xff, 0x9f,
  0xef, 0xff, 0x9f, 0xef, 0xff, 0x9f, 0xef, 0xff, 0x9f, 0xef, 0xff, 0x9f, 0xef, 0xff, 0x9f, 0xef,
  0xff, 0x9f, 0xef, 0xff, 0x9f, 0xef, 0xff, 0x9f, 0xef, 0xff, 0x9f, 0xef, 0xff, 0x9f, 0xef, 0xff,
  0x9f, 0xef, 0xff, 0x9f, 0xef, 0xff, 0x9f, 0xef, 0xff, 0x9f, 0xef, 0xff, 0x9f, 0xef, 0xff, 0x9f,
  0xef, 0xff, 0x9f, 0xef, 0xff, 0x9f, 0xef, 0xff, 0x9f, 0xef, 0xff, 0x9f, 0xef, 0xff, 0x9f, 0xef,
  0xff, 0x9f, 0xef, 0xff, 0x9f, 0xef, 0xff, 0x9f, 0xef, 0xff, 0x9f, 0xef, 0xff, 0x9f, 0xef, 0xff,
  0x9f, 0xef, 0xff, 0x9f, 0xef, 0xff, 0x9f, 0xef, 0xff, 0x9f, 0xef, 0xff, 0x9f, 0xef, 0xff, 0x9f,
  0xef, 0xff, 0x9f, 0xef, 0xff, 0x9f, 0xef, 0xff, 0x9f, 0xef, 0xff, 0x9f, 0xef, 0xff, 0x9f, 0xef,
  0xff, 0x9f, 0xef, 0xff, 0x9f, 0xef, 0xff, 0x9f, 0xef, 0xff, 0x9f, 0xef, 0xff, 0x9f, 0xef, 0xff,
  0x9f, 0xef, 0xff, 0x9f, 0xef, 0xff, 0x9f, 0xef, 0xff, 0x9f, 0xef, 0xff, 0x9f, 0xef, 0xff, 0x9f,
  0xef, 0xff, 0x9f, 0xef, 0xff, 0x9f, 0xef, 0xff, 0x9f, 0xef, 0xff, 0x9f, 0xef, 0xff, 0x9f, 0xef,
  0xff, 0x9f, 0xef, 0xff, 0x9f, 0xef, 0xff, 0x9f, 0xef, 0xff, 0x9f, 0xef, 0xff, 0x9f, 0xef, 0xff,
  0x19, 0xbe, 0xa0, 0x00, 0x00, 0x40, 0x00, 0x00, 0x40, 0x00, 0x00, 0x20, 0x00, 0x00, 0x00, 0x00,
  0x00, 0x00, 0x00, 0x00, 0x00, 0x00, 0x00, 0x00, 0x00, 0x00, 0x00, 0x00, 0x00, 0x00, 0x00, 0x00,
  0x00, 0x00, 0x00, 0x00, 0x00, 0x00, 0x00, 0x00, 0x00, 0x00, 0x00, 0x00, 0x00, 0x00, 0x00, 0x00,
  0x00, 0x00, 0x00, 0x00, 0x00, 0x00, 0x00, 0x00, 0x00, 0x00, 0x00, 0x00, 0x00, 0x00, 0x00, 0x00,
  0x00, 0x00, 0x00, 0x00, 0x00, 0x00, 0x00, 0x00, 0x00, 0x00, 0x00, 0x00, 0x00, 0x00, 0x9f, 0xef,
  0x80, 0x9f, 0xef, 0xff, 0x9f, 0xef, 0xff, 0x9f, 0xef, 0xff, 0x9f, 0xef, 0xff, 0x9f, 0xef, 0xff,
  0x9f, 0xef, 0xff, 0x9f, 0xef, 0xff, 0x9f, 0xef, 0xff, 0x9f, 0xef, 0xff, 0x9f, 0xef, 0xff, 0x9f,
  0xef, 0xff, 0x9f, 0xef, 0xff, 0x9f, 0xef, 0xff, 0x9f, 0xef, 0xff, 0x9f, 0xef, 0xff, 0x9f, 0xef,
  0xff, 0x9f, 0xef, 0xff, 0x9f, 0xef, 0xff, 0x9f, 0xef, 0xff, 0x9f, 0xef, 0xff, 0x9f, 0xef, 0xff,
  0x9f, 0xef, 0xff, 0x9f, 0xef, 0xff, 0x9f, 0xef, 0xff, 0x9f, 0xef, 0xff, 0x9f, 0xef, 0xff, 0x9f,
  0xef, 0xff, 0x9f, 0xef, 0xff, 0x9f, 0xef, 0xff, 0x9f, 0xef, 0xff, 0x9f, 0xef, 0xff, 0x9f, 0xef,
  0xff, 0x9f, 0xef, 0xff, 0x9f, 0xef, 0xff, 0x9f, 0xef, 0xff, 0x9f, 0xef, 0xff, 0x9f, 0xef, 0xff,
  0x9f, 0xef, 0xff, 0x9f, 0xef, 0xff, 0x9f, 0xef, 0xff, 0x9f, 0xef, 0xff, 0x9f, 0xef, 0xff, 0x9f,
  0xef, 0xff, 0x9f, 0xef, 0xff, 0x9f, 0xef, 0xff, 0x9f, 0xef, 0xff, 0x9f, 0xef, 0xff, 0x9f, 0xef,
  0xff, 0x9f, 0xef, 0xff, 0x9f, 0xef, 0xff, 0x9f, 0xef, 0xff, 0x9f, 0xef, 0xff, 0x9f, 0xef, 0xff,
  0x9f, 0xef, 0xff, 0x9f, 0xef, 0xff, 0x9f, 0xef, 0xff, 0x9f, 0xef, 0xff, 0x9f, 0xef, 0xff, 0x9f,
  0xef, 0xff, 0x9f, 0xef, 0xff, 0x9f, 0xef, 0xff, 0x9f, 0xef, 0xff, 0x9f, 0xef, 0xff, 0x9f, 0xef,
  0xff, 0x9f, 0xef, 0xff, 0x9f, 0xef, 0xff, 0x9f, 0xef, 0xff, 0x9f, 0xef, 0xff, 0x9f, 0xef, 0xff,
  0x9f, 0xef, 0xff, 0x9f, 0xef, 0xff, 0x9f, 0xef, 0xff, 0x9f, 0xef, 0xff, 0x9f, 0xef, 0xff, 0x9f,
  0xef, 0xff, 0x9f, 0xef, 0xff, 0x9f, 0xef, 0xff, 0x9f, 0xef, 0xff, 0x9f, 0xef, 0xff, 0x9f, 0xef,
  0xff, 0x9f, 0xef, 0xff, 0x9f, 0xef, 0xff, 0x9f, 0xef, 0xff, 0x9f, 0xef, 0xff, 0x9f, 0xef, 0xff,
  0x19, 0xbe, 0xa0, 0x00, 0x00, 0x40, 0x00, 0x00, 0x40, 0x00, 0x00, 0x20, 0x00, 0x00, 0x00, 0x00,
  0x00, 0x00, 0x00, 0x00, 0x00, 0x00, 0x00, 0x00, 0x00, 0x00, 0x00, 0x00, 0x00, 0x00, 0x00, 0x00,
  0x00, 0x00, 0x00, 0x00, 0x00, 0x00, 0x00, 0x00, 0x00, 0x00, 0x00, 0x00, 0x00, 0x00, 0x00, 0x00,
  0x00, 0x00, 0x00, 0x00, 0x00, 0x00, 0x00, 0x00, 0x00, 0x00, 0x00, 0x00, 0x00, 0x00, 0x00, 0x00,
  0x00, 0x00, 0x00, 0x00, 0x00, 0x00, 0x00, 0x00, 0x00, 0x00, 0x00, 0x00, 0x00, 0x00, 0x9f, 0xef,
  0x80, 0x9f, 0xef, 0xff, 0x9f, 0xef, 0xff, 0x9f, 0xef, 0xff, 0x9f, 0xef, 0xff, 0x9f, 0xef, 0xff,
  0x9f, 0xef, 0xff, 0x9f, 0xef, 0xff, 0x9f, 0xef, 0xff, 0x9f, 0xef, 0xff, 0x9f, 0xef, 0xff, 0x9f,
  0xef, 0xff, 0x9f, 0xef, 0xff, 0x9f, 0xef, 0xff, 0x9f, 0xef, 0xff, 0x9f, 0xef, 0xff, 0x9f, 0xef,
  0xff, 0x9f, 0xef, 0xff, 0x9f, 0xef, 0xff, 0x9f, 0xef, 0xff, 0x9f, 0xef, 0xff, 0x9f, 0xef, 0xff,
  0x9f, 0xef, 0xff, 0x9f, 0xef, 0xff, 0x9f, 0xef, 0xff, 0x9f, 0xef, 0xff, 0x9f, 0xef, 0xff, 0x9f,
  0xef, 0xff, 0x9f, 0xef, 0xff, 0x9f, 0xef, 0xff, 0x9f, 0xef, 0xff, 0x9f, 0xef, 0xff, 0x9f, 0xef,
  0xff, 0x9f, 0xef, 0xff, 0x9f, 0xef, 0xff, 0x9f, 0xef, 0xff, 0x9f, 0xef, 0xff, 0x9f, 0xef, 0xff,
  0x9f, 0xef, 0xff, 0x9f, 0xef, 0xff, 0x9f, 0xef, 0xff, 0x9f, 0xef, 0xff, 0x9f, 0xef, 0xff, 0x9f,
  0xef, 0xff, 0x9f, 0xef, 0xff, 0x9f, 0xef, 0xff, 0x9f, 0xef, 0xff, 0x9f, 0xef, 0xff, 0x9f, 0xef,
  0xff, 0x9f, 0xef, 0xff, 0x9f, 0xef, 0xff, 0x9f, 0xef, 0xff, 0x9f, 0xef, 0xff, 0x9f, 0xef, 0xff,
  0x9f, 0xef, 0xff, 0x9f, 0xef, 0xff, 0x9f, 0xef, 0xff, 0x9f, 0xef, 0xff, 0x9f, 0xef, 0xff, 0x9f,
  0xef, 0xff, 0x9f, 0xef, 0xff, 0x9f, 0xef, 0xff, 0x9f, 0xef, 0xff, 0x9f, 0xef, 0xff, 0x9f, 0xef,
  0xff, 0x9f, 0xef, 0xff, 0x9f, 0xef, 0xff, 0x9f, 0xef, 0xff, 0x9f, 0xef, 0xff, 0x9f, 0xef, 0xff,
  0x9f, 0xef, 0xff, 0x9f, 0xef, 0xff, 0x9f, 0xef, 0xff, 0x9f, 0xef, 0xff, 0x9f, 0xef, 0xff, 0x9f,
  0xef, 0xff, 0x9f, 0xef, 0xff, 0x9f, 0xef, 0xff, 0x9f, 0xef, 0xff, 0x9f, 0xef, 0xff, 0x9f, 0xef,
  0xff, 0x9f, 0xef, 0xff, 0x9f, 0xef, 0xff, 0x9f, 0xef, 0xff, 0x9f, 0xef, 0xff, 0x9f, 0xef, 0xff,
  0x19, 0xbe, 0xa0, 0x00, 0x00, 0x40, 0x00, 0x00, 0x40, 0x00, 0x00, 0x20, 0x00, 0x00, 0x00, 0x00,
  0x00, 0x00, 0x00, 0x00, 0x00, 0x00, 0x00, 0x00, 0x00, 0x00, 0x00, 0x00, 0x00, 0x00, 0x00, 0x00,
  0x00, 0x00, 0x00, 0x00, 0x00, 0x00, 0x00, 0x00, 0x00, 0x00, 0x00, 0x00, 0x00, 0x00, 0x00, 0x00,
  0x00, 0x00, 0x00, 0x00, 0x00, 0x00, 0x00, 0x00, 0x00, 0x00, 0x00, 0x00, 0x00, 0x00, 0x00, 0x00,
  0x00, 0x00, 0x00, 0x00, 0x00, 0x00, 0x00, 0x00, 0x00, 0x00, 0x00, 0x00, 0x00, 0x00, 0x9f, 0xef,
  0x80, 0x9f, 0xef, 0xff, 0x9f, 0xef, 0xff, 0x9f, 0xef, 0xff, 0x9f, 0xef, 0xff, 0x9f, 0xef, 0xff,
  0x9f, 0xef, 0xff, 0x9f, 0xef, 0xff, 0x9f, 0xef, 0xff, 0x9f, 0xef, 0xff, 0x9f, 0xef, 0xff, 0x9f,
  0xef, 0xff, 0x9f, 0xef, 0xff, 0x9f, 0xef, 0xff, 0x9f, 0xef, 0xff, 0x9f, 0xef, 0xff, 0x9f, 0xef,
  0xff, 0x9f, 0xef, 0xff, 0x9f, 0xef, 0xff, 0x9f, 0xef, 0xff, 0x9f, 0xef, 0xff, 0x9f, 0xef, 0xff,
  0x9f, 0xef, 0xff, 0x9f, 0xef, 0xff, 0x9f, 0xef, 0xff, 0x9f, 0xef, 0xff, 0x9f, 0xef, 0xff, 0x9f,
  0xef, 0xff, 0x9f, 0xef, 0xff, 0x9f, 0xef, 0xff, 0x9f, 0xef, 0xff, 0x9f, 0xef, 0xff, 0x9f, 0xef,
  0xff, 0x9f, 0xef, 0xff, 0x9f, 0xef, 0xff, 0x9f, 0xef, 0xff, 0x9f, 0xef, 0xff, 0x9f, 0xef, 0xff,
  0x9f, 0xef, 0xff, 0x9f, 0xef, 0xff, 0x9f, 0xef, 0xff, 0x9f, 0xef, 0xff, 0x9f, 0xef, 0xff, 0x9f,
  0xef, 0xff, 0x9f, 0xef, 0xff, 0x9f, 0xef, 0xff, 0x9f, 0xef, 0xff, 0x9f, 0xef, 0xff, 0x9f, 0xef,
  0xff, 0x9f, 0xef, 0xff, 0x9f, 0xef, 0xff, 0x9f, 0xef, 0xff, 0x9f, 0xef, 0xff, 0x9f, 0xef, 0xff,
  0x9f, 0xef, 0xff, 0x9f, 0xef, 0xff, 0x9f, 0xef, 0xff, 0x9f, 0xef, 0xff, 0x9f, 0xef, 0xff, 0x9f,
  0xef, 0xff, 0x9f, 0xef, 0xff, 0x9f, 0xef, 0xff, 0x9f, 0xef, 0xff, 0x9f, 0xef, 0xff, 0x9f, 0xef,
  0xff, 0x9f, 0xef, 0xff, 0x9f, 0xef, 0xff, 0x9f, 0xef, 0xff, 0x9f, 0xef, 0xff, 0x9f, 0xef, 0xff,
  0x9f, 0xef, 0xff, 0x9f, 0xef, 0xff, 0x9f, 0xef, 0xff, 0x9f, 0xef, 0xff, 0x9f, 0xef, 0xff, 0x9f,
  0xef, 0xff, 0x9f, 0xef, 0xff, 0x9f, 0xef, 0xff, 0x9f, 0xef, 0xff, 0x9f, 0xef, 0xff, 0x9f, 0xef,
  0xff, 0x9f, 0xef, 0xff, 0x9f, 0xef, 0xff, 0x9f, 0xef, 0xff, 0x9f, 0xef, 0xff, 0x9f, 0xef, 0xff,
  0x19, 0xbe, 0xa0, 0x00, 0x00, 0x40, 0x00, 0x00, 0x40, 0x00, 0x00, 0x20, 0x00, 0x00, 0x00, 0x00,
  0x00, 0x00, 0x00, 0x00, 0x00, 0x00, 0x00, 0x00, 0x00, 0x00, 0x00, 0x00, 0x00, 0x00, 0x00, 0x00,
  0x00, 0x00, 0x00, 0x00, 0x00, 0x00, 0x00, 0x00, 0x00, 0x00, 0x00, 0x00, 0x00, 0x00, 0x00, 0x00,
  0x00, 0x00, 0x00, 0x00, 0x00, 0x00, 0x00, 0x00, 0x00, 0x00, 0x00, 0x00, 0x00, 0x00, 0x00, 0x00,
  0x00, 0x00, 0x00, 0x00, 0x00, 0x00, 0x00, 0x00, 0x00, 0x00, 0x00, 0x00, 0x00, 0x00, 0x9f, 0xe7,
  0x80, 0x9f, 0xef, 0xff, 0x9f, 0xef, 0xff, 0x9f, 0xef, 0xff, 0x9f, 0xef, 0xff, 0x9f, 0xef, 0xff,
  0x9f, 0xef, 0xff, 0x9f, 0xef, 0xff, 0x9f, 0xef, 0xff, 0x9f, 0xef, 0xff, 0x9f, 0xef, 0xff, 0xf8,
  0xee, 0xff, 0xf8, 0xee, 0xff, 0x7e, 0xef, 0xff, 0x9f, 0xef, 0xff, 0x9f, 0xef, 0xff, 0x9f, 0xef,
  0xff, 0x9f, 0xef, 0xff, 0x9f, 0xef, 0xff, 0x9f, 0xef, 0xff, 0x9f, 0xef, 0xff, 0x9f, 0xef, 0xff,
  0x9f, 0xef, 0xff, 0x9f, 0xef, 0xff, 0x9f, 0xef, 0xff, 0x9f, 0xef, 0xff, 0x9f, 0xef, 0xff, 0x9f,
  0xef, 0xff, 0x9f, 0xef, 0xff, 0x9f, 0xef, 0xff, 0x9f, 0xef, 0xff, 0x9f, 0xef, 0xff, 0x9f, 0xef,
  0xff, 0x9f, 0xef, 0xff, 0x9f, 0xef, 0xff, 0x9f, 0xef, 0xff, 0x9f, 0xef, 0xff, 0x9f, 0xef, 0xff,
  0x9f, 0xef, 0xff, 0x9f, 0xef, 0xff, 0x9f, 0xef, 0xff, 0x9f, 0xef, 0xff, 0x9f, 0xef, 0xff, 0x9f,
  0xef, 0xff, 0x9f, 0xef, 0xff, 0x9f, 0xef, 0xff, 0x9f, 0xef, 0xff, 0x9f, 0xef, 0xff, 0x9f, 0xef,
  0xff, 0x9f, 0xef, 0xff, 0x9f, 0xef, 0xff, 0x9f, 0xef, 0xff, 0x9f, 0xef, 0xff, 0x9f, 0xef, 0xff,
  0x9f, 0xef, 0xff, 0x9f, 0xef, 0xff, 0x9f, 0xef, 0xff, 0x9f, 0xef, 0xff, 0x9f, 0xef, 0xff, 0x9f,
  0xef, 0xff, 0x9f, 0xef, 0xff, 0x9f, 0xef, 0xff, 0x9f, 0xef, 0xff, 0x9f, 0xef, 0xff, 0x9f, 0xef,
  0xff, 0x9f, 0xef, 0xff, 0x9f, 0xef, 0xff, 0x9f, 0xef, 0xff, 0x9f, 0xef, 0xff, 0x9f, 0xef, 0xff,
  0x9f, 0xef, 0xff, 0x9f, 0xef, 0xff, 0x9f, 0xef, 0xff, 0x9f, 0xef, 0xff, 0x9f, 0xef, 0xff, 0x9f,
  0xef, 0xff, 0x9f, 0xef, 0xff, 0x9f, 0xef, 0xff, 0x9f, 0xef, 0xff, 0x9f, 0xef, 0xff, 0x9f, 0xef,
  0xff, 0x9f, 0xef, 0xff, 0x9f, 0xef, 0xff, 0x9f, 0xef, 0xff, 0x9f, 0xef, 0xff, 0x9f, 0xef, 0xff,
  0x19, 0xbe, 0xa0, 0x00, 0x00, 0x40, 0x00, 0x00, 0x40, 0x00, 0x00, 0x20, 0x00, 0x00, 0x00, 0x00,
  0x00, 0x00, 0x00, 0x00, 0x00, 0x00, 0x00, 0x00, 0x00, 0x00, 0x00, 0x00, 0x00, 0x00, 0x00, 0x00,
  0x00, 0x00, 0x00, 0x00, 0x00, 0x00, 0x00, 0x00, 0x00, 0x00, 0x00, 0x00, 0x00, 0x00, 0x00, 0x00,
  0x00, 0x00, 0x00, 0x00, 0x00, 0x00, 0x00, 0x00, 0x00, 0x00, 0x00, 0x00, 0x00, 0x00, 0x00, 0x00,
  0x00, 0x00, 0x00, 0x00, 0x00, 0x00, 0x00, 0x00, 0x00, 0x00, 0x00, 0x00, 0x00, 0x00, 0x9f, 0xe7,
  0x80, 0x9f, 0xef, 0xff, 0x9f, 0xef, 0xff, 0x9f, 0xef, 0xff, 0x9f, 0xef, 0xff, 0x9f, 0xef, 0xff,
  0x9f, 0xef, 0xff, 0x9f, 0xef, 0xff, 0x9f, 0xef, 0xff, 0x1a, 0xef, 0xff, 0x46, 0xf5, 0xff, 0xe1,
  0xf4, 0xff, 0xe1, 0xf4, 0xff, 0x03, 0xf5, 0xff, 0xb6, 0xee, 0xff, 0x9f, 0xef, 0xff, 0x9f, 0xef,
  0xff, 0x9f, 0xef, 0xff, 0x9f, 0xef, 0xff, 0x9f, 0xef, 0xff, 0x9f, 0xef, 0xff, 0x9f, 0xef, 0xff,
  0x9f, 0xef, 0xff, 0x9f, 0xef, 0xff, 0x9f, 0xef, 0xff, 0x9f, 0xef, 0xff, 0x9f, 0xef, 0xff, 0x9f,
  0xef, 0xff, 0x9f, 0xef, 0xff, 0x9f, 0xef, 0xff, 0x9f, 0xef, 0xff, 0x9f, 0xef, 0xff, 0x9f, 0xef,
  0xff, 0x9f, 0xef, 0xff, 0x9f, 0xef, 0xff, 0x9f, 0xef, 0xff, 0x9f, 0xef, 0xff, 0x9f, 0xef, 0xff,
  0x9f, 0xef, 0xff, 0x9f, 0xef, 0xff, 0x9f, 0xef, 0xff, 0x9f, 0xef, 0xff, 0x9f, 0xef, 0xff, 0x9f,
  0xef, 0xff, 0x9f, 0xef, 0xff, 0x9f, 0xef, 0xff, 0x9f, 0xef, 0xff, 0x9f, 0xef, 0xff, 0x9f, 0xef,
  0xff, 0x9f, 0xef, 0xff, 0x9f, 0xef, 0xff, 0x9f, 0xef, 0xff, 0x9f, 0xef, 0xff, 0x9f, 0xef, 0xff,
  0x9f, 0xef, 0xff, 0x9f, 0xef, 0xff, 0x9f, 0xef, 0xff, 0x9f, 0xef, 0xff, 0x9f, 0xef, 0xff, 0x9f,
  0xef, 0xff, 0x9f, 0xef, 0xff, 0x9f, 0xef, 0xff, 0x9f, 0xef, 0xff, 0x9f, 0xef, 0xff, 0x9f, 0xef,
  0xff, 0x9f, 0xef, 0xff, 0x9f, 0xef, 0xff, 0x9f, 0xef, 0xff, 0x3d, 0xbf, 0xff, 0x3d, 0xbf, 0xff,
  0x3d, 0xbf, 0xff, 0x3d, 0xbf, 0xff, 0x3d, 0xbf, 0xff, 0x9f, 0xe7, 0xff, 0x9f, 0xef, 0xff, 0x9f,
  0xef, 0xff, 0x9f, 0xef, 0xff, 0x9f, 0xef, 0xff, 0x9f, 0xef, 0xff, 0x9f, 0xef, 0xff, 0x9f, 0xef,
  0xff, 0x9f, 0xef, 0xff, 0x9f, 0xef, 0xff, 0x9f, 0xef, 0xff, 0x9f, 0xef, 0xff, 0x9f, 0xef, 0xff,
  0x19, 0xbe, 0xa0, 0x00, 0x00, 0x40, 0x00, 0x00, 0x40, 0x00, 0x00, 0x20, 0x00, 0x00, 0x00, 0x00,
  0x00, 0x00, 0x00, 0x00, 0x00, 0x00, 0x00, 0x00, 0x00, 0x00, 0x00, 0x00, 0x00, 0x00, 0x00, 0x00,
  0x00, 0x00, 0x00, 0x00, 0x00, 0x00, 0x00, 0x00, 0x00, 0x00, 0x00, 0x00, 0x00, 0x00, 0x00, 0x00,
  0x00, 0x00, 0x00, 0x00, 0x00, 0x00, 0x00, 0x00, 0x00, 0x00, 0x00, 0x00, 0x00, 0x00, 0x00, 0x00,
  0x00, 0x00, 0x00, 0x00, 0x00, 0x00, 0x00, 0x00, 0x00, 0x00, 0x00, 0x00, 0x00, 0x00, 0x9f, 0xe7,
  0x80, 0x9f, 0xef, 0xff, 0x9f, 0xef, 0xff, 0x9f, 0xef, 0xff, 0x9f, 0xef, 0xff, 0x9f, 0xef, 0xff,
  0x9f, 0xef, 0xff, 0x9f, 0xef, 0xff, 0x7e, 0xef, 0xff, 0x45, 0xf5, 0xff, 0xe1, 0xf4, 0xff, 0xe1,
  0xf4, 0xff, 0xe1, 0xf4, 0xff, 0xe1, 0xf4, 0xff, 0x02, 0xf5, 0xff, 0x5c, 0xef, 0xff, 0x9f, 0xef,
  0xff, 0x9f, 0xef, 0xff, 0x9f, 0xef, 0xff, 0x9f, 0xef, 0xff, 0x9f, 0xef, 0xff, 0x9f, 0xef, 0xff,
  0x9f, 0xef, 0xff, 0x9f, 0xef, 0xff, 0x9f, 0xef, 0xff, 0x9f, 0xef, 0xff, 0x9f, 0xef, 0xff, 0x9f,
  0xef, 0xff, 0x9f, 0xef, 0xff, 0x9f, 0xef, 0xff, 0x9f, 0xef, 0xff, 0x9f, 0xef, 0xff, 0x9f, 0xef,
  0xff, 0x9f, 0xef, 0xff, 0x9f, 0xef, 0xff, 0x9f, 0xef, 0xff, 0x9f, 0xef, 0xff, 0x9f, 0xef, 0xff,
  0x9f, 0xef, 0xff, 0x9f, 0xef, 0xff, 0x9f, 0xef, 0xff, 0x9f, 0xef, 0xff, 0x9f, 0xef, 0xff, 0x9f,
  0xef, 0xff, 0x9f, 0xef, 0xff, 0x9f, 0xef, 0xff, 0x9f, 0xef, 0xff, 0x9f, 0xef, 0xff, 0x9f, 0xef,
  0xff, 0x9f, 0xef, 0xff, 0x9f, 0xef, 0xff, 0x9f, 0xef, 0xff, 0x9f, 0xef, 0xff, 0x9f, 0xef, 0xff,
  0x9f, 0xef, 0xff, 0x9f, 0xef, 0xff, 0x9f, 0xef, 0xff, 0x9f, 0xef, 0xff, 0x9f, 0xef, 0xff, 0x9f,
  0xef, 0xff, 0x9f, 0xef, 0xff, 0x9f, 0xef, 0xff, 0x9f, 0xef, 0xff, 0x9f, 0xef, 0xff, 0x3c, 0xaf,
  0xff, 0xd9, 0x76, 0xff, 0x76, 0x3e, 0xff, 0x55, 0x2e, 0xff, 0x55, 0x2e, 0xff, 0x55, 0x2e, 0xff,
  0x35, 0x2e, 0xff, 0x35, 0x2e, 0xff, 0x36, 0x2e, 0xff, 0x36, 0x2e, 0xff, 0x56, 0x36, 0xff, 0xba,
  0x6e, 0xff, 0x1c, 0xa7, 0xff, 0x9f, 0xe7, 0xff, 0x9f, 0xef, 0xff, 0x9f, 0xef, 0xff, 0x9f, 0xef,
  0xff, 0x9f, 0xef, 0xff, 0x9f, 0xef, 0xff, 0x9f, 0xef, 0xff, 0x9f, 0xef, 0xff, 0x9f, 0xef, 0xff,
  0x19, 0xbe, 0xa0, 0x00, 0x00, 0x40, 0x00, 0x00, 0x40, 0x00, 0x00, 0x20, 0x00, 0x00, 0x00, 0x00,
  0x00, 0x00, 0x00, 0x00, 0x00, 0x00, 0x00, 0x00, 0x00, 0x00, 0x00, 0x00, 0x00, 0x00, 0x00, 0x00,
  0x00, 0x00, 0x00, 0x00, 0x00, 0x00, 0x00, 0x00, 0x00, 0x00, 0x00, 0x00, 0x00, 0x00, 0x00, 0x00,
  0x00, 0x00, 0x00, 0x00, 0x00, 0x00, 0x00, 0x00, 0x00, 0x00, 0x00, 0x00, 0x00, 0x00, 0x00, 0x00,
  0x00, 0x00, 0x00, 0x00, 0x00, 0x00, 0x00, 0x00, 0x00, 0x00, 0x00, 0x00, 0x00, 0x00, 0x9f, 0xe7,
  0x80, 0x9f, 0xef, 0xff, 0x9f, 0xef, 0xff, 0x9f, 0xef, 0xff, 0x9f, 0xef, 0xff, 0x9f, 0xef, 0xff,
  0x9f, 0xef, 0xff, 0x9f, 0xef, 0xff, 0xb6, 0xee, 0xff, 0xe1, 0xf4, 0xff, 0xe1, 0xf4, 0xff, 0xe1,
  0xf4, 0xff, 0xe1, 0xf4, 0xff, 0xe1, 0xf4, 0xff, 0xe1, 0xf4, 0xff, 0x72, 0xee, 0xff, 0x9f, 0xef,
  0xff, 0x9f, 0xef, 0xff, 0x9f, 0xef, 0xff, 0x9f, 0xef, 0xff, 0x9f, 0xef, 0xff, 0x9f, 0xef, 0xff,
  0x9f, 0xef, 0xff, 0x9f, 0xef, 0xff, 0x9f, 0xef, 0xff, 0x9f, 0xef, 0xff, 0x9f, 0xef, 0xff, 0x9f,
  0xef, 0xff, 0x9f, 0xef, 0xff, 0x9f, 0xef, 0xff, 0x9f, 0xef, 0xff, 0x9f, 0xef, 0xff, 0x9f, 0xef,
  0xff, 0x9f, 0xef, 0xff, 0x9f, 0xef, 0xff, 0x9f, 0xef, 0xff, 0x9f, 0xef, 0xff, 0x9f, 0xef, 0xff,
  0x9f, 0xef, 0xff, 0x9f, 0xef, 0xff, 0x9f, 0xef, 0xff, 0x9f, 0xef, 0xff, 0x9f, 0xef, 0xff, 0x9f,
  0xef, 0xff, 0x9f, 0xef, 0xff, 0x9f, 0xef, 0xff, 0x9f, 0xef, 0xff, 0x9f, 0xef, 0xff, 0x9f, 0xef,
  0xff, 0x9f, 0xef, 0xff, 0x9f, 0xef, 0xff, 0x9f, 0xef, 0xff, 0x9f, 0xef, 0xff, 0x9f, 0xef, 0xff,
  0x9f, 0xef, 0xff, 0x9f, 0xef, 0xff, 0x9f, 0xef, 0xff, 0x9f, 0xef, 0xff, 0x9f, 0xef, 0xff, 0x9f,
  0xef, 0xff, 0x9f, 0xef, 0xff, 0x9f, 0xdf, 0xff, 0xfa, 0x8e, 0xff, 0x75, 0x36, 0xff, 0x55, 0x2e,
  0xff, 0x55, 0x2e, 0xff, 0x55, 0x2e, 0xff, 0x55, 0x2e, 0xff, 0x55, 0x2e, 0xff, 0x35, 0x2e, 0xff,
  0x35, 0x2e, 0xff, 0x36, 0x2e, 0xff, 0x36, 0x2e, 0xff, 0x36, 0x2e, 0xff, 0x36, 0x26, 0xff, 0x36,
  0x26, 0xff, 0x16, 0x26, 0xff, 0x37, 0x2e, 0xff, 0xbb, 0x7e, 0xff, 0x7f, 0xd7, 0xff, 0x9f, 0xef,
  0xff, 0x9f, 0xef, 0xff, 0x9f, 0xef, 0xff, 0x9f, 0xef, 0xff, 0x9f, 0xef, 0xff, 0x9f, 0xef, 0xff,
  0x19, 0xbe, 0xa0, 0x00, 0x00, 0x40, 0x00, 0x00, 0x40, 0x00, 0x00, 0x20, 0x00, 0x00, 0x00, 0x00,
  0x00, 0x00, 0x00, 0x00, 0x00, 0x00, 0x00, 0x00, 0x00, 0x00, 0x00, 0x00, 0x00, 0x00, 0x00, 0x00,
  0x00, 0x00, 0x00, 0x00, 0x00, 0x00, 0x00, 0x00, 0x00, 0x00, 0x00, 0x00, 0x00, 0x00, 0x00, 0x00,
  0x00, 0x00, 0x00, 0x00, 0x00, 0x00, 0x00, 0x00, 0x00, 0x00, 0x00, 0x00, 0x00, 0x00, 0x00, 0x00,
  0x00, 0x00, 0x00, 0x00, 0x00, 0x00, 0x00, 0x00, 0x00, 0x00, 0x00, 0x00, 0x00, 0x00, 0x9f, 0xe7,
  0x80, 0x9f, 0xe7, 0xff, 0x9f, 0xe7, 0xff, 0x9f, 0xe7, 0xff, 0x9f, 0xe7, 0xff, 0x9f, 0xe7, 0xff,
  0x9f, 0xe7, 0xff, 0x9f, 0xe7, 0xff, 0x94, 0xee, 0xff, 0xe1, 0xf4, 0xff, 0xe1, 0xf4, 0xff, 0xe1,
  0xf4, 0xff, 0xe1, 0xf4, 0xff, 0xe1, 0xf4, 0xff, 0xe1, 0xf4, 0xff, 0xcf, 0xdd, 0xff, 0x9c, 0xc6,
  0xff, 0x9c, 0xc6, 0xff, 0x9c, 0xc6, 0xff, 0x9c, 0xc6, 0xff, 0x9c, 0xc6, 0xff, 0x9c, 0xc6, 0xff,
  0x9c, 0xc6, 0xff, 0x9c, 0xc6, 0xff, 0x9c, 0xc6, 0xff, 0x9c, 0xc6, 0xff, 0x9c, 0xc6, 0xff, 0x9c,
  0xc6, 0xff, 0x9c, 0xc6, 0xff, 0x9c, 0xc6, 0xff, 0x9c, 0xc6, 0xff, 0x9c, 0xc6, 0xff, 0x9c, 0xc6,
  0xff, 0x9c, 0xc6, 0xff, 0x9c, 0xc6, 0xff, 0x9c, 0xc6, 0xff, 0x9c, 0xc6, 0xff, 0x9c, 0xc6, 0xff,
  0x9c, 0xc6, 0xff, 0x9c, 0xc6, 0xff, 0x9c, 0xc6, 0xff, 0x9c, 0xc6, 0xff, 0x9c, 0xc6, 0xff, 0x9c,
  0xc6, 0xff, 0x9c, 0xc6, 0xff, 0x9c, 0xc6, 0xff, 0x9c, 0xc6, 0xff, 0x9c, 0xc6, 0xff, 0x9c, 0xc6,
  0xff, 0x9c, 0xc6, 0xff, 0x9c, 0xc6, 0xff, 0x9c, 0xc6, 0xff, 0x9c, 0xc6, 0xff, 0x9c, 0xc6, 0xff,
  0x9c, 0xc6, 0xff, 0x9c, 0xc6, 0xff, 0x9c, 0xc6, 0xff, 0x9c, 0xc6, 0xff, 0x9c, 0xc6, 0xff, 0x9c,
  0xbe, 0xff, 0x79, 0x86, 0xff, 0x75, 0x3e, 0xff, 0x55, 0x2e, 0xff, 0x55, 0x2e, 0xff, 0x55, 0x2e,
  0xff, 0x55, 0x2e, 0xff, 0x55, 0x2e, 0xff, 0x55, 0x2e, 0xff, 0x35, 0x2e, 0xff, 0x35, 0x2e, 0xff,
  0x36, 0x2e, 0xff, 0x36, 0x2e, 0xff, 0x36, 0x2e, 0xff, 0x36, 0x26, 0xff, 0x36, 0x26, 0xff, 0x16,
  0x26, 0xff, 0x16, 0x26, 0xff, 0x17, 0x26, 0xff, 0x17, 0x26, 0xff, 0x17, 0x36, 0xff, 0xdb, 0x86,
  0xff, 0x7f, 0xe7, 0xff, 0x9f, 0xe7, 0xff, 0x9f, 0xe7, 0xff, 0x9f, 0xe7, 0xff, 0x9f, 0xe7, 0xff,
  0x19, 0xbe, 0xa0, 0x00, 0x00, 0x40, 0x00, 0x00, 0x40, 0x00, 0x00, 0x20, 0x00, 0x00, 0x00, 0x00,
  0x00, 0x00, 0x00, 0x00, 0x00, 0x00, 0x00, 0x00, 0x00, 0x00, 0x00, 0x00, 0x00, 0x00, 0x00, 0x00,
  0x00, 0x00, 0x00, 0x00, 0x00, 0x00, 0x00, 0x00, 0x00, 0x00, 0x00, 0x00, 0x00, 0x00, 0x00, 0x00,
  0x00, 0x00, 0x00, 0x00, 0x00, 0x00, 0x00, 0x00, 0x00, 0x00, 0x00, 0x00, 0x00, 0x00, 0x00, 0x00,
  0x00, 0x00, 0x00, 0x00, 0x00, 0x00, 0x00, 0x00, 0x00, 0x00, 0x00, 0x00, 0x00, 0x00, 0x9f, 0xe7,
  0x80, 0x9f, 0xe7, 0xff, 0x9f, 0xe7, 0xff, 0x9f, 0xe7, 0xff, 0x9f, 0xe7, 0xff, 0x9f, 0xe7, 0xff,
  0x9f, 0xe7, 0xff, 0x9f, 0xe7, 0xff, 0x5d, 0xef, 0xff, 0x02, 0xf5, 0xff, 0xe1, 0xf4, 0xff, 0xe1,
  0xf4, 0xff, 0xe1, 0xf4, 0xff, 0xe1, 0xf4, 0xff, 0xe1, 0xf4, 0xff, 0x73, 0xb5, 0xff, 0xba, 0x9d,
  0xff, 0xba, 0x9d, 0xff, 0xba, 0x9d, 0xff, 0xba, 0x9d, 0xff, 0xba, 0x9d, 0xff, 0xba, 0x9d, 0xff,
  0xba, 0x9d, 0xff, 0xba, 0x9d, 0xff, 0xba, 0x9d, 0xff, 0xba, 0x9d, 0xff, 0xba, 0x9d, 0xff, 0xba,
  0x9d, 0xff, 0xba, 0x9d, 0xff, 0xba, 0x9d, 0xff, 0xba, 0x9d, 0xff, 0xba, 0x9d, 0xff, 0xba, 0x9d,
  0xff, 0xba, 0x9d, 0xff, 0xba, 0x9d, 0xff, 0xba, 0x9d, 0xff, 0xba, 0x9d, 0xff, 0xba, 0x9d, 0xff,
  0xba, 0x9d, 0xff, 0xba, 0x9d, 0xff, 0xba, 0x9d, 0xff, 0xba, 0x9d, 0xff, 0xba, 0x9d, 0xff, 0xba,
  0x9d, 0xff, 0xba, 0x9d, 0xff, 0xba, 0x9d, 0xff, 0xba, 0x9d, 0xff, 0xba, 0x9d, 0xff, 0xba, 0x9d,
  0xff, 0xba, 0x9d, 0xff, 0xba, 0x9d, 0xff, 0xba, 0x9d, 0xff, 0xba, 0x9d, 0xff, 0xba, 0x9d, 0xff,
  0xba, 0x9d, 0xff, 0xba, 0x9d, 0xff, 0xba, 0x9d, 0xff, 0xba, 0x9d, 0xff, 0xb9, 0x95, 0xff, 0x36,
  0x4e, 0xff, 0x54, 0x2e, 0xff, 0x55, 0x2e, 0xff, 0x55, 0x2e, 0xff, 0x55, 0x2e, 0xff, 0x55, 0x2e,
  0xff, 0x55, 0x2e, 0xff, 0x55, 0x2e, 0xff, 0x35, 0x2e, 0xff, 0x35, 0x2e, 0xff, 0x36, 0x2e, 0xff,
  0x36, 0x2e, 0xff, 0x36, 0x2e, 0xff, 0x36, 0x26, 0xff, 0x36, 0x26, 0xff, 0x16, 0x26, 0xff, 0x16,
  0x26, 0xff, 0x17, 0x26, 0xff, 0x17, 0x26, 0xff, 0x17, 0x26, 0xff, 0x17, 0x26, 0xff, 0xf7, 0x25,
  0xff, 0x59, 0x46, 0xff, 0x5e, 0xcf, 0xff, 0x9f, 0xe7, 0xff, 0x9f, 0xe7, 0xff, 0x9f, 0xe7, 0xff,
  0x19, 0xbe, 0xa0, 0x00, 0x00, 0x40, 0x00, 0x00, 0x40, 0x00, 0x00, 0x20, 0x00, 0x00, 0x00, 0x00,
  0x00, 0x00, 0x00, 0x00, 0x00, 0x00, 0x00, 0x00, 0x00, 0x00, 0x00, 0x00, 0x00, 0x00, 0x00, 0x00,
  0x00, 0x00, 0x00, 0x00, 0x00, 0x00, 0x00, 0x00, 0x00, 0x00, 0x00, 0x00, 0x00, 0x00, 0x00, 0x00,
  0x00, 0x00, 0x00, 0x00, 0x00, 0x00, 0x00, 0x00, 0x00, 0x00, 0x00, 0x00, 0x00, 0x00, 0x00, 0x00,
  0x00, 0x00, 0x00, 0x00, 0x00, 0x00, 0x00, 0x00, 0x00, 0x00, 0x00, 0x00, 0x00, 0x00, 0x9f, 0xe7,
  0x80, 0x9f, 0xe7, 0xff, 0x9f, 0xe7, 0xff, 0x9f, 0xe7, 0xff, 0x9f, 0xe7, 0xff, 0x9f, 0xe7, 0xff,
  0x9f, 0xe7, 0xff, 0x9f, 0xe7, 0xff, 0x9f, 0xe7, 0xff, 0x73, 0xee, 0xff, 0xe1, 0xf4, 0xff, 0xe1,
  0xf4, 0xff, 0xe1, 0xf4, 0xff, 0xe1, 0xf4, 0xff, 0xee, 0xe5, 0xff, 0x9c, 0xc6, 0xff, 0x9c, 0xc6,
  0xff, 0x9c, 0xc6, 0xff, 0x9c, 0xc6, 0xff, 0x9c, 0xc6, 0xff, 0x9c, 0xc6, 0xff, 0x9c, 0xc6, 0xff,
  0x9c, 0xc6, 0xff, 0x9c, 0xc6, 0xff, 0x9c, 0xc6, 0xff, 0x9c, 0xc6, 0xff, 0x9c, 0xc6, 0xff, 0x9c,
  0xc6, 0xff, 0x9c, 0xc6, 0xff, 0x9c, 0xc6, 0xff, 0x9c, 0xc6, 0xff, 0x9c, 0xc6, 0xff, 0x9c, 0xc6,
  0xff, 0x9c, 0xc6, 0xff, 0x9c, 0xc6, 0xff, 0x9c, 0xc6, 0xff, 0x9c, 0xc6, 0xff, 0x9c, 0xc6, 0xff,
  0x9c, 0xc6, 0xff, 0x9c, 0xc6, 0xff, 0x9c, 0xc6, 0xff, 0x9c, 0xc6, 0xff, 0x9c, 0xc6, 0xff, 0x9c,
  0xc6, 0xff, 0x9c, 0xc6, 0xff, 0x9c, 0xc6, 0xff, 0x9c, 0xc6, 0xff, 0x9c, 0xc6, 0xff, 0x9c, 0xc6,
  0xff, 0x9c, 0xc6, 0xff, 0x9c, 0xc6, 0xff, 0x9c, 0xc6, 0xff, 0x9c, 0xc6, 0xff, 0x9c, 0xc6, 0xff,
  0x9c, 0xc6, 0xff, 0x9c, 0xc6, 0xff, 0x9c, 0xc6, 0xff, 0x9b, 0xa6, 0xff, 0x75, 0x46, 0xff, 0x54,
  0x2e, 0xff, 0x55, 0x2e, 0xff, 0x55, 0x2e, 0xff, 0x55, 0x2e, 0xff, 0x55, 0x2e, 0xff, 0x55, 0x2e,
  0xff, 0x55, 0x2e, 0xff, 0x35, 0x2e, 0xff, 0x35, 0x2e, 0xff, 0x36, 0x2e, 0xff, 0x36, 0x2e, 0xff,
  0x36, 0x2e, 0xff, 0x36, 0x26, 0xff, 0x36, 0x26, 0xff, 0x16, 0x26, 0xff, 0x16, 0x26, 0xff, 0x17,
  0x26, 0xff, 0x17, 0x26, 0xff, 0x17, 0x26, 0xff, 0x17, 0x26, 0xff, 0xf7, 0x25, 0xff, 0xf7, 0x25,
  0xff, 0xf7, 0x25, 0xff, 0x18, 0x2e, 0xff, 0x3d, 0xb7, 0xff, 0x9f, 0xe7, 0xff, 0x9f, 0xe7, 0xff,
  0x19, 0xbe, 0xa0, 0x00, 0x00, 0x40, 0x00, 0x00, 0x40, 0x00, 0x00, 0x20, 0x00, 0x00, 0x00, 0x00,
  0x00, 0x00, 0x00, 0x00, 0x00, 0x00, 0x00, 0x00, 0x00, 0x00, 0x00, 0x00, 0x00, 0x00, 0x00, 0x00,
  0x00, 0x00, 0x00, 0x00, 0x00, 0x00, 0x00, 0x00, 0x00, 0x00, 0x00, 0x00, 0x00, 0x00, 0x00, 0x00,
  0x00, 0x00, 0x00, 0x00, 0x00, 0x00, 0x00, 0x00, 0x00, 0x00, 0x00, 0x00, 0x00, 0x00, 0x00, 0x00,
  0x00, 0x00, 0x00, 0x00, 0x00, 0x00, 0x00, 0x00, 0x00, 0x00, 0x00, 0x00, 0x00, 0x00, 0x9f, 0xe7,
  0x80, 0x9f, 0xe7, 0xff, 0x9f, 0xe7, 0xff, 0x9f, 0xe7, 0xff, 0x9f, 0xe7, 0xff, 0x9f, 0xe7, 0xff,
  0x9f, 0xe7, 0xff, 0x9f, 0xe7, 0xff, 0x9f, 0xe7, 0xff, 0x9f, 0xe7, 0xff, 0xf9, 0xee, 0xff, 0x30,
  0xee, 0xff, 0x30, 0xee, 0xff, 0xd7, 0xee, 0xff, 0x9f, 0xe7, 0xff, 0x9f, 0xe7, 0xff, 0x9f, 0xe7,
  0xff, 0x9f, 0xe7, 0xff, 0x9f, 0xe7, 0xff, 0x9f, 0xe7, 0xff, 0x9f, 0xe7, 0xff, 0x9f, 0xe7, 0xff,
  0x9f, 0xe7, 0xff, 0x9f, 0xe7, 0xff, 0x9f, 0xe7, 0xff, 0x9f, 0xe7, 0xff, 0x9f, 0xe7, 0xff, 0x9f,
  0xe7, 0xff, 0x9f, 0xe7, 0xff, 0x9f, 0xe7, 0xff, 0x9f, 0xe7, 0xff, 0x9f, 0xe7, 0xff, 0x9f, 0xe7,
  0xff, 0x9f, 0xe7, 0xff, 0x9f, 0xe7, 0xff, 0x9f, 0xe7, 0xff, 0x9f, 0xe7, 0xff, 0x9f, 0xe7, 0xff,
  0x9f, 0xe7, 0xff, 0x9f, 0xe7, 0xff, 0x9f, 0xe7, 0xff, 0x9f, 0xe7, 0xff, 0x9f, 0xe7, 0xff, 0x9f,
  0xe7, 0xff, 0x9f, 0xe7, 0xff, 0x9f, 0xe7, 0xff, 0x9f, 0xe7, 0xff, 0x9f, 0xe7, 0xff, 0x9f, 0xe7,
  0xff, 0x9f, 0xe7, 0xff, 0x9f, 0xe7, 0xff, 0x9f, 0xe7, 0xff, 0x9f, 0xe7, 0xff, 0x9f, 0xe7, 0xff,
  0x9f, 0xe7, 0xff, 0x9f, 0xe7, 0xff, 0x5d, 0xc7, 0xff, 0x75, 0x3e, 0xff, 0x54, 0x2e, 0xff, 0x55,
  0x2e, 0xff, 0x55, 0x2e, 0xff, 0x55, 0x2e, 0xff, 0x55, 0x2e, 0xff, 0x55, 0x2e, 0xff, 0x55, 0x2e,
  0xff, 0x35, 0x2e, 0xff, 0x97, 0x4e, 0xff, 0xfa, 0x86, 0xff, 0x5c, 0xb7, 0xff, 0x9d, 0xcf, 0xff,
  0x9d, 0xcf, 0xff, 0x9d, 0xcf, 0xff, 0x7d, 0xbf, 0xff, 0x1b, 0x97, 0xff, 0x78, 0x4e, 0xff, 0x17,
  0x26, 0xff, 0x17, 0x26, 0xff, 0x17, 0x26, 0xff, 0xf7, 0x25, 0xff, 0xf7, 0x25, 0xff, 0xf7, 0x25,
  0xff, 0xf7, 0x25, 0xff, 0xf8, 0x25, 0xff, 0xf8, 0x25, 0xff, 0x1d, 0xaf, 0xff, 0x9f, 0xe7, 0xff,
  0x19, 0xbe, 0xa0, 0x00, 0x00, 0x40, 0x00, 0x00, 0x40, 0x00, 0x00, 0x20, 0x00, 0x00, 0x00, 0x00,
  0x00, 0x00, 0x00, 0x00, 0x00, 0x00, 0x00, 0x00, 0x00, 0x00, 0x00, 0x00, 0x00, 0x00, 0x00, 0x00,
  0x00, 0x00, 0x00, 0x00, 0x00, 0x00, 0x00, 0x00, 0x00, 0x00, 0x00, 0x00, 0x00, 0x00, 0x00, 0x00,
  0x00, 0x00, 0x00, 0x00, 0x00, 0x00, 0x00, 0x00, 0x00, 0x00, 0x00, 0x00, 0x00, 0x00, 0x00, 0x00,
  0x00, 0x00, 0x00, 0x00, 0x00, 0x00, 0x00, 0x00, 0x00, 0x00, 0x00, 0x00, 0x00, 0x00, 0x9f, 0xe7,
  0x80, 0x9f, 0xe7, 0xff, 0x9f, 0xe7, 0xff, 0x9f, 0xe7, 0xff, 0x9f, 0xe7, 0xff, 0x9f, 0xe7, 0xff,
  0x9f, 0xe7, 0xff, 0x9f, 0xe7, 0xff, 0x9f, 0xe7, 0xff, 0x9f, 0xe7, 0xff, 0x9f, 0xe7, 0xff, 0x9f,
  0xe7, 0xff, 0x9f, 0xe7, 0xff, 0x9f, 0xe7, 0xff, 0x9f, 0xe7, 0xff, 0x9f, 0xe7, 0xff, 0x9f, 0xe7,
  0xff, 0x9f, 0xe7, 0xff, 0x9f, 0xe7, 0xff, 0x9f, 0xe7, 0xff, 0x9f, 0xe7, 0xff, 0x9f, 0xe7, 0xff,
  0x9f, 0xe7, 0xff, 0x9f, 0xe7, 0xff, 0x9f, 0xe7, 0xff, 0x9f, 0xe7, 0xff, 0x9f, 0xe7, 0xff, 0x9f,
  0xe7, 0xff, 0x9f, 0xe7, 0xff, 0x9f, 0xe7, 0xff, 0x9f, 0xe7, 0xff, 0x9f, 0xe7, 0xff, 0x9f, 0xe7,
  0xff, 0x9f, 0xe7, 0xff, 0x9f, 0xe7, 0xff, 0x9f, 0xe7, 0xff, 0x9f, 0xe7, 0xff, 0x9f, 0xe7, 0xff,
  0x9f, 0xe7, 0xff, 0x9f, 0xe7, 0xff, 0x9f, 0xe7, 0xff, 0x9f, 0xe7, 0xff, 0x9f, 0xe7, 0xff, 0x9f,
  0xe7, 0xff, 0x9f, 0xe7, 0xff, 0x9f, 0xe7, 0xff, 0x9f, 0xe7, 0xff, 0x9f, 0xe7, 0xff, 0x9f, 0xe7,
  0xff, 0x9f, 0xe7, 0xff, 0x9f, 0xe7, 0xff, 0x9f, 0xe7, 0xff, 0x9f, 0xe7, 0xff, 0x9f, 0xe7, 0xff,
  0x9f, 0xe7, 0xff, 0x7f, 0xdf, 0xff, 0x96, 0x46, 0xff, 0x54, 0x2e, 0xff, 0x55, 0x2e, 0xff, 0x55,
  0x2e, 0xff, 0x55, 0x2e, 0xff, 0x55, 0x2e, 0xff, 0x55, 0x2e, 0xff, 0x55, 0x2e, 0xff, 0xd9, 0x76,
  0xff, 0xde, 0xe7, 0xff, 0xff, 0xff, 0xff, 0xff, 0xff, 0xff, 0xff, 0xff, 0xff, 0xff, 0xff, 0xff,
  0xff, 0xff, 0xff, 0xff, 0xff, 0xff, 0xff, 0xff, 0xff, 0xff, 0xff, 0xff, 0xff, 0xff, 0xff, 0xdf,
  0xef, 0xff, 0xfb, 0x8e, 0xff, 0x17, 0x2e, 0xff, 0xf7, 0x25, 0xff, 0xf7, 0x25, 0xff, 0xf7, 0x25,
  0xff, 0xf8, 0x25, 0xff, 0xf8, 0x25, 0xff, 0xd8, 0x25, 0xff, 0xf8, 0x2d, 0xff, 0x5f, 0xcf, 0xff,
  0x19, 0xb6, 0xa0, 0x00, 0x00, 0x40, 0x00, 0x00, 0x40, 0x00, 0x00, 0x20, 0x00, 0x00, 0x00, 0x00,
  0x00, 0x00, 0x00, 0x00, 0x00, 0x00, 0x00, 0x00, 0x00, 0x00, 0x00, 0x00, 0x00, 0x00, 0x00, 0x00,
  0x00, 0x00, 0x00, 0x00, 0x00, 0x00, 0x00, 0x00, 0x00, 0x00, 0x00, 0x00, 0x00, 0x00, 0x00, 0x00,
  0x00, 0x00, 0x00, 0x00, 0x00, 0x00, 0x00, 0x00, 0x00, 0x00, 0x00, 0x00, 0x00, 0x00, 0x00, 0x00,
  0x00, 0x00, 0x00, 0x00, 0x00, 0x00, 0x00, 0x00, 0x00, 0x00, 0x00, 0x00, 0x00, 0x00, 0x7f, 0xe7,
  0x80, 0x9f, 0xe7, 0xff, 0x9f, 0xe7, 0xff, 0x9f, 0xe7, 0xff, 0x9f, 0xe7, 0xff, 0x9f, 0xe7, 0xff,
  0x9f, 0xe7, 0xff, 0x9f, 0xe7, 0xff, 0x9f, 0xe7, 0xff, 0x9f, 0xe7, 0xff, 0x9f, 0xe7, 0xff, 0x9f,
  0xe7, 0xff, 0x9f, 0xe7, 0xff, 0x9f, 0xe7, 0xff, 0x9f, 0xe7, 0xff, 0x9f, 0xe7, 0xff, 0x9f, 0xe7,
  0xff, 0x9f, 0xe7, 0xff, 0x9f, 0xe7, 0xff, 0x9f, 0xe7, 0xff, 0x9f, 0xe7, 0xff, 0x9f, 0xe7, 0xff,
  0x9f, 0xe7, 0xff, 0x9f, 0xe7, 0xff, 0x9f, 0xe7, 0xff, 0x9f, 0xe7, 0xff, 0x9f, 0xe7, 0xff, 0x9f,
  0xe7, 0xff, 0x9f, 0xe7, 0xff, 0x9f, 0xe7, 0xff, 0x9f, 0xe7, 0xff, 0x9f, 0xe7, 0xff, 0x9f, 0xe7,
  0xff, 0x9f, 0xe7, 0xff, 0x9f, 0xe7, 0xff, 0x9f, 0xe7, 0xff, 0x9f, 0xe7, 0xff, 0x9f, 0xe7, 0xff,
  0x9f, 0xe7, 0xff, 0x9f, 0xe7, 0xff, 0x9f, 0xe7, 0xff, 0x9f, 0xe7, 0xff, 0x9f, 0xe7, 0xff, 0x9f,
  0xe7, 0xff, 0x9f, 0xe7, 0xff, 0x9f, 0xe7, 0xff, 0x9f, 0xe7, 0xff, 0x9f, 0xe7, 0xff, 0x9f, 0xe7,
  0xff, 0x9f, 0xe7, 0xff, 0x9f, 0xe7, 0xff, 0x9f, 0xe7, 0xff, 0x9f, 0xe7, 0xff, 0x9f, 0xe7, 0xff,
  0x7f, 0xe7, 0xff, 0xb7, 0x5e, 0xff, 0x54, 0x2e, 0xff, 0x55, 0x2e, 0xff, 0x55, 0x2e, 0xff, 0x55,
  0x2e, 0xff, 0x55, 0x2e, 0xff, 0x55, 0x2e, 0xff, 0x97, 0x4e, 0xff, 0xbe, 0xd7, 0xff, 0xff, 0xff,
  0xff, 0xff, 0xff, 0xff, 0xff, 0xff, 0xff, 0xff, 0xff, 0xff, 0xff, 0xff, 0xff, 0xff, 0xff, 0xff,
  0xff, 0xff, 0xff, 0xff, 0xff, 0xff, 0xff, 0xff, 0xff, 0xff, 0xff, 0xff, 0xff, 0xff, 0xff, 0xff,
  0xff, 0xff, 0xff, 0xff, 0xff, 0xdf, 0xef, 0xff, 0x9a, 0x66, 0xff, 0xf7, 0x25, 0xff, 0xf8, 0x25,
  0xff, 0xf8, 0x25, 0xff, 0xd8, 0x25, 0xff, 0xd8, 0x25, 0xff, 0xd8, 0x25, 0xff, 0x19, 0x3e, 0xff,
  0xf9, 0xad, 0xa6, 0x00, 0x00, 0x40, 0x00, 0x00, 0x40, 0x00, 0x00, 0x20, 0x00, 0x00, 0x00, 0x00,
  0x00, 0x00, 0x00, 0x00, 0x00, 0x00, 0x00, 0x00, 0x00, 0x00, 0x00, 0x00, 0x00, 0x00, 0x00, 0x00,
  0x00, 0x00, 0x00, 0x00, 0x00, 0x00, 0x00, 0x00, 0x00, 0x00, 0x00, 0x00, 0x00, 0x00, 0x00, 0x00,
  0x00, 0x00, 0x00, 0x00, 0x00, 0x00, 0x00, 0x00, 0x00, 0x00, 0x00, 0x00, 0x00, 0x00, 0x00, 0x00,
  0x00, 0x00, 0x00, 0x00, 0x00, 0x00, 0x00, 0x00, 0x00, 0x00, 0x00, 0x00, 0x00, 0x00, 0x7f, 0xe7,
  0x80, 0x9f, 0xe7, 0xff, 0x9f, 0xe7, 0xff, 0x9f, 0xe7, 0xff, 0x9f, 0xe7, 0xff, 0x9f, 0xe7, 0xff,
  0x9f, 0xe7, 0xff, 0x9f, 0xe7, 0xff, 0x9f, 0xe7, 0xff, 0x9f, 0xe7, 0xff, 0x9f, 0xe7, 0xff, 0x9f,
  0xe7, 0xff, 0x9f, 0xe7, 0xff, 0x9f, 0xe7, 0xff, 0x9f, 0xe7, 0xff, 0x9f, 0xe7, 0xff, 0x9f, 0xe7,
  0xff, 0x9f, 0xe7, 0xff, 0x9f, 0xe7, 0xff, 0x9f, 0xe7, 0xff, 0x9f, 0xe7, 0xff, 0x9f, 0xe7, 0xff,
  0x9f, 0xe7, 0xff, 0x9f, 0xe7, 0xff, 0x9f, 0xe7, 0xff, 0x9f, 0xe7, 0xff, 0x9f, 0xe7, 0xff, 0x9f,
  0xe7, 0xff, 0x9f, 0xe7, 0xff, 0x9f, 0xe7, 0xff, 0x9f, 0xe7, 0xff, 0x9f, 0xe7, 0xff, 0x9f, 0xe7,
  0xff, 0x9f, 0xe7, 0xff, 0x9f, 0xe7, 0xff, 0x9f, 0xe7, 0xff, 0x9f, 0xe7, 0xff, 0x9f, 0xe7, 0xff,
  0x9f, 0xe7, 0xff, 0x9f, 0xe7, 0xff, 0x9f, 0xe7, 0xff, 0x9f, 0xe7, 0xff, 0x9f, 0xe7, 0xff, 0x9f,
  0xe7, 0xff, 0x9f, 0xe7, 0xff, 0x9f, 0xe7, 0xff, 0x9f, 0xe7, 0xff, 0x9f, 0xe7, 0xff, 0x9f, 0xe7,
  0xff, 0x9f, 0xe7, 0xff, 0x9f, 0xe7, 0xff, 0x9f, 0xe7, 0xff, 0x9f, 0xe7, 0xff, 0x9f, 0xe7, 0xff,
  0x1b, 0x97, 0xff, 0x54, 0x2e, 0xff, 0x55, 0x2e, 0xff, 0x55, 0x2e, 0xff, 0x55, 0x2e, 0xff, 0x55,
  0x2e, 0xff, 0x55, 0x2e, 0xff, 0xd9, 0x76, 0xff, 0xdf, 0xf7, 0xff, 0xff, 0xff, 0xff, 0xff, 0xff,
  0xff, 0xff, 0xff, 0xff, 0xdf, 0xf7, 0xff, 0x5c, 0xaf, 0xff, 0xd9, 0x76, 0xff, 0x99, 0x5e, 0xff,
  0x99, 0x5e, 0xff, 0x99, 0x5e, 0xff, 0xb9, 0x6e, 0xff, 0x3c, 0xa7, 0xff, 0xdf, 0xef, 0xff, 0xff,
  0xff, 0xff, 0xff, 0xff, 0xff, 0xff, 0xff, 0xff, 0xff, 0xff, 0xff, 0xdb, 0x86, 0xff, 0xf8, 0x25,
  0xff, 0xd8, 0x25, 0xff, 0xd8, 0x25, 0xff, 0xd8, 0x25, 0xff, 0xd8, 0x1d, 0xff, 0xd8, 0x1d, 0xff,
  0xd9, 0x55, 0xd5, 0x00, 0x00, 0x40, 0x00, 0x00, 0x40, 0x00, 0x00, 0x20, 0x00, 0x00, 0x00, 0x00,
  0x00, 0x00, 0x00, 0x00, 0x00, 0x00, 0x00, 0x00, 0x00, 0x00, 0x00, 0x00, 0x00, 0x00, 0x00, 0x00,
  0x00, 0x00, 0x00, 0x00, 0x00, 0x00, 0x00, 0x00, 0x00, 0x00, 0x00, 0x00, 0x00, 0x00, 0x00, 0x00,
  0x00, 0x00, 0x00, 0x00, 0x00, 0x00, 0x00, 0x00, 0x00, 0x00, 0x00, 0x00, 0x00, 0x00, 0x00, 0x00,
  0x00, 0x00, 0x00, 0x00, 0x00, 0x00, 0x00, 0x00, 0x00, 0x00, 0x00, 0x00, 0x00, 0x00, 0x7f, 0xe7,
  0x80, 0x9f, 0xe7, 0xff, 0x9f, 0xe7, 0xff, 0x9f, 0xe7, 0xff, 0x9f, 0xe7, 0xff, 0x9f, 0xe7, 0xff,
  0x9f, 0xe7, 0xff, 0x9f, 0xe7, 0xff, 0x9f, 0xe7, 0xff, 0x9f, 0xe7, 0xff, 0x9f, 0xe7, 0xff, 0x9f,
  0xe7, 0xff, 0x9f, 0xe7, 0xff, 0x9f, 0xe7, 0xff, 0x9f, 0xe7, 0xff, 0x9f, 0xe7, 0xff, 0x9f, 0xe7,
  0xff, 0x9f, 0xe7, 0xff, 0x9f, 0xe7, 0xff, 0x9f, 0xe7, 0xff, 0x9f, 0xe7, 0xff, 0x9f, 0xe7, 0xff,
  0x9f, 0xe7, 0xff, 0x9f, 0xe7, 0xff, 0x9f, 0xe7, 0xff, 0x9f, 0xe7, 0xff, 0x9f, 0xe7, 0xff, 0x9f,
  0xe7, 0xff, 0x9f, 0xe7, 0xff, 0x9f, 0xe7, 0xff, 0x9f, 0xe7, 0xff, 0x9f, 0xe7, 0xff, 0x9f, 0xe7,
  0xff, 0x9f, 0xe7, 0xff, 0x9f, 0xe7, 0xff, 0x9f, 0xe7, 0xff, 0x9f, 0xe7, 0xff, 0x9f, 0xe7, 0xff,
  0x9f, 0xe7, 0xff, 0x9f, 0xe7, 0xff, 0x9f, 0xe7, 0xff, 0x9f, 0xe7, 0xff, 0x9f, 0xe7, 0xff, 0x9f,
  0xe7, 0xff, 0x9f, 0xe7, 0xff, 0x9f, 0xe7, 0xff, 0x9f, 0xe7, 0xff, 0x9f, 0xe7, 0xff, 0x9f, 0xe7,
  0xff, 0x9f, 0xe7, 0xff, 0x9f, 0xe7, 0xff, 0x9f, 0xe7, 0xff, 0x9f, 0xe7, 0xff, 0x7e, 0xd7, 0xff,
  0x75, 0x46, 0xff, 0x55, 0x2e, 0xff, 0x55, 0x2e, 0xff, 0x55, 0x2e, 0xff, 0x55, 0x2e, 0xff, 0x55,
  0x2e, 0xff, 0xd9, 0x76, 0xff, 0xff, 0xff, 0xff, 0xff, 0xff, 0xff, 0xff, 0xff, 0xff, 0xff, 0xff,
  0xff, 0x1b, 0x97, 0xff, 0x36, 0x2e, 0xff, 0x36, 0x26, 0xff, 0x16, 0x26, 0xff, 0x16, 0x26, 0xff,
  0x17, 0x26, 0xff, 0x17, 0x26, 0xff, 0x17, 0x26, 0xff, 0x17, 0x26, 0xff, 0x17, 0x2e, 0xff, 0xdb,
  0x86, 0xff, 0xdf, 0xf7, 0xff, 0xff, 0xff, 0xff, 0xff, 0xff, 0xff, 0xff, 0xff, 0xff, 0xdb, 0x8e,
  0xff, 0xd8, 0x25, 0xff, 0xd8, 0x25, 0xff, 0xd8, 0x1d, 0xff, 0xd8, 0x1d, 0xff, 0xd8, 0x1d, 0xff,
  0xd9, 0x25, 0xfc, 0x09, 0x0a, 0x58, 0x00, 0x00, 0x40, 0x00, 0x00, 0x20, 0x00, 0x00, 0x00, 0x00,
  0x00, 0x00, 0x00, 0x00, 0x00, 0x00, 0x00, 0x00, 0x00, 0x00, 0x00, 0x00, 0x00, 0x00, 0x00, 0x00,
  0x00, 0x00, 0x00, 0x00, 0x00, 0x00, 0x00, 0x00, 0x00, 0x00, 0x00, 0x00, 0x00, 0x00, 0x00, 0x00,
  0x00, 0x00, 0x00, 0x00, 0x00, 0x00, 0x00, 0x00, 0x00, 0x00, 0x00, 0x00, 0x00, 0x00, 0x00, 0x00,
  0x00, 0x00, 0x00, 0x00, 0x00, 0x00, 0x00, 0x00, 0x00, 0x00, 0x00, 0x00, 0x00, 0x00, 0x7f, 0xe7,
  0x80, 0x9f, 0xe7, 0xff, 0x9f, 0xe7, 0xff, 0x9f, 0xe7, 0xff, 0x9f, 0xe7, 0xff, 0x9f, 0xe7, 0xff,
  0x9f, 0xe7, 0xff, 0x9f, 0xe7, 0xff, 0x9f, 0xe7, 0xff, 0x9f, 0xe7, 0xff, 0x9f, 0xe7, 0xff, 0x9f,
  0xe7, 0xff, 0x9f, 0xe7, 0xff, 0x9f, 0xe7, 0xff, 0x9f, 0xe7, 0xff, 0x9f, 0xe7, 0xff, 0x9f, 0xe7,
  0xff, 0x9f, 0xe7, 0xff, 0x9f, 0xe7, 0xff, 0x9f, 0xe7, 0xff, 0x9f, 0xe7, 0xff, 0x9f, 0xe7, 0xff,
  0x9f, 0xe7, 0xff, 0x9f, 0xe7, 0xff, 0x9f, 0xe7, 0xff, 0x9f, 0xe7, 0xff, 0x9f, 0xe7, 0xff, 0x9f,
  0xe7, 0xff, 0x9f, 0xe7, 0xff, 0x9f, 0xe7, 0xff, 0x9f, 0xe7, 0xff, 0x9f, 0xe7, 0xff, 0x9f, 0xe7,
  0xff, 0x9f, 0xe7, 0xff, 0x9f, 0xe7, 0xff, 0x9f, 0xe7, 0xff, 0x9f, 0xe7, 0xff, 0x9f, 0xe7, 0xff,
  0x9f, 0xe7, 0xff, 0x9f, 0xe7, 0xff, 0x9f, 0xe7, 0xff, 0x9f, 0xe7, 0xff, 0x9f, 0xe7, 0xff, 0x9f,
  0xe7, 0xff, 0x9f, 0xe7, 0xff, 0x9f, 0xe7, 0xff, 0x9f, 0xe7, 0xff, 0x9f, 0xe7, 0xff, 0x9f, 0xe7,
  0xff, 0x9f, 0xe7, 0xff, 0x9f, 0xe7, 0xff, 0x9f, 0xe7, 0xff, 0x9f, 0xe7, 0xff, 0xd9, 0x7e, 0xff,
  0x55, 0x2e, 0xff, 0x55, 0x2e, 0xff, 0x55, 0x2e, 0xff, 0x55, 0x2e, 0xff, 0x55, 0x2e, 0xff, 0x97,
  0x4e, 0xff, 0xff, 0xff, 0xff, 0xff, 0xff, 0xff, 0xff, 0xff, 0xff, 0xbe, 0xdf, 0xff, 0x77, 0x4e,
  0xff, 0x36, 0x26, 0xff, 0x36, 0x26, 0xff, 0x16, 0x26, 0xff, 0x16, 0x26, 0xff, 0x1b, 0x97, 0xff,
  0x1b, 0x97, 0xff, 0x1b, 0x97, 0xff, 0x17, 0x26, 0xff, 0xf7, 0x25, 0xff, 0xf7, 0x25, 0xff, 0xf7,
  0x25, 0xff, 0x18, 0x36, 0xff, 0x9e, 0xcf, 0xff, 0xff, 0xff, 0xff, 0xff, 0xff, 0xff, 0xff, 0xff,
  0xff, 0x5a, 0x5e, 0xff, 0xd8, 0x1d, 0xff, 0xd8, 0x1d, 0xff, 0xd8, 0x1d, 0xff, 0xd9, 0x1d, 0xff,
  0xb9, 0x1d, 0xff, 0x16, 0x1d, 0xc3, 0x00, 0x00, 0x40, 0x00, 0x00, 0x20, 0x00, 0x00, 0x00, 0x00,
  0x00, 0x00, 0x00, 0x00, 0x00, 0x00, 0x00, 0x00, 0x00, 0x00, 0x00, 0x00, 0x00, 0x00, 0x00, 0x00,
  0x00, 0x00, 0x00, 0x00, 0x00, 0x00, 0x00, 0x00, 0x00, 0x00, 0x00, 0x00, 0x00, 0x00, 0x00, 0x00,
  0x00, 0x00, 0x00, 0x00, 0x00, 0x00, 0x00, 0x00, 0x00, 0x00, 0x00, 0x00, 0x00, 0x00, 0x00, 0x00,
  0x00, 0x00, 0x00, 0x00, 0x00, 0x00, 0x00, 0x00, 0x00, 0x00, 0x00, 0x00, 0x00, 0x00, 0x7f, 0xe7,
  0x80, 0x9f, 0xe7, 0xff, 0x9f, 0xe7, 0xff, 0x9f, 0xe7, 0xff, 0x9f, 0xe7, 0xff, 0x9f, 0xe7, 0xff,
  0x9f, 0xe7, 0xff, 0x9f, 0xe7, 0xff, 0x9f, 0xe7, 0xff, 0x9f, 0xe7, 0xff, 0x9f, 0xe7, 0xff, 0x9f,
  0xe7, 0xff, 0x9f, 0xe7, 0xff, 0x9f, 0xe7, 0xff, 0x9f, 0xe7, 0xff, 0x9f, 0xe7, 0xff, 0x9f, 0xe7,
  0xff, 0x9f, 0xe7, 0xff, 0x9f, 0xe7, 0xff, 0x9f, 0xe7, 0xff, 0x9f, 0xe7, 0xff, 0x9f, 0xe7, 0xff,
  0x9f, 0xe7, 0xff, 0x9f, 0xe7, 0xff, 0x9f, 0xe7, 0xff, 0x9f, 0xe7, 0xff, 0x9f, 0xe7, 0xff, 0x9f,
  0xe7, 0xff, 0x9f, 0xe7, 0xff, 0x9f, 0xe7, 0xff, 0x9f, 0xe7, 0xff, 0x9f, 0xe7, 0xff, 0x9f, 0xe7,
  0xff, 0x9f, 0xe7, 0xff, 0x9f, 0xe7, 0xff, 0x9f, 0xe7, 0xff, 0x9f, 0xe7, 0xff, 0x9f, 0xe7, 0xff,
  0x9f, 0xe7, 0xff, 0x9f, 0xe7, 0xff, 0x9f, 0xe7, 0xff, 0x9f, 0xe7, 0xff, 0x9f, 0xe7, 0xff, 0x9f,
  0xe7, 0xff, 0x9f, 0xe7, 0xff, 0x9f, 0xe7, 0xff, 0x9f, 0xe7, 0xff, 0x9f, 0xe7, 0xff, 0x9f, 0xe7,
  0xff, 0x9f, 0xe7, 0xff, 0x9f, 0xe7, 0xff, 0x9f, 0xe7, 0xff, 0x7f, 0xdf, 0xff, 0x75, 0x36, 0xff,
  0x55, 0x2e, 0xff, 0x55, 0x2e, 0xff, 0x55, 0x2e, 0xff, 0x55, 0x2e, 0xff, 0x55, 0x2e, 0xff, 0xbe,
  0xd7, 0xff, 0xff, 0xff, 0xff, 0xff, 0xff, 0xff, 0xbe, 0xdf, 0xff, 0x56, 0x36, 0xff, 0x36, 0x26,
  0xff, 0x36, 0x26, 0xff, 0x16, 0x26, 0xff, 0x16, 0x26, 0xff, 0x17, 0x26, 0xff, 0xff, 0xff, 0xff,
  0xff, 0xff, 0xff, 0xff, 0xff, 0xff, 0xf7, 0x25, 0xff, 0xf7, 0x25, 0xff, 0xf7, 0x25, 0xff, 0xf7,
  0x25, 0xff, 0xf8, 0x25, 0xff, 0xf8, 0x2d, 0xff, 0x7d, 0xc7, 0xff, 0xff, 0xff, 0xff, 0xff, 0xff,
  0xff, 0xdf, 0xef, 0xff, 0xd9, 0x25, 0xff, 0xd8, 0x1d, 0xff, 0xd9, 0x1d, 0xff, 0xb9, 0x1d, 0xff,
  0xb9, 0x1d, 0xff, 0xb9, 0x1d, 0xff, 0x09, 0x0a, 0x58, 0x00, 0x00, 0x20, 0x00, 0x00, 0x00, 0x00,
  0x00, 0x00, 0x00, 0x00, 0x00, 0x00, 0x00, 0x00, 0x00, 0x00, 0x00, 0x00, 0x00, 0x00, 0x00, 0x00,
  0x00, 0x00, 0x00, 0x00, 0x00, 0x00, 0x00, 0x00, 0x00, 0x00, 0x00, 0x00, 0x00, 0x00, 0x00, 0x00,
  0x00, 0x00, 0x00, 0x00, 0x00, 0x00, 0x00, 0x00, 0x00, 0x00, 0x00, 0x00, 0x00, 0x00, 0x00, 0x00,
  0x00, 0x00, 0x00, 0x00, 0x00, 0x00, 0x00, 0x00, 0x00, 0x00, 0x00, 0x00, 0x00, 0x00, 0x7f, 0xe7,
  0x80, 0x9f, 0xe7, 0xff, 0x9f, 0xe7, 0xff, 0x9f, 0xe7, 0xff, 0x9f, 0xe7, 0xff, 0x9f, 0xe7, 0xff,
  0x9f, 0xe7, 0xff, 0x9f, 0xe7, 0xff, 0x9f, 0xe7, 0xff, 0x9f, 0xe7, 0xff, 0x9f, 0xe7, 0xff, 0x9f,
  0xe7, 0xff, 0x9f, 0xe7, 0xff, 0x9f, 0xe7, 0xff, 0x9f, 0xe7, 0xff, 0x9f, 0xe7, 0xff, 0x9f, 0xe7,
  0xff, 0x9f, 0xe7, 0xff, 0x9f, 0xe7, 0xff, 0x9f, 0xe7, 0xff, 0x9f, 0xe7, 0xff, 0x9f, 0xe7, 0xff,
  0x9f, 0xe7, 0xff, 0x9f, 0xe7, 0xff, 0x9f, 0xe7, 0xff, 0x9f, 0xe7, 0xff, 0x9f, 0xe7, 0xff, 0x9f,
  0xe7, 0xff, 0x9f, 0xe7, 0xff, 0x9f, 0xe7, 0xff, 0x9f, 0xe7, 0xff, 0x9f, 0xe7, 0xff, 0x9f, 0xe7,
  0xff, 0x9f, 0xe7, 0xff, 0x9f, 0xe7, 0xff, 0x9f, 0xe7, 0xff, 0x9f, 0xe7, 0xff, 0x9f, 0xe7, 0xff,
  0x9f, 0xe7, 0xff, 0x9f, 0xe7, 0xff, 0x9f, 0xe7, 0xff, 0x9f, 0xe7, 0xff, 0x9f, 0xe7, 0xff, 0x9f,
  0xe7, 0xff, 0x9f, 0xe7, 0xff, 0x9f, 0xe7, 0xff, 0x9f, 0xe7, 0xff, 0x9f, 0xe7, 0xff, 0x9f, 0xe7,
  0xff, 0x9f, 0xe7, 0xff, 0x9f, 0xe7, 0xff, 0x9f, 0xe7, 0xff, 0x1c, 0xa7, 0xff, 0x55, 0x2e, 0xff,
  0x55, 0x2e, 0xff, 0x55, 0x2e, 0xff, 0x55, 0x2e, 0xff, 0x55, 0x2e, 0xff, 0xf9, 0x86, 0xff, 0xff,
  0xff, 0xff, 0xff, 0xff, 0xff, 0xff, 0xff, 0xff, 0x77, 0x4e, 0xff, 0x36, 0x26, 0xff, 0x36, 0x26,
  0xff, 0x16, 0x26, 0xff, 0x16, 0x26, 0xff, 0x17, 0x26, 0xff, 0x17, 0x26, 0xff, 0xff, 0xff, 0xff,
  0xff, 0xff, 0xff, 0xff, 0xff, 0xff, 0xf7, 0x25, 0xff, 0xf7, 0x25, 0xff, 0xf7, 0x25, 0xff, 0xf8,
  0x25, 0xff, 0xf8, 0x25, 0xff, 0xd8, 0x25, 0xff, 0xf8, 0x2d, 0xff, 0xbf, 0xe7, 0xff, 0xff, 0xff,
  0xff, 0xff, 0xff, 0xff, 0x1c, 0x9f, 0xff, 0xd9, 0x1d, 0xff, 0xb9, 0x1d, 0xff, 0xb9, 0x1d, 0xff,
  0xb9, 0x1d, 0xff, 0xb9, 0x1d, 0xff, 0x54, 0x14, 0x9a, 0x00, 0x00, 0x20, 0x00, 0x00, 0x00, 0x00,
  0x00, 0x00, 0x00, 0x00, 0x00, 0x00, 0x00, 0x00, 0x00, 0x00, 0x00, 0x00, 0x00, 0x00, 0x00, 0x00,
  0x00, 0x00, 0x00, 0x00, 0x00, 0x00, 0x00, 0x00, 0x00, 0x00, 0x00, 0x00, 0x00, 0x00, 0x00, 0x00,
  0x00, 0x00, 0x00, 0x00, 0x00, 0x00, 0x00, 0x00, 0x00, 0x00, 0x00, 0x00, 0x00, 0x00, 0x00, 0x00,
  0x00, 0x00, 0x00, 0x00, 0x00, 0x00, 0x00, 0x00, 0x00, 0x00, 0x00, 0x00, 0x00, 0x00, 0x7f, 0xe7,
  0x80, 0x7f, 0xe7, 0xff, 0x7f, 0xe7, 0xff, 0x7f, 0xe7, 0xff, 0x7f, 0xe7, 0xff, 0x7f, 0xe7, 0xff,
  0x7f, 0xe7, 0xff, 0x7f, 0xe7, 0xff, 0x7f, 0xe7, 0xff, 0x7f, 0xe7, 0xff, 0x7f, 0xe7, 0xff, 0x3a,
  0xe6, 0xff, 0x3a, 0xe6, 0xff, 0x5f, 0xe7, 0xff, 0x7f, 0xe7, 0xff, 0x7f, 0xe7, 0xff, 0x7f, 0xe7,
  0xff, 0x7f, 0xe7, 0xff, 0x7f, 0xe7, 0xff, 0x7f, 0xe7, 0xff, 0x7f, 0xe7, 0xff, 0x7f, 0xe7, 0xff,
  0x7f, 0xe7, 0xff, 0x7f, 0xe7, 0xff, 0x7f, 0xe7, 0xff, 0x7f, 0xe7, 0xff, 0x7f, 0xe7, 0xff, 0x7f,
  0xe7, 0xff, 0x7f, 0xe7, 0xff, 0x7f, 0xe7, 0xff, 0x7f, 0xe7, 0xff, 0x7f, 0xe7, 0xff, 0x7f, 0xe7,
  0xff, 0x7f, 0xe7, 0xff, 0x7f, 0xe7, 0xff, 0x7f, 0xe7, 0xff, 0x7f, 0xe7, 0xff, 0x7f, 0xe7, 0xff,
  0x7f, 0xe7, 0xff, 0x7f, 0xe7, 0xff, 0x7f, 0xe7, 0xff, 0x7f, 0xe7, 0xff, 0x7f, 0xe7, 0xff, 0x7f,
  0xe7, 0xff, 0x7f, 0xe7, 0xff, 0x7f, 0xe7, 0xff, 0x7f, 0xe7, 0xff, 0x7f, 0xe7, 0xff, 0x7f, 0xe7,
  0xff, 0x7f, 0xe7, 0xff, 0x7f, 0xe7, 0xff, 0x7f, 0xe7, 0xff, 0xb8, 0x6e, 0xff, 0x55, 0x2e, 0xff,
  0x55, 0x2e, 0xff, 0x55, 0x2e, 0xff, 0x55, 0x2e, 0xff, 0x35, 0x2e, 0xff, 0xde, 0xef, 0xff, 0xff,
  0xff, 0xff, 0xff, 0xff, 0xff, 0x1a, 0x8f, 0xff, 0x36, 0x26, 0xff, 0x36, 0x26, 0xff, 0x16, 0x26,
  0xff, 0x16, 0x26, 0xff, 0x17, 0x26, 0xff, 0x17, 0x26, 0xff, 0x17, 0x26, 0xff, 0xff, 0xff, 0xff,
  0xff, 0xff, 0xff, 0xff, 0xff, 0xff, 0xf7, 0x25, 0xff, 0xf7, 0x25, 0xff, 0xf8, 0x25, 0xff, 0xf8,
  0x25, 0xff, 0xd8, 0x25, 0xff, 0xd8, 0x25, 0xff, 0xd8, 0x25, 0xff, 0x7a, 0x66, 0xff, 0xff, 0xff,
  0xff, 0xff, 0xff, 0xff, 0xff, 0xff, 0xff, 0xf9, 0x35, 0xff, 0xb9, 0x1d, 0xff, 0xb9, 0x1d, 0xff,
  0xb9, 0x1d, 0xff, 0xb9, 0x1d, 0xff, 0x37, 0x1d, 0xcf, 0x00, 0x00, 0x20, 0x00, 0x00, 0x00, 0x00,
  0x00, 0x00, 0x00, 0x00, 0x00, 0x00, 0x00, 0x00, 0x00, 0x00, 0x00, 0x00, 0x00, 0x00, 0x00, 0x00,
  0x00, 0x00, 0x00, 0x00, 0x00, 0x00, 0x00, 0x00, 0x00, 0x00, 0x00, 0x00, 0x00, 0x00, 0x00, 0x00,
  0x00, 0x00, 0x00, 0x00, 0x00, 0x00, 0x00, 0x00, 0x00, 0x00, 0x00, 0x00, 0x00, 0x00, 0x00, 0x00,
  0x00, 0x00, 0x00, 0x00, 0x00, 0x00, 0x00, 0x00, 0x00, 0x00, 0x00, 0x00, 0x00, 0x00, 0x7f, 0xe7,
  0x80, 0x7f, 0xe7, 0xff, 0x7f, 0xe7, 0xff, 0x7f, 0xe7, 0xff, 0x7f, 0xe7, 0xff, 0x7f, 0xe7, 0xff,
  0x7f, 0xe7, 0xff, 0x7f, 0xe7, 0xff, 0x7f, 0xe7, 0xff, 0x7b, 0xe6, 0xff, 0xec, 0xea, 0xff, 0x28,
  0xea, 0xff, 0x28, 0xea, 0xff, 0x6a, 0xea, 0xff, 0xd8, 0xe5, 0xff, 0x7f, 0xe7, 0xff, 0x7f, 0xe7,
  0xff, 0x7f, 0xe7, 0xff, 0x7f, 0xe7, 0xff, 0x7f, 0xe7, 0xff, 0x7f, 0xe7, 0xff, 0x7f, 0xe7, 0xff,
  0x7f, 0xe7, 0xff, 0x7f, 0xe7, 0xff, 0x7f, 0xe7, 0xff, 0x7f, 0xe7, 0xff, 0x7f, 0xe7, 0xff, 0x7f,
  0xe7, 0xff, 0x7f, 0xe7, 0xff, 0x7f, 0xe7, 0xff, 0x7f, 0xe7, 0xff, 0x7f, 0xe7, 0xff, 0x7f, 0xe7,
  0xff, 0x7f, 0xe7, 0xff, 0x7f, 0xe7, 0xff, 0x7f, 0xe7, 0xff, 0x7f, 0xe7, 0xff, 0x7f, 0xe7, 0xff,
  0x7f, 0xe7, 0xff, 0x7f, 0xe7, 0xff, 0x7f, 0xe7, 0xff, 0x7f, 0xe7, 0xff, 0x7f, 0xe7, 0xff, 0x7f,
  0xe7, 0xff, 0x7f, 0xe7, 0xff, 0x7f, 0xe7, 0xff, 0x7f, 0xe7, 0xff, 0x7f, 0xe7, 0xff, 0x7f, 0xe7,
  0xff, 0x7f, 0xe7, 0xff, 0x7f, 0xe7, 0xff, 0x7f, 0xdf, 0xff, 0x55, 0x36, 0xff, 0x55, 0x2e, 0xff,
  0x55, 0x2e, 0xff, 0x55, 0x2e, 0xff, 0x35, 0x2e, 0xff, 0x98, 0x5e, 0xff, 0xff, 0xff, 0xff, 0xff,
  0xff, 0xff, 0xdf, 0xef, 0xff, 0x36, 0x2e, 0xff, 0x36, 0x26, 0xff, 0x16, 0x26, 0xff, 0x16, 0x26,
  0xff, 0x17, 0x26, 0xff, 0x17, 0x26, 0xff, 0x17, 0x26, 0xff, 0x17, 0x26, 0xff, 0xff, 0xff, 0xff,
  0xff, 0xff, 0xff, 0xff, 0xff, 0xff, 0xf7, 0x25, 0xff, 0xf8, 0x25, 0xff, 0xf8, 0x25, 0xff, 0xd8,
  0x25, 0xff, 0xd8, 0x25, 0xff, 0xd8, 0x25, 0xff, 0xd8, 0x1d, 0xff, 0xd8, 0x1d, 0xff, 0x7e, 0xc7,
  0xff, 0xff, 0xff, 0xff, 0xff, 0xff, 0xff, 0x9b, 0x76, 0xff, 0xb9, 0x1d, 0xff, 0xb9, 0x1d, 0xff,
  0xb9, 0x1d, 0xff, 0xb9, 0x1d, 0xff, 0x9a, 0x1d, 0xff, 0x8c, 0x0a, 0x35, 0x00, 0x00, 0x00, 0x00,
  0x00, 0x00, 0x00, 0x00, 0x00, 0x00, 0x00, 0x00, 0x00, 0x00, 0x00, 0x00, 0x00, 0x00, 0x00, 0x00,
  0x00, 0x00, 0x00, 0x00, 0x00, 0x00, 0x00, 0x00, 0x00, 0x00, 0x00, 0x00, 0x00, 0x00, 0x00, 0x00,
  0x00, 0x00, 0x00, 0x00, 0x00, 0x00, 0x00, 0x00, 0x00, 0x00, 0x00, 0x00, 0x00, 0x00, 0x00, 0x00,
  0x00, 0x00, 0x00, 0x00, 0x00, 0x00, 0x00, 0x00, 0x00, 0x00, 0x00, 0x00, 0x00, 0x00, 0x7f, 0xe7,
  0x80, 0x7f, 0xe7, 0xff, 0x7f, 0xe7, 0xff, 0x7f, 0xe7, 0xff, 0x7f, 0xe7, 0xff, 0x7f, 0xe7, 0xff,
  0x7f, 0xe7, 0xff, 0x7f, 0xe7, 0xff, 0x5f, 0xe7, 0xff, 0xcb, 0xea, 0xff, 0x28, 0xea, 0xff, 0x28,
  0xea, 0xff, 0x28, 0xea, 0xff, 0x28, 0xea, 0xff, 0x49, 0xea, 0xff, 0xdd, 0xe6, 0xff, 0x7f, 0xe7,
  0xff, 0x7f, 0xe7, 0xff, 0x7f, 0xe7, 0xff, 0x7f, 0xe7, 0xff, 0x7f, 0xe7, 0xff, 0x7f, 0xe7, 0xff,
  0x7f, 0xe7, 0xff, 0x7f, 0xe7, 0xff, 0x7f, 0xe7, 0xff, 0x7f, 0xe7, 0xff, 0x7f, 0xe7, 0xff, 0x7f,
  0xe7, 0xff, 0x7f, 0xe7, 0xff, 0x7f, 0xe7, 0xff, 0x7f, 0xe7, 0xff, 0x7f, 0xe7, 0xff, 0x7f, 0xe7,
  0xff, 0x7f, 0xe7, 0xff, 0x7f, 0xe7, 0xff, 0x7f, 0xe7, 0xff, 0x7f, 0xe7, 0xff, 0x7f, 0xe7, 0xff,
  0x7f, 0xe7, 0xff, 0x7f, 0xe7, 0xff, 0x7f, 0xe7, 0xff, 0x7f, 0xe7, 0xff, 0x7f, 0xe7, 0xff, 0x7f,
  0xe7, 0xff, 0x7f, 0xe7, 0xff, 0x7f, 0xe7, 0xff, 0x7f, 0xe7, 0xff, 0x7f, 0xe7, 0xff, 0x7f, 0xe7,
  0xff, 0x7f, 0xe7, 0xff, 0x7f, 0xe7, 0xff, 0x5e, 0xcf, 0xff, 0x55, 0x2e, 0xff, 0x55, 0x2e, 0xff,
  0x55, 0x2e, 0xff, 0x35, 0x2e, 0xff, 0x35, 0x2e, 0xff, 0x1b, 0x97, 0xff, 0xff, 0xff, 0xff, 0xff,
  0xff, 0xff, 0x3c, 0xa7, 0xff, 0x36, 0x26, 0xff, 0x16, 0x26, 0xff, 0x16, 0x26, 0xff, 0x17, 0x26,
  0xff, 0x17, 0x26, 0xff, 0x17, 0x26, 0xff, 0x17, 0x26, 0xff, 0xf7, 0x25, 0xff, 0xff, 0xff, 0xff,
  0xff, 0xff, 0xff, 0xff, 0xff, 0xff, 0xf8, 0x25, 0xff, 0xf8, 0x25, 0xff, 0xd8, 0x25, 0xff, 0xd8,
  0x25, 0xff, 0xd8, 0x25, 0xff, 0xd8, 0x1d, 0xff, 0xd8, 0x1d, 0xff, 0xd8, 0x1d, 0xff, 0xbb, 0x7e,
  0xff, 0xff, 0xff, 0xff, 0xff, 0xff, 0xff, 0x5d, 0xbf, 0xff, 0xb9, 0x1d, 0xff, 0xb9, 0x1d, 0xff,
  0xb9, 0x1d, 0xff, 0x9a, 0x1d, 0xff, 0x9a, 0x1d, 0xff, 0x13, 0x14, 0x58, 0x00, 0x00, 0x00, 0x00,
  0x00, 0x00, 0x00, 0x00, 0x00, 0x00, 0x00, 0x00, 0x00, 0x00, 0x00, 0x00, 0x00, 0x00, 0x00, 0x00,
  0x00, 0x00, 0x00, 0x00, 0x00, 0x00, 0x00, 0x00, 0x00, 0x00, 0x00, 0x00, 0x00, 0x00, 0x00, 0x00,
  0x00, 0x00, 0x00, 0x00, 0x00, 0x00, 0x00, 0x00, 0x00, 0x00, 0x00, 0x00, 0x00, 0x00, 0x00, 0x00,
  0x00, 0x00, 0x00, 0x00, 0x00, 0x00, 0x00, 0x00, 0x00, 0x00, 0x00, 0x00, 0x00, 0x00, 0x7f, 0xe7,
  0x80, 0x7f, 0xe7, 0xff, 0x7f, 0xe7, 0xff, 0x7f, 0xe7, 0xff, 0x7f, 0xe7, 0xff, 0x7f, 0xe7, 0xff,
  0x7f, 0xe7, 0xff, 0x7f, 0xe7, 0xff, 0xd8, 0xe5, 0xff, 0x28, 0xea, 0xff, 0x28, 0xea, 0xff, 0x28,
  0xea, 0xff, 0x28, 0xea, 0xff, 0x28, 0xea, 0xff, 0x28, 0xea, 0xff, 0x35, 0xed, 0xff, 0x7f, 0xe7,
  0xff, 0x7f, 0xe7, 0xff, 0x7f, 0xe7, 0xff, 0x7f, 0xe7, 0xff, 0x7f, 0xe7, 0xff, 0x7f, 0xe7, 0xff,
  0x7f, 0xe7, 0xff, 0x7f, 0xe7, 0xff, 0x7f, 0xe7, 0xff, 0x7f, 0xe7, 0xff, 0x7f, 0xe7, 0xff, 0x7f,
  0xe7, 0xff, 0x7f, 0xe7, 0xff, 0x7f, 0xe7, 0xff, 0x7f, 0xe7, 0xff, 0x7f, 0xe7, 0xff, 0x7f, 0xe7,
  0xff, 0x7f, 0xe7, 0xff, 0x7f, 0xe7, 0xff, 0x7f, 0xe7, 0xff, 0x7f, 0xe7, 0xff, 0x7f, 0xe7, 0xff,
  0x7f, 0xe7, 0xff, 0x7f, 0xe7, 0xff, 0x7f, 0xe7, 0xff, 0x7f, 0xe7, 0xff, 0x7f, 0xe7, 0xff, 0x7f,
  0xe7, 0xff, 0x7f, 0xe7, 0xff, 0x7f, 0xe7, 0xff, 0x7f, 0xe7, 0xff, 0x7f, 0xe7, 0xff, 0x7f, 0xe7,
  0xff, 0x7f, 0xe7, 0xff, 0x7f, 0xe7, 0xff, 0x3d, 0xb7, 0xff, 0x55, 0x2e, 0xff, 0x55, 0x2e, 0xff,
  0x35, 0x2e, 0xff, 0x35, 0x2e, 0xff, 0x36, 0x2e, 0xff, 0x7c, 0xbf, 0xff, 0xff, 0xff, 0xff, 0xff,
  0xff, 0xff, 0xb9, 0x6e, 0xff, 0x16, 0x26, 0xff, 0x16, 0x26, 0xff, 0x17, 0x26, 0xff, 0x17, 0x26,
  0xff, 0x17, 0x26, 0xff, 0x17, 0x26, 0xff, 0xf7, 0x25, 0xff, 0xf7, 0x25, 0xff, 0xff, 0xff, 0xff,
  0xff, 0xff, 0xff, 0xff, 0xff, 0xff, 0xf8, 0x25, 0xff, 0xd8, 0x25, 0xff, 0xd8, 0x25, 0xff, 0xd8,
  0x25, 0xff, 0xd8, 0x1d, 0xff, 0xd8, 0x1d, 0xff, 0xd8, 0x1d, 0xff, 0xd9, 0x1d, 0xff, 0x1a, 0x46,
  0xff, 0xff, 0xff, 0xff, 0xff, 0xff, 0xff, 0xbf, 0xe7, 0xff, 0xb9, 0x1d, 0xff, 0xb9, 0x1d, 0xff,
  0x9a, 0x1d, 0xff, 0x9a, 0x1d, 0xff, 0x9a, 0x1d, 0xff, 0x95, 0x14, 0x74, 0x00, 0x00, 0x00, 0x00,
  0x00, 0x00, 0x00, 0x00, 0x00, 0x00, 0x00, 0x00, 0x00, 0x00, 0x00, 0x00, 0x00, 0x00, 0x00, 0x00,
  0x00, 0x00, 0x00, 0x00, 0x00, 0x00, 0x00, 0x00, 0x00, 0x00, 0x00, 0x00, 0x00, 0x00, 0x00, 0x00,
  0x00, 0x00, 0x00, 0x00, 0x00, 0x00, 0x00, 0x00, 0x00, 0x00, 0x00, 0x00, 0x00, 0x00, 0x00, 0x00,
  0x00, 0x00, 0x00, 0x00, 0x00, 0x00, 0x00, 0x00, 0x00, 0x00, 0x00, 0x00, 0x00, 0x00, 0x7f, 0xe7,
  0x80, 0x7f, 0xe7, 0xff, 0x7f, 0xe7, 0xff, 0x7f, 0xe7, 0xff, 0x7f, 0xe7, 0xff, 0x7f, 0xe7, 0xff,
  0x7f, 0xe7, 0xff, 0x7f, 0xe7, 0xff, 0x77, 0xe5, 0xff, 0x28, 0xea, 0xff, 0x28, 0xea, 0xff, 0x28,
  0xea, 0xff, 0x28, 0xea, 0xff, 0x28, 0xea, 0xff, 0x28, 0xea, 0xff, 0x73, 0xd4, 0xff, 0x9c, 0xc6,
  0xff, 0x9c, 0xc6, 0xff, 0x9c, 0xc6, 0xff, 0x9c, 0xc6, 0xff, 0x9c, 0xc6, 0xff, 0x9c, 0xc6, 0xff,
  0x9c, 0xc6, 0xff, 0x9c, 0xc6, 0xff, 0x9c, 0xc6, 0xff, 0x9c, 0xc6, 0xff, 0x9c, 0xc6, 0xff, 0x9c,
  0xc6, 0xff, 0x9c, 0xc6, 0xff, 0x9c, 0xc6, 0xff, 0x9c, 0xc6, 0xff, 0x9c, 0xc6, 0xff, 0x9c, 0xc6,
  0xff, 0x9c, 0xc6, 0xff, 0x9c, 0xc6, 0xff, 0x9c, 0xc6, 0xff, 0x9c, 0xc6, 0xff, 0x9c, 0xc6, 0xff,
  0x9c, 0xc6, 0xff, 0x9c, 0xc6, 0xff, 0x9c, 0xc6, 0xff, 0x9c, 0xc6, 0xff, 0x9c, 0xc6, 0xff, 0x9c,
  0xc6, 0xff, 0x9c, 0xc6, 0xff, 0x9c, 0xc6, 0xff, 0x9c, 0xc6, 0xff, 0x9c, 0xc6, 0xff, 0x9c, 0xc6,
  0xff, 0x9c, 0xc6, 0xff, 0x9c, 0xc6, 0xff, 0x7a, 0x8e, 0xff, 0x55, 0x2e, 0xff, 0x35, 0x2e, 0xff,
  0x35, 0x2e, 0xff, 0x36, 0x2e, 0xff, 0x36, 0x2e, 0xff, 0xbe, 0xd7, 0xff, 0xff, 0xff, 0xff, 0xff,
  0xff, 0xff, 0x78, 0x56, 0xff, 0x16, 0x26, 0xff, 0x17, 0x26, 0xff, 0x17, 0x26, 0xff, 0x17, 0x26,
  0xff, 0x17, 0x26, 0xff, 0xf7, 0x25, 0xff, 0xf7, 0x25, 0xff, 0xf7, 0x25, 0xff, 0xff, 0xff, 0xff,
  0xff, 0xff, 0xff, 0xff, 0xff, 0xff, 0xf8, 0x2d, 0xff, 0xd8, 0x25, 0xff, 0xd8, 0x25, 0xff, 0xd8,
  0x1d, 0xff, 0xd8, 0x1d, 0xff, 0xd8, 0x1d, 0xff, 0xd9, 0x1d, 0xff, 0xb9, 0x1d, 0xff, 0xb9, 0x1d,
  0xff, 0xff, 0xff, 0xff, 0xff, 0xff, 0xff, 0xff, 0xff, 0xff, 0xb9, 0x1d, 0xff, 0x9a, 0x1d, 0xff,
  0x9a, 0x1d, 0xff, 0x9a, 0x1d, 0xff, 0x9a, 0x1d, 0xff, 0xd7, 0x14, 0x89, 0x00, 0x00, 0x00, 0x00,
  0x00, 0x00, 0x00, 0x00, 0x00, 0x00, 0x00, 0x00, 0x00, 0x00, 0x00, 0x00, 0x00, 0x00, 0x00, 0x00,
  0x00, 0x00, 0x00, 0x00, 0x00, 0x00, 0x00, 0x00, 0x00, 0x00, 0x00, 0x00, 0x00, 0x00, 0x00, 0x00,
  0x00, 0x00, 0x00, 0x00, 0x00, 0x00, 0x00, 0x00, 0x00, 0x00, 0x00, 0x00, 0x00, 0x00, 0x00, 0x00,
  0x00, 0x00, 0x00, 0x00, 0x00, 0x00, 0x00, 0x00, 0x00, 0x00, 0x00, 0x00, 0x00, 0x00, 0x7f, 0xe7,
  0x80, 0x7f, 0xe7, 0xff, 0x7f, 0xe7, 0xff, 0x7f, 0xe7, 0xff, 0x7f, 0xe7, 0xff, 0x7f, 0xe7, 0xff,
  0x7f, 0xe7, 0xff, 0x7f, 0xe7, 0xff, 0xfd, 0xe6, 0xff, 0x49, 0xea, 0xff, 0x28, 0xea, 0xff, 0x28,
  0xea, 0xff, 0x28, 0xea, 0xff, 0x28, 0xea, 0xff, 0x28, 0xea, 0xff, 0xd5, 0xb4, 0xff, 0xba, 0x9d,
  0xff, 0xba, 0x9d, 0xff, 0xba, 0x9d, 0xff, 0xba, 0x9d, 0xff, 0xba, 0x9d, 0xff, 0xba, 0x9d, 0xff,
  0xba, 0x9d, 0xff, 0xba, 0x9d, 0xff, 0xba, 0x9d, 0xff, 0xba, 0x9d, 0xff, 0xba, 0x9d, 0xff, 0xba,
  0x9d, 0xff, 0xba, 0x9d, 0xff, 0xba, 0x9d, 0xff, 0xba, 0x9d, 0xff, 0xba, 0x9d, 0xff, 0xba, 0x9d,
  0xff, 0xba, 0x9d, 0xff, 0xba, 0x9d, 0xff, 0xba, 0x9d, 0xff, 0xba, 0x9d, 0xff, 0xba, 0x9d, 0xff,
  0xba, 0x9d, 0xff, 0xba, 0x9d, 0xff, 0xba, 0x9d, 0xff, 0xba, 0x9d, 0xff, 0xba, 0x9d, 0xff, 0xba,
  0x9d, 0xff, 0xba, 0x9d, 0xff, 0xba, 0x9d, 0xff, 0xba, 0x9d, 0xff, 0xba, 0x9d, 0xff, 0xba, 0x9d,
  0xff, 0xba, 0x9d, 0xff, 0xba, 0x9d, 0xff, 0xf8, 0x6d, 0xff, 0x35, 0x2e, 0xff, 0x35, 0x2e, 0xff,
  0x36, 0x2e, 0xff, 0x36, 0x2e, 0xff, 0x36, 0x2e, 0xff, 0xdf, 0xef, 0xff, 0xff, 0xff, 0xff, 0xff,
  0xff, 0xff, 0x57, 0x46, 0xff, 0x17, 0x26, 0xff, 0x17, 0x26, 0xff, 0x17, 0x26, 0xff, 0x17, 0x26,
  0xff, 0xf7, 0x25, 0xff, 0xf7, 0x25, 0xff, 0xf7, 0x25, 0xff, 0xf7, 0x25, 0xff, 0xfc, 0x96, 0xff,
  0x5d, 0xb7, 0xff, 0xff, 0xff, 0xff, 0xdf, 0xef, 0xff, 0x9b, 0x6e, 0xff, 0xd8, 0x1d, 0xff, 0xd8,
  0x1d, 0xff, 0xd8, 0x1d, 0xff, 0xd9, 0x1d, 0xff, 0xb9, 0x1d, 0xff, 0xb9, 0x1d, 0xff, 0xb9, 0x1d,
  0xff, 0xdf, 0xef, 0xff, 0xff, 0xff, 0xff, 0xff, 0xff, 0xff, 0xfa, 0x35, 0xff, 0x9a, 0x1d, 0xff,
  0x9a, 0x1d, 0xff, 0x9a, 0x1d, 0xff, 0x9a, 0x1d, 0xff, 0xf7, 0x14, 0x90, 0x00, 0x00, 0x00, 0x00,
  0x00, 0x00, 0x00, 0x00, 0x00, 0x00, 0x00, 0x00, 0x00, 0x00, 0x00, 0x00, 0x00, 0x00, 0x00, 0x00,
  0x00, 0x00, 0x00, 0x00, 0x00, 0x00, 0x00, 0x00, 0x00, 0x00, 0x00, 0x00, 0x00, 0x00, 0x00, 0x00,
  0x00, 0x00, 0x00, 0x00, 0x00, 0x00, 0x00, 0x00, 0x00, 0x00, 0x00, 0x00, 0x00, 0x00, 0x00, 0x00,
  0x00, 0x00, 0x00, 0x00, 0x00, 0x00, 0x00, 0x00, 0x00, 0x00, 0x00, 0x00, 0x00, 0x00, 0x7f, 0xe7,
  0x78, 0x7f, 0xe7, 0xff, 0x7f, 0xe7, 0xff, 0x7f, 0xe7, 0xff, 0x7f, 0xe7, 0xff, 0x7f, 0xe7, 0xff,
  0x7f, 0xe7, 0xff, 0x7f, 0xe7, 0xff, 0x7f, 0xe7, 0xff, 0x56, 0xe5, 0xff, 0x28, 0xea, 0xff, 0x28,
  0xea, 0xff, 0x28, 0xea, 0xff, 0x28, 0xea, 0xff, 0x52, 0xe4, 0xff, 0x9c, 0xc6, 0xff, 0x9c, 0xc6,
  0xff, 0x9c, 0xc6, 0xff, 0x9c, 0xc6, 0xff, 0x9c, 0xc6, 0xff, 0x9c, 0xc6, 0xff, 0x9c, 0xc6, 0xff,
  0x9c, 0xc6, 0xff, 0x9c, 0xc6, 0xff, 0x9c, 0xc6, 0xff, 0x9c, 0xc6, 0xff, 0x9c, 0xc6, 0xff, 0x9c,
  0xc6, 0xff, 0x9c, 0xc6, 0xff, 0x9c, 0xc6, 0xff, 0x9c, 0xc6, 0xff, 0x9c, 0xc6, 0xff, 0x9c, 0xc6,
  0xff, 0x9c, 0xc6, 0xff, 0x9c, 0xc6, 0xff, 0x9c, 0xc6, 0xff, 0x9c, 0xc6, 0xff, 0x9c, 0xc6, 0xff,
  0x9c, 0xc6, 0xff, 0x9c, 0xc6, 0xff, 0x9c, 0xc6, 0xff, 0x9c, 0xc6, 0xff, 0x9c, 0xc6, 0xff, 0x9c,
  0xc6, 0xff, 0x9c, 0xc6, 0xff, 0x9c, 0xc6, 0xff, 0x9c, 0xc6, 0xff, 0x9c, 0xc6, 0xff, 0x9c, 0xc6,
  0xff, 0x9c, 0xc6, 0xff, 0x9c, 0xc6, 0xff, 0x7a, 0x8e, 0xff, 0x35, 0x2e, 0xff, 0x36, 0x2e, 0xff,
  0x36, 0x2e, 0xff, 0x36, 0x2e, 0xff, 0x36, 0x26, 0xff, 0xbe, 0xdf, 0xff, 0xff, 0xff, 0xff, 0xff,
  0xff, 0xff, 0x78, 0x4e, 0xff, 0x17, 0x26, 0xff, 0x17, 0x26, 0xff, 0x17, 0x26, 0xff, 0xf7, 0x25,
  0xff, 0xf7, 0x25, 0xff, 0xf7, 0x25, 0xff, 0xf7, 0x25, 0xff, 0xf8, 0x25, 0xff, 0xf8, 0x2d, 0xff,
  0xbe, 0xdf, 0xff, 0xff, 0xff, 0xff, 0xff, 0xff, 0xff, 0xff, 0xff, 0xff, 0x9e, 0xcf, 0xff, 0x5a,
  0x4e, 0xff, 0xd9, 0x1d, 0xff, 0xb9, 0x1d, 0xff, 0xb9, 0x1d, 0xff, 0xb9, 0x1d, 0xff, 0xb9, 0x1d,
  0xff, 0xff, 0xff, 0xff, 0xff, 0xff, 0xff, 0xff, 0xff, 0xff, 0xba, 0x25, 0xff, 0x9a, 0x1d, 0xff,
  0x9a, 0x1d, 0xff, 0x9a, 0x1d, 0xff, 0x9a, 0x1d, 0xff, 0xd7, 0x14, 0x90, 0x00, 0x00, 0x00, 0x00,
  0x00, 0x00, 0x00, 0x00, 0x00, 0x00, 0x00, 0x00, 0x00, 0x00, 0x00, 0x00, 0x00, 0x00, 0x00, 0x00,
  0x00, 0x00, 0x00, 0x00, 0x00, 0x00, 0x00, 0x00, 0x00, 0x00, 0x00, 0x00, 0x00, 0x00, 0x00, 0x00,
  0x00, 0x00, 0x00, 0x00, 0x00, 0x00, 0x00, 0x00, 0x00, 0x00, 0x00, 0x00, 0x00, 0x00, 0x00, 0x00,
  0x00, 0x00, 0x00, 0x00, 0x00, 0x00, 0x00, 0x00, 0x00, 0x00, 0x00, 0x00, 0x00, 0x00, 0x7f, 0xdf,
  0x58, 0x7f, 0xe7, 0xff, 0x7f, 0xe7, 0xff, 0x7f, 0xe7, 0xff, 0x7f, 0xe7, 0xff, 0x7f, 0xe7, 0xff,
  0x7f, 0xe7, 0xff, 0x7f, 0xe7, 0xff, 0x7f, 0xe7, 0xff, 0x7f, 0xe7, 0xff, 0x5a, 0xe6, 0xff, 0xd4,
  0xec, 0xff, 0xd4, 0xec, 0xff, 0xf9, 0xe5, 0xff, 0x7f, 0xe7, 0xff, 0x7f, 0xe7, 0xff, 0x7f, 0xe7,
  0xff, 0x7f, 0xe7, 0xff, 0x7f, 0xe7, 0xff, 0x7f, 0xe7, 0xff, 0x7f, 0xe7, 0xff, 0x7f, 0xe7, 0xff,
  0x7f, 0xe7, 0xff, 0x7f, 0xe7, 0xff, 0x7f, 0xe7, 0xff, 0x7f, 0xe7, 0xff, 0x7f, 0xe7, 0xff, 0x7f,
  0xe7, 0xff, 0x7f, 0xe7, 0xff, 0x7f, 0xe7, 0xff, 0x7f, 0xe7, 0xff, 0x7f, 0xe7, 0xff, 0x7f, 0xe7,
  0xff, 0x7f, 0xe7, 0xff, 0x7f, 0xe7, 0xff, 0x7f, 0xe7, 0xff, 0x7f, 0xe7, 0xff, 0x7f, 0xe7, 0xff,
  0x7f, 0xe7, 0xff, 0x7f, 0xe7, 0xff, 0x7f, 0xe7, 0xff, 0x7f, 0xe7, 0xff, 0x7f, 0xe7, 0xff, 0x7f,
  0xe7, 0xff, 0x7f, 0xe7, 0xff, 0x7f, 0xe7, 0xff, 0x7f, 0xe7, 0xff, 0x7f, 0xe7, 0xff, 0x7f, 0xe7,
  0xff, 0x7f, 0xe7, 0xff, 0x7f, 0xe7, 0xff, 0x3d, 0xb7, 0xff, 0x36, 0x2e, 0xff, 0x36, 0x2e, 0xff,
  0x36, 0x2e, 0xff, 0x36, 0x26, 0xff, 0x36, 0x26, 0xff, 0x7d, 0xc7, 0xff, 0xff, 0xff, 0xff, 0xff,
  0xff, 0xff, 0x99, 0x66, 0xff, 0x17, 0x26, 0xff, 0x17, 0x26, 0xff, 0xf7, 0x25, 0xff, 0xf7, 0x25,
  0xff, 0xf7, 0x25, 0xff, 0xf7, 0x25, 0xff, 0xf8, 0x25, 0xff, 0xf8, 0x25, 0xff, 0xd8, 0x25, 0xff,
  0x7a, 0x5e, 0xff, 0xbe, 0xdf, 0xff, 0xff, 0xff, 0xff, 0xff, 0xff, 0xff, 0xff, 0xff, 0xff, 0xff,
  0xff, 0xff, 0x3d, 0xb7, 0xff, 0xf9, 0x35, 0xff, 0xb9, 0x1d, 0xff, 0xb9, 0x1d, 0xff, 0xda, 0x35,
  0xff, 0xff, 0xff, 0xff, 0xff, 0xff, 0xff, 0xdf, 0xef, 0xff, 0x9a, 0x1d, 0xff, 0x9a, 0x1d, 0xff,
  0x9a, 0x1d, 0xff, 0x9a, 0x1d, 0xff, 0x9a, 0x15, 0xff, 0x96, 0x14, 0x74, 0x00, 0x00, 0x00, 0x00,
  0x00, 0x00, 0x00, 0x00, 0x00, 0x00, 0x00, 0x00, 0x00, 0x00, 0x00, 0x00, 0x00, 0x00, 0x00, 0x00,
  0x00, 0x00, 0x00, 0x00, 0x00, 0x00, 0x00, 0x00, 0x00, 0x00, 0x00, 0x00, 0x00, 0x00, 0x00, 0x00,
  0x00, 0x00, 0x00, 0x00, 0x00, 0x00, 0x00, 0x00, 0x00, 0x00, 0x00, 0x00, 0x00, 0x00, 0x00, 0x00,
  0x00, 0x00, 0x00, 0x00, 0x00, 0x00, 0x00, 0x00, 0x00, 0x00, 0x00, 0x00, 0x00, 0x00, 0x7f, 0xdf,
  0x40, 0x7f, 0xe7, 0xff, 0x7f, 0xe7, 0xff, 0x7f, 0xe7, 0xff, 0x7f, 0xe7, 0xff, 0x7f, 0xe7, 0xff,
  0x7f, 0xe7, 0xff, 0x7f, 0xe7, 0xff, 0x7f, 0xe7, 0xff, 0x7f, 0xe7, 0xff, 0x7f, 0xe7, 0xff, 0x7f,
  0xe7, 0xff, 0x7f, 0xe7, 0xff, 0x7f, 0xe7, 0xff, 0x7f, 0xe7, 0xff, 0x7f, 0xe7, 0xff, 0x7f, 0xe7,
  0xff, 0x7f, 0xe7, 0xff, 0x7f, 0xe7, 0xff, 0x7f, 0xe7, 0xff, 0x7f, 0xe7, 0xff, 0x7f, 0xe7, 0xff,
  0x7f, 0xe7, 0xff, 0x7f, 0xe7, 0xff, 0x7f, 0xe7, 0xff, 0x7f, 0xe7, 0xff, 0x7f, 0xe7, 0xff, 0x7f,
  0xe7, 0xff, 0x7f, 0xe7, 0xff, 0x7f, 0xe7, 0xff, 0x7f, 0xe7, 0xff, 0x7f, 0xe7, 0xff, 0x7f, 0xe7,
  0xff, 0x7f, 0xe7, 0xff, 0x7f, 0xe7, 0xff, 0x7f, 0xe7, 0xff, 0x7f, 0xe7, 0xff, 0x7f, 0xe7, 0xff,
  0x7f, 0xe7, 0xff, 0x7f, 0xe7, 0xff, 0x7f, 0xe7, 0xff, 0x7f, 0xe7, 0xff, 0x7f, 0xe7, 0xff, 0x7f,
  0xe7, 0xff, 0x7f, 0xe7, 0xff, 0x7f, 0xe7, 0xff, 0x7f, 0xe7, 0xff, 0x7f, 0xe7, 0xff, 0x7f, 0xe7,
  0xff, 0x7f, 0xe7, 0xff, 0x7f, 0xe7, 0xff, 0x5e, 0xc7, 0xff, 0x36, 0x2e, 0xff, 0x36, 0x2e, 0xff,
  0x36, 0x26, 0xff, 0x36, 0x26, 0xff, 0x16, 0x26, 0xff, 0x3b, 0xa7, 0xff, 0xff, 0xff, 0xff, 0xff,
  0xff, 0xff, 0x1b, 0x97, 0xff, 0x17, 0x26, 0xff, 0xf7, 0x25, 0xff, 0xf7, 0x25, 0xff, 0xf7, 0x25,
  0xff, 0xf7, 0x25, 0xff, 0xf8, 0x25, 0xff, 0xf8, 0x25, 0xff, 0xd8, 0x25, 0xff, 0xd8, 0x25, 0xff,
  0xd8, 0x25, 0xff, 0xd8, 0x1d, 0xff, 0xdb, 0x86, 0xff, 0xdf, 0xf7, 0xff, 0xff, 0xff, 0xff, 0xff,
  0xff, 0xff, 0xff, 0xff, 0xff, 0xff, 0xff, 0xff, 0xfa, 0x35, 0xff, 0xb9, 0x1d, 0xff, 0x7c, 0x6e,
  0xff, 0xff, 0xff, 0xff, 0xff, 0xff, 0xff, 0x7e, 0xc7, 0xff, 0x9a, 0x1d, 0xff, 0x9a, 0x1d, 0xff,
  0x9a, 0x1d, 0xff, 0x9a, 0x15, 0xff, 0x9a, 0x15, 0xff, 0x14, 0x14, 0x5f, 0x00, 0x00, 0x00, 0x00,
  0x00, 0x00, 0x00, 0x00, 0x00, 0x00, 0x00, 0x00, 0x00, 0x00, 0x00, 0x00, 0x00, 0x00, 0x00, 0x00,
  0x00, 0x00, 0x00, 0x00, 0x00, 0x00, 0x00, 0x00, 0x00, 0x00, 0x00, 0x00, 0x00, 0x00, 0x00, 0x00,
  0x00, 0x00, 0x00, 0x00, 0x00, 0x00, 0x00, 0x00, 0x00, 0x00, 0x00, 0x00, 0x00, 0x00, 0x00, 0x00,
  0x00, 0x00, 0x00, 0x00, 0x00, 0x00, 0x00, 0x00, 0x00, 0x00, 0x00, 0x00, 0x00, 0x00, 0x7f, 0xdf,
  0x20, 0x7f, 0xe7, 0xff, 0x7f, 0xe7, 0xff, 0x7f, 0xe7, 0xff, 0x7f, 0xe7, 0xff, 0x7f, 0xe7, 0xff,
  0x7f, 0xe7, 0xff, 0x7f, 0xe7, 0xff, 0x7f, 0xe7, 0xff, 0x7f, 0xe7, 0xff, 0x7f, 0xe7, 0xff, 0x7f,
  0xe7, 0xff, 0x7f, 0xe7, 0xff, 0x7f, 0xe7, 0xff, 0x7f, 0xe7, 0xff, 0x7f, 0xe7, 0xff, 0x7f, 0xe7,
  0xff, 0x7f, 0xe7, 0xff, 0x7f, 0xe7, 0xff, 0x7f, 0xe7, 0xff, 0x7f, 0xe7, 0xff, 0x7f, 0xe7, 0xff,
  0x7f, 0xe7, 0xff, 0x7f, 0xe7, 0xff, 0x7f, 0xe7, 0xff, 0x7f, 0xe7, 0xff, 0x7f, 0xe7, 0xff, 0x7f,
  0xe7, 0xff, 0x7f, 0xe7, 0xff, 0x7f, 0xe7, 0xff, 0x7f, 0xe7, 0xff, 0x7f, 0xe7, 0xff, 0x7f, 0xe7,
  0xff, 0x7f, 0xe7, 0xff, 0x7f, 0xe7, 0xff, 0x7f, 0xe7, 0xff, 0x7f, 0xe7, 0xff, 0x7f, 0xe7, 0xff,
  0x7f, 0xe7, 0xff, 0x7f, 0xe7, 0xff, 0x7f, 0xe7, 0xff, 0x7f, 0xe7, 0xff, 0x7f, 0xe7, 0xff, 0x7f,
  0xe7, 0xff, 0x7f, 0xe7, 0xff, 0x7f, 0xe7, 0xff, 0x7f, 0xe7, 0xff, 0x7f, 0xe7, 0xff, 0x7f, 0xe7,
  0xff, 0x7f, 0xe7, 0xff, 0x7f, 0xe7, 0xff, 0x5f, 0xd7, 0xff, 0x36, 0x2e, 0xff, 0x36, 0x26, 0xff,
  0x36, 0x26, 0xff, 0x16, 0x26, 0xff, 0x16, 0x26, 0xff, 0x99, 0x66, 0xff, 0xff, 0xff, 0xff, 0xff,
  0xff, 0xff, 0xbe, 0xdf, 0xff, 0xf7, 0x25, 0xff, 0xf7, 0x25, 0xff, 0xf7, 0x25, 0xff, 0xf7, 0x25,
  0xff, 0xf8, 0x25, 0xff, 0xf8, 0x25, 0xff, 0xd8, 0x25, 0xff, 0xd8, 0x25, 0xff, 0xd8, 0x25, 0xff,
  0xd8, 0x1d, 0xff, 0xd8, 0x1d, 0xff, 0xd8, 0x1d, 0xff, 0xf9, 0x2d, 0xff, 0xfc, 0x9e, 0xff, 0xff,
  0xff, 0xff, 0xff, 0xff, 0xff, 0x5d, 0xb7, 0xff, 0xb9, 0x1d, 0xff, 0xb9, 0x1d, 0xff, 0x3d, 0xb7,
  0xff, 0xff, 0xff, 0xff, 0xff, 0xff, 0xff, 0xdd, 0x8e, 0xff, 0x9a, 0x1d, 0xff, 0x9a, 0x1d, 0xff,
  0x9a, 0x15, 0xff, 0x9a, 0x15, 0xff, 0x7b, 0x15, 0xff, 0x30, 0x0b, 0x43, 0x00, 0x00, 0x00, 0x00,
  0x00, 0x00, 0x00, 0x00, 0x00, 0x00, 0x00, 0x00, 0x00, 0x00, 0x00, 0x00, 0x00, 0x00, 0x00, 0x00,
  0x00, 0x00, 0x00, 0x00, 0x00, 0x00, 0x00, 0x00, 0x00, 0x00, 0x00, 0x00, 0x00, 0x00, 0x00, 0x00,
  0x00, 0x00, 0x00, 0x00, 0x00, 0x00, 0x00, 0x00, 0x00, 0x00, 0x00, 0x00, 0x00, 0x00, 0x00, 0x00,
  0x00, 0x00, 0x00, 0x00, 0x00, 0x00, 0x00, 0x00, 0x00, 0x00, 0x00, 0x00, 0x00, 0x00, 0xff, 0xde,
  0x08, 0x7f, 0xe7, 0xf7, 0x7f, 0xe7, 0xff, 0x7f, 0xe7, 0xff, 0x7f, 0xe7, 0xff, 0x7f, 0xe7, 0xff,
  0x7f, 0xe7, 0xff, 0x7f, 0xe7, 0xff, 0x7f, 0xe7, 0xff, 0x7f, 0xe7, 0xff, 0x7f, 0xe7, 0xff, 0x7f,
  0xe7, 0xff, 0x7f, 0xe7, 0xff, 0x7f, 0xe7, 0xff, 0x7f, 0xe7, 0xff, 0x7f, 0xe7, 0xff, 0x7f, 0xe7,
  0xff, 0x7f, 0xe7, 0xff, 0x7f, 0xe7, 0xff, 0x7f, 0xe7, 0xff, 0x7f, 0xe7, 0xff, 0x7f, 0xe7, 0xff,
  0x7f, 0xe7, 0xff, 0x7f, 0xe7, 0xff, 0x7f, 0xe7, 0xff, 0x7f, 0xe7, 0xff, 0x7f, 0xe7, 0xff, 0x7f,
  0xe7, 0xff, 0x7f, 0xe7, 0xff, 0x7f, 0xe7, 0xff, 0x7f, 0xe7, 0xff, 0x7f, 0xe7, 0xff, 0x7f, 0xe7,
  0xff, 0x7f, 0xe7, 0xff, 0x7f, 0xe7, 0xff, 0x7f, 0xe7, 0xff, 0x7f, 0xe7, 0xff, 0x7f, 0xe7, 0xff,
  0x7f, 0xe7, 0xff, 0x7f, 0xe7, 0xff, 0x7f, 0xe7, 0xff, 0x7f, 0xe7, 0xff, 0x7f, 0xe7, 0xff, 0x7f,
  0xe7, 0xff, 0x7f, 0xe7, 0xff, 0x7f, 0xe7, 0xff, 0x7f, 0xe7, 0xff, 0x7f, 0xe7, 0xff, 0x7f, 0xe7,
  0xff, 0x7f, 0xe7, 0xff, 0x7f, 0xe7, 0xff, 0x7f, 0xe7, 0xff, 0x78, 0x56, 0xff, 0x36, 0x26, 0xff,
  0x16, 0x26, 0xff, 0x16, 0x26, 0xff, 0x17, 0x26, 0xff, 0x17, 0x2e, 0xff, 0xff, 0xff, 0xff, 0xff,
  0xff, 0xff, 0xff, 0xff, 0xff, 0x9a, 0x6e, 0xff, 0xf7, 0x25, 0xff, 0xf7, 0x25, 0xff, 0xf8, 0x25,
  0xff, 0xf8, 0x25, 0xff, 0xd8, 0x25, 0xff, 0xd8, 0x25, 0xff, 0xd8, 0x25, 0xff, 0xd8, 0x1d, 0xff,
  0xd8, 0x1d, 0xff, 0xd8, 0x1d, 0xff, 0xd9, 0x1d, 0xff, 0xb9, 0x1d, 0xff, 0xb9, 0x1d, 0xff, 0x1a,
  0x46, 0xff, 0x5d, 0xb7, 0xff, 0x1a, 0x3e, 0xff, 0xb9, 0x1d, 0xff, 0x1b, 0x46, 0xff, 0xff, 0xff,
  0xff, 0xff, 0xff, 0xff, 0xff, 0xff, 0xff, 0x1b, 0x46, 0xff, 0x9a, 0x1d, 0xff, 0x9a, 0x15, 0xff,
  0x9a, 0x15, 0xff, 0x7b, 0x15, 0xff, 0x39, 0x15, 0xe1, 0x00, 0x00, 0x20, 0x00, 0x00, 0x00, 0x00,
  0x00, 0x00, 0x00, 0x00, 0x00, 0x00, 0x00, 0x00, 0x00, 0x00, 0x00, 0x00, 0x00, 0x00, 0x00, 0x00,
  0x00, 0x00, 0x00, 0x00, 0x00, 0x00, 0x00, 0x00, 0x00, 0x00, 0x00, 0x00, 0x00, 0x00, 0x00, 0x00,
  0x00, 0x00, 0x00, 0x00, 0x00, 0x00, 0x00, 0x00, 0x00, 0x00, 0x00, 0x00, 0x00, 0x00, 0x00, 0x00,
  0x00, 0x00, 0x00, 0x00, 0x00, 0x00, 0x00, 0x00, 0x00, 0x00, 0x00, 0x00, 0x00, 0x00, 0x00, 0x00,
  0x00, 0x7f, 0xe7, 0xa7, 0x7f, 0xe7, 0xff, 0x7f, 0xe7, 0xff, 0x7f, 0xe7, 0xff, 0x7f, 0xe7, 0xff,
  0x7f, 0xe7, 0xff, 0x7f, 0xe7, 0xff, 0x7f, 0xe7, 0xff, 0x7f, 0xe7, 0xff, 0x7f, 0xe7, 0xff, 0x7f,
  0xe7, 0xff, 0x7f, 0xe7, 0xff, 0x7f, 0xe7, 0xff, 0x7f, 0xe7, 0xff, 0x7f, 0xe7, 0xff, 0x7f, 0xe7,
  0xff, 0x7f, 0xe7, 0xff, 0x7f, 0xe7, 0xff, 0x7f, 0xe7, 0xff, 0x7f, 0xe7, 0xff, 0x7f, 0xe7, 0xff,
  0x7f, 0xe7, 0xff, 0x7f, 0xe7, 0xff, 0x7f, 0xe7, 0xff, 0x7f, 0xe7, 0xff, 0x7f, 0xe7, 0xff, 0x7f,
  0xe7, 0xff, 0x7f, 0xe7, 0xff, 0x7f, 0xe7, 0xff, 0x7f, 0xe7, 0xff, 0x7f, 0xe7, 0xff, 0x7f, 0xe7,
  0xff, 0x7f, 0xe7, 0xff, 0x7f, 0xe7, 0xff, 0x7f, 0xe7, 0xff, 0x7f, 0xe7, 0xff, 0x7f, 0xe7, 0xff,
  0x7f, 0xe7, 0xff, 0x7f, 0xe7, 0xff, 0x7f, 0xe7, 0xff, 0x7f, 0xe7, 0xff, 0x7f, 0xe7, 0xff, 0x7f,
  0xe7, 0xff, 0x7f, 0xe7, 0xff, 0x7f, 0xe7, 0xff, 0x7f, 0xe7, 0xff, 0x7f, 0xe7, 0xff, 0x7f, 0xe7,
  0xff, 0x7f, 0xe7, 0xff, 0x7f, 0xe7, 0xff, 0x7f, 0xe7, 0xff, 0xfc, 0x96, 0xff, 0x16, 0x26, 0xff,
  0x16, 0x26, 0xff, 0x17, 0x26, 0xff, 0x17, 0x26, 0xff, 0x17, 0x26, 0xff, 0x1c, 0x9f, 0xff, 0xff,
  0xff, 0xff, 0xff, 0xff, 0xff, 0xdf, 0xef, 0xff, 0xf8, 0x2d, 0xff, 0xf8, 0x25, 0xff, 0xf8, 0x25,
  0xff, 0xd8, 0x25, 0xff, 0xd8, 0x25, 0xff, 0xd8, 0x25, 0xff, 0xd8, 0x1d, 0xff, 0xd8, 0x1d, 0xff,
  0xd8, 0x1d, 0xff, 0xd9, 0x1d, 0xff, 0xb9, 0x1d, 0xff, 0xb9, 0x1d, 0xff, 0xb9, 0x1d, 0xff, 0xb9,
  0x1d, 0xff, 0xb9, 0x1d, 0xff, 0xb9, 0x1d, 0xff, 0x9a, 0x1d, 0xff, 0x5e, 0xbf, 0xff, 0xff, 0xff,
  0xff, 0xff, 0xff, 0xff, 0x5e, 0xc7, 0xff, 0x9a, 0x1d, 0xff, 0x9a, 0x15, 0xff, 0x9a, 0x15, 0xff,
  0x7b, 0x15, 0xff, 0x7b, 0x15, 0xff, 0x76, 0x14, 0xa5, 0x00, 0x00, 0x20, 0x00, 0x00, 0x00, 0x00,
  0x00, 0x00, 0x00, 0x00, 0x00, 0x00, 0x00, 0x00, 0x00, 0x00, 0x00, 0x00, 0x00, 0x00, 0x00, 0x00,
  0x00, 0x00, 0x00, 0x00, 0x00, 0x00, 0x00, 0x00, 0x00, 0x00, 0x00, 0x00, 0x00, 0x00, 0x00, 0x00,
  0x00, 0x00, 0x00, 0x00, 0x00, 0x00, 0x00, 0x00, 0x00, 0x00, 0x00, 0x00, 0x00, 0x00, 0x00, 0x00,
  0x00, 0x00, 0x00, 0x00, 0x00, 0x00, 0x00, 0x00, 0x00, 0x00, 0x00, 0x00, 0x00, 0x00, 0x00, 0x00,
  0x00, 0x7f, 0xdf, 0x60, 0x7f, 0xe7, 0xff, 0x7f, 0xe7, 0xff, 0x7f, 0xe7, 0xff, 0x7f, 0xe7, 0xff,
  0x7f, 0xe7, 0xff, 0x7f, 0xe7, 0xff, 0x7f, 0xe7, 0xff, 0x7f, 0xe7, 0xff, 0x7f, 0xe7, 0xff, 0x7f,
  0xe7, 0xff, 0x7f, 0xe7, 0xff, 0x7f, 0xe7, 0xff, 0x7f, 0xe7, 0xff, 0x7f, 0xe7, 0xff, 0x7f, 0xe7,
  0xff, 0x7f, 0xe7, 0xff, 0x7f, 0xe7, 0xff, 0x7f, 0xe7, 0xff, 0x7f, 0xe7, 0xff, 0x7f, 0xe7, 0xff,
  0x7f, 0xe7, 0xff, 0x7f, 0xe7, 0xff, 0x7f, 0xe7, 0xff, 0x7f, 0xe7, 0xff, 0x7f, 0xe7, 0xff, 0x7f,
  0xe7, 0xff, 0x7f, 0xe7, 0xff, 0x7f, 0xe7, 0xff, 0x7f, 0xe7, 0xff, 0x7f, 0xe7, 0xff, 0x7f, 0xe7,
  0xff, 0x7f, 0xe7, 0xff, 0x7f, 0xe7, 0xff, 0x7f, 0xe7, 0xff, 0x7f, 0xe7, 0xff, 0x7f, 0xe7, 0xff,
  0x7f, 0xe7, 0xff, 0x7f, 0xe7, 0xff, 0x7f, 0xe7, 0xff, 0x7f, 0xe7, 0xff, 0x7f, 0xe7, 0xff, 0x7f,
  0xe7, 0xff, 0x7f, 0xe7, 0xff, 0x7f, 0xe7, 0xff, 0x7f, 0xe7, 0xff, 0x7f, 0xe7, 0xff, 0x7f, 0xe7,
  0xff, 0x7f, 0xe7, 0xff, 0x7f, 0xe7, 0xff, 0x7f, 0xe7, 0xff, 0x5f, 0xcf, 0xff, 0x16, 0x26, 0xff,
  0x17, 0x26, 0xff, 0x17, 0x26, 0xff, 0x17, 0x26, 0xff, 0x17, 0x26, 0xff, 0x38, 0x3e, 0xff, 0xff,
  0xff, 0xff, 0xff, 0xff, 0xff, 0xff, 0xff, 0xff, 0x5d, 0xbf, 0xff, 0xf8, 0x25, 0xff, 0xd8, 0x25,
  0xff, 0xd8, 0x25, 0xff, 0xd8, 0x25, 0xff, 0xd8, 0x1d, 0xff, 0xd8, 0x1d, 0xff, 0xd8, 0x1d, 0xff,
  0xd9, 0x1d, 0xff, 0xb9, 0x1d, 0xff, 0xb9, 0x1d, 0xff, 0xb9, 0x1d, 0xff, 0xb9, 0x1d, 0xff, 0xb9,
  0x1d, 0xff, 0xb9, 0x1d, 0xff, 0x9a, 0x1d, 0xff, 0xdd, 0x8e, 0xff, 0xff, 0xff, 0xff, 0xff, 0xff,
  0xff, 0xff, 0xff, 0xff, 0x1b, 0x46, 0xff, 0x9a, 0x15, 0xff, 0x9a, 0x15, 0xff, 0x7b, 0x15, 0xff,
  0x7b, 0x15, 0xff, 0x7b, 0x15, 0xff, 0xce, 0x0a, 0x6a, 0x00, 0x00, 0x1e, 0x00, 0x00, 0x00, 0x00,
  0x00, 0x00, 0x00, 0x00, 0x00, 0x00, 0x00, 0x00, 0x00, 0x00, 0x00, 0x00, 0x00, 0x00, 0x00, 0x00,
  0x00, 0x00, 0x00, 0x00, 0x00, 0x00, 0x00, 0x00, 0x00, 0x00, 0x00, 0x00, 0x00, 0x00, 0x00, 0x00,
  0x00, 0x00, 0x00, 0x00, 0x00, 0x00, 0x00, 0x00, 0x00, 0x00, 0x00, 0x00, 0x00, 0x00, 0x00, 0x00,
  0x00, 0x00, 0x00, 0x00, 0x00, 0x00, 0x00, 0x00, 0x00, 0x00, 0x00, 0x00, 0x00, 0x00, 0x00, 0x00,
  0x00, 0x7f, 0xdf, 0x10, 0x7f, 0xe7, 0xf7, 0x7f, 0xe7, 0xff, 0x7f, 0xe7, 0xff, 0x7f, 0xe7, 0xff,
  0x7f, 0xe7, 0xff, 0x7f, 0xe7, 0xff, 0x7f, 0xe7, 0xff, 0x7f, 0xe7, 0xff, 0x7f, 0xe7, 0xff, 0x7f,
  0xe7, 0xff, 0x7f, 0xe7, 0xff, 0x7f, 0xe7, 0xff, 0x7f, 0xe7, 0xff, 0x7f, 0xe7, 0xff, 0x7f, 0xe7,
  0xff, 0x7f, 0xe7, 0xff, 0x7f, 0xe7, 0xff, 0x7f, 0xe7, 0xff, 0x7f, 0xe7, 0xff, 0x7f, 0xe7, 0xff,
  0x7f, 0xe7, 0xff, 0x7f, 0xe7, 0xff, 0x7f, 0xe7, 0xff, 0x7f, 0xe7, 0xff, 0x7f, 0xe7, 0xff, 0x7f,
  0xe7, 0xff, 0x7f, 0xe7, 0xff, 0x7f, 0xe7, 0xff, 0x7f, 0xe7, 0xff, 0x7f, 0xe7, 0xff, 0x7f, 0xe7,
  0xff, 0x7f, 0xe7, 0xff, 0x7f, 0xe7, 0xff, 0x7f, 0xe7, 0xff, 0x7f, 0xe7, 0xff, 0x7f, 0xe7, 0xff,
  0x7f, 0xe7, 0xff, 0x7f, 0xe7, 0xff, 0x7f, 0xe7, 0xff, 0x7f, 0xe7, 0xff, 0x7f, 0xe7, 0xff, 0x7f,
  0xe7, 0xff, 0x7f, 0xe7, 0xff, 0x7f, 0xe7, 0xff, 0x7f, 0xe7, 0xff, 0x7f, 0xe7, 0xff, 0x7f, 0xe7,
  0xff, 0x7f, 0xe7, 0xff, 0x7f, 0xe7, 0xff, 0x7f, 0xe7, 0xff, 0x7f, 0xe7, 0xff, 0x79, 0x66, 0xff,
  0x17, 0x26, 0xff, 0x17, 0x26, 0xff, 0x17, 0x26, 0xff, 0xf7, 0x25, 0xff, 0xf7, 0x25, 0xff, 0xdb,
  0x7e, 0xff, 0xff, 0xff, 0xff, 0xff, 0xff, 0xff, 0xff, 0xff, 0xff, 0x3d, 0xaf, 0xff, 0xf8, 0x25,
  0xff, 0xd8, 0x25, 0xff, 0xd8, 0x1d, 0xff, 0xd8, 0x1d, 0xff, 0xd8, 0x1d, 0xff, 0xd9, 0x1d, 0xff,
  0xb9, 0x1d, 0xff, 0xb9, 0x1d, 0xff, 0xb9, 0x1d, 0xff, 0xb9, 0x1d, 0xff, 0xb9, 0x1d, 0xff, 0xb9,
  0x1d, 0xff, 0x9a, 0x1d, 0xff, 0xdd, 0x8e, 0xff, 0xff, 0xff, 0xff, 0xff, 0xff, 0xff, 0xff, 0xff,
  0xff, 0xfd, 0x9e, 0xff, 0x9a, 0x15, 0xff, 0x9a, 0x15, 0xff, 0x7b, 0x15, 0xff, 0x7b, 0x15, 0xff,
  0x7b, 0x15, 0xff, 0x39, 0x15, 0xdb, 0x00, 0x00, 0x40, 0x00, 0x00, 0x18, 0x00, 0x00, 0x00, 0x00,
  0x00, 0x00, 0x00, 0x00, 0x00, 0x00, 0x00, 0x00, 0x00, 0x00, 0x00, 0x00, 0x00, 0x00, 0x00, 0x00,
  0x00, 0x00, 0x00, 0x00, 0x00, 0x00, 0x00, 0x00, 0x00, 0x00, 0x00, 0x00, 0x00, 0x00, 0x00, 0x00,
  0x00, 0x00, 0x00, 0x00, 0x00, 0x00, 0x00, 0x00, 0x00, 0x00, 0x00, 0x00, 0x00, 0x00, 0x00, 0x00,
  0x00, 0x00, 0x00, 0x00, 0x00, 0x00, 0x00, 0x00, 0x00, 0x00, 0x00, 0x00, 0x00, 0x00, 0x00, 0x00,
  0x00, 0x00, 0x00, 0x00, 0x7f, 0xe7, 0x8f, 0x7f, 0xe7, 0xff, 0x7f, 0xe7, 0xff, 0x7f, 0xe7, 0xff,
  0x7f, 0xe7, 0xff, 0x7f, 0xe7, 0xff, 0x7f, 0xe7, 0xff, 0x7f, 0xe7, 0xff, 0x7f, 0xe7, 0xff, 0x7f,
  0xe7, 0xff, 0x7f, 0xe7, 0xff, 0x7f, 0xe7, 0xff, 0x7f, 0xe7, 0xff, 0x7f, 0xe7, 0xff, 0x7f, 0xe7,
  0xff, 0x7f, 0xe7, 0xff, 0x7f, 0xe7, 0xff, 0x7f, 0xe7, 0xff, 0x7f, 0xe7, 0xff, 0x7f, 0xe7, 0xff,
  0x7f, 0xe7, 0xff, 0x7f, 0xe7, 0xff, 0x7f, 0xe7, 0xff, 0x7f, 0xe7, 0xff, 0x7f, 0xe7, 0xff, 0x7f,
  0xe7, 0xff, 0x7f, 0xe7, 0xff, 0x7f, 0xe7, 0xff, 0x7f, 0xe7, 0xff, 0x7f, 0xe7, 0xff, 0x7f, 0xe7,
  0xff, 0x7f, 0xe7, 0xff, 0x7f, 0xe7, 0xff, 0x7f, 0xe7, 0xff, 0x7f, 0xe7, 0xff, 0x7f, 0xe7, 0xff,
  0x7f, 0xe7, 0xff, 0x7f, 0xe7, 0xff, 0x7f, 0xe7, 0xff, 0x7f, 0xe7, 0xff, 0x7f, 0xe7, 0xff, 0x7f,
  0xe7, 0xff, 0x7f, 0xe7, 0xff, 0x7f, 0xe7, 0xff, 0x7f, 0xe7, 0xff, 0x7f, 0xe7, 0xff, 0x7f, 0xe7,
  0xff, 0x7f, 0xe7, 0xff, 0x7f, 0xe7, 0xff, 0x7f, 0xe7, 0xff, 0x7f, 0xe7, 0xff, 0x3e, 0xbf, 0xff,
  0x17, 0x2e, 0xff, 0x17, 0x26, 0xff, 0xf7, 0x25, 0xff, 0xf7, 0x25, 0xff, 0xf7, 0x25, 0xff, 0xf7,
  0x25, 0xff, 0x1c, 0x9f, 0xff, 0xff, 0xff, 0xff, 0xff, 0xff, 0xff, 0xff, 0xff, 0xff, 0x9e, 0xcf,
  0xff, 0x3a, 0x4e, 0xff, 0xd8, 0x1d, 0xff, 0xd8, 0x1d, 0xff, 0xd9, 0x1d, 0xff, 0xb9, 0x1d, 0xff,
  0xb9, 0x1d, 0xff, 0xb9, 0x1d, 0xff, 0xb9, 0x1d, 0xff, 0xb9, 0x1d, 0xff, 0xb9, 0x1d, 0xff, 0xfa,
  0x3d, 0xff, 0x5e, 0xbf, 0xff, 0xff, 0xff, 0xff, 0xff, 0xff, 0xff, 0xff, 0xff, 0xff, 0x5e, 0xc7,
  0xff, 0x9a, 0x1d, 0xff, 0x9a, 0x15, 0xff, 0x7b, 0x15, 0xff, 0x7b, 0x15, 0xff, 0x7b, 0x15, 0xff,
  0x7b, 0x15, 0xff, 0x0f, 0x0b, 0x70, 0x00, 0x00, 0x40, 0x00, 0x00, 0x10, 0x00, 0x00, 0x00, 0x00,
  0x00, 0x00, 0x00, 0x00, 0x00, 0x00, 0x00, 0x00, 0x00, 0x00, 0x00, 0x00, 0x00, 0x00, 0x00, 0x00,
  0x00, 0x00, 0x00, 0x00, 0x00, 0x00, 0x00, 0x00, 0x00, 0x00, 0x00, 0x00, 0x00, 0x00, 0x00, 0x00,
  0x00, 0x00, 0x00, 0x00, 0x00, 0x00, 0x00, 0x00, 0x00, 0x00, 0x00, 0x00, 0x00, 0x00, 0x00, 0x00,
  0x00, 0x00, 0x00, 0x00, 0x00, 0x00, 0x00, 0x00, 0x00, 0x00, 0x00, 0x00, 0x00, 0x00, 0x00, 0x00,
  0x00, 0x00, 0x00, 0x00, 0x5f, 0xdf, 0x18, 0x7f, 0xdf, 0xf7, 0x7f, 0xdf, 0xff, 0x7f, 0xdf, 0xff,
  0x7f, 0xdf, 0xff, 0x7f, 0xdf, 0xff, 0x7f, 0xdf, 0xff, 0x7f, 0xdf, 0xff, 0x7f, 0xdf, 0xff, 0x7f,
  0xdf, 0xff, 0x7f, 0xdf, 0xff, 0x7f, 0xdf, 0xff, 0x7f, 0xdf, 0xff, 0x7f, 0xdf, 0xff, 0x7f, 0xdf,
  0xff, 0x7f, 0xdf, 0xff, 0x7f, 0xdf, 0xff, 0x7f, 0xdf, 0xff, 0x7f, 0xdf, 0xff, 0x7f, 0xdf, 0xff,
  0x7f, 0xdf, 0xff, 0x7f, 0xdf, 0xff, 0x7f, 0xdf, 0xff, 0x7f, 0xdf, 0xff, 0x7f, 0xdf, 0xff, 0x7f,
  0xdf, 0xff, 0x7f, 0xdf, 0xff, 0x7f, 0xdf, 0xff, 0x7f, 0xdf, 0xff, 0x7f, 0xdf, 0xff, 0x7f, 0xdf,
  0xff, 0x7f, 0xdf, 0xff, 0x7f, 0xdf, 0xff, 0x7f, 0xdf, 0xff, 0x7f, 0xdf, 0xff, 0x7f, 0xdf, 0xff,
  0x7f, 0xdf, 0xff, 0x7f, 0xdf, 0xff, 0x7f, 0xdf, 0xff, 0x7f, 0xdf, 0xff, 0x7f, 0xdf, 0xff, 0x7f,
  0xdf, 0xff, 0x7f, 0xdf, 0xff, 0x7f, 0xdf, 0xff, 0x7f, 0xdf, 0xff, 0x7f, 0xdf, 0xff, 0x7f, 0xdf,
  0xff, 0x7f, 0xdf, 0xff, 0x7f, 0xdf, 0xff, 0x7f, 0xdf, 0xff, 0x7f, 0xdf, 0xff, 0x7f, 0xdf, 0xff,
  0xbb, 0x76, 0xff, 0xf7, 0x25, 0xff, 0xf7, 0x25, 0xff, 0xf7, 0x25, 0xff, 0xf7, 0x25, 0xff, 0xf8,
  0x25, 0xff, 0xf8, 0x25, 0xff, 0x1c, 0xa7, 0xff, 0xff, 0xff, 0xff, 0xff, 0xff, 0xff, 0xff, 0xff,
  0xff, 0xff, 0xff, 0xff, 0x3d, 0xb7, 0xff, 0x9b, 0x6e, 0xff, 0xd9, 0x25, 0xff, 0xb9, 0x1d, 0xff,
  0xb9, 0x1d, 0xff, 0xb9, 0x1d, 0xff, 0xb9, 0x1d, 0xff, 0x7b, 0x66, 0xff, 0x1d, 0xa7, 0xff, 0xff,
  0xff, 0xff, 0xff, 0xff, 0xff, 0xff, 0xff, 0xff, 0xff, 0xff, 0xff, 0x7e, 0xcf, 0xff, 0xbb, 0x25,
  0xff, 0x9a, 0x15, 0xff, 0x7b, 0x15, 0xff, 0x7b, 0x15, 0xff, 0x7b, 0x15, 0xff, 0x7b, 0x15, 0xff,
  0xd8, 0x14, 0xc3, 0x00, 0x00, 0x40, 0x00, 0x00, 0x40, 0x00, 0x00, 0x08, 0x00, 0x00, 0x00, 0x00,
  0x00, 0x00, 0x00, 0x00, 0x00, 0x00, 0x00, 0x00, 0x00, 0x00, 0x00, 0x00, 0x00, 0x00, 0x00, 0x00,
  0x00, 0x00, 0x00, 0x00, 0x00, 0x00, 0x00, 0x00, 0x00, 0x00, 0x00, 0x00, 0x00, 0x00, 0x00, 0x00,
  0x00, 0x00, 0x00, 0x00, 0x00, 0x00, 0x00, 0x00, 0x00, 0x00, 0x00, 0x00, 0x00, 0x00, 0x00, 0x00,
  0x00, 0x00, 0x00, 0x00, 0x00, 0x00, 0x00, 0x00, 0x00, 0x00, 0x00, 0x00, 0x00, 0x00, 0x00, 0x00,
  0x00, 0x00, 0x00, 0x00, 0x00, 0x00, 0x00, 0x5f, 0xdf, 0x70, 0x7f, 0xdf, 0xff, 0x7f, 0xdf, 0xff,
  0x7f, 0xdf, 0xff, 0x7f, 0xdf, 0xff, 0x7f, 0xdf, 0xff, 0x7f, 0xdf, 0xff, 0x7f, 0xdf, 0xff, 0x7f,
  0xdf, 0xff, 0x7f, 0xdf, 0xff, 0x7f, 0xdf, 0xff, 0x7f, 0xdf, 0xff, 0x7f, 0xdf, 0xff, 0x7f, 0xdf,
  0xff, 0x7f, 0xdf, 0xff, 0x7f, 0xdf, 0xff, 0x7f, 0xdf, 0xff, 0x7f, 0xdf, 0xff, 0x7f, 0xdf, 0xff,
  0x7f, 0xdf, 0xff, 0x7f, 0xdf, 0xff, 0x7f, 0xdf, 0xff, 0x7f, 0xdf, 0xff, 0x7f, 0xdf, 0xff, 0x7f,
  0xdf, 0xff, 0x7f, 0xdf, 0xff, 0x7f, 0xdf, 0xff, 0x7f, 0xdf, 0xff, 0x7f, 0xdf, 0xff, 0x7f, 0xdf,
  0xff, 0x7f, 0xdf, 0xff, 0x7f, 0xdf, 0xff, 0x7f, 0xdf, 0xff, 0x7f, 0xdf, 0xff, 0x7f, 0xdf, 0xff,
  0x7f, 0xdf, 0xff, 0x7f, 0xdf, 0xff, 0x7f, 0xdf, 0xff, 0x7f, 0xdf, 0xff, 0x7f, 0xdf, 0xff, 0x7f,
  0xdf, 0xff, 0x7f, 0xdf, 0xff, 0x7f, 0xdf, 0xff, 0x7f, 0xdf, 0xff, 0x7f, 0xdf, 0xff, 0x7f, 0xdf,
  0xff, 0x7f, 0xdf, 0xff, 0x7f, 0xdf, 0xff, 0x7f, 0xdf, 0xff, 0x7f, 0xdf, 0xff, 0x7f, 0xdf, 0xff,
  0x5f, 0xcf, 0xff, 0x38, 0x3e, 0xff, 0xf7, 0x25, 0xff, 0xf7, 0x25, 0xff, 0xf8, 0x25, 0xff, 0xf8,
  0x25, 0xff, 0xd8, 0x25, 0xff, 0xd8, 0x25, 0xff, 0xbb, 0x76, 0xff, 0xff, 0xff, 0xff, 0xff, 0xff,
  0xff, 0xff, 0xff, 0xff, 0xff, 0xff, 0xff, 0xff, 0xff, 0xff, 0xff, 0xff, 0xff, 0xff, 0xff, 0xff,
  0x7e, 0xcf, 0xff, 0xff, 0xff, 0xff, 0xff, 0xff, 0xff, 0xff, 0xff, 0xff, 0xff, 0xff, 0xff, 0xff,
  0xff, 0xff, 0xff, 0xff, 0xff, 0xff, 0xff, 0xff, 0xfd, 0x9e, 0xff, 0x9a, 0x1d, 0xff, 0x9a, 0x15,
  0xff, 0x7b, 0x15, 0xff, 0x7b, 0x15, 0xff, 0x7b, 0x15, 0xff, 0x7b, 0x15, 0xff, 0x5b, 0x15, 0xf3,
  0x4b, 0x0a, 0x5e, 0x00, 0x00, 0x40, 0x00, 0x00, 0x34, 0x00, 0x00, 0x00, 0x00, 0x00, 0x00, 0x00,
  0x00, 0x00, 0x00, 0x00, 0x00, 0x00, 0x00, 0x00, 0x00, 0x00, 0x00, 0x00, 0x00, 0x00, 0x00, 0x00,
  0x00, 0x00, 0x00, 0x00, 0x00, 0x00, 0x00, 0x00, 0x00, 0x00, 0x00, 0x00, 0x00, 0x00, 0x00, 0x00,
  0x00, 0x00, 0x00, 0x00, 0x00, 0x00, 0x00, 0x00, 0x00, 0x00, 0x00, 0x00, 0x00, 0x00, 0x00, 0x00,
  0x00, 0x00, 0x00, 0x00, 0x00, 0x00, 0x00, 0x00, 0x00, 0x00, 0x00, 0x00, 0x00, 0x00, 0x00, 0x00,
  0x00, 0x00, 0x00, 0x00, 0x00, 0x00, 0x00, 0x00, 0x00, 0x00, 0x3e, 0xd7, 0xbe, 0x7f, 0xdf, 0xff,
  0x7f, 0xdf, 0xff, 0x7f, 0xdf, 0xff, 0x7f, 0xdf, 0xff, 0x7f, 0xdf, 0xff, 0x7f, 0xdf, 0xff, 0x7f,
  0xdf, 0xff, 0x7f, 0xdf, 0xff, 0x7f, 0xdf, 0xff, 0x7f, 0xdf, 0xff, 0x7f, 0xdf, 0xff, 0x7f, 0xdf,
  0xff, 0x7f, 0xdf, 0xff, 0x7f, 0xdf, 0xff, 0x7f, 0xdf, 0xff, 0x7f, 0xdf, 0xff, 0x7f, 0xdf, 0xff,
  0x7f, 0xdf, 0xff, 0x7f, 0xdf, 0xff, 0x7f, 0xdf, 0xff, 0x7f, 0xdf, 0xff, 0x7f, 0xdf, 0xff, 0x7f,
  0xdf, 0xff, 0x7f, 0xdf, 0xff, 0x7f, 0xdf, 0xff, 0x7f, 0xdf, 0xff, 0x7f, 0xdf, 0xff, 0x7f, 0xdf,
  0xff, 0x7f, 0xdf, 0xff, 0x7f, 0xdf, 0xff, 0x7f, 0xdf, 0xff, 0x7f, 0xdf, 0xff, 0x7f, 0xdf, 0xff,
  0x7f, 0xdf, 0xff, 0x7f, 0xdf, 0xff, 0x7f, 0xdf, 0xff, 0x7f, 0xdf, 0xff, 0x7f, 0xdf, 0xff, 0x7f,
  0xdf, 0xff, 0x7f, 0xdf, 0xff, 0x7f, 0xdf, 0xff, 0x7f, 0xdf, 0xff, 0x7f, 0xdf, 0xff, 0x7f, 0xdf,
  0xff, 0x7f, 0xdf, 0xff, 0x7f, 0xdf, 0xff, 0x7f, 0xdf, 0xff, 0x7f, 0xdf, 0xff, 0x7f, 0xdf, 0xff,
  0x7f, 0xdf, 0xff, 0x3e, 0xbf, 0xff, 0xf8, 0x2d, 0xff, 0xf8, 0x25, 0xff, 0xf8, 0x25, 0xff, 0xd8,
  0x25, 0xff, 0xd8, 0x25, 0xff, 0xd8, 0x25, 0xff, 0xd8, 0x1d, 0xff, 0x19, 0x36, 0xff, 0x3d, 0xb7,
  0xff, 0xff, 0xff, 0xff, 0xff, 0xff, 0xff, 0xff, 0xff, 0xff, 0xff, 0xff, 0xff, 0xff, 0xff, 0xff,
  0xff, 0xff, 0xff, 0xff, 0xff, 0xff, 0xff, 0xff, 0xff, 0xff, 0xff, 0xff, 0xff, 0xff, 0xff, 0xff,
  0xff, 0xff, 0x7e, 0xcf, 0xff, 0x1b, 0x4e, 0xff, 0x9a, 0x15, 0xff, 0x9a, 0x15, 0xff, 0x7b, 0x15,
  0xff, 0x7b, 0x15, 0xff, 0x7b, 0x15, 0xff, 0x7b, 0x15, 0xff, 0x7b, 0x15, 0xff, 0x30, 0x0b, 0x76,
  0x00, 0x00, 0x40, 0x00, 0x00, 0x40, 0x00, 0x00, 0x22, 0x00, 0x00, 0x00, 0x00, 0x00, 0x00, 0x00,
  0x00, 0x00, 0x00, 0x00, 0x00, 0x00, 0x00, 0x00, 0x00, 0x00, 0x00, 0x00, 0x00, 0x00, 0x00, 0x00,
  0x00, 0x00, 0x00, 0x00, 0x00, 0x00, 0x00, 0x00, 0x00, 0x00, 0x00, 0x00, 0x00, 0x00, 0x00, 0x00,
  0x00, 0x00, 0x00, 0x00, 0x00, 0x00, 0x00, 0x00, 0x00, 0x00, 0x00, 0x00, 0x00, 0x00, 0x00, 0x00,
  0x00, 0x00, 0x00, 0x00, 0x00, 0x00, 0x00, 0x00, 0x00, 0x00, 0x00, 0x00, 0x00, 0x00, 0x00, 0x00,
  0x00, 0x00, 0x00, 0x00, 0x00, 0x00, 0x00, 0x00, 0x00, 0x00, 0xf9, 0xb5, 0x14, 0x1e, 0xd7, 0xe1,
  0x7f, 0xdf, 0xff, 0x7f, 0xdf, 0xff, 0x7f, 0xdf, 0xff, 0x7f, 0xdf, 0xff, 0x7f, 0xdf, 0xff, 0x7f,
  0xdf, 0xff, 0x7f, 0xdf, 0xff, 0x7f, 0xdf, 0xff, 0x7f, 0xdf, 0xff, 0x7f, 0xdf, 0xff, 0x7f, 0xdf,
  0xff, 0x7f, 0xdf, 0xff, 0x7f, 0xdf, 0xff, 0x7f, 0xdf, 0xff, 0x7f, 0xdf, 0xff, 0x7f, 0xdf, 0xff,
  0x7f, 0xdf, 0xff, 0x7f, 0xdf, 0xff, 0x7f, 0xdf, 0xff, 0x7f, 0xdf, 0xff, 0x7f, 0xdf, 0xff, 0x7f,
  0xdf, 0xff, 0x7f, 0xdf, 0xff, 0x7f, 0xdf, 0xff, 0x7f, 0xdf, 0xff, 0x7f, 0xdf, 0xff, 0x7f, 0xdf,
  0xff, 0x7f, 0xdf, 0xff, 0x7f, 0xdf, 0xff, 0x7f, 0xdf, 0xff, 0x7f, 0xdf, 0xff, 0x7f, 0xdf, 0xff,
  0x7f, 0xdf, 0xff, 0x7f, 0xdf, 0xff, 0x7f, 0xdf, 0xff, 0x7f, 0xdf, 0xff, 0x7f, 0xdf, 0xff, 0x7f,
  0xdf, 0xff, 0x7f, 0xdf, 0xff, 0x7f, 0xdf, 0xff, 0x7f, 0xdf, 0xff, 0x7f, 0xdf, 0xff, 0x7f, 0xdf,
  0xff, 0x7f, 0xdf, 0xff, 0x7f, 0xdf, 0xff, 0x7f, 0xdf, 0xff, 0x7f, 0xdf, 0xff, 0x7f, 0xdf, 0xff,
  0x7f, 0xdf, 0xff, 0x7f, 0xdf, 0xff, 0xfd, 0x9e, 0xff, 0xf8, 0x25, 0xff, 0xd8, 0x25, 0xff, 0xd8,
  0x25, 0xff, 0xd8, 0x25, 0xff, 0xd8, 0x1d, 0xff, 0xd8, 0x1d, 0xff, 0xd8, 0x1d, 0xff, 0xd9, 0x1d,
  0xff, 0x3a, 0x4e, 0xff, 0xdc, 0x86, 0xff, 0x7e, 0xcf, 0xff, 0xff, 0xff, 0xff, 0xff, 0xff, 0xff,
  0xff, 0xff, 0xff, 0xff, 0xff, 0xff, 0xff, 0xff, 0xff, 0x9e, 0xd7, 0xff, 0xdd, 0x96, 0xff, 0x1b,
  0x4e, 0xff, 0x9a, 0x1d, 0xff, 0x9a, 0x15, 0xff, 0x9a, 0x15, 0xff, 0x7b, 0x15, 0xff, 0x7b, 0x15,
  0xff, 0x7b, 0x15, 0xff, 0x7b, 0x15, 0xff, 0x7b, 0x15, 0xff, 0x35, 0x0c, 0x9a, 0x00, 0x00, 0x40,
  0x00, 0x00, 0x40, 0x00, 0x00, 0x40, 0x00, 0x00, 0x10, 0x00, 0x00, 0x00, 0x00, 0x00, 0x00, 0x00,
  0x00, 0x00, 0x00, 0x00, 0x00, 0x00, 0x00, 0x00, 0x00, 0x00, 0x00, 0x00, 0x00, 0x00, 0x00, 0x00,
  0x00, 0x00, 0x00, 0x00, 0x00, 0x00, 0x00, 0x00, 0x00, 0x00, 0x00, 0x00, 0x00, 0x00, 0x00, 0x00,
  0x00, 0x00, 0x00, 0x00, 0x00, 0x00, 0x00, 0x00, 0x00, 0x00, 0x00, 0x00, 0x00, 0x00, 0x00, 0x00,
  0x00, 0x00, 0x00, 0x00, 0x00, 0x00, 0x00, 0x00, 0x00, 0x00, 0x00, 0x00, 0x00, 0x00, 0x00, 0x00,
  0x00, 0x00, 0x00, 0x00, 0x00, 0x00, 0x00, 0x00, 0x00, 0x00, 0x00, 0x00, 0x00, 0x32, 0x7c, 0x46,
  0x3e, 0xd7, 0xe7, 0x7f, 0xdf, 0xff, 0x7f, 0xdf, 0xff, 0x7f, 0xdf, 0xff, 0x7f, 0xdf, 0xff, 0x7f,
  0xdf, 0xff, 0x7f, 0xdf, 0xff, 0x7f, 0xdf, 0xff, 0x7f, 0xdf, 0xff, 0x7f, 0xdf, 0xff, 0x7f, 0xdf,
  0xff, 0x7f, 0xdf, 0xff, 0x7f, 0xdf, 0xff, 0x7f, 0xdf, 0xff, 0x7f, 0xdf, 0xff, 0x7f, 0xdf, 0xff,
  0x7f, 0xdf, 0xff, 0x7f, 0xdf, 0xff, 0x7f, 0xdf, 0xff, 0x7f, 0xdf, 0xff, 0x7f, 0xdf, 0xff, 0x7f,
  0xdf, 0xff, 0x7f, 0xdf, 0xff, 0x7f, 0xdf, 0xff, 0x7f, 0xdf, 0xff, 0x7f, 0xdf, 0xff, 0x7f, 0xdf,
  0xff, 0x7f, 0xdf, 0xff, 0x7f, 0xdf, 0xff, 0x7f, 0xdf, 0xff, 0x7f, 0xdf, 0xff, 0x7f, 0xdf, 0xff,
  0x7f, 0xdf, 0xff, 0x7f, 0xdf, 0xff, 0x7f, 0xdf, 0xff, 0x7f, 0xdf, 0xff, 0x7f, 0xdf, 0xff, 0x7f,
  0xdf, 0xff, 0x7f, 0xdf, 0xff, 0x7f, 0xdf, 0xff, 0x7f, 0xdf, 0xff, 0x7f, 0xdf, 0xff, 0x7f, 0xdf,
  0xff, 0x7f, 0xdf, 0xff, 0x7f, 0xdf, 0xff, 0x7f, 0xdf, 0xff, 0x7f, 0xdf, 0xff, 0x7f, 0xdf, 0xff,
  0x7f, 0xdf, 0xff, 0x7f, 0xdf, 0xff, 0x7f, 0xdf, 0xff, 0xdd, 0x96, 0xff, 0xf8, 0x25, 0xff, 0xd8,
  0x25, 0xff, 0xd8, 0x1d, 0xff, 0xd8, 0x1d, 0xff, 0xd8, 0x1d, 0xff, 0xd9, 0x1d, 0xff, 0xb9, 0x1d,
  0xff, 0xb9, 0x1d, 0xff, 0xb9, 0x1d, 0xff, 0xb9, 0x1d, 0xff, 0xb9, 0x1d, 0xff, 0xb9, 0x1d, 0xff,
  0x3b, 0x56, 0xff, 0xba, 0x25, 0xff, 0x9a, 0x1d, 0xff, 0x9a, 0x1d, 0xff, 0x9a, 0x1d, 0xff, 0x9a,
  0x1d, 0xff, 0x9a, 0x15, 0xff, 0x9a, 0x15, 0xff, 0x7b, 0x15, 0xff, 0x7b, 0x15, 0xff, 0x7b, 0x15,
  0xff, 0x7b, 0x15, 0xff, 0x7b, 0x15, 0xff, 0x35, 0x0c, 0x9a, 0x00, 0x00, 0x40, 0x00, 0x00, 0x40,
  0x00, 0x00, 0x40, 0x00, 0x00, 0x2e, 0x00, 0x00, 0x00, 0x00, 0x00, 0x00, 0x00, 0x00, 0x00, 0x00,
  0x00, 0x00, 0x00, 0x00, 0x00, 0x00, 0x00, 0x00, 0x00, 0x00, 0x00, 0x00, 0x00, 0x00, 0x00, 0x00,
  0x00, 0x00, 0x00, 0x00, 0x00, 0x00, 0x00, 0x00, 0x00, 0x00, 0x00, 0x00, 0x00, 0x00, 0x00, 0x00,
  0x00, 0x00, 0x00, 0x00, 0x00, 0x00, 0x00, 0x00, 0x00, 0x00, 0x00, 0x00, 0x00, 0x00, 0x00, 0x00,
  0x00, 0x00, 0x00, 0x00, 0x00, 0x00, 0x00, 0x00, 0x00, 0x00, 0x00, 0x00, 0x00, 0x00, 0x00, 0x00,
  0x00, 0x00, 0x00, 0x00, 0x00, 0x00, 0x00, 0x00, 0x00, 0x00, 0x00, 0x00, 0x00, 0x00, 0x00, 0x06,
  0x86, 0x31, 0x4a, 0xdd, 0xce, 0xcf, 0x7f, 0xdf, 0xff, 0x7f, 0xdf, 0xff, 0x7f, 0xdf, 0xff, 0x7f,
  0xdf, 0xff, 0x7f, 0xdf, 0xff, 0x7f, 0xdf, 0xff, 0x7f, 0xdf, 0xff, 0x7f, 0xdf, 0xff, 0x7f, 0xdf,
  0xff, 0x7f, 0xdf, 0xff, 0x7f, 0xdf, 0xff, 0x7f, 0xdf, 0xff, 0x7f, 0xdf, 0xff, 0x7f, 0xdf, 0xff,
  0x7f, 0xdf, 0xff, 0x7f, 0xdf, 0xff, 0x7f, 0xdf, 0xff, 0x7f, 0xdf, 0xff, 0x7f, 0xdf, 0xff, 0x7f,
  0xdf, 0xff, 0x7f, 0xdf, 0xff, 0x7f, 0xdf, 0xff, 0x7f, 0xdf, 0xff, 0x7f, 0xdf, 0xff, 0x7f, 0xdf,
  0xff, 0x7f, 0xdf, 0xff, 0x7f, 0xdf, 0xff, 0x7f, 0xdf, 0xff, 0x7f, 0xdf, 0xff, 0x7f, 0xdf, 0xff,
  0x7f, 0xdf, 0xff, 0x7f, 0xdf, 0xff, 0x7f, 0xdf, 0xff, 0x7f, 0xdf, 0xff, 0x7f, 0xdf, 0xff, 0x7f,
  0xdf, 0xff, 0x7f, 0xdf, 0xff, 0x7f, 0xdf, 0xff, 0x7f, 0xdf, 0xff, 0x7f, 0xdf, 0xff, 0x7f, 0xdf,
  0xff, 0x7f, 0xdf, 0xff, 0x7f, 0xdf, 0xff, 0x7f, 0xdf, 0xff, 0x7f, 0xdf, 0xff, 0x7f, 0xdf, 0xff,
  0x7f, 0xdf, 0xff, 0x7f, 0xdf, 0xff, 0x7f, 0xdf, 0xff, 0x7f, 0xdf, 0xff, 0x1e, 0xb7, 0xff, 0xf9,
  0x35, 0xff, 0xd8, 0x1d, 0xff, 0xd8, 0x1d, 0xff, 0xd9, 0x1d, 0xff, 0xb9, 0x1d, 0xff, 0xb9, 0x1d,
  0xff, 0xb9, 0x1d, 0xff, 0xb9, 0x1d, 0xff, 0xb9, 0x1d, 0xff, 0xb9, 0x1d, 0xff, 0x9a, 0x1d, 0xff,
  0x9a, 0x1d, 0xff, 0x9a, 0x1d, 0xff, 0x9a, 0x1d, 0xff, 0x9a, 0x1d, 0xff, 0x9a, 0x1d, 0xff, 0x9a,
  0x15, 0xff, 0x9a, 0x15, 0xff, 0x7b, 0x15, 0xff, 0x7b, 0x15, 0xff, 0x7b, 0x15, 0xff, 0x7b, 0x15,
  0xff, 0x5b, 0x15, 0xf3, 0x71, 0x0b, 0x7c, 0x00, 0x00, 0x40, 0x00, 0x00, 0x40, 0x00, 0x00, 0x40,
  0x00, 0x00, 0x40, 0x00, 0x00, 0x0c, 0x00, 0x00, 0x00, 0x00, 0x00, 0x00, 0x00, 0x00, 0x00, 0x00,
  0x00, 0x00, 0x00, 0x00, 0x00, 0x00, 0x00, 0x00, 0x00, 0x00, 0x00, 0x00, 0x00, 0x00, 0x00, 0x00,
  0x00, 0x00, 0x00, 0x00, 0x00, 0x00, 0x00, 0x00, 0x00, 0x00, 0x00, 0x00, 0x00, 0x00, 0x00, 0x00,
  0x00, 0x00, 0x00, 0x00, 0x00, 0x00, 0x00, 0x00, 0x00, 0x00, 0x00, 0x00, 0x00, 0x00, 0x00, 0x00,
  0x00, 0x00, 0x00, 0x00, 0x00, 0x00, 0x00, 0x00, 0x00, 0x00, 0x00, 0x00, 0x00, 0x00, 0x00, 0x00,
  0x00, 0x00, 0x00, 0x00, 0x00, 0x00, 0x00, 0x00, 0x00, 0x00, 0x00, 0x00, 0x00, 0x00, 0x00, 0x00,
  0x00, 0x00, 0x1c, 0x00, 0x00, 0x40, 0x1a, 0xb6, 0xa5, 0x5f, 0xdf, 0xf9, 0x7f, 0xdf, 0xff, 0x7f,
  0xdf, 0xff, 0x7f, 0xdf, 0xff, 0x7f, 0xdf, 0xff, 0x7f, 0xdf, 0xff, 0x7f, 0xdf, 0xff, 0x7f, 0xdf,
  0xff, 0x7f, 0xdf, 0xff, 0x7f, 0xdf, 0xff, 0x7f, 0xdf, 0xff, 0x7f, 0xdf, 0xff, 0x7f, 0xdf, 0xff,
  0x7f, 0xdf, 0xff, 0x7f, 0xdf, 0xff, 0x7f, 0xdf, 0xff, 0x7f, 0xdf, 0xff, 0x7f, 0xdf, 0xff, 0x7f,
  0xdf, 0xff, 0x7f, 0xdf, 0xff, 0x7f, 0xdf, 0xff, 0x7f, 0xdf, 0xff, 0x7f, 0xdf, 0xff, 0x7f, 0xdf,
  0xff, 0x7f, 0xdf, 0xff, 0x7f, 0xdf, 0xff, 0x7f, 0xdf, 0xff, 0x7f, 0xdf, 0xff, 0x7f, 0xdf, 0xff,
  0x7f, 0xdf, 0xff, 0x7f, 0xdf, 0xff, 0x7f, 0xdf, 0xff, 0x7f, 0xdf, 0xff, 0x7f, 0xdf, 0xff, 0x7f,
  0xdf, 0xff, 0x7f, 0xdf, 0xff, 0x7f, 0xdf, 0xff, 0x7f, 0xdf, 0xff, 0x7f, 0xdf, 0xff, 0x7f, 0xdf,
  0xff, 0x7f, 0xdf, 0xff, 0x7f, 0xdf, 0xff, 0x7f, 0xdf, 0xff, 0x7f, 0xdf, 0xff, 0x7f, 0xdf, 0xff,
  0x7f, 0xdf, 0xff, 0x7f, 0xdf, 0xff, 0x7f, 0xdf, 0xff, 0x7f, 0xdf, 0xff, 0x7f, 0xdf, 0xff, 0x3f,
  0xc7, 0xff, 0x5b, 0x5e, 0xff, 0xd9, 0x1d, 0xff, 0xb9, 0x1d, 0xff, 0xb9, 0x1d, 0xff, 0xb9, 0x1d,
  0xff, 0xb9, 0x1d, 0xff, 0xb9, 0x1d, 0xff, 0xb9, 0x1d, 0xff, 0x9a, 0x1d, 0xff, 0x9a, 0x1d, 0xff,
  0x9a, 0x1d, 0xff, 0x9a, 0x1d, 0xff, 0x9a, 0x1d, 0xff, 0x9a, 0x1d, 0xff, 0x9a, 0x15, 0xff, 0x9a,
  0x15, 0xff, 0x7b, 0x15, 0xff, 0x7b, 0x15, 0xff, 0x7b, 0x15, 0xff, 0x7b, 0x15, 0xff, 0x19, 0x15,
  0xcf, 0x4b, 0x0a, 0x5e, 0x00, 0x00, 0x40, 0x00, 0x00, 0x40, 0x00, 0x00, 0x40, 0x00, 0x00, 0x40,
  0x00, 0x00, 0x26, 0x00, 0x00, 0x00, 0x00, 0x00, 0x00, 0x00, 0x00, 0x00, 0x00, 0x00, 0x00, 0x00,
  0x00, 0x00, 0x00, 0x00, 0x00, 0x00, 0x00, 0x00, 0x00, 0x00, 0x00, 0x00, 0x00, 0x00, 0x00, 0x00,
  0x00, 0x00, 0x00, 0x00, 0x00, 0x00, 0x00, 0x00, 0x00, 0x00, 0x00, 0x00, 0x00, 0x00, 0x00, 0x00,
  0x00, 0x00, 0x00, 0x00, 0x00, 0x00, 0x00, 0x00, 0x00, 0x00, 0x00, 0x00, 0x00, 0x00, 0x00, 0x00,
  0x00, 0x00, 0x00, 0x00, 0x00, 0x00, 0x00, 0x00, 0x00, 0x00, 0x00, 0x00, 0x00, 0x00, 0x00, 0x00,
  0x00, 0x00, 0x00, 0x00, 0x00, 0x00, 0x00, 0x00, 0x00, 0x00, 0x00, 0x00, 0x00, 0x00, 0x00, 0x00,
  0x00, 0x00, 0x00, 0x00, 0x00, 0x2e, 0x00, 0x00, 0x40, 0xab, 0x52, 0x58, 0x9c, 0xc6, 0xc3, 0x5f,
  0xdf, 0xff, 0x5f, 0xdf, 0xff, 0x5f, 0xdf, 0xff, 0x5f, 0xdf, 0xff, 0x5f, 0xdf, 0xff, 0x5f, 0xdf,
  0xff, 0x5f, 0xdf, 0xff, 0x5f, 0xdf, 0xff, 0x5f, 0xdf, 0xff, 0x5f, 0xdf, 0xff, 0x5f, 0xdf, 0xff,
  0x5f, 0xdf, 0xff, 0x5f, 0xdf, 0xff, 0x5f, 0xdf, 0xff, 0x5f, 0xdf, 0xff, 0x5f, 0xdf, 0xff, 0x5f,
  0xdf, 0xff, 0x5f, 0xdf, 0xff, 0x5f, 0xdf, 0xff, 0x5f, 0xdf, 0xff, 0x5f, 0xdf, 0xff, 0x5f, 0xdf,
  0xff, 0x5f, 0xdf, 0xff, 0x5f, 0xdf, 0xff, 0x5f, 0xdf, 0xff, 0x5f, 0xdf, 0xff, 0x5f, 0xdf, 0xff,
  0x5f, 0xdf, 0xff, 0x5f, 0xdf, 0xff, 0x5f, 0xdf, 0xff, 0x5f, 0xdf, 0xff, 0x5f, 0xdf, 0xff, 0x5f,
  0xdf, 0xff, 0x5f, 0xdf, 0xff, 0x5f, 0xdf, 0xff, 0x5f, 0xdf, 0xff, 0x5f, 0xdf, 0xff, 0x5f, 0xdf,
  0xff, 0x5f, 0xdf, 0xff, 0x5f, 0xdf, 0xff, 0x5f, 0xdf, 0xff, 0x5f, 0xdf, 0xff, 0x5f, 0xdf, 0xff,
  0x5f, 0xdf, 0xff, 0x5f, 0xdf, 0xff, 0x5f, 0xdf, 0xff, 0x5f, 0xdf, 0xff, 0x5f, 0xdf, 0xff, 0x5f,
  0xdf, 0xff, 0x5f, 0xdf, 0xff, 0xfe, 0xb6, 0xff, 0x3b, 0x4e, 0xff, 0xb9, 0x1d, 0xff, 0xb9, 0x1d,
  0xff, 0xb9, 0x1d, 0xff, 0xb9, 0x1d, 0xff, 0x9a, 0x1d, 0xff, 0x9a, 0x1d, 0xff, 0x9a, 0x1d, 0xff,
  0x9a, 0x1d, 0xff, 0x9a, 0x1d, 0xff, 0x9a, 0x1d, 0xff, 0x9a, 0x15, 0xff, 0x9a, 0x15, 0xff, 0x7b,
  0x15, 0xff, 0x7b, 0x15, 0xff, 0x7b, 0x15, 0xff, 0x39, 0x15, 0xdb, 0x50, 0x0b, 0x76, 0x00, 0x00,
  0x40, 0x00, 0x00, 0x40, 0x00, 0x00, 0x40, 0x00, 0x00, 0x40, 0x00, 0x00, 0x40, 0x00, 0x00, 0x34,
  0x00, 0x00, 0x02, 0x00, 0x00, 0x00, 0x00, 0x00, 0x00, 0x00, 0x00, 0x00, 0x00, 0x00, 0x00, 0x00,
  0x00, 0x00, 0x00, 0x00, 0x00, 0x00, 0x00, 0x00, 0x00, 0x00, 0x00, 0x00, 0x00, 0x00, 0x00, 0x00,
  0x00, 0x00, 0x00, 0x00, 0x00, 0x00, 0x00, 0x00, 0x00, 0x00, 0x00, 0x00, 0x00, 0x00, 0x00, 0x00,
  0x00, 0x00, 0x00, 0x00, 0x00, 0x00, 0x00, 0x00, 0x00, 0x00, 0x00, 0x00, 0x00, 0x00, 0x00, 0x00,
  0x00, 0x00, 0x00, 0x00, 0x00, 0x00, 0x00, 0x00, 0x00, 0x00, 0x00, 0x00, 0x00, 0x00, 0x00, 0x00,
  0x00, 0x00, 0x00, 0x00, 0x00, 0x00, 0x00, 0x00, 0x00, 0x00, 0x00, 0x00, 0x00, 0x00, 0x00, 0x00,
  0x00, 0x00, 0x00, 0x00, 0x00, 0x04, 0x00, 0x00, 0x36, 0x00, 0x00, 0x40, 0x00, 0x00, 0x40, 0x2d,
  0x5b, 0x5e, 0x1a, 0xb6, 0xa5, 0x1e, 0xd7, 0xe1, 0x5f, 0xdf, 0xff, 0x5f, 0xdf, 0xff, 0x5f, 0xdf,
  0xff, 0x5f, 0xdf, 0xff, 0x5f, 0xdf, 0xff, 0x5f, 0xdf, 0xff, 0x5f, 0xdf, 0xff, 0x5f, 0xdf, 0xff,
  0x5f, 0xdf, 0xff, 0x5f, 0xdf, 0xff, 0x5f, 0xdf, 0xff, 0x5f, 0xdf, 0xff, 0x5f, 0xdf, 0xff, 0x5f,
  0xdf, 0xff, 0x5f, 0xdf, 0xff, 0x5f, 0xdf, 0xff, 0x5f, 0xdf, 0xff, 0x5f, 0xdf, 0xff, 0x5f, 0xdf,
  0xff, 0x5f, 0xdf, 0xff, 0x5f, 0xdf, 0xff, 0x5f, 0xdf, 0xff, 0x5f, 0xdf, 0xff, 0x5f, 0xdf, 0xff,
  0x5f, 0xdf, 0xff, 0x5f, 0xdf, 0xff, 0x5f, 0xdf, 0xff, 0x5f, 0xdf, 0xff, 0x5f, 0xdf, 0xff, 0x5f,
  0xdf, 0xff, 0x5f, 0xdf, 0xff, 0x5f, 0xdf, 0xff, 0x5f, 0xdf, 0xff, 0x5f, 0xdf, 0xff, 0x5f, 0xdf,
  0xff, 0x5f, 0xdf, 0xff, 0x5f, 0xdf, 0xff, 0x5f, 0xdf, 0xff, 0x5f, 0xdf, 0xff, 0x5f, 0xdf, 0xff,
  0x5f, 0xdf, 0xff, 0x5f, 0xdf, 0xff, 0x5f, 0xdf, 0xff, 0x5f, 0xdf, 0xff, 0x5f, 0xdf, 0xff, 0x5f,
  0xdf, 0xff, 0x5f, 0xdf, 0xff, 0x5f, 0xdf, 0xff, 0x5f, 0xdf, 0xff, 0xfe, 0xb6, 0xff, 0x7c, 0x76,
  0xff, 0xda, 0x35, 0xff, 0x9a, 0x1d, 0xff, 0x9a, 0x1d, 0xff, 0x9a, 0x1d, 0xff, 0x9a, 0x1d, 0xff,
  0x9a, 0x1d, 0xff, 0x9a, 0x1d, 0xff, 0x9a, 0x15, 0xff, 0x9a, 0x15, 0xff, 0x7b, 0x15, 0xff, 0x5a,
  0x1d, 0xee, 0xb7, 0x14, 0xb1, 0x0f, 0x0b, 0x70, 0x00, 0x00, 0x40, 0x00, 0x00, 0x40, 0x00, 0x00,
  0x40, 0x00, 0x00, 0x40, 0x00, 0x00, 0x40, 0x00, 0x00, 0x40, 0x00, 0x00, 0x3a, 0x00, 0x00, 0x08,
  0x00, 0x00, 0x00, 0x00, 0x00, 0x00, 0x00, 0x00, 0x00, 0x00, 0x00, 0x00, 0x00, 0x00, 0x00, 0x00,
  0x00, 0x00, 0x00, 0x00, 0x00, 0x00, 0x00, 0x00, 0x00, 0x00, 0x00, 0x00, 0x00, 0x00, 0x00, 0x00,
  0x00, 0x00, 0x00, 0x00, 0x00, 0x00, 0x00, 0x00, 0x00, 0x00, 0x00, 0x00, 0x00, 0x00, 0x00, 0x00,
  0x00, 0x00, 0x00, 0x00, 0x00, 0x00, 0x00, 0x00, 0x00, 0x00, 0x00, 0x00, 0x00, 0x00, 0x00, 0x00,
  0x00, 0x00, 0x00, 0x00, 0x00, 0x00, 0x00, 0x00, 0x00, 0x00, 0x00, 0x00, 0x00, 0x00, 0x00, 0x00,
  0x00, 0x00, 0x00, 0x00, 0x00, 0x00, 0x00, 0x00, 0x00, 0x00, 0x00, 0x00, 0x00, 0x00, 0x00, 0x00,
  0x00, 0x00, 0x00, 0x00, 0x00, 0x00, 0x00, 0x00, 0x0a, 0x00, 0x00, 0x38, 0x00, 0x00, 0x40, 0x00,
  0x00, 0x40, 0x00, 0x00, 0x40, 0x00, 0x00, 0x40, 0xcb, 0x5a, 0x58, 0x72, 0x8c, 0x70, 0x18, 0xc6,
  0x9a, 0x59, 0xc6, 0xa0, 0x59, 0xc6, 0xa0, 0x59, 0xc6, 0xa0, 0x59, 0xc6, 0xa0, 0x59, 0xc6, 0xa0,
  0x59, 0xc6, 0xa0, 0x59, 0xc6, 0xa0, 0x59, 0xc6, 0xa0, 0x59, 0xc6, 0xa0, 0x59, 0xc6, 0xa0, 0x59,
  0xc6, 0xa0, 0x59, 0xc6, 0xa0, 0x59, 0xc6, 0xa0, 0x59, 0xc6, 0xa0, 0x59, 0xc6, 0xa0, 0x59, 0xc6,
  0xa0, 0x59, 0xc6, 0xa0, 0x59, 0xc6, 0xa0, 0x59, 0xc6, 0xa0, 0x59, 0xc6, 0xa0, 0x59, 0xc6, 0xa0,
  0x59, 0xc6, 0xa0, 0x59, 0xc6, 0xa0, 0x59, 0xc6, 0xa0, 0x59, 0xc6, 0xa0, 0x59, 0xc6, 0xa0, 0x59,
  0xc6, 0xa0, 0x59, 0xc6, 0xa0, 0x59, 0xc6, 0xa0, 0x59, 0xc6, 0xa0, 0x59, 0xc6, 0xa0, 0x59, 0xc6,
  0xa0, 0x59, 0xc6, 0xa0, 0x59, 0xc6, 0xa0, 0x59, 0xc6, 0xa0, 0x59, 0xc6, 0xa0, 0x59, 0xc6, 0xa0,
  0x59, 0xc6, 0xa0, 0x59, 0xc6, 0xa0, 0x59, 0xc6, 0xa0, 0x59, 0xc6, 0xa0, 0x59, 0xc6, 0xa0, 0x59,
  0xc6, 0xa0, 0x59, 0xc6, 0xa0, 0x59, 0xc6, 0xa0, 0x59, 0xc6, 0xa0, 0x59, 0xc6, 0xa0, 0x59, 0xc6,
  0xa0, 0x59, 0xc6, 0xa0, 0x19, 0x9e, 0xaf, 0x19, 0x8e, 0xb8, 0xda, 0x5d, 0xd0, 0xda, 0x5d, 0xd0,
  0xda, 0x5d, 0xd0, 0x38, 0x3d, 0xb8, 0xd7, 0x2c, 0xaf, 0x50, 0x0b, 0x76, 0xad, 0x0a, 0x64, 0x00,
  0x00, 0x40, 0x00, 0x00, 0x40, 0x00, 0x00, 0x40, 0x00, 0x00, 0x40, 0x00, 0x00, 0x40, 0x00, 0x00,
  0x40, 0x00, 0x00, 0x40, 0x00, 0x00, 0x40, 0x00, 0x00, 0x3c, 0x00, 0x00, 0x0c, 0x00, 0x00, 0x00,
  0x00, 0x00, 0x00, 0x00, 0x00, 0x00, 0x00, 0x00, 0x00, 0x00, 0x00, 0x00, 0x00, 0x00, 0x00, 0x00,
  0x00, 0x00, 0x00, 0x00, 0x00, 0x00, 0x00, 0x00, 0x00, 0x00, 0x00, 0x00, 0x00, 0x00, 0x00, 0x00,
  0x00, 0x00, 0x00, 0x00, 0x00, 0x00, 0x00, 0x00, 0x00, 0x00, 0x00, 0x00, 0x00, 0x00, 0x00, 0x00,
  0x00, 0x00, 0x00, 0x00, 0x00, 0x00, 0x00, 0x00, 0x00, 0x00, 0x00, 0x00, 0x00, 0x00, 0x00, 0x00,
  0x00, 0x00, 0x00, 0x00, 0x00, 0x00, 0x00, 0x00, 0x00, 0x00, 0x00, 0x00, 0x00, 0x00, 0x00, 0x00,
  0x00, 0x00, 0x00, 0x00, 0x00, 0x00, 0x00, 0x00, 0x00, 0x00, 0x00, 0x00, 0x00, 0x00, 0x00, 0x00,
  0x00, 0x00, 0x00, 0x00, 0x00, 0x00, 0x00, 0x00, 0x00, 0x00, 0x00, 0x04, 0x00, 0x00, 0x30, 0x00,
  0x00, 0x40, 0x00, 0x00, 0x40, 0x00, 0x00, 0x40, 0x00, 0x00, 0x40, 0x00, 0x00, 0x40, 0x00, 0x00,
  0x40, 0x00, 0x00, 0x40, 0x00, 0x00, 0x40, 0x00, 0x00, 0x40, 0x00, 0x00, 0x40, 0x00, 0x00, 0x40,
  0x00, 0x00, 0x40, 0x00, 0x00, 0x40, 0x00, 0x00, 0x40, 0x00, 0x00, 0x40, 0x00, 0x00, 0x40, 0x00,
  0x00, 0x40, 0x00, 0x00, 0x40, 0x00, 0x00, 0x40, 0x00, 0x00, 0x40, 0x00, 0x00, 0x40, 0x00, 0x00,
  0x40, 0x00, 0x00, 0x40, 0x00, 0x00, 0x40, 0x00, 0x00, 0x40, 0x00, 0x00, 0x40, 0x00, 0x00, 0x40,
  0x00, 0x00, 0x40, 0x00, 0x00, 0x40, 0x00, 0x00, 0x40, 0x00, 0x00, 0x40, 0x00, 0x00, 0x40, 0x00,
  0x00, 0x40, 0x00, 0x00, 0x40, 0x00, 0x00, 0x40, 0x00, 0x00, 0x40, 0x00, 0x00, 0x40, 0x00, 0x00,
  0x40, 0x00, 0x00, 0x40, 0x00, 0x00, 0x40, 0x00, 0x00, 0x40, 0x00, 0x00, 0x40, 0x00, 0x00, 0x40,
  0x00, 0x00, 0x40, 0x00, 0x00, 0x40, 0x00, 0x00, 0x40, 0x00, 0x00, 0x40, 0x00, 0x00, 0x40, 0x00,
  0x00, 0x40, 0x00, 0x00, 0x40, 0x00, 0x00, 0x40, 0x00, 0x00, 0x40, 0x00, 0x00, 0x40, 0x00, 0x00,
  0x40, 0x00, 0x00, 0x40, 0x00, 0x00, 0x40, 0x00, 0x00, 0x40, 0x00, 0x00, 0x40, 0x00, 0x00, 0x40,
  0x00, 0x00, 0x40, 0x00, 0x00, 0x40, 0x00, 0x00, 0x40, 0x00, 0x00, 0x40, 0x00, 0x00, 0x40, 0x00,
  0x00, 0x40, 0x00, 0x00, 0x40, 0x00, 0x00, 0x40, 0x00, 0x00, 0x40, 0x00, 0x00, 0x40, 0x00, 0x00,
  0x40, 0x00, 0x00, 0x40, 0x00, 0x00, 0x34, 0x00, 0x00, 0x08, 0x00, 0x00, 0x00, 0x00, 0x00, 0x00,
  0x00, 0x00, 0x00, 0x00, 0x00, 0x00, 0x00, 0x00, 0x00, 0x00, 0x00, 0x00, 0x00, 0x00, 0x00, 0x00,
  0x00, 0x00, 0x00, 0x00, 0x00, 0x00, 0x00, 0x00, 0x00, 0x00, 0x00, 0x00, 0x00, 0x00, 0x00, 0x00,
  0x00, 0x00, 0x00, 0x00, 0x00, 0x00, 0x00, 0x00, 0x00, 0x00, 0x00, 0x00, 0x00, 0x00, 0x00, 0x00,
  0x00, 0x00, 0x00, 0x00, 0x00, 0x00, 0x00, 0x00, 0x00, 0x00, 0x00, 0x00, 0x00, 0x00, 0x00, 0x00,
  0x00, 0x00, 0x00, 0x00, 0x00, 0x00, 0x00, 0x00, 0x00, 0x00, 0x00, 0x00, 0x00, 0x00, 0x00, 0x00,
  0x00, 0x00, 0x00, 0x00, 0x00, 0x00, 0x00, 0x00, 0x00, 0x00, 0x00, 0x00, 0x00, 0x00, 0x00, 0x00,
  0x00, 0x00, 0x00, 0x00, 0x00, 0x00, 0x00, 0x00, 0x00, 0x00, 0x00, 0x00, 0x00, 0x00, 0x00, 0x00,
  0x00, 0x22, 0x00, 0x00, 0x3e, 0x00, 0x00, 0x40, 0x00, 0x00, 0x40, 0x00, 0x00, 0x40, 0x00, 0x00,
  0x40, 0x00, 0x00, 0x40, 0x00, 0x00, 0x40, 0x00, 0x00, 0x40, 0x00, 0x00, 0x40, 0x00, 0x00, 0x40,
  0x00, 0x00, 0x40, 0x00, 0x00, 0x40, 0x00, 0x00, 0x40, 0x00, 0x00, 0x40, 0x00, 0x00, 0x40, 0x00,
  0x00, 0x40, 0x00, 0x00, 0x40, 0x00, 0x00, 0x40, 0x00, 0x00, 0x40, 0x00, 0x00, 0x40, 0x00, 0x00,
  0x40, 0x00, 0x00, 0x40, 0x00, 0x00, 0x40, 0x00, 0x00, 0x40, 0x00, 0x00, 0x40, 0x00, 0x00, 0x40,
  0x00, 0x00, 0x40, 0x00, 0x00, 0x40, 0x00, 0x00, 0x40, 0x00, 0x00, 0x40, 0x00, 0x00, 0x40, 0x00,
  0x00, 0x40, 0x00, 0x00, 0x40, 0x00, 0x00, 0x40, 0x00, 0x00, 0x40, 0x00, 0x00, 0x40, 0x00, 0x00,
  0x40, 0x00, 0x00, 0x40, 0x00, 0x00, 0x40, 0x00, 0x00, 0x40, 0x00, 0x00, 0x40, 0x00, 0x00, 0x40,
  0x00, 0x00, 0x40, 0x00, 0x00, 0x40, 0x00, 0x00, 0x40, 0x00, 0x00, 0x40, 0x00, 0x00, 0x40, 0x00,
  0x00, 0x40, 0x00, 0x00, 0x40, 0x00, 0x00, 0x40, 0x00, 0x00, 0x40, 0x00, 0x00, 0x40, 0x00, 0x00,
  0x40, 0x00, 0x00, 0x40, 0x00, 0x00, 0x40, 0x00, 0x00, 0x40, 0x00, 0x00, 0x40, 0x00, 0x00, 0x40,
  0x00, 0x00, 0x40, 0x00, 0x00, 0x40, 0x00, 0x00, 0x40, 0x00, 0x00, 0x40, 0x00, 0x00, 0x40, 0x00,
  0x00, 0x40, 0x00, 0x00, 0x40, 0x00, 0x00, 0x40, 0x00, 0x00, 0x40, 0x00, 0x00, 0x40, 0x00, 0x00,
  0x40, 0x00, 0x00, 0x28, 0x00, 0x00, 0x02, 0x00, 0x00, 0x00, 0x00, 0x00, 0x00, 0x00, 0x00, 0x00,
  0x00, 0x00, 0x00, 0x00, 0x00, 0x00, 0x00, 0x00, 0x00, 0x00, 0x00, 0x00, 0x00, 0x00, 0x00, 0x00,
  0x00, 0x00, 0x00, 0x00, 0x00, 0x00, 0x00, 0x00, 0x00, 0x00, 0x00, 0x00, 0x00, 0x00, 0x00, 0x00,
  0x00, 0x00, 0x00, 0x00, 0x00, 0x00, 0x00, 0x00, 0x00, 0x00, 0x00, 0x00, 0x00, 0x00, 0x00, 0x00,
  0x00, 0x00, 0x00, 0x00, 0x00, 0x00, 0x00, 0x00, 0x00, 0x00, 0x00, 0x00, 0x00, 0x00, 0x00, 0x00,
  0x00, 0x00, 0x00, 0x00, 0x00, 0x00, 0x00, 0x00, 0x00, 0x00, 0x00, 0x00, 0x00, 0x00, 0x00, 0x00,
  0x00, 0x00, 0x00, 0x00, 0x00, 0x00, 0x00, 0x00, 0x00, 0x00, 0x00, 0x00, 0x00, 0x00, 0x00, 0x00,
  0x00, 0x00, 0x00, 0x00, 0x00, 0x00, 0x00, 0x00, 0x00, 0x00, 0x00, 0x00, 0x00, 0x00, 0x00, 0x00,
  0x00, 0x00, 0x00, 0x00, 0x08, 0x00, 0x00, 0x2c, 0x00, 0x00, 0x40, 0x00, 0x00, 0x40, 0x00, 0x00,
  0x40, 0x00, 0x00, 0x40, 0x00, 0x00, 0x40, 0x00, 0x00, 0x40, 0x00, 0x00, 0x40, 0x00, 0x00, 0x40,
  0x00, 0x00, 0x40, 0x00, 0x00, 0x40, 0x00, 0x00, 0x40, 0x00, 0x00, 0x40, 0x00, 0x00, 0x40, 0x00,
  0x00, 0x40, 0x00, 0x00, 0x40, 0x00, 0x00, 0x40, 0x00, 0x00, 0x40, 0x00, 0x00, 0x40, 0x00, 0x00,
  0x40, 0x00, 0x00, 0x40, 0x00, 0x00, 0x40, 0x00, 0x00, 0x40, 0x00, 0x00, 0x40, 0x00, 0x00, 0x40,
  0x00, 0x00, 0x40, 0x00, 0x00, 0x40, 0x00, 0x00, 0x40, 0x00, 0x00, 0x40, 0x00, 0x00, 0x40, 0x00,
  0x00, 0x40, 0x00, 0x00, 0x40, 0x00, 0x00, 0x40, 0x00, 0x00, 0x40, 0x00, 0x00, 0x40, 0x00, 0x00,
  0x40, 0x00, 0x00, 0x40, 0x00, 0x00, 0x40, 0x00, 0x00, 0x40, 0x00, 0x00, 0x40, 0x00, 0x00, 0x40,
  0x00, 0x00, 0x40, 0x00, 0x00, 0x40, 0x00, 0x00, 0x40, 0x00, 0x00, 0x40, 0x00, 0x00, 0x40, 0x00,
  0x00, 0x40, 0x00, 0x00, 0x40, 0x00, 0x00, 0x40, 0x00, 0x00, 0x40, 0x00, 0x00, 0x40, 0x00, 0x00,
  0x40, 0x00, 0x00, 0x40, 0x00, 0x00, 0x40, 0x00, 0x00, 0x40, 0x00, 0x00, 0x40, 0x00, 0x00, 0x40,
  0x00, 0x00, 0x40, 0x00, 0x00, 0x40, 0x00, 0x00, 0x40, 0x00, 0x00, 0x40, 0x00, 0x00, 0x40, 0x00,
  0x00, 0x40, 0x00, 0x00, 0x40, 0x00, 0x00, 0x40, 0x00, 0x00, 0x40, 0x00, 0x00, 0x30, 0x00, 0x00,
  0x0c, 0x00, 0x00, 0x00, 0x00, 0x00, 0x00, 0x00, 0x00, 0x00, 0x00, 0x00, 0x00, 0x00, 0x00, 0x00,
  0x00, 0x00, 0x00, 0x00, 0x00, 0x00, 0x00, 0x00, 0x00, 0x00, 0x00, 0x00, 0x00, 0x00, 0x00, 0x00,
  0x00, 0x00, 0x00, 0x00, 0x00, 0x00, 0x00, 0x00, 0x00, 0x00, 0x00, 0x00, 0x00, 0x00, 0x00, 0x00,
  0x00, 0x00, 0x00, 0x00, 0x00, 0x00, 0x00, 0x00, 0x00, 0x00, 0x00, 0x00, 0x00, 0x00, 0x00, 0x00,
  0x00, 0x00, 0x00, 0x00, 0x00, 0x00, 0x00, 0x00, 0x00, 0x00, 0x00, 0x00, 0x00, 0x00, 0x00, 0x00,
  0x00, 0x00, 0x00, 0x00, 0x00, 0x00, 0x00, 0x00, 0x00, 0x00, 0x00, 0x00, 0x00, 0x00, 0x00, 0x00,
  0x00, 0x00, 0x00, 0x00, 0x00, 0x00, 0x00, 0x00, 0x00, 0x00, 0x00, 0x00, 0x00, 0x00, 0x00, 0x00,
  0x00, 0x00, 0x00, 0x00, 0x00, 0x00, 0x00, 0x00, 0x00, 0x00, 0x00, 0x00, 0x00, 0x00, 0x00, 0x00,
  0x00, 0x00, 0x00, 0x00, 0x00, 0x00, 0x00, 0x00, 0x00, 0x00, 0x0a, 0x00, 0x00, 0x22, 0x00, 0x00,
  0x36, 0x00, 0x00, 0x40, 0x00, 0x00, 0x40, 0x00, 0x00, 0x40, 0x00, 0x00, 0x40, 0x00, 0x00, 0x40,
  0x00, 0x00, 0x40, 0x00, 0x00, 0x40, 0x00, 0x00, 0x40, 0x00, 0x00, 0x40, 0x00, 0x00, 0x40, 0x00,
  0x00, 0x40, 0x00, 0x00, 0x40, 0x00, 0x00, 0x40, 0x00, 0x00, 0x40, 0x00, 0x00, 0x40, 0x00, 0x00,
  0x40, 0x00, 0x00, 0x40, 0x00, 0x00, 0x40, 0x00, 0x00, 0x40, 0x00, 0x00, 0x40, 0x00, 0x00, 0x40,
  0x00, 0x00, 0x40, 0x00, 0x00, 0x40, 0x00, 0x00, 0x40, 0x00, 0x00, 0x40, 0x00, 0x00, 0x40, 0x00,
  0x00, 0x40, 0x00, 0x00, 0x40, 0x00, 0x00, 0x40, 0x00, 0x00, 0x40, 0x00, 0x00, 0x40, 0x00, 0x00,
  0x40, 0x00, 0x00, 0x40, 0x00, 0x00, 0x40, 0x00, 0x00, 0x40, 0x00, 0x00, 0x40, 0x00, 0x00, 0x40,
  0x00, 0x00, 0x40, 0x00, 0x00, 0x40, 0x00, 0x00, 0x40, 0x00, 0x00, 0x40, 0x00, 0x00, 0x40, 0x00,
  0x00, 0x40, 0x00, 0x00, 0x40, 0x00, 0x00, 0x40, 0x00, 0x00, 0x40, 0x00, 0x00, 0x40, 0x00, 0x00,
  0x40, 0x00, 0x00, 0x40, 0x00, 0x00, 0x40, 0x00, 0x00, 0x40, 0x00, 0x00, 0x40, 0x00, 0x00, 0x40,
  0x00, 0x00, 0x40, 0x00, 0x00, 0x40, 0x00, 0x00, 0x40, 0x00, 0x00, 0x40, 0x00, 0x00, 0x40, 0x00,
  0x00, 0x40, 0x00, 0x00, 0x38, 0x00, 0x00, 0x26, 0x00, 0x00, 0x12, 0x00, 0x00, 0x00, 0x00, 0x00,
  0x00, 0x00, 0x00, 0x00, 0x00, 0x00, 0x00, 0x00, 0x00, 0x00, 0x00, 0x00, 0x00, 0x00, 0x00, 0x00,
  0x00, 0x00, 0x00, 0x00, 0x00, 0x00, 0x00, 0x00, 0x00, 0x00, 0x00, 0x00, 0x00, 0x00, 0x00, 0x00,
  0x00, 0x00, 0x00, 0x00, 0x00, 0x00, 0x00, 0x00, 0x00, 0x00, 0x00, 0x00, 0x00, 0x00, 0x00, 0x00,
  0x00, 0x00, 0x00, 0x00, 0x00, 0x00, 0x00, 0x00, 0x00, 0x00, 0x00, 0x00, 0x00, 0x00, 0x00, 0x00,
  0x00, 0x00, 0x00, 0x00, 0x00, 0x00, 0x00, 0x00, 0x00, 0x00, 0x00, 0x00, 0x00, 0x00, 0x00, 0x00,
  0x00, 0x00, 0x00, 0x00, 0x00, 0x00, 0x00, 0x00, 0x00, 0x00, 0x00, 0x00, 0x00, 0x00, 0x00, 0x00,
  0x00, 0x00, 0x00, 0x00, 0x00, 0x00, 0x00, 0x00, 0x00, 0x00, 0x00, 0x00, 0x00, 0x00, 0x00, 0x00,
  0x00, 0x00, 0x00, 0x00, 0x00, 0x00, 0x00, 0x00, 0x00, 0x00, 0x00, 0x00, 0x00, 0x00, 0x00, 0x00,
  0x00, 0x00, 0x00, 0x00, 0x00, 0x00, 0x00, 0x00, 0x00, 0x00, 0x00, 0x00, 0x00, 0x00, 0x00, 0x00,
  0x00, 0x00, 0x00, 0x08, 0x00, 0x00, 0x10, 0x00, 0x00, 0x1e, 0x00, 0x00, 0x20, 0x00, 0x00, 0x20,
  0x00, 0x00, 0x20, 0x00, 0x00, 0x20, 0x00, 0x00, 0x20, 0x00, 0x00, 0x20, 0x00, 0x00, 0x20, 0x00,
  0x00, 0x20, 0x00, 0x00, 0x20, 0x00, 0x00, 0x20, 0x00, 0x00, 0x20, 0x00, 0x00, 0x20, 0x00, 0x00,
  0x20, 0x00, 0x00, 0x20, 0x00, 0x00, 0x20, 0x00, 0x00, 0x20, 0x00, 0x00, 0x20, 0x00, 0x00, 0x20,
  0x00, 0x00, 0x20, 0x00, 0x00, 0x20, 0x00, 0x00, 0x20, 0x00, 0x00, 0x20, 0x00, 0x00, 0x20, 0x00,
  0x00, 0x20, 0x00, 0x00, 0x20, 0x00, 0x00, 0x20, 0x00, 0x00, 0x20, 0x00, 0x00, 0x20, 0x00, 0x00,
  0x20, 0x00, 0x00, 0x20, 0x00, 0x00, 0x20, 0x00, 0x00, 0x20, 0x00, 0x00, 0x20, 0x00, 0x00, 0x20,
  0x00, 0x00, 0x20, 0x00, 0x00, 0x20, 0x00, 0x00, 0x20, 0x00, 0x00, 0x20, 0x00, 0x00, 0x20, 0x00,
  0x00, 0x20, 0x00, 0x00, 0x20, 0x00, 0x00, 0x20, 0x00, 0x00, 0x20, 0x00, 0x00, 0x20, 0x00, 0x00,
  0x20, 0x00, 0x00, 0x20, 0x00, 0x00, 0x20, 0x00, 0x00, 0x20, 0x00, 0x00, 0x20, 0x00, 0x00, 0x20,
  0x00, 0x00, 0x20, 0x00, 0x00, 0x20, 0x00, 0x00, 0x20, 0x00, 0x00, 0x20, 0x00, 0x00, 0x10, 0x00,
  0x00, 0x0a, 0x00, 0x00, 0x00, 0x00, 0x00, 0x00, 0x00, 0x00, 0x00, 0x00, 0x00, 0x00, 0x00, 0x00,
  0x00, 0x00, 0x00, 0x00, 0x00, 0x00, 0x00, 0x00, 0x00, 0x00, 0x00, 0x00, 0x00, 0x00, 0x00, 0x00,
  0x00, 0x00, 0x00, 0x00, 0x00, 0x00, 0x00, 0x00, 0x00, 0x00, 0x00, 0x00, 0x00, 0x00, 0x00, 0x00,
  0x00, 0x00, 0x00, 0x00, 0x00, 0x00, 0x00, 0x00, 0x00, 0x00, 0x00, 0x00, 0x00, 0x00, 0x00, 0x00,
  0x00, 0x00, 0x00, 0x00, 0x00, 0x00, 0x00, 0x00, 0x00, 0x00, 0x00, 0x00, 0x00, 0x00, 0x00, 0x00,
  0x00, 0x00, 0x00, 0x00, 0x00, 0x00, 0x00, 0x00, 0x00, 0x00, 0x00, 0x00, 0x00, 0x00, 0x00, 0x00,
  0x00, 0x00, 0x00, 0x00, 0x00, 0x00, 0x00, 0x00, 0x00, 0x00, 0x00, 0x00, 0x00, 0x00, 0x00, 0x00,
  0x00, 0x00, 0x00, 0x00, 0x00, 0x00, 0x00, 0x00, 0x00, 0x00, 0x00, 0x00, 0x00, 0x00, 0x00, 0x00,
  0x00, 0x00, 0x00, 0x00, 0x00, 0x00, 0x00, 0x00, 0x00, 0x00, 0x00, 0x00, 0x00, 0x00, 0x00, 0x00,
  0x00, 0x00, 0x00, 0x00, 0x00, 0x00, 0x00, 0x00, 0x00, 0x00, 0x00, 0x00, 0x00, 0x00, 0x00, 0x00,
  0x00, 0x00, 0x00, 0x00, 0x00, 0x00, 0x00, 0x00, 0x00, 0x00, 0x00, 0x00, 0x00, 0x00, 0x00, 0x00,
  0x00, 0x00, 0x00, 0x00, 0x00, 0x00, 0x00, 0x00, 0x00, 0x00, 0x00, 0x00, 0x00, 0x00, 0x00, 0x00,
  0x00, 0x00, 0x00, 0x00, 0x00, 0x00, 0x00, 0x00, 0x00, 0x00, 0x00, 0x00, 0x00, 0x00, 0x00, 0x00,
  0x00, 0x00, 0x00, 0x00, 0x00, 0x00, 0x00, 0x00, 0x00, 0x00, 0x00, 0x00, 0x00, 0x00, 0x00, 0x00,
  0x00, 0x00, 0x00, 0x00, 0x00, 0x00, 0x00, 0x00, 0x00, 0x00, 0x00, 0x00, 0x00, 0x00, 0x00, 0x00,
  0x00, 0x00, 0x00, 0x00, 0x00, 0x00, 0x00, 0x00, 0x00, 0x00, 0x00, 0x00, 0x00, 0x00, 0x00, 0x00,
  0x00, 0x00, 0x00, 0x00, 0x00, 0x00, 0x00, 0x00, 0x00, 0x00, 0x00, 0x00, 0x00, 0x00, 0x00, 0x00,
  0x00, 0x00, 0x00, 0x00, 0x00, 0x00, 0x00, 0x00, 0x00, 0x00, 0x00, 0x00, 0x00, 0x00, 0x00, 0x00,
  0x00, 0x00, 0x00, 0x00, 0x00, 0x00, 0x00, 0x00, 0x00, 0x00, 0x00, 0x00, 0x00, 0x00, 0x00, 0x00,
  0x00, 0x00, 0x00, 0x00, 0x00, 0x00, 0x00, 0x00, 0x00, 0x00, 0x00, 0x00, 0x00, 0x00, 0x00, 0x00,
  0x00, 0x00, 0x00, 0x00, 0x00, 0x00, 0x00, 0x00, 0x00, 0x00, 0x00, 0x00, 0x00, 0x00, 0x00, 0x00,
  0x00, 0x00, 0x00, 0x00, 0x00, 0x00, 0x00, 0x00, 0x00, 0x00, 0x00, 0x00, 0x00, 0x00, 0x00, 0x00,
  0x00, 0x00, 0x00, 0x00, 0x00, 0x00, 0x00, 0x00, 0x00, 0x00, 0x00, 0x00, 0x00, 0x00, 0x00, 0x00,
  0x00, 0x00, 0x00, 0x00, 0x00, 0x00, 0x00, 0x00, 0x00, 0x00, 0x00, 0x00, 0x00, 0x00, 0x00, 0x00,
  0x00, 0x00, 0x00, 0x00, 0x00, 0x00, 0x00, 0x00, 0x00, 0x00, 0x00, 0x00, 0x00, 0x00, 0x00, 0x00,
  0x00, 0x00, 0x00, 0x00, 0x00, 0x00, 0x00, 0x00, 0x00, 0x00, 0x00, 0x00, 0x00, 0x00, 0x00, 0x00,
  0x00, 0x00, 0x00, 0x00, 0x00, 0x00, 0x00, 0x00, 0x00, 0x00, 0x00, 0x00, 0x00, 0x00, 0x00, 0x00,
  0x00, 0x00, 0x00, 0x00, 0x00, 0x00, 0x00, 0x00, 0x00, 0x00, 0x00, 0x00, 0x00, 0x00, 0x00, 0x00,
  0x00, 0x00, 0x00, 0x00, 0x00, 0x00, 0x00, 0x00, 0x00, 0x00, 0x00, 0x00, 0x00, 0x00, 0x00, 0x00,
  0x00, 0x00, 0x00, 0x00, 0x00, 0x00, 0x00, 0x00, 0x00, 0x00, 0x00, 0x00, 0x00, 0x00, 0x00, 0x00,
  0x00, 0x00, 0x00, 0x00, 0x00, 0x00, 0x00, 0x00, 0x00, 0x00, 0x00, 0x00, 0x00, 0x00, 0x00, 0x00,
  0x00, 0x00, 0x00, 0x00, 0x00, 0x00, 0x00, 0x00, 0x00, 0x00, 0x00, 0x00, 0x00, 0x00, 0x00, 0x00,
  0x00, 0x00, 0x00, 0x00, 0x00, 0x00, 0x00, 0x00, 0x00, 0x00, 0x00, 0x00, 0x00, 0x00, 0x00, 0x00,
  0x00, 0x00, 0x00, 0x00, 0x00, 0x00, 0x00, 0x00, 0x00, 0x00, 0x00, 0x00, 0x00, 0x00, 0x00, 0x00,
  0x00, 0x00, 0x00, 0x00, 0x00, 0x00, 0x00, 0x00, 0x00, 0x00, 0x00, 0x00, 0x00, 0x00, 0x00, 0x00,
  0x00, 0x00, 0x00, 0x00, 0x00, 0x00, 0x00, 0x00, 0x00, 0x00, 0x00, 0x00, 0x00, 0x00, 0x00, 0x00,
  0x00, 0x00, 0x00, 0x00, 0x00, 0x00, 0x00, 0x00, 0x00, 0x00, 0x00, 0x00, 0x00, 0x00, 0x00, 0x00,
  0x00, 0x00, 0x00, 0x00, 0x00, 0x00, 0x00, 0x00, 0x00, 0x00, 0x00, 0x00, 0x00, 0x00, 0x00, 0x00,
  0x00, 0x00, 0x00, 0x00, 0x00, 0x00, 0x00, 0x00, 0x00, 0x00, 0x00, 0x00, 0x00, 0x00, 0x00, 0x00,
  0x00, 0x00, 0x00, 0x00, 0x00, 0x00, 0x00, 0x00, 0x00, 0x00, 0x00, 0x00, 0x00, 0x00, 0x00, 0x00,
  0x00, 0x00, 0x00, 0x00, 0x00, 0x00, 0x00, 0x00, 0x00, 0x00, 0x00, 0x00, 0x00, 0x00, 0x00, 0x00,
  0x00, 0x00, 0x00, 0x00, 0x00, 0x00, 0x00, 0x00, 0x00, 0x00, 0x00, 0x00, 0x00, 0x00, 0x00, 0x00,
  0x00, 0x00, 0x00, 0x00, 0x00, 0x00, 0x00, 0x00, 0x00, 0x00, 0x00, 0x00, 0x00, 0x00, 0x00, 0x00,
  0x00, 0x00, 0x00, 0x00, 0x00, 0x00, 0x00, 0x00, 0x00, 0x00, 0x00, 0x00, 0x00, 0x00, 0x00, 0x00,
  0x00, 0x00, 0x00, 0x00, 0x00, 0x00, 0x00, 0x00, 0x00, 0x00, 0x00, 0x00, 0x00, 0x00, 0x00, 0x00,
  0x00, 0x00, 0x00, 0x00, 0x00, 0x00, 0x00, 0x00, 0x00, 0x00, 0x00, 0x00, 0x00, 0x00, 0x00, 0x00,
  0x00, 0x00, 0x00, 0x00, 0x00, 0x00, 0x00, 0x00, 0x00, 0x00, 0x00, 0x00, 0x00, 0x00, 0x00, 0x00,
  0x00, 0x00, 0x00, 0x00, 0x00, 0x00, 0x00, 0x00, 0x00, 0x00, 0x00, 0x00, 0x00, 0x00, 0x00, 0x00,
  0x00, 0x00, 0x00, 0x00, 0x00, 0x00, 0x00, 0x00, 0x00, 0x00, 0x00, 0x00, 0x00, 0x00, 0x00, 0x00,
  0x00, 0x00, 0x00, 0x00, 0x00, 0x00, 0x00, 0x00, 0x00, 0x00, 0x00, 0x00, 0x00, 0x00, 0x00, 0x00,
  0x00, 0x00, 0x00, 0x00, 0x00, 0x00, 0x00, 0x00, 0x00, 0x00, 0x00, 0x00, 0x00, 0x00, 0x00, 0x00,
  0x00, 0x00, 0x00, 0x00, 0x00, 0x00, 0x00, 0x00, 0x00, 0x00, 0x00, 0x00, 0x00, 0x00, 0x00, 0x00,
  0x00, 0x00, 0x00, 0x00, 0x00, 0x00, 0x00, 0x00, 0x00, 0x00, 0x00, 0x00, 0x00, 0x00, 0x00, 0x00,
  0x00, 0x00, 0x00, 0x00, 0x00, 0x00, 0x00, 0x00, 0x00, 0x00, 0x00, 0x00, 0x00, 0x00, 0x00, 0x00,
  0x00, 0x00, 0x00, 0x00, 0x00, 0x00, 0x00, 0x00, 0x00, 0x00, 0x00, 0x00, 0x00, 0x00, 0x00, 0x00,
  0x00, 0x00, 0x00, 0x00, 0x00, 0x00, 0x00, 0x00, 0x00, 0x00, 0x00, 0x00, 0x00, 0x00, 0x00, 0x00,
  0x00, 0x00, 0x00, 0x00, 0x00, 0x00, 0x00, 0x00, 0x00, 0x00, 0x00, 0x00, 0x00, 0x00, 0x00, 0x00,
  0x00, 0x00, 0x00, 0x00, 0x00, 0x00, 0x00, 0x00, 0x00, 0x00, 0x00, 0x00, 0x00, 0x00, 0x00, 0x00,
  0x00, 0x00, 0x00, 0x00, 0x00, 0x00, 0x00, 0x00, 0x00, 0x00, 0x00, 0x00, 0x00, 0x00, 0x00, 0x00,
  0x00, 0x00, 0x00, 0x00, 0x00, 0x00, 0x00, 0x00, 0x00, 0x00, 0x00, 0x00, 0x00, 0x00, 0x00, 0x00,
  0x00, 0x00, 0x00, 0x00, 0x00, 0x00, 0x00, 0x00, 0x00, 0x00, 0x00, 0x00, 0x00, 0x00, 0x00, 0x00,
  0x00, 0x00, 0x00, 0x00, 0x00, 0x00, 0x00, 0x00, 0x00, 0x00, 0x00, 0x00, 0x00, 0x00, 0x00, 0x00,
  0x00, 0x00, 0x00, 0x00, 0x00, 0x00, 0x00, 0x00, 0x00, 0x00, 0x00, 0x00, 0x00, 0x00, 0x00, 0x00,
  0x00, 0x00, 0x00, 0x00, 0x00, 0x00, 0x00, 0x00, 0x00, 0x00, 0x00, 0x00, 0x00, 0x00, 0x00, 0x00,
  0x00, 0x00, 0x00, 0x00, 0x00, 0x00, 0x00, 0x00, 0x00, 0x00, 0x00, 0x00, 0x00, 0x00, 0x00, 0x00,
  0x00, 0x00, 0x00, 0x00, 0x00, 0x00, 0x00, 0x00, 0x00, 0x00, 0x00, 0x00, 0x00, 0x00, 0x00, 0x00,
  0x00, 0x00, 0x00, 0x00, 0x00, 0x00, 0x00, 0x00, 0x00, 0x00, 0x00, 0x00, 0x00, 0x00, 0x00, 0x00,
  0x00, 0x00, 0x00, 0x00, 0x00, 0x00, 0x00, 0x00, 0x00, 0x00, 0x00, 0x00, 0x00, 0x00, 0x00, 0x00,
  0x00, 0x00, 0x00, 0x00, 0x00, 0x00, 0x00, 0x00, 0x00, 0x00, 0x00, 0x00, 0x00, 0x00, 0x00, 0x00,
  0x00, 0x00, 0x00, 0x00, 0x00, 0x00, 0x00, 0x00, 0x00, 0x00, 0x00, 0x00, 0x00, 0x00, 0x00, 0x00,
  0x00, 0x00, 0x00, 0x00, 0x00, 0x00, 0x00, 0x00, 0x00, 0x00, 0x00, 0x00, 0x00, 0x00, 0x00, 0x00,
  0x00, 0x00, 0x00, 0x00, 0x00, 0x00, 0x00, 0x00, 0x00, 0x00, 0x00, 0x00, 0x00, 0x00, 0x00, 0x00,
  0x00, 0x00, 0x00, 0x00, 0x00, 0x00, 0x00, 0x00, 0x00, 0x00, 0x00, 0x00, 0x00, 0x00, 0x00, 0x00,
  0x00, 0x00, 0x00, 0x00, 0x00, 0x00, 0x00, 0x00, 0x00, 0x00, 0x00, 0x00, 0x00, 0x00, 0x00, 0x00,
  0x00, 0x00, 0x00, 0x00, 0x00, 0x00, 0x00, 0x00, 0x00, 0x00, 0x00, 0x00, 0x00, 0x00, 0x00, 0x00,
  0x00, 0x00, 0x00, 0x00, 0x00, 0x00, 0x00, 0x00, 0x00, 0x00, 0x00, 0x00, 0x00, 0x00, 0x00, 0x00,
  0x00, 0x00, 0x00, 0x00, 0x00, 0x00, 0x00, 0x00, 0x00, 0x00, 0x00, 0x00, 0x00, 0x00, 0x00, 0x00,
  0x00, 0x00, 0x00, 0x00, 0x00, 0x00, 0x00, 0x00, 0x00, 0x00, 0x00, 0x00, 0x00, 0x00, 0x00, 0x00,
  0x00, 0x00, 0x00, 0x00, 0x00, 0x00, 0x00, 0x00, 0x00, 0x00, 0x00, 0x00, 0x00, 0x00, 0x00, 0x00,
  0x00, 0x00, 0x00, 0x00, 0x00, 0x00, 0x00, 0x00, 0x00, 0x00, 0x00, 0x00, 0x00, 0x00, 0x00, 0x00,
  0x00, 0x00, 0x00, 0x00, 0x00, 0x00, 0x00, 0x00, 0x00, 0x00, 0x00, 0x00, 0x00, 0x00, 0x00, 0x00,
  0x00, 0x00, 0x00, 0x00, 0x00, 0x00, 0x00, 0x00, 0x00, 0x00, 0x00, 0x00, 0x00, 0x00, 0x00, 0x00,
  0x00, 0x00, 0x00, 0x00, 0x00, 0x00, 0x00, 0x00, 0x00, 0x00, 0x00, 0x00, 0x00, 0x00, 0x00, 0x00,
  0x00, 0x00, 0x00, 0x00, 0x00, 0x00, 0x00, 0x00, 0x00, 0x00, 0x00, 0x00, 0x00, 0x00, 0x00, 0x00,
  0x00, 0x00, 0x00, 0x00, 0x00, 0x00, 0x00, 0x00, 0x00, 0x00, 0x00, 0x00, 0x00, 0x00, 0x00, 0x00,
  0x00, 0x00, 0x00, 0x00, 0x00, 0x00, 0x00, 0x00, 0x00, 0x00, 0x00, 0x00, 0x00, 0x00, 0x00, 0x00,
  0x00, 0x00, 0x00, 0x00, 0x00, 0x00, 0x00, 0x00, 0x00, 0x00, 0x00, 0x00, 0x00, 0x00, 0x00, 0x00,
  0x00, 0x00, 0x00, 0x00, 0x00, 0x00, 0x00, 0x00, 0x00, 0x00, 0x00, 0x00, 0x00, 0x00, 0x00, 0x00,
  0x00, 0x00, 0x00, 0x00, 0x00, 0x00, 0x00, 0x00, 0x00, 0x00, 0x00, 0x00, 0x00, 0x00, 0x00, 0x00,
  0x00, 0x00, 0x00, 0x00, 0x00, 0x00, 0x00, 0x00, 0x00, 0x00, 0x00, 0x00, 0x00, 0x00, 0x00, 0x00,
  0x00, 0x00, 0x00, 0x00, 0x00, 0x00, 0x00, 0x00, 0x00, 0x00, 0x00, 0x00, 0x00, 0x00, 0x00, 0x00,
  0x00, 0x00, 0x00, 0x00, 0x00, 0x00, 0x00, 0x00, 0x00, 0x00, 0x00, 0x00, 0x00, 0x00, 0x00, 0x00,
  0x00, 0x00, 0x00, 0x00, 0x00, 0x00, 0x00, 0x00, 0x00, 0x00, 0x00, 0x00, 0x00, 0x00, 0x00, 0x00,
  0x00, 0x00, 0x00, 0x00, 0x00, 0x00, 0x00, 0x00, 0x00, 0x00, 0x00, 0x00, 0x00, 0x00, 0x00, 0x00,
  0x00, 0x00, 0x00, 0x00, 0x00, 0x00, 0x00, 0x00, 0x00, 0x00, 0x00, 0x00, 0x00, 0x00, 0x00, 0x00,
  0x00, 0x00, 0x00, 0x00, 0x00, 0x00, 0x00, 0x00, 0x00, 0x00, 0x00, 0x00, 0x00, 0x00, 0x00, 0x00,
  0x00, 0x00, 0x00, 0x00, 0x00, 0x00, 0x00, 0x00, 0x00, 0x00, 0x00, 0x00, 0x00, 0x00, 0x00, 0x00,
  0x00, 0x00, 0x00, 0x00, 0x00, 0x00, 0x00, 0x00, 0x00, 0x00, 0x00, 0x00, 0x00, 0x00, 0x00, 0x00,
  0x00, 0x00, 0x00, 0x00, 0x00, 0x00, 0x00, 0x00, 0x00, 0x00, 0x00, 0x00, 0x00, 0x00, 0x00, 0x00,
  0x00, 0x00, 0x00, 0x00, 0x00, 0x00, 0x00, 0x00, 0x00, 0x00, 0x00, 0x00, 0x00, 0x00, 0x00, 0x00,
  0x00, 0x00, 0x00, 0x00, 0x00, 0x00, 0x00, 0x00, 0x00, 0x00, 0x00, 0x00, 0x00, 0x00, 0x00, 0x00,
  0x00, 0x00, 0x00, 0x00, 0x00, 0x00, 0x00, 0x00, 0x00, 0x00, 0x00, 0x00, 0x00, 0x00, 0x00, 0x00,
  0x00, 0x00, 0x00, 0x00, 0x00, 0x00, 0x00, 0x00, 0x00, 0x00, 0x00, 0x00, 0x00, 0x00, 0x00, 0x00,
  0x00, 0x00, 0x00, 0x00, 0x00, 0x00, 0x00, 0x00, 0x00, 0x00, 0x00, 0x00, 0x00, 0x00, 0x00, 0x00,
  0x00, 0x00, 0x00, 0x00, 0x00, 0x00, 0x00, 0x00, 0x00, 0x00, 0x00, 0x00, 0x00, 0x00, 0x00, 0x00,
  0x00, 0x00, 0x00, 0x00, 0x00, 0x00, 0x00, 0x00, 0x00, 0x00, 0x00, 0x00, 0x00, 0x00, 0x00, 0x00,
  0x00, 0x00, 0x00, 0x00, 0x00, 0x00, 0x00, 0x00, 0x00, 0x00, 0x00, 0x00, 0x00, 0x00, 0x00, 0x00,
  0x00, 0x00, 0x00, 0x00, 0x00, 0x00, 0x00, 0x00, 0x00, 0x00, 0x00, 0x00, 0x00, 0x00, 0x00, 0x00,
  0x00, 0x00, 0x00, 0x00, 0x00, 0x00, 0x00, 0x00, 0x00, 0x00, 0x00, 0x00, 0x00, 0x00, 0x00, 0x00,
  0x00, 0x00, 0x00, 0x00, 0x00, 0x00, 0x00, 0x00, 0x00, 0x00, 0x00, 0x00, 0x00, 0x00, 0x00, 0x00,
  0x00, 0x00, 0x00, 0x00, 0x00, 0x00, 0x00, 0x00, 0x00, 0x00, 0x00, 0x00, 0x00, 0x00, 0x00, 0x00,
  0x00, 0x00, 0x00, 0x00, 0x00, 0x00, 0x00, 0x00, 0x00, 0x00, 0x00, 0x00, 0x00, 0x00, 0x00, 0x00,
  0x00, 0x00, 0x00, 0x00, 0x00, 0x00, 0x00, 0x00, 0x00, 0x00, 0x00, 0x00, 0x00, 0x00, 0x00, 0x00,
  0x00, 0x00, 0x00, 0x00, 0x00, 0x00, 0x00, 0x00, 0x00, 0x00, 0x00, 0x00, 0x00, 0x00, 0x00, 0x00,
  0x00, 0x00, 0x00, 0x00, 0x00, 0x00, 0x00, 0x00, 0x00, 0x00, 0x00, 0x00, 0x00, 0x00, 0x00, 0x00,
  0x00, 0x00, 0x00, 0x00, 0x00, 0x00, 0x00, 0x00, 0x00, 0x00, 0x00, 0x00, 0x00, 0x00, 0x00, 0x00,
  0x00, 0x00, 0x00, 0x00, 0x00, 0x00, 0x00, 0x00, 0x00, 0x00, 0x00, 0x00, 0x00, 0x00, 0x00, 0x00,
  0x00, 0x00, 0x00, 0x00, 0x00, 0x00, 0x00, 0x00, 0x00, 0x00, 0x00, 0x00, 0x00, 0x00, 0x00, 0x00,
  0x00, 0x00, 0x00, 0x00, 0x00, 0x00, 0x00, 0x00, 0x00, 0x00, 0x00, 0x00, 0x00, 0x00, 0x00, 0x00,
  0x00, 0x00, 0x00, 0x00, 0x00, 0x00, 0x00, 0x00, 0x00, 0x00, 0x00, 0x00, 0x00, 0x00, 0x00, 0x00,
  0x00, 0x00, 0x00, 0x00, 0x00, 0x00, 0x00, 0x00, 0x00, 0x00, 0x00, 0x00, 0x00, 0x00, 0x00, 0x00,
  0x00, 0x00, 0x00, 0x00, 0x00, 0x00, 0x00, 0x00, 0x00, 0x00, 0x00, 0x00, 0x00, 0x00, 0x00, 0x00,
  0x00, 0x00, 0x00, 0x00, 0x00, 0x00, 0x00, 0x00, 0x00, 0x00, 0x00, 0x00, 0x00, 0x00, 0x00, 0x00,
  0x00, 0x00, 0x00, 0x00, 0x00, 0x00, 0x00, 0x00, 0x00, 0x00, 0x00, 0x00, 0x00, 0x00, 0x00, 0x00,
  0x00, 0x00, 0x00, 0x00, 0x00, 0x00, 0x00, 0x00, 0x00, 0x00, 0x00, 0x00, 0x00, 0x00, 0x00, 0x00,
  0x00, 0x00, 0x00, 0x00, 0x00, 0x00, 0x00, 0x00, 0x00, 0x00, 0x00, 0x00, 0x00, 0x00, 0x00, 0x00,
  0x00, 0x00, 0x00, 0x00, 0x00, 0x00, 0x00, 0x00, 0x00, 0x00, 0x00, 0x00, 0x00, 0x00, 0x00, 0x00,
  0x00, 0x00, 0x00, 0x00, 0x00, 0x00, 0x00, 0x00, 0x00, 0x00, 0x00, 0x00, 0x00, 0x00, 0x00, 0x00,
  0x00, 0x00, 0x00, 0x00, 0x00, 0x00, 0x00, 0x00, 0x00, 0x00, 0x00, 0x00, 0x00, 0x00, 0x00, 0x00,
  0x00, 0x00, 0x00, 0x00, 0x00, 0x00, 0x00, 0x00, 0x00, 0x00, 0x00, 0x00, 0x00, 0x00, 0x00, 0x00,
  0x00, 0x00, 0x00, 0x00, 0x00, 0x00, 0x00, 0x00, 0x00, 0x00, 0x00, 0x00, 0x00, 0x00, 0x00, 0x00,
  0x00, 0x00, 0x00, 0x00, 0x00, 0x00, 0x00, 0x00, 0x00, 0x00, 0x00, 0x00, 0x00, 0x00, 0x00, 0x00,
  0x00, 0x00, 0x00, 0x00, 0x00, 0x00, 0x00, 0x00, 0x00, 0x00, 0x00, 0x00, 0x00, 0x00, 0x00, 0x00,
  0x00, 0x00, 0x00, 0x00, 0x00, 0x00, 0x00, 0x00, 0x00, 0x00, 0x00, 0x00, 0x00, 0x00, 0x00, 0x00,
  0x00, 0x00, 0x00, 0x00, 0x00, 0x00, 0x00, 0x00, 0x00, 0x00, 0x00, 0x00, 0x00, 0x00, 0x00, 0x00,
  0x00, 0x00, 0x00, 0x00, 0x00, 0x00, 0x00, 0x00, 0x00, 0x00, 0x00, 0x00, 0x00, 0x00, 0x00, 0x00,
  0x00, 0x00, 0x00, 0x00, 0x00, 0x00, 0x00, 0x00, 0x00, 0x00, 0x00, 0x00, 0x00, 0x00, 0x00, 0x00,
  0x00, 0x00, 0x00, 0x00, 0x00, 0x00, 0x00, 0x00, 0x00, 0x00, 0x00, 0x00, 0x00, 0x00, 0x00, 0x00,
  0x00, 0x00, 0x00, 0x00, 0x00, 0x00, 0x00, 0x00, 0x00, 0x00, 0x00, 0x00, 0x00, 0x00, 0x00, 0x00,
  0x00, 0x00, 0x00, 0x00, 0x00, 0x00, 0x00, 0x00, 0x00, 0x00, 0x00, 0x00, 0x00, 0x00, 0x00, 0x00,
  0x00, 0x00, 0x00, 0x00, 0x00, 0x00, 0x00, 0x00, 0x00, 0x00, 0x00, 0x00, 0x00, 0x00, 0x00, 0x00,
  0x00, 0x00, 0x00, 0x00, 0x00, 0x00, 0x00, 0x00, 0x00, 0x00, 0x00, 0x00, 0x00, 0x00, 0x00, 0x00,
  0x00, 0x00, 0x00, 0x00, 0x00, 0x00, 0x00, 0x00, 0x00, 0x00, 0x00, 0x00, 0x00, 0x00, 0x00, 0x00,
  0x00, 0x00, 0x00, 0x00, 0x00, 0x00, 0x00, 0x00, 0x00, 0x00, 0x00, 0x00, 0x00, 0x00, 0x00, 0x00,
  0x00, 0x00, 0x00, 0x00, 0x00, 0x00, 0x00, 0x00, 0x00, 0x00, 0x00, 0x00, 0x00, 0x00, 0x00, 0x00,
  0x00, 0x00, 0x00, 0x00, 0x00, 0x00, 0x00, 0x00, 0x00, 0x00, 0x00, 0x00, 0x00, 0x00, 0x00, 0x00,
  0x00, 0x00, 0x00, 0x00, 0x00, 0x00, 0x00, 0x00, 0x00, 0x00, 0x00, 0x00, 0x00, 0x00, 0x00, 0x00,
  0x00, 0x00, 0x00, 0x00, 0x00, 0x00, 0x00, 0x00, 0x00, 0x00, 0x00, 0x00, 0x00, 0x00, 0x00, 0x00,
  0x00, 0x00, 0x00, 0x00, 0x00, 0x00, 0x00, 0x00, 0x00, 0x00, 0x00, 0x00, 0x00, 0x00, 0x00, 0x00,
  0x00, 0x00, 0x00, 0x00, 0x00, 0x00, 0x00, 0x00, 0x00, 0x00, 0x00, 0x00, 0x00, 0x00, 0x00, 0x00,
  0x00, 0x00, 0x00, 0x00, 0x00, 0x00, 0x00, 0x00, 0x00, 0x00, 0x00, 0x00, 0x00, 0x00, 0x00, 0x00,
  0x00, 0x00, 0x00, 0x00, 0x00, 0x00, 0x00, 0x00, 0x00, 0x00, 0x00, 0x00, 0x00, 0x00, 0x00, 0x00,
  0x00, 0x00, 0x00, 0x00, 0x00, 0x00, 0x00, 0x00, 0x00, 0x00, 0x00, 0x00, 0x00, 0x00, 0x00, 0x00,
  0x00, 0x00, 0x00, 0x00, 0x00, 0x00, 0x00, 0x00, 0x00, 0x00, 0x00, 0x00, 0x00, 0x00, 0x00, 0x00,
  0x00, 0x00, 0x00, 0x00, 0x00, 0x00, 0x00, 0x00, 0x00, 0x00, 0x00, 0x00, 0x00, 0x00, 0x00, 0x00,
  0x00, 0x00, 0x00, 0x00, 0x00, 0x00, 0x00, 0x00, 0x00, 0x00, 0x00, 0x00, 0x00, 0x00, 0x00, 0x00,
  0x00, 0x00, 0x00, 0x00, 0x00, 0x00, 0x00, 0x00, 0x00, 0x00, 0x00, 0x00, 0x00, 0x00, 0x00, 0x00,
  0x00, 0x00, 0x00, 0x00, 0x00, 0x00, 0x00, 0x00, 0x00, 0x00, 0x00, 0x00, 0x00, 0x00, 0x00, 0x00,
  0x00, 0x00, 0x00, 0x00, 0x00, 0x00, 0x00, 0x00, 0x00, 0x00, 0x00, 0x00, 0x00, 0x00, 0x00, 0x00,
  0x00, 0x00, 0x00, 0x00, 0x00, 0x00, 0x00, 0x00, 0x00, 0x00, 0x00, 0x00, 0x00, 0x00, 0x00, 0x00,
  0x00, 0x00, 0x00, 0x00, 0x00, 0x00, 0x00, 0x00, 0x00, 0x00, 0x00, 0x00, 0x00, 0x00, 0x00, 0x00,
  0x00, 0x00, 0x00, 0x00, 0x00, 0x00, 0x00, 0x00, 0x00, 0x00, 0x00, 0x00, 0x00, 0x00, 0x00, 0x00,
  0x00, 0x00, 0x00, 0x00, 0x00, 0x00, 0x00, 0x00, 0x00, 0x00, 0x00, 0x00, 0x00, 0x00, 0x00, 0x00,
  0x00, 0x00, 0x00, 0x00, 0x00, 0x00, 0x00, 0x00, 0x00, 0x00, 0x00, 0x00, 0x00, 0x00, 0x00, 0x00,
  0x00, 0x00, 0x00, 0x00, 0x00, 0x00, 0x00, 0x00, 0x00, 0x00, 0x00, 0x00, 0x00, 0x00, 0x00, 0x00,
  0x00, 0x00, 0x00, 0x00, 0x00, 0x00, 0x00, 0x00, 0x00, 0x00, 0x00, 0x00, 0x00, 0x00, 0x00, 0x00,
  0x00, 0x00, 0x00, 0x00, 0x00, 0x00, 0x00, 0x00, 0x00, 0x00, 0x00, 0x00, 0x00, 0x00, 0x00, 0x00,
  0x00, 0x00, 0x00, 0x00, 0x00, 0x00, 0x00, 0x00, 0x00, 0x00, 0x00, 0x00, 0x00, 0x00, 0x00, 0x00,
  0x00, 0x00, 0x00, 0x00, 0x00, 0x00, 0x00, 0x00, 0x00, 0x00, 0x00, 0x00, 0x00, 0x00, 0x00, 0x00,
  0x00, 0x00, 0x00, 0x00, 0x00, 0x00, 0x00, 0x00, 0x00, 0x00, 0x00, 0x00, 0x00, 0x00, 0x00, 0x00,
  0x00, 0x00, 0x00, 0x00, 0x00, 0x00, 0x00, 0x00, 0x00, 0x00, 0x00, 0x00, 0x00, 0x00, 0x00, 0x00,
  0x00, 0x00, 0x00, 0x00, 0x00, 0x00, 0x00, 0x00, 0x00, 0x00, 0x00, 0x00, 0x00, 0x00, 0x00, 0x00,
  0x00, 0x00, 0x00, 0x00, 0x00, 0x00, 0x00, 0x00, 0x00, 0x00, 0x00, 0x00, 0x00, 0x00, 0x00, 0x00,
  0x00, 0x00, 0x00, 0x00, 0x00, 0x00, 0x00, 0x00, 0x00, 0x00, 0x00, 0x00, 0x00, 0x00, 0x00, 0x00,
  0x00, 0x00, 0x00, 0x00, 0x00, 0x00, 0x00, 0x00, 0x00, 0x00, 0x00, 0x00, 0x00, 0x00, 0x00, 0x00,
  0x00, 0x00, 0x00, 0x00, 0x00, 0x00, 0x00, 0x00, 0x00, 0x00, 0x00, 0x00, 0x00, 0x00, 0x00, 0x00,
  0x00, 0x00, 0x00, 0x00, 0x00, 0x00, 0x00, 0x00, 0x00, 0x00, 0x00, 0x00, 0x00, 0x00, 0x00, 0x00,
  0x00, 0x00, 0x00, 0x00, 0x00, 0x00, 0x00, 0x00, 0x00, 0x00, 0x00, 0x00, 0x00, 0x00, 0x00, 0x00,
  0x00, 0x00, 0x00, 0x00, 0x00, 0x00, 0x00, 0x00, 0x00, 0x00, 0x00, 0x00, 0x00, 0x00, 0x00, 0x00,
  0x00, 0x00, 0x00, 0x00, 0x00, 0x00, 0x00, 0x00, 0x00, 0x00, 0x00, 0x00, 0x00, 0x00, 0x00, 0x00,
  0x00, 0x00, 0x00, 0x00, 0x00, 0x00, 0x00, 0x00, 0x00, 0x00, 0x00, 0x00, 0x00, 0x00, 0x00, 0x00,
  0x00, 0x00, 0x00, 0x00, 0x00, 0x00, 0x00, 0x00, 0x00, 0x00, 0x00, 0x00, 0x00, 0x00, 0x00, 0x00,
  0x00, 0x00, 0x00, 0x00, 0x00, 0x00, 0x00, 0x00, 0x00, 0x00, 0x00, 0x00, 0x00, 0x00, 0x00, 0x00,
  0x00, 0x00, 0x00, 0x00, 0x00, 0x00, 0x00, 0x00, 0x00, 0x00, 0x00, 0x00, 0x00, 0x00, 0x00, 0x00,
  0x00, 0x00, 0x00, 0x00, 0x00, 0x00, 0x00, 0x00, 0x00, 0x00, 0x00, 0x00, 0x00, 0x00, 0x00, 0x00,
  0x00, 0x00, 0x00, 0x00, 0x00, 0x00, 0x00, 0x00, 0x00, 0x00, 0x00, 0x00, 0x00, 0x00, 0x00, 0x00,
  0x00, 0x00, 0x00, 0x00, 0x00, 0x00, 0x00, 0x00, 0x00, 0x00, 0x00, 0x00, 0x00, 0x00, 0x00, 0x00,
  0x00, 0x00, 0x00, 0x00, 0x00, 0x00, 0x00, 0x00, 0x00, 0x00, 0x00, 0x00, 0x00, 0x00, 0x00, 0x00,
  0x00, 0x00, 0x00, 0x00, 0x00, 0x00, 0x00, 0x00, 0x00, 0x00, 0x00, 0x00, 0x00, 0x00, 0x00, 0x00,
  0x00, 0x00, 0x00, 0x00, 0x00, 0x00, 0x00, 0x00, 0x00, 0x00, 0x00, 0x00, 0x00, 0x00, 0x00, 0x00,
  0x00, 0x00, 0x00, 0x00, 0x00, 0x00, 0x00, 0x00, 0x00, 0x00, 0x00, 0x00, 0x00, 0x00, 0x00, 0x00,
  0x00, 0x00, 0x00, 0x00, 0x00, 0x00, 0x00, 0x00, 0x00, 0x00, 0x00, 0x00, 0x00, 0x00, 0x00, 0x00,
  0x00, 0x00, 0x00, 0x00, 0x00, 0x00, 0x00, 0x00, 0x00, 0x00, 0x00, 0x00, 0x00, 0x00, 0x00, 0x00,
  0x00, 0x00, 0x00, 0x00, 0x00, 0x00, 0x00, 0x00, 0x00, 0x00, 0x00, 0x00, 0x00, 0x00, 0x00, 0x00,
  0x00, 0x00, 0x00, 0x00, 0x00, 0x00, 0x00, 0x00, 0x00, 0x00, 0x00, 0x00, 0x00, 0x00, 0x00, 0x00,
  0x00, 0x00, 0x00, 0x00, 0x00, 0x00, 0x00, 0x00, 0x00, 0x00, 0x00, 0x00, 0x00, 0x00, 0x00, 0x00,
  0x00, 0x00, 0x00, 0x00, 0x00, 0x00, 0x00, 0x00, 0x00, 0x00, 0x00, 0x00, 0x00, 0x00, 0x00, 0x00,
  0x00, 0x00, 0x00, 0x00, 0x00, 0x00, 0x00, 0x00, 0x00, 0x00, 0x00, 0x00, 0x00, 0x00, 0x00, 0x00,
  0x00, 0x00, 0x00, 0x00, 0x00, 0x00, 0x00, 0x00, 0x00, 0x00, 0x00, 0x00, 0x00, 0x00, 0x00, 0x00,
  0x00, 0x00, 0x00, 0x00, 0x00, 0x00, 0x00, 0x00, 0x00, 0x00, 0x00, 0x00, 0x00, 0x00, 0x00, 0x00,
  0x00, 0x00, 0x00, 0x00, 0x00, 0x00, 0x00, 0x00, 0x00, 0x00, 0x00, 0x00, 0x00, 0x00, 0x00, 0x00,
  0x00, 0x00, 0x00, 0x00, 0x00, 0x00, 0x00, 0x00, 0x00, 0x00, 0x00, 0x00, 0x00, 0x00, 0x00, 0x00,
  0x00, 0x00, 0x00, 0x00, 0x00, 0x00, 0x00, 0x00, 0x00, 0x00, 0x00, 0x00, 0x00, 0x00, 0x00, 0x00,
  0x00, 0x00, 0x00, 0x00, 0x00, 0x00, 0x00, 0x00, 0x00, 0x00, 0x00, 0x00, 0x00, 0x00, 0x00, 0x00,
  0x00, 0x00, 0x00, 0x00, 0x00, 0x00, 0x00, 0x00, 0x00, 0x00, 0x00, 0x00, 0x00, 0x00, 0x00, 0x00,
  0x00, 0x00, 0x00, 0x00, 0x00, 0x00, 0x00, 0x00, 0x00, 0x00, 0x00, 0x00, 0x00, 0x00, 0x00, 0x00,
  0x00, 0x00, 0x00, 0x00, 0x00, 0x00, 0x00, 0x00, 0x00, 0x00, 0x00, 0x00, 0x00, 0x00, 0x00, 0x00,
  0x00, 0x00, 0x00, 0x00, 0x00, 0x00, 0x00, 0x00, 0x00, 0x00, 0x00, 0x00, 0x00, 0x00, 0x00, 0x00,
  0x00, 0x00, 0x00, 0x00, 0x00, 0x00, 0x00, 0x00, 0x00, 0x00, 0x00, 0x00, 0x00, 0x00, 0x00, 0x00,
  0x00, 0x00, 0x00, 0x00, 0x00, 0x00, 0x00, 0x00, 0x00, 0x00, 0x00, 0x00, 0x00, 0x00, 0x00, 0x00,
  0x00, 0x00, 0x00, 0x00, 0x00, 0x00, 0x00, 0x00, 0x00, 0x00, 0x00, 0x00, 0x00, 0x00, 0x00, 0x00,
  0x00, 0x00, 0x00, 0x00, 0x00, 0x00, 0x00, 0x00, 0x00, 0x00, 0x00, 0x00, 0x00, 0x00, 0x00, 0x00,
  0x00, 0x00, 0x00, 0x00, 0x00, 0x00, 0x00, 0x00, 0x00, 0x00, 0x00, 0x00, 0x00, 0x00, 0x00, 0x00,
  0x00, 0x00, 0x00, 0x00, 0x00, 0x00, 0x00, 0x00, 0x00, 0x00, 0x00, 0x00, 0x00, 0x00, 0x00, 0x00,
  0x00, 0x00, 0x00, 0x00, 0x00, 0x00, 0x00, 0x00, 0x00, 0x00, 0x00, 0x00, 0x00, 0x00, 0x00, 0x00,
#elif LV_COLOR_DEPTH == 32
  /*Pixel format: Red: 8 bit, Green: 8 bit, Blue: 8 bit + Alpha 8 bit*/
  0x00, 0x00, 0x00, 0x00, 0x00, 0x00, 0x00, 0x00, 0x00, 0x00, 0x00, 0x00, 0x00, 0x00, 0x00, 0x00,
  0x00, 0x00, 0x00, 0x00, 0x00, 0x00, 0x00, 0x00, 0x00, 0x00, 0x00, 0x00, 0x00, 0x00, 0x00, 0x00,
  0x00, 0x00, 0x00, 0x00, 0x00, 0x00, 0x00, 0x00, 0x00, 0x00, 0x00, 0x00, 0x00, 0x00, 0x00, 0x00,
  0x00, 0x00, 0x00, 0x00, 0x00, 0x00, 0x00, 0x00, 0x00, 0x00, 0x00, 0x00, 0x00, 0x00, 0x00, 0x00,
  0x00, 0x00, 0x00, 0x00, 0x00, 0x00, 0x00, 0x00, 0x00, 0x00, 0x00, 0x00, 0x00, 0x00, 0x00, 0x00,
  0x00, 0x00, 0x00, 0x00, 0x00, 0x00, 0x00, 0x00, 0x00, 0x00, 0x00, 0x00, 0x00, 0x00, 0x00, 0x00,
  0x00, 0x00, 0x00, 0x00, 0x00, 0x00, 0x00, 0x00, 0x00, 0x00, 0x00, 0x00, 0x00, 0x00, 0x00, 0x00,
  0x00, 0x00, 0x00, 0x00, 0x00, 0x00, 0x00, 0x00, 0x00, 0x00, 0x00, 0x00, 0x00, 0x00, 0x00, 0x00,
  0x00, 0x00, 0x00, 0x00, 0x00, 0x00, 0x00, 0x00, 0x00, 0x00, 0x00, 0x00, 0x00, 0x00, 0x00, 0x00,
  0x00, 0x00, 0x00, 0x00, 0x00, 0x00, 0x00, 0x00, 0x00, 0x00, 0x00, 0x00, 0x00, 0x00, 0x00, 0x00,
  0x00, 0x00, 0x00, 0x00, 0x00, 0x00, 0x00, 0x00, 0x00, 0x00, 0x00, 0x00, 0x00, 0x00, 0x00, 0x00,
  0x00, 0x00, 0x00, 0x00, 0x00, 0x00, 0x00, 0x00, 0x00, 0x00, 0x00, 0x00, 0x00, 0x00, 0x00, 0x00,
  0x00, 0x00, 0x00, 0x00, 0x00, 0x00, 0x00, 0x00, 0x00, 0x00, 0x00, 0x00, 0x00, 0x00, 0x00, 0x00,
  0x00, 0x00, 0x00, 0x00, 0x00, 0x00, 0x00, 0x00, 0x00, 0x00, 0x00, 0x00, 0x00, 0x00, 0x00, 0x00,
  0x00, 0x00, 0x00, 0x00, 0x00, 0x00, 0x00, 0x00, 0x00, 0x00, 0x00, 0x00, 0x00, 0x00, 0x00, 0x00,
  0x00, 0x00, 0x00, 0x00, 0x00, 0x00, 0x00, 0x00, 0x00, 0x00, 0x00, 0x00, 0x00, 0x00, 0x00, 0x00,
  0x00, 0x00, 0x00, 0x00, 0x00, 0x00, 0x00, 0x00, 0x00, 0x00, 0x00, 0x00, 0x00, 0x00, 0x00, 0x00,
  0x00, 0x00, 0x00, 0x00, 0x00, 0x00, 0x00, 0x00, 0x00, 0x00, 0x00, 0x00, 0x00, 0x00, 0x00, 0x00,
  0x00, 0x00, 0x00, 0x00, 0x00, 0x00, 0x00, 0x00, 0x00, 0x00, 0x00, 0x00, 0x00, 0x00, 0x00, 0x00,
  0x00, 0x00, 0x00, 0x00, 0x00, 0x00, 0x00, 0x00, 0x00, 0x00, 0x00, 0x00, 0x00, 0x00, 0x00, 0x00,
  0x00, 0x00, 0x00, 0x00, 0x00, 0x00, 0x00, 0x00, 0x00, 0x00, 0x00, 0x00, 0x00, 0x00, 0x00, 0x00,
  0x00, 0x00, 0x00, 0x00, 0x00, 0x00, 0x00, 0x00, 0x00, 0x00, 0x00, 0x00, 0x00, 0x00, 0x00, 0x00,
  0x00, 0x00, 0x00, 0x00, 0x00, 0x00, 0x00, 0x00, 0x00, 0x00, 0x00, 0x00, 0x00, 0x00, 0x00, 0x00,
  0x00, 0x00, 0x00, 0x00, 0x00, 0x00, 0x00, 0x00, 0x00, 0x00, 0x00, 0x00, 0x00, 0x00, 0x00, 0x00,
  0x00, 0x00, 0x00, 0x00, 0x00, 0x00, 0x00, 0x00, 0x00, 0x00, 0x00, 0x00, 0x00, 0x00, 0x00, 0x00,
  0x00, 0x00, 0x00, 0x00, 0x00, 0x00, 0x00, 0x00, 0x00, 0x00, 0x00, 0x00, 0x00, 0x00, 0x00, 0x00,
  0x00, 0x00, 0x00, 0x00, 0x00, 0x00, 0x00, 0x00, 0x00, 0x00, 0x00, 0x00, 0x00, 0x00, 0x00, 0x00,
  0x00, 0x00, 0x00, 0x00, 0x00, 0x00, 0x00, 0x00, 0x00, 0x00, 0x00, 0x00, 0x00, 0x00, 0x00, 0x00,
  0x00, 0x00, 0x00, 0x00, 0x00, 0x00, 0x00, 0x00, 0x00, 0x00, 0x00, 0x00, 0x00, 0x00, 0x00, 0x00,
  0x00, 0x00, 0x00, 0x00, 0x00, 0x00, 0x00, 0x00, 0x00, 0x00, 0x00, 0x00, 0x00, 0x00, 0x00, 0x00,
  0x00, 0x00, 0x00, 0x00, 0x00, 0x00, 0x00, 0x00, 0x00, 0x00, 0x00, 0x00, 0x00, 0x00, 0x00, 0x00,
  0x00, 0x00, 0x00, 0x00, 0x00, 0x00, 0x00, 0x00, 0x00, 0x00, 0x00, 0x00, 0x00, 0x00, 0x00, 0x00,
  0x00, 0x00, 0x00, 0x00, 0x00, 0x00, 0x00, 0x00, 0x00, 0x00, 0x00, 0x00, 0x00, 0x00, 0x00, 0x00,
  0x00, 0x00, 0x00, 0x00, 0x00, 0x00, 0x00, 0x00, 0x00, 0x00, 0x00, 0x00, 0x00, 0x00, 0x00, 0x00,
  0x00, 0x00, 0x00, 0x00, 0x00, 0x00, 0x00, 0x00, 0x00, 0x00, 0x00, 0x00, 0x00, 0x00, 0x00, 0x00,
  0x00, 0x00, 0x00, 0x00, 0x00, 0x00, 0x00, 0x00, 0x00, 0x00, 0x00, 0x00, 0x00, 0x00, 0x00, 0x00,
  0x00, 0x00, 0x00, 0x00, 0x00, 0x00, 0x00, 0x00, 0x00, 0x00, 0x00, 0x00, 0x00, 0x00, 0x00, 0x00,
  0x00, 0x00, 0x00, 0x00, 0x00, 0x00, 0x00, 0x00, 0x00, 0x00, 0x00, 0x00, 0x00, 0x00, 0x00, 0x00,
  0x00, 0x00, 0x00, 0x00, 0x00, 0x00, 0x00, 0x00, 0x00, 0x00, 0x00, 0x00, 0x00, 0x00, 0x00, 0x00,
  0x00, 0x00, 0x00, 0x00, 0x00, 0x00, 0x00, 0x00, 0x00, 0x00, 0x00, 0x00, 0x00, 0x00, 0x00, 0x00,
  0x00, 0x00, 0x00, 0x00, 0x00, 0x00, 0x00, 0x00, 0x00, 0x00, 0x00, 0x00, 0x00, 0x00, 0x00, 0x00,
  0x00, 0x00, 0x00, 0x00, 0x00, 0x00, 0x00, 0x00, 0x00, 0x00, 0x00, 0x00, 0x00, 0x00, 0x00, 0x00,
  0x00, 0x00, 0x00, 0x00, 0x00, 0x00, 0x00, 0x00, 0x00, 0x00, 0x00, 0x00, 0x00, 0x00, 0x00, 0x00,
  0x00, 0x00, 0x00, 0x00, 0x00, 0x00, 0x00, 0x00, 0x00, 0x00, 0x00, 0x00, 0x00, 0x00, 0x00, 0x00,
  0x00, 0x00, 0x00, 0x00, 0x00, 0x00, 0x00, 0x00, 0x00, 0x00, 0x00, 0x00, 0x00, 0x00, 0x00, 0x00,
  0x00, 0x00, 0x00, 0x00, 0x00, 0x00, 0x00, 0x00, 0x00, 0x00, 0x00, 0x00, 0x00, 0x00, 0x00, 0x00,
  0x00, 0x00, 0x00, 0x00, 0x00, 0x00, 0x00, 0x00, 0x00, 0x00, 0x00, 0x00, 0x00, 0x00, 0x00, 0x00,
  0x00, 0x00, 0x00, 0x00, 0x00, 0x00, 0x00, 0x00, 0x00, 0x00, 0x00, 0x00, 0x00, 0x00, 0x00, 0x00,
  0x00, 0x00, 0x00, 0x00, 0x00, 0x00, 0x00, 0x00, 0x00, 0x00, 0x00, 0x00, 0x00, 0x00, 0x00, 0x00,
  0x00, 0x00, 0x00, 0x00, 0x00, 0x00, 0x00, 0x00, 0x00, 0x00, 0x00, 0x00, 0x00, 0x00, 0x00, 0x00,
  0x00, 0x00, 0x00, 0x00, 0x00, 0x00, 0x00, 0x00, 0x00, 0x00, 0x00, 0x00, 0x00, 0x00, 0x00, 0x00,
  0x00, 0x00, 0x00, 0x00, 0x00, 0x00, 0x00, 0x00, 0x00, 0x00, 0x00, 0x00, 0x00, 0x00, 0x00, 0x00,
  0x00, 0x00, 0x00, 0x00, 0x00, 0x00, 0x00, 0x00, 0x00, 0x00, 0x00, 0x00, 0x00, 0x00, 0x00, 0x00,
  0x00, 0x00, 0x00, 0x00, 0x00, 0x00, 0x00, 0x00, 0x00, 0x00, 0x00, 0x00, 0x00, 0x00, 0x00, 0x00,
  0x00, 0x00, 0x00, 0x00, 0x00, 0x00, 0x00, 0x00, 0x00, 0x00, 0x00, 0x00, 0x00, 0x00, 0x00, 0x00,
  0x00, 0x00, 0x00, 0x00, 0x00, 0x00, 0x00, 0x00, 0x00, 0x00, 0x00, 0x00, 0x00, 0x00, 0x00, 0x00,
  0x00, 0x00, 0x00, 0x00, 0x00, 0x00, 0x00, 0x00, 0x00, 0x00, 0x00, 0x00, 0x00, 0x00, 0x00, 0x00,
  0x00, 0x00, 0x00, 0x00, 0x00, 0x00, 0x00, 0x00, 0x00, 0x00, 0x00, 0x00, 0x00, 0x00, 0x00, 0x00,
  0x00, 0x00, 0x00, 0x00, 0x00, 0x00, 0x00, 0x00, 0x00, 0x00, 0x00, 0x00, 0x00, 0x00, 0x00, 0x00,
  0x00, 0x00, 0x00, 0x00, 0x00, 0x00, 0x00, 0x00, 0x00, 0x00, 0x00, 0x00, 0x00, 0x00, 0x00, 0x00,
  0x00, 0x00, 0x00, 0x00, 0x00, 0x00, 0x00, 0x00, 0x00, 0x00, 0x00, 0x00, 0x00, 0x00, 0x00, 0x00,
  0x00, 0x00, 0x00, 0x00, 0x00, 0x00, 0x00, 0x00, 0x00, 0x00, 0x00, 0x00, 0x00, 0x00, 0x00, 0x00,
  0x00, 0x00, 0x00, 0x00, 0x00, 0x00, 0x00, 0x00, 0x00, 0x00, 0x00, 0x00, 0x00, 0x00, 0x00, 0x00,
  0x00, 0x00, 0x00, 0x00, 0x00, 0x00, 0x00, 0x00, 0x00, 0x00, 0x00, 0x00, 0x00, 0x00, 0x00, 0x00,
  0x00, 0x00, 0x00, 0x00, 0x00, 0x00, 0x00, 0x00, 0x00, 0x00, 0x00, 0x00, 0x00, 0x00, 0x00, 0x00,
  0x00, 0x00, 0x00, 0x00, 0x00, 0x00, 0x00, 0x00, 0x00, 0x00, 0x00, 0x00, 0x00, 0x00, 0x00, 0x00,
  0x00, 0x00, 0x00, 0x00, 0x00, 0x00, 0x00, 0x00, 0x00, 0x00, 0x00, 0x00, 0x00, 0x00, 0x00, 0x00,
  0x00, 0x00, 0x00, 0x00, 0x00, 0x00, 0x00, 0x00, 0x00, 0x00, 0x00, 0x00, 0x00, 0x00, 0x00, 0x00,
  0x00, 0x00, 0x00, 0x00, 0x00, 0x00, 0x00, 0x00, 0x00, 0x00, 0x00, 0x00, 0x00, 0x00, 0x00, 0x00,
  0x00, 0x00, 0x00, 0x00, 0x00, 0x00, 0x00, 0x00, 0x00, 0x00, 0x00, 0x00, 0x00, 0x00, 0x00, 0x00,
  0x00, 0x00, 0x00, 0x00, 0x00, 0x00, 0x00, 0x00, 0x00, 0x00, 0x00, 0x00, 0x00, 0x00, 0x00, 0x00,
  0x00, 0x00, 0x00, 0x00, 0x00, 0x00, 0x00, 0x00, 0x00, 0x00, 0x00, 0x00, 0x00, 0x00, 0x00, 0x00,
  0x00, 0x00, 0x00, 0x00, 0x00, 0x00, 0x00, 0x00, 0x00, 0x00, 0x00, 0x00, 0x00, 0x00, 0x00, 0x00,
  0x00, 0x00, 0x00, 0x00, 0x00, 0x00, 0x00, 0x00, 0x00, 0x00, 0x00, 0x00, 0x00, 0x00, 0x00, 0x00,
  0x00, 0x00, 0x00, 0x00, 0x00, 0x00, 0x00, 0x00, 0x00, 0x00, 0x00, 0x00, 0x00, 0x00, 0x00, 0x00,
  0x00, 0x00, 0x00, 0x00, 0x00, 0x00, 0x00, 0x00, 0x00, 0x00, 0x00, 0x00, 0x00, 0x00, 0x00, 0x00,
  0x00, 0x00, 0x00, 0x00, 0x00, 0x00, 0x00, 0x00, 0x00, 0x00, 0x00, 0x00, 0x00, 0x00, 0x00, 0x00,
  0x00, 0x00, 0x00, 0x00, 0x00, 0x00, 0x00, 0x00, 0x00, 0x00, 0x00, 0x00, 0x00, 0x00, 0x00, 0x00,
  0x00, 0x00, 0x00, 0x00, 0x00, 0x00, 0x00, 0x00, 0x00, 0x00, 0x00, 0x00, 0x00, 0x00, 0x00, 0x00,
  0x00, 0x00, 0x00, 0x00, 0x00, 0x00, 0x00, 0x00, 0x00, 0x00, 0x00, 0x00, 0x00, 0x00, 0x00, 0x00,
  0x00, 0x00, 0x00, 0x00, 0x00, 0x00, 0x00, 0x00, 0x00, 0x00, 0x00, 0x00, 0x00, 0x00, 0x00, 0x00,
  0x00, 0x00, 0x00, 0x00, 0x00, 0x00, 0x00, 0x00, 0x00, 0x00, 0x00, 0x00, 0x00, 0x00, 0x00, 0x00,
  0x00, 0x00, 0x00, 0x00, 0x00, 0x00, 0x00, 0x00, 0x00, 0x00, 0x00, 0x00, 0x00, 0x00, 0x00, 0x00,
  0x00, 0x00, 0x00, 0x00, 0x00, 0x00, 0x00, 0x00, 0x00, 0x00, 0x00, 0x00, 0x00, 0x00, 0x00, 0x00,
  0x00, 0x00, 0x00, 0x00, 0x00, 0x00, 0x00, 0x00, 0x00, 0x00, 0x00, 0x00, 0x00, 0x00, 0x00, 0x00,
  0x00, 0x00, 0x00, 0x00, 0x00, 0x00, 0x00, 0x00, 0x00, 0x00, 0x00, 0x00, 0x00, 0x00, 0x00, 0x00,
  0x00, 0x00, 0x00, 0x00, 0x00, 0x00, 0x00, 0x00, 0x00, 0x00, 0x00, 0x00, 0x00, 0x00, 0x00, 0x00,
  0x00, 0x00, 0x00, 0x00, 0x00, 0x00, 0x00, 0x00, 0x00, 0x00, 0x00, 0x00, 0x00, 0x00, 0x00, 0x00,
  0x00, 0x00, 0x00, 0x00, 0x00, 0x00, 0x00, 0x00, 0x00, 0x00, 0x00, 0x00, 0x00, 0x00, 0x00, 0x00,
  0x00, 0x00, 0x00, 0x00, 0x00, 0x00, 0x00, 0x00, 0x00, 0x00, 0x00, 0x00, 0x00, 0x00, 0x00, 0x00,
  0x00, 0x00, 0x00, 0x00, 0x00, 0x00, 0x00, 0x00, 0x00, 0x00, 0x00, 0x00, 0x00, 0x00, 0x00, 0x00,
  0x00, 0x00, 0x00, 0x00, 0x00, 0x00, 0x00, 0x00, 0x00, 0x00, 0x00, 0x00, 0xe9, 0xf4, 0xff, 0x18,
  0xef, 0xf7, 0xff, 0x40, 0xef, 0xf7, 0xff, 0x20, 0x00, 0x00, 0x00, 0x00, 0x00, 0x00, 0x00, 0x00,
  0x00, 0x00, 0x00, 0x00, 0x00, 0x00, 0x00, 0x00, 0x00, 0x00, 0x00, 0x00, 0x00, 0x00, 0x00, 0x00,
  0x00, 0x00, 0x00, 0x00, 0x00, 0x00, 0x00, 0x00, 0x00, 0x00, 0x00, 0x00, 0x00, 0x00, 0x00, 0x00,
  0x00, 0x00, 0x00, 0x00, 0x00, 0x00, 0x00, 0x00, 0x00, 0x00, 0x00, 0x00, 0x00, 0x00, 0x00, 0x00,
  0x00, 0x00, 0x00, 0x00, 0x00, 0x00, 0x00, 0x00, 0x00, 0x00, 0x00, 0x00, 0x00, 0x00, 0x00, 0x00,
  0x00, 0x00, 0x00, 0x00, 0x00, 0x00, 0x00, 0x00, 0x00, 0x00, 0x00, 0x00, 0x00, 0x00, 0x00, 0x00,
  0x00, 0x00, 0x00, 0x00, 0x00, 0x00, 0x00, 0x00, 0x00, 0x00, 0x00, 0x00, 0x00, 0x00, 0x00, 0x00,
  0x00, 0x00, 0x00, 0x00, 0x00, 0x00, 0x00, 0x00, 0x00, 0x00, 0x00, 0x00, 0x00, 0x00, 0x00, 0x00,
  0x00, 0x00, 0x00, 0x00, 0x00, 0x00, 0x00, 0x00, 0x00, 0x00, 0x00, 0x00, 0x00, 0x00, 0x00, 0x00,
  0x00, 0x00, 0x00, 0x00, 0x00, 0x00, 0x00, 0x00, 0x00, 0x00, 0x00, 0x00, 0x00, 0x00, 0x00, 0x00,
  0x00, 0x00, 0x00, 0x00, 0xe9, 0xf4, 0xff, 0x18, 0xef, 0xf7, 0xff, 0x40, 0xef, 0xf7, 0xff, 0x20,
  0x00, 0x00, 0x00, 0x00, 0x00, 0x00, 0x00, 0x00, 0x00, 0x00, 0x00, 0x00, 0x00, 0x00, 0x00, 0x00,
  0x00, 0x00, 0x00, 0x00, 0x00, 0x00, 0x00, 0x00, 0x00, 0x00, 0x00, 0x00, 0x00, 0x00, 0x00, 0x00,
  0x00, 0x00, 0x00, 0x00, 0x00, 0x00, 0x00, 0x00, 0x00, 0x00, 0x00, 0x00, 0x00, 0x00, 0x00, 0x00,
  0x00, 0x00, 0x00, 0x00, 0x00, 0x00, 0x00, 0x00, 0x00, 0x00, 0x00, 0x00, 0x00, 0x00, 0x00, 0x00,
  0x00, 0x00, 0x00, 0x00, 0x00, 0x00, 0x00, 0x00, 0x00, 0x00, 0x00, 0x00, 0x00, 0x00, 0x00, 0x00,
  0x00, 0x00, 0x00, 0x00, 0x00, 0x00, 0x00, 0x00, 0x00, 0x00, 0x00, 0x00, 0x00, 0x00, 0x00, 0x00,
  0x00, 0x00, 0x00, 0x00, 0x00, 0x00, 0x00, 0x00, 0x00, 0x00, 0x00, 0x00, 0x00, 0x00, 0x00, 0x00,
  0x00, 0x00, 0x00, 0x00, 0x00, 0x00, 0x00, 0x00, 0x00, 0x00, 0x00, 0x00, 0x00, 0x00, 0x00, 0x00,
  0x00, 0x00, 0x00, 0x00, 0x00, 0x00, 0x00, 0x00, 0x00, 0x00, 0x00, 0x00, 0x00, 0x00, 0x00, 0x00,
  0x00, 0x00, 0x00, 0x00, 0x00, 0x00, 0x00, 0x00, 0x00, 0x00, 0x00, 0x00, 0x00, 0x00, 0x00, 0x00,
  0x00, 0x00, 0x00, 0x00, 0x00, 0x00, 0x00, 0x00, 0x00, 0x00, 0x00, 0x00, 0x00, 0x00, 0x00, 0x00,
  0x00, 0x00, 0x00, 0x00, 0x00, 0x00, 0x00, 0x00, 0x00, 0x00, 0x00, 0x00, 0x00, 0x00, 0x00, 0x00,
  0x00, 0x00, 0x00, 0x00, 0x00, 0x00, 0x00, 0x00, 0x00, 0x00, 0x00, 0x00, 0x00, 0x00, 0x00, 0x00,
  0x00, 0x00, 0x00, 0x00, 0x00, 0x00, 0x00, 0x00, 0x00, 0x00, 0x00, 0x00, 0x00, 0x00, 0x00, 0x00,
  0x00, 0x00, 0x00, 0x00, 0x00, 0x00, 0x00, 0x00, 0x00, 0x00, 0x00, 0x00, 0x00, 0x00, 0x00, 0x00,
  0x00, 0x00, 0x00, 0x00, 0x00, 0x00, 0x00, 0x00, 0x00, 0x00, 0x00, 0x00, 0x00, 0x00, 0x00, 0x00,
  0x00, 0x00, 0x00, 0x00, 0x00, 0x00, 0x00, 0x00, 0xeb, 0xf2, 0xff, 0x28, 0xee, 0xf6, 0xfe, 0xef,
  0xef, 0xf6, 0xff, 0xff, 0xef, 0xf5, 0xfe, 0xf7, 0xef, 0xf7, 0xff, 0x40, 0x00, 0x00, 0x00, 0x00,
  0x00, 0x00, 0x00, 0x00, 0x00, 0x00, 0x00, 0x00, 0x00, 0x00, 0x00, 0x00, 0x00, 0x00, 0x00, 0x00,
  0x00, 0x00, 0x00, 0x00, 0x00, 0x00, 0x00, 0x00, 0x00, 0x00, 0x00, 0x00, 0x00, 0x00, 0x00, 0x00,
  0x00, 0x00, 0x00, 0x00, 0x00, 0x00, 0x00, 0x00, 0x00, 0x00, 0x00, 0x00, 0x00, 0x00, 0x00, 0x00,
  0x00, 0x00, 0x00, 0x00, 0x00, 0x00, 0x00, 0x00, 0x00, 0x00, 0x00, 0x00, 0x00, 0x00, 0x00, 0x00,
  0x00, 0x00, 0x00, 0x00, 0x00, 0x00, 0x00, 0x00, 0x00, 0x00, 0x00, 0x00, 0x00, 0x00, 0x00, 0x00,
  0x00, 0x00, 0x00, 0x00, 0x00, 0x00, 0x00, 0x00, 0x00, 0x00, 0x00, 0x00, 0x00, 0x00, 0x00, 0x00,
  0x00, 0x00, 0x00, 0x00, 0x00, 0x00, 0x00, 0x00, 0x00, 0x00, 0x00, 0x00, 0x00, 0x00, 0x00, 0x00,
  0x00, 0x00, 0x00, 0x00, 0x00, 0x00, 0x00, 0x00, 0x00, 0x00, 0x00, 0x00, 0x00, 0x00, 0x00, 0x00,
  0x00, 0x00, 0x00, 0x00, 0x00, 0x00, 0x00, 0x00, 0x00, 0x00, 0x00, 0x00, 0x00, 0x00, 0x00, 0x00,
  0xeb, 0xf2, 0xff, 0x28, 0xee, 0xf6, 0xfe, 0xef, 0xef, 0xf6, 0xff, 0xff, 0xef, 0xf5, 0xfe, 0xf7,
  0xef, 0xf7, 0xff, 0x40, 0x00, 0x00, 0x00, 0x00, 0x00, 0x00, 0x00, 0x00, 0x00, 0x00, 0x00, 0x00,
  0x00, 0x00, 0x00, 0x00, 0x00, 0x00, 0x00, 0x00, 0x00, 0x00, 0x00, 0x00, 0x00, 0x00, 0x00, 0x00,
  0x00, 0x00, 0x00, 0x00, 0x00, 0x00, 0x00, 0x00, 0x00, 0x00, 0x00, 0x00, 0x00, 0x00, 0x00, 0x00,
  0x00, 0x00, 0x00, 0x00, 0x00, 0x00, 0x00, 0x00, 0x00, 0x00, 0x00, 0x00, 0x00, 0x00, 0x00, 0x00,
  0x00, 0x00, 0x00, 0x00, 0x00, 0x00, 0x00, 0x00, 0x00, 0x00, 0x00, 0x00, 0x00, 0x00, 0x00, 0x00,
  0x00, 0x00, 0x00, 0x00, 0x00, 0x00, 0x00, 0x00, 0x00, 0x00, 0x00, 0x00, 0x00, 0x00, 0x00, 0x00,
  0x00, 0x00, 0x00, 0x00, 0x00, 0x00, 0x00, 0x00, 0x00, 0x00, 0x00, 0x00, 0x00, 0x00, 0x00, 0x00,
  0x00, 0x00, 0x00, 0x00, 0x00, 0x00, 0x00, 0x00, 0x00, 0x00, 0x00, 0x00, 0x00, 0x00, 0x00, 0x00,
  0x00, 0x00, 0x00, 0x00, 0x00, 0x00, 0x00, 0x00, 0x00, 0x00, 0x00, 0x00, 0x00, 0x00, 0x00, 0x00,
  0x00, 0x00, 0x00, 0x00, 0x00, 0x00, 0x00, 0x00, 0x00, 0x00, 0x00, 0x00, 0x00, 0x00, 0x00, 0x00,
  0x00, 0x00, 0x00, 0x00, 0x00, 0x00, 0x00, 0x00, 0x00, 0x00, 0x00, 0x00, 0x00, 0x00, 0x00, 0x00,
  0x00, 0x00, 0x00, 0x00, 0x00, 0x00, 0x00, 0x00, 0x00, 0x00, 0x00, 0x00, 0x00, 0x00, 0x00, 0x00,
  0x00, 0x00, 0x00, 0x00, 0x00, 0x00, 0x00, 0x00, 0x00, 0x00, 0x00, 0x00, 0x00, 0x00, 0x00, 0x00,
  0x00, 0x00, 0x00, 0x00, 0x00, 0x00, 0x00, 0x00, 0x00, 0x00, 0x00, 0x00, 0x00, 0x00, 0x00, 0x00,
  0x00, 0x00, 0x00, 0x00, 0x00, 0x00, 0x00, 0x00, 0x00, 0x00, 0x00, 0x00, 0x00, 0x00, 0x00, 0x00,
  0x00, 0x00, 0x00, 0x00, 0x00, 0x00, 0x00, 0x00, 0x00, 0x00, 0x00, 0x00, 0x00, 0x00, 0x00, 0x00,
  0x00, 0x00, 0x00, 0x00, 0x00, 0x00, 0x00, 0x00, 0xee, 0xf6, 0xfe, 0xbf, 0xef, 0xf6, 0xff, 0xff,
  0xef, 0xf6, 0xff, 0xff, 0xef, 0xf6, 0xff, 0xff, 0xee, 0xf5, 0xfe, 0xdf, 0xdf, 0xff, 0xff, 0x08,
  0x00, 0x00, 0x00, 0x00, 0x00, 0x00, 0x00, 0x00, 0x00, 0x00, 0x00, 0x00, 0x00, 0x00, 0x00, 0x00,
  0x00, 0x00, 0x00, 0x00, 0x00, 0x00, 0x00, 0x00, 0x00, 0x00, 0x00, 0x00, 0x00, 0x00, 0x00, 0x00,
  0x00, 0x00, 0x00, 0x00, 0x00, 0x00, 0x00, 0x00, 0x00, 0x00, 0x00, 0x00, 0x00, 0x00, 0x00, 0x00,
  0x00, 0x00, 0x00, 0x00, 0x00, 0x00, 0x00, 0x00, 0x00, 0x00, 0x00, 0x00, 0x00, 0x00, 0x00, 0x00,
  0x00, 0x00, 0x00, 0x00, 0x00, 0x00, 0x00, 0x00, 0x00, 0x00, 0x00, 0x00, 0x00, 0x00, 0x00, 0x00,
  0x00, 0x00, 0x00, 0x00, 0x00, 0x00, 0x00, 0x00, 0x00, 0x00, 0x00, 0x00, 0x00, 0x00, 0x00, 0x00,
  0x00, 0x00, 0x00, 0x00, 0x00, 0x00, 0x00, 0x00, 0x00, 0x00, 0x00, 0x00, 0x00, 0x00, 0x00, 0x00,
  0x00, 0x00, 0x00, 0x00, 0x00, 0x00, 0x00, 0x00, 0x00, 0x00, 0x00, 0x00, 0x00, 0x00, 0x00, 0x00,
  0x00, 0x00, 0x00, 0x00, 0x00, 0x00, 0x00, 0x00, 0x00, 0x00, 0x00, 0x00, 0x00, 0x00, 0x00, 0x00,
  0xee, 0xf6, 0xfe, 0xbf, 0xef, 0xf6, 0xff, 0xff, 0xef, 0xf6, 0xff, 0xff, 0xef, 0xf6, 0xff, 0xff,
  0xee, 0xf5, 0xfe, 0xdf, 0xdf, 0xff, 0xff, 0x08, 0x00, 0x00, 0x00, 0x00, 0x00, 0x00, 0x00, 0x00,
  0x00, 0x00, 0x00, 0x00, 0x00, 0x00, 0x00, 0x00, 0x00, 0x00, 0x00, 0x00, 0x00, 0x00, 0x00, 0x00,
  0x00, 0x00, 0x00, 0x00, 0x00, 0x00, 0x00, 0x00, 0x00, 0x00, 0x00, 0x00, 0x00, 0x00, 0x00, 0x00,
  0x00, 0x00, 0x00, 0x00, 0x00, 0x00, 0x00, 0x00, 0x00, 0x00, 0x00, 0x00, 0x00, 0x00, 0x00, 0x00,
  0x00, 0x00, 0x00, 0x00, 0x00, 0x00, 0x00, 0x00, 0x00, 0x00, 0x00, 0x00, 0x00, 0x00, 0x00, 0x00,
  0x00, 0x00, 0x00, 0x00, 0x00, 0x00, 0x00, 0x00, 0x00, 0x00, 0x00, 0x00, 0x00, 0x00, 0x00, 0x00,
  0x00, 0x00, 0x00, 0x00, 0x00, 0x00, 0x00, 0x00, 0x00, 0x00, 0x00, 0x00, 0x00, 0x00, 0x00, 0x00,
  0x00, 0x00, 0x00, 0x00, 0x00, 0x00, 0x00, 0x00, 0x00, 0x00, 0x00, 0x00, 0x00, 0x00, 0x00, 0x00,
  0x00, 0x00, 0x00, 0x00, 0x00, 0x00, 0x00, 0x00, 0x00, 0x00, 0x00, 0x00, 0x00, 0x00, 0x00, 0x00,
  0x00, 0x00, 0x00, 0x00, 0x00, 0x00, 0x00, 0x00, 0x00, 0x00, 0x00, 0x00, 0x00, 0x00, 0x00, 0x00,
  0x00, 0x00, 0x00, 0x00, 0x00, 0x00, 0x00, 0x00, 0x00, 0x00, 0x00, 0x00, 0x00, 0x00, 0x00, 0x00,
  0x00, 0x00, 0x00, 0x00, 0x00, 0x00, 0x00, 0x00, 0x00, 0x00, 0x00, 0x00, 0x00, 0x00, 0x00, 0x00,
  0x00, 0x00, 0x00, 0x00, 0x00, 0x00, 0x00, 0x00, 0x00, 0x00, 0x00, 0x00, 0x00, 0x00, 0x00, 0x00,
  0x00, 0x00, 0x00, 0x00, 0x00, 0x00, 0x00, 0x00, 0x00, 0x00, 0x00, 0x00, 0x00, 0x00, 0x00, 0x00,
  0x00, 0x00, 0x00, 0x00, 0x00, 0x00, 0x00, 0x00, 0x00, 0x00, 0x00, 0x00, 0x00, 0x00, 0x00, 0x00,
  0x00, 0x00, 0x00, 0x00, 0x00, 0x00, 0x00, 0x00, 0x00, 0x00, 0x00, 0x00, 0x00, 0x00, 0x00, 0x00,
  0x00, 0x00, 0x00, 0x00, 0xef, 0xf5, 0xff, 0x50, 0xef, 0xf6, 0xff, 0xff, 0xef, 0xf6, 0xff, 0xff,
  0xef, 0xf6, 0xff, 0xff, 0xef, 0xf6, 0xff, 0xff, 0xef, 0xf6, 0xff, 0xff, 0xef, 0xf5, 0xff, 0x80,
  0x00, 0x00, 0x00, 0x00, 0x00, 0x00, 0x00, 0x00, 0x00, 0x00, 0x00, 0x00, 0x00, 0x00, 0x00, 0x00,
  0x00, 0x00, 0x00, 0x00, 0x00, 0x00, 0x00, 0x00, 0x00, 0x00, 0x00, 0x00, 0x00, 0x00, 0x00, 0x00,
  0x00, 0x00, 0x00, 0x00, 0x00, 0x00, 0x00, 0x00, 0x00, 0x00, 0x00, 0x00, 0x00, 0x00, 0x00, 0x00,
  0x00, 0x00, 0x00, 0x00, 0x00, 0x00, 0x00, 0x00, 0x00, 0x00, 0x00, 0x00, 0x00, 0x00, 0x00, 0x00,
  0x00, 0x00, 0x00, 0x00, 0x00, 0x00, 0x00, 0x00, 0x00, 0x00, 0x00, 0x00, 0x00, 0x00, 0x00, 0x00,
  0x00, 0x00, 0x00, 0x00, 0x00, 0x00, 0x00, 0x00, 0x00, 0x00, 0x00, 0x00, 0x00, 0x00, 0x00, 0x00,
  0x00, 0x00, 0x00, 0x00, 0x00, 0x00, 0x00, 0x00, 0x00, 0x00, 0x00, 0x00, 0x00, 0x00, 0x00, 0x00,
  0x00, 0x00, 0x00, 0x00, 0x00, 0x00, 0x00, 0x00, 0x00, 0x00, 0x00, 0x00, 0x00, 0x00, 0x00, 0x00,
  0x00, 0x00, 0x00, 0x00, 0x00, 0x00, 0x00, 0x00, 0x00, 0x00, 0x00, 0x00, 0xef, 0xf5, 0xff, 0x50,
  0xef, 0xf6, 0xff, 0xff, 0xef, 0xf6, 0xff, 0xff, 0xef, 0xf6, 0xff, 0xff, 0xef, 0xf6, 0xff, 0xff,
  0xef, 0xf6, 0xff, 0xff, 0xef, 0xf5, 0xff, 0x80, 0x00, 0x00, 0x00, 0x00, 0x00, 0x00, 0x00, 0x00,
  0x00, 0x00, 0x00, 0x00, 0x00, 0x00, 0x00, 0x00, 0x00, 0x00, 0x00, 0x00, 0x00, 0x00, 0x00, 0x00,
  0x00, 0x00, 0x00, 0x00, 0x00, 0x00, 0x00, 0x00, 0x00, 0x00, 0x00, 0x00, 0x00, 0x00, 0x00, 0x00,
  0x00, 0x00, 0x00, 0x00, 0x00, 0x00, 0x00, 0x00, 0x00, 0x00, 0x00, 0x00, 0x00, 0x00, 0x00, 0x00,
  0x00, 0x00, 0x00, 0x00, 0x00, 0x00, 0x00, 0x00, 0x00, 0x00, 0x00, 0x00, 0x00, 0x00, 0x00, 0x00,
  0x00, 0x00, 0x00, 0x00, 0x00, 0x00, 0x00, 0x00, 0x00, 0x00, 0x00, 0x00, 0x00, 0x00, 0x00, 0x00,
  0x00, 0x00, 0x00, 0x00, 0x00, 0x00, 0x00, 0x00, 0x00, 0x00, 0x00, 0x00, 0x00, 0x00, 0x00, 0x00,
  0x00, 0x00, 0x00, 0x00, 0x00, 0x00, 0x00, 0x00, 0x00, 0x00, 0x00, 0x00, 0x00, 0x00, 0x00, 0x00,
  0x00, 0x00, 0x00, 0x00, 0x00, 0x00, 0x00, 0x00, 0x00, 0x00, 0x00, 0x00, 0x00, 0x00, 0x00, 0x00,
  0x00, 0x00, 0x00, 0x00, 0x00, 0x00, 0x00, 0x00, 0x00, 0x00, 0x00, 0x00, 0x00, 0x00, 0x00, 0x00,
  0x00, 0x00, 0x00, 0x00, 0x00, 0x00, 0x00, 0x00, 0x00, 0x00, 0x00, 0x00, 0x00, 0x00, 0x00, 0x00,
  0x00, 0x00, 0x00, 0x00, 0x00, 0x00, 0x00, 0x00, 0x00, 0x00, 0x00, 0x00, 0x00, 0x00, 0x00, 0x00,
  0x00, 0x00, 0x00, 0x00, 0x00, 0x00, 0x00, 0x00, 0x00, 0x00, 0x00, 0x00, 0x00, 0x00, 0x00, 0x00,
  0x00, 0x00, 0x00, 0x00, 0x00, 0x00, 0x00, 0x00, 0x00, 0x00, 0x00, 0x00, 0x00, 0x00, 0x00, 0x00,
  0x00, 0x00, 0x00, 0x00, 0x00, 0x00, 0x00, 0x00, 0x00, 0x00, 0x00, 0x00, 0x00, 0x00, 0x00, 0x00,
  0x00, 0x00, 0x00, 0x00, 0x00, 0x00, 0x00, 0x00, 0x00, 0x00, 0x00, 0x00, 0x00, 0x00, 0x00, 0x00,
  0x00, 0x00, 0x00, 0x00, 0xee, 0xf6, 0xfe, 0x9f, 0xef, 0xf6, 0xff, 0xff, 0xef, 0xf6, 0xff, 0xff,
  0xd8, 0xe9, 0xfe, 0xff, 0xed, 0xf4, 0xff, 0xff, 0xef, 0xf6, 0xff, 0xff, 0xef, 0xf6, 0xfe, 0xc7,
  0x00, 0x00, 0x00, 0x00, 0x00, 0x00, 0x00, 0x00, 0x00, 0x00, 0x00, 0x00, 0x00, 0x00, 0x00, 0x00,
  0x00, 0x00, 0x00, 0x00, 0x00, 0x00, 0x00, 0x00, 0x00, 0x00, 0x00, 0x00, 0x00, 0x00, 0x00, 0x00,
  0x00, 0x00, 0x00, 0x00, 0x00, 0x00, 0x00, 0x00, 0x00, 0x00, 0x00, 0x00, 0x00, 0x00, 0x00, 0x00,
  0x00, 0x00, 0x00, 0x00, 0x00, 0x00, 0x00, 0x00, 0x00, 0x00, 0x00, 0x00, 0x00, 0x00, 0x00, 0x00,
  0x00, 0x00, 0x00, 0x00, 0x00, 0x00, 0x00, 0x00, 0x00, 0x00, 0x00, 0x00, 0x00, 0x00, 0x00, 0x00,
  0x00, 0x00, 0x00, 0x00, 0x00, 0x00, 0x00, 0x00, 0x00, 0x00, 0x00, 0x00, 0x00, 0x00, 0x00, 0x00,
  0x00, 0x00, 0x00, 0x00, 0x00, 0x00, 0x00, 0x00, 0x00, 0x00, 0x00, 0x00, 0x00, 0x00, 0x00, 0x00,
  0x00, 0x00, 0x00, 0x00, 0x00, 0x00, 0x00, 0x00, 0x00, 0x00, 0x00, 0x00, 0x00, 0x00, 0x00, 0x00,
  0x00, 0x00, 0x00, 0x00, 0x00, 0x00, 0x00, 0x00, 0x00, 0x00, 0x00, 0x00, 0xee, 0xf6, 0xfe, 0x9f,
  0xef, 0xf6, 0xff, 0xff, 0xef, 0xf6, 0xff, 0xff, 0xd8, 0xe9, 0xfe, 0xff, 0xed, 0xf4, 0xff, 0xff,
  0xef, 0xf6, 0xff, 0xff, 0xef, 0xf6, 0xfe, 0xc7, 0x00, 0x00, 0x00, 0x00, 0x00, 0x00, 0x00, 0x00,
  0x00, 0x00, 0x00, 0x00, 0x00, 0x00, 0x00, 0x00, 0x00, 0x00, 0x00, 0x00, 0x00, 0x00, 0x00, 0x00,
  0x00, 0x00, 0x00, 0x00, 0x00, 0x00, 0x00, 0x00, 0x00, 0x00, 0x00, 0x00, 0x00, 0x00, 0x00, 0x00,
  0x00, 0x00, 0x00, 0x00, 0x00, 0x00, 0x00, 0x00, 0x00, 0x00, 0x00, 0x00, 0x00, 0x00, 0x00, 0x00,
  0x00, 0x00, 0x00, 0x00, 0x00, 0x00, 0x00, 0x00, 0x00, 0x00, 0x00, 0x00, 0x00, 0x00, 0x00, 0x00,
  0x00, 0x00, 0x00, 0x00, 0x00, 0x00, 0x00, 0x00, 0x00, 0x00, 0x00, 0x00, 0x00, 0x00, 0x00, 0x00,
  0x00, 0x00, 0x00, 0x00, 0x00, 0x00, 0x00, 0x00, 0x00, 0x00, 0x00, 0x00, 0x00, 0x00, 0x00, 0x00,
  0x00, 0x00, 0x00, 0x00, 0x00, 0x00, 0x00, 0x00, 0x00, 0x00, 0x00, 0x00, 0x00, 0x00, 0x00, 0x00,
  0x00, 0x00, 0x00, 0x00, 0x00, 0x00, 0x00, 0x00, 0x00, 0x00, 0x00, 0x00, 0x00, 0x00, 0x00, 0x00,
  0x00, 0x00, 0x00, 0x00, 0x00, 0x00, 0x00, 0x00, 0x00, 0x00, 0x00, 0x00, 0x00, 0x00, 0x00, 0x00,
  0x00, 0x00, 0x00, 0x00, 0x00, 0x00, 0x00, 0x00, 0x00, 0x00, 0x00, 0x00, 0x00, 0x00, 0x00, 0x00,
  0x00, 0x00, 0x00, 0x00, 0x00, 0x00, 0x00, 0x00, 0x00, 0x00, 0x00, 0x00, 0x00, 0x00, 0x00, 0x00,
  0x00, 0x00, 0x00, 0x00, 0x00, 0x00, 0x00, 0x00, 0x00, 0x00, 0x00, 0x00, 0x00, 0x00, 0x00, 0x00,
  0x00, 0x00, 0x00, 0x00, 0x00, 0x00, 0x00, 0x00, 0x00, 0x00, 0x00, 0x00, 0x00, 0x00, 0x00, 0x00,
  0x00, 0x00, 0x00, 0x00, 0x00, 0x00, 0x00, 0x00, 0x00, 0x00, 0x00, 0x00, 0x00, 0x00, 0x00, 0x00,
  0x00, 0x00, 0x00, 0x00, 0x00, 0x00, 0x00, 0x00, 0x7c, 0xad, 0xf2, 0x64, 0x7a, 0xad, 0xf1, 0x70,
  0x70, 0xa8, 0xee, 0x9c, 0xe8, 0xf2, 0xfd, 0xfb, 0xef, 0xf6, 0xff, 0xff, 0xc6, 0xe0, 0xfe, 0xff,
  0x93, 0xc5, 0xfd, 0xff, 0xb0, 0xd4, 0xfe, 0xff, 0xef, 0xf6, 0xff, 0xff, 0xef, 0xf6, 0xff, 0xff,
  0x6e, 0xab, 0xee, 0xc4, 0x64, 0xa7, 0xec, 0xc0, 0x64, 0xa7, 0xec, 0xc0, 0x63, 0xa8, 0xec, 0xc0,
  0x63, 0xa8, 0xec, 0xc0, 0x63, 0xaa, 0xeb, 0xc0, 0x63, 0xaa, 0xeb, 0xc0, 0x63, 0xab, 0xeb, 0xc0,
  0x62, 0xab, 0xeb, 0xc0, 0x62, 0xac, 0xeb, 0xc0, 0x62, 0xac, 0xeb, 0xc0, 0x62, 0xac, 0xeb, 0xc0,
  0x62, 0xad, 0xeb, 0xc0, 0x62, 0xaf, 0xeb, 0xc0, 0x62, 0xaf, 0xeb, 0xc0, 0x60, 0xb0, 0xe9, 0xc0,
  0x60, 0xb0, 0xe9, 0xc0, 0x60, 0xb1, 0xe9, 0xc0, 0x60, 0xb1, 0xe9, 0xc0, 0x60, 0xb3, 0xe9, 0xc0,
  0x60, 0xb3, 0xe9, 0xc0, 0x60, 0xb4, 0xe9, 0xc0, 0x5f, 0xb4, 0xe8, 0xc0, 0x5f, 0xb5, 0xe8, 0xc0,
  0x5f, 0xb5, 0xe8, 0xc0, 0x5f, 0xb5, 0xe8, 0xc0, 0x5f, 0xb7, 0xe8, 0xc0, 0x5e, 0xb7, 0xe8, 0xc0,
  0x5e, 0xb8, 0xe8, 0xc0, 0x5e, 0xb8, 0xe8, 0xc0, 0x5e, 0xb9, 0xe7, 0xc0, 0x5e, 0xb9, 0xe7, 0xc0,
  0x5c, 0xbb, 0xe7, 0xc0, 0x5c, 0xbb, 0xe7, 0xc0, 0x5c, 0xbc, 0xe7, 0xc0, 0xe7, 0xf3, 0xfd, 0xfb,
  0xef, 0xf6, 0xff, 0xff, 0xc6, 0xe0, 0xfe, 0xff, 0x93, 0xc5, 0xfd, 0xff, 0xb0, 0xd4, 0xfe, 0xff,
  0xef, 0xf6, 0xff, 0xff, 0xef, 0xf6, 0xff, 0xff, 0x72, 0xc9, 0xe8, 0xa2, 0x6f, 0xc8, 0xe8, 0x70,
  0x6f, 0xca, 0xe8, 0x70, 0x00, 0x00, 0x00, 0x00, 0x00, 0x00, 0x00, 0x00, 0x00, 0x00, 0x00, 0x00,
  0x00, 0x00, 0x00, 0x00, 0x00, 0x00, 0x00, 0x00, 0x00, 0x00, 0x00, 0x00, 0x00, 0x00, 0x00, 0x00,
  0x00, 0x00, 0x00, 0x00, 0x00, 0x00, 0x00, 0x00, 0x00, 0x00, 0x00, 0x00, 0x00, 0x00, 0x00, 0x00,
  0x00, 0x00, 0x00, 0x00, 0x00, 0x00, 0x00, 0x00, 0x00, 0x00, 0x00, 0x00, 0x00, 0x00, 0x00, 0x00,
  0x00, 0x00, 0x00, 0x00, 0x00, 0x00, 0x00, 0x00, 0x00, 0x00, 0x00, 0x00, 0x00, 0x00, 0x00, 0x00,
  0x00, 0x00, 0x00, 0x00, 0x00, 0x00, 0x00, 0x00, 0x00, 0x00, 0x00, 0x00, 0x00, 0x00, 0x00, 0x00,
  0x00, 0x00, 0x00, 0x00, 0x00, 0x00, 0x00, 0x00, 0x00, 0x00, 0x00, 0x00, 0x00, 0x00, 0x00, 0x00,
  0x00, 0x00, 0x00, 0x00, 0x00, 0x00, 0x00, 0x00, 0x00, 0x00, 0x00, 0x00, 0x00, 0x00, 0x00, 0x00,
  0x00, 0x00, 0x00, 0x00, 0x00, 0x00, 0x00, 0x00, 0x00, 0x00, 0x00, 0x00, 0x00, 0x00, 0x00, 0x00,
  0x00, 0x00, 0x00, 0x00, 0x00, 0x00, 0x00, 0x00, 0x00, 0x00, 0x00, 0x00, 0x00, 0x00, 0x00, 0x00,
  0x00, 0x00, 0x00, 0x00, 0x00, 0x00, 0x00, 0x00, 0x00, 0x00, 0x00, 0x00, 0x00, 0x00, 0x00, 0x00,
  0x00, 0x00, 0x00, 0x00, 0x00, 0x00, 0x00, 0x00, 0x00, 0x00, 0x00, 0x00, 0x00, 0x00, 0x00, 0x00,
  0x00, 0x00, 0x00, 0x00, 0x00, 0x00, 0x00, 0x00, 0x00, 0x00, 0x00, 0x00, 0x00, 0x00, 0x00, 0x00,
  0x00, 0x00, 0x00, 0x00, 0x00, 0x00, 0x00, 0x00, 0x7c, 0xaa, 0xf2, 0x64, 0x61, 0x9a, 0xee, 0xce,
  0x37, 0x81, 0xe9, 0xfb, 0x1f, 0x72, 0xe7, 0xff, 0x1f, 0x73, 0xe7, 0xff, 0x1f, 0x74, 0xe7, 0xff,
  0x3e, 0x89, 0xea, 0xff, 0xef, 0xf6, 0xff, 0xff, 0xef, 0xf6, 0xff, 0xff, 0x99, 0xc8, 0xfd, 0xff,
  0x93, 0xc5, 0xfd, 0xff, 0x93, 0xc5, 0xfd, 0xff, 0xe3, 0xf0, 0xff, 0xff, 0xef, 0xf6, 0xff, 0xff,
  0x56, 0x9e, 0xec, 0xff, 0x1b, 0x7d, 0xe4, 0xff, 0x1b, 0x7e, 0xe4, 0xff, 0x1a, 0x7f, 0xe3, 0xff,
  0x1a, 0x80, 0xe3, 0xff, 0x19, 0x81, 0xe2, 0xff, 0x19, 0x82, 0xe2, 0xff, 0x19, 0x83, 0xe2, 0xff,
  0x18, 0x84, 0xe2, 0xff, 0x18, 0x85, 0xe1, 0xff, 0x18, 0x85, 0xe1, 0xff, 0x17, 0x86, 0xe1, 0xff,
  0x17, 0x87, 0xe1, 0xff, 0x17, 0x89, 0xe1, 0xff, 0x17, 0x8a, 0xe1, 0xff, 0x16, 0x8b, 0xe0, 0xff,
  0x16, 0x8c, 0xe0, 0xff, 0x16, 0x8d, 0xe0, 0xff, 0x16, 0x8e, 0xe0, 0xff, 0x15, 0x8f, 0xdf, 0xff,
  0x15, 0x90, 0xdf, 0xff, 0x15, 0x91, 0xdf, 0xff, 0x14, 0x92, 0xde, 0xff, 0x14, 0x93, 0xde, 0xff,
  0x13, 0x94, 0xde, 0xff, 0x13, 0x94, 0xde, 0xff, 0x13, 0x95, 0xdd, 0xff, 0x12, 0x96, 0xdd, 0xff,
  0x12, 0x97, 0xdd, 0xff, 0x12, 0x98, 0xdd, 0xff, 0x11, 0x99, 0xdc, 0xff, 0x11, 0x9a, 0xdc, 0xff,
  0x10, 0x9b, 0xdb, 0xff, 0x10, 0x9c, 0xdb, 0xff, 0x32, 0xaa, 0xe1, 0xff, 0xef, 0xf6, 0xff, 0xff,
  0xef, 0xf6, 0xff, 0xff, 0x99, 0xc8, 0xfd, 0xff, 0x93, 0xc5, 0xfd, 0xff, 0x93, 0xc5, 0xfd, 0xff,
  0xe3, 0xf0, 0xff, 0xff, 0xef, 0xf6, 0xff, 0xff, 0x4c, 0xbb, 0xe4, 0xff, 0x0c, 0xa5, 0xd8, 0xff,
  0x0c, 0xa6, 0xd8, 0xff, 0x0c, 0xa7, 0xd8, 0xff, 0x1f, 0xae, 0xdb, 0xfd, 0x50, 0xc0, 0xe2, 0xd5,
  0x6b, 0xca, 0xe6, 0x87, 0x00, 0x00, 0x00, 0x00, 0x00, 0x00, 0x00, 0x00, 0x00, 0x00, 0x00, 0x00,
  0x00, 0x00, 0x00, 0x00, 0x00, 0x00, 0x00, 0x00, 0x00, 0x00, 0x00, 0x00, 0x00, 0x00, 0x00, 0x00,
  0x00, 0x00, 0x00, 0x00, 0x00, 0x00, 0x00, 0x00, 0x00, 0x00, 0x00, 0x00, 0x00, 0x00, 0x00, 0x00,
  0x00, 0x00, 0x00, 0x00, 0x00, 0x00, 0x00, 0x00, 0x00, 0x00, 0x00, 0x00, 0x00, 0x00, 0x00, 0x00,
  0x00, 0x00, 0x00, 0x00, 0x00, 0x00, 0x00, 0x00, 0x00, 0x00, 0x00, 0x00, 0x00, 0x00, 0x00, 0x00,
  0x00, 0x00, 0x00, 0x00, 0x00, 0x00, 0x00, 0x00, 0x00, 0x00, 0x00, 0x00, 0x00, 0x00, 0x00, 0x00,
  0x00, 0x00, 0x00, 0x00, 0x00, 0x00, 0x00, 0x00, 0x00, 0x00, 0x00, 0x00, 0x00, 0x00, 0x00, 0x00,
  0x00, 0x00, 0x00, 0x00, 0x00, 0x00, 0x00, 0x00, 0x00, 0x00, 0x00, 0x00, 0x00, 0x00, 0x00, 0x00,
  0x00, 0x00, 0x00, 0x00, 0x00, 0x00, 0x00, 0x00, 0x00, 0x00, 0x00, 0x00, 0x00, 0x00, 0x00, 0x00,
  0x00, 0x00, 0x00, 0x00, 0x00, 0x00, 0x00, 0x00, 0x00, 0x00, 0x00, 0x00, 0x00, 0x00, 0x00, 0x00,
  0x00, 0x00, 0x00, 0x00, 0x00, 0x00, 0x00, 0x00, 0x00, 0x00, 0x00, 0x00, 0x00, 0x00, 0x00, 0x00,
  0x00, 0x00, 0x00, 0x00, 0x00, 0x00, 0x00, 0x00, 0x00, 0x00, 0x00, 0x00, 0x00, 0x00, 0x00, 0x00,
  0x72, 0xa3, 0xf0, 0x9c, 0x38, 0x7c, 0xea, 0xfb, 0x21, 0x6e, 0xe8, 0xff, 0x20, 0x70, 0xe8, 0xff,
  0x20, 0x71, 0xe7, 0xff, 0x1f, 0x72, 0xe7, 0xff, 0x1f, 0x73, 0xe7, 0xff, 0x1f, 0x74, 0xe7, 0xff,
  0x52, 0x96, 0xec, 0xff, 0xef, 0xf6, 0xff, 0xff, 0xde, 0xed, 0xfe, 0xff, 0x93, 0xc5, 0xfd, 0xff,
  0x93, 0xc5, 0xfd, 0xff, 0x93, 0xc5, 0xfd, 0xff, 0xcc, 0xe3, 0xfe, 0xff, 0xef, 0xf6, 0xff, 0xff,
  0x6b, 0xa9, 0xee, 0xff, 0x1b, 0x7d, 0xe4, 0xff, 0x1b, 0x7e, 0xe4, 0xff, 0x1a, 0x7f, 0xe3, 0xff,
  0x1a, 0x80, 0xe3, 0xff, 0x19, 0x81, 0xe2, 0xff, 0x19, 0x82, 0xe2, 0xff, 0x19, 0x83, 0xe2, 0xff,
  0x18, 0x84, 0xe2, 0xff, 0x18, 0x85, 0xe1, 0xff, 0x18, 0x85, 0xe1, 0xff, 0x17, 0x86, 0xe1, 0xff,
  0x17, 0x87, 0xe1, 0xff, 0x17, 0x89, 0xe1, 0xff, 0x17, 0x8a, 0xe1, 0xff, 0x16, 0x8b, 0xe0, 0xff,
  0x16, 0x8c, 0xe0, 0xff, 0x16, 0x8d, 0xe0, 0xff, 0x16, 0x8e, 0xe0, 0xff, 0x15, 0x8f, 0xdf, 0xff,
  0x15, 0x90, 0xdf, 0xff, 0x15, 0x91, 0xdf, 0xff, 0x14, 0x92, 0xde, 0xff, 0x14, 0x93, 0xde, 0xff,
  0x13, 0x94, 0xde, 0xff, 0x13, 0x94, 0xde, 0xff, 0x13, 0x95, 0xdd, 0xff, 0x12, 0x96, 0xdd, 0xff,
  0x12, 0x97, 0xdd, 0xff, 0x12, 0x98, 0xdd, 0xff, 0x11, 0x99, 0xdc, 0xff, 0x11, 0x9a, 0xdc, 0xff,
  0x10, 0x9b, 0xdb, 0xff, 0x10, 0x9c, 0xdb, 0xff, 0x48, 0xb4, 0xe4, 0xff, 0xef, 0xf6, 0xff, 0xff,
  0xde, 0xed, 0xfe, 0xff, 0x93, 0xc5, 0xfd, 0xff, 0x93, 0xc5, 0xfd, 0xff, 0x93, 0xc5, 0xfd, 0xff,
  0xcc, 0xe3, 0xfe, 0xff, 0xef, 0xf6, 0xff, 0xff, 0x62, 0xc2, 0xe7, 0xff, 0x0c, 0xa5, 0xd8, 0xff,
  0x0c, 0xa6, 0xd8, 0xff, 0x0c, 0xa7, 0xd8, 0xff, 0x0b, 0xa8, 0xd8, 0xff, 0x0b, 0xa9, 0xd7, 0xff,
  0x0a, 0xab, 0xd7, 0xff, 0x18, 0xb0, 0xd9, 0xfe, 0x5b, 0xc6, 0xe4, 0xb8, 0x7f, 0xcf, 0xef, 0x10,
  0x00, 0x00, 0x00, 0x00, 0x00, 0x00, 0x00, 0x00, 0x00, 0x00, 0x00, 0x00, 0x00, 0x00, 0x00, 0x00,
  0x00, 0x00, 0x00, 0x00, 0x00, 0x00, 0x00, 0x00, 0x00, 0x00, 0x00, 0x00, 0x00, 0x00, 0x00, 0x00,
  0x00, 0x00, 0x00, 0x00, 0x00, 0x00, 0x00, 0x00, 0x00, 0x00, 0x00, 0x00, 0x00, 0x00, 0x00, 0x00,
  0x00, 0x00, 0x00, 0x00, 0x00, 0x00, 0x00, 0x00, 0x00, 0x00, 0x00, 0x00, 0x00, 0x00, 0x00, 0x00,
  0x00, 0x00, 0x00, 0x00, 0x00, 0x00, 0x00, 0x00, 0x00, 0x00, 0x00, 0x00, 0x00, 0x00, 0x00, 0x00,
  0x00, 0x00, 0x00, 0x00, 0x00, 0x00, 0x00, 0x00, 0x00, 0x00, 0x00, 0x00, 0x00, 0x00, 0x00, 0x00,
  0x00, 0x00, 0x00, 0x00, 0x00, 0x00, 0x00, 0x00, 0x00, 0x00, 0x00, 0x00, 0x00, 0x00, 0x00, 0x00,
  0x00, 0x00, 0x00, 0x00, 0x00, 0x00, 0x00, 0x00, 0x00, 0x00, 0x00, 0x00, 0x00, 0x00, 0x00, 0x00,
  0x00, 0x00, 0x00, 0x00, 0x00, 0x00, 0x00, 0x00, 0x00, 0x00, 0x00, 0x00, 0x00, 0x00, 0x00, 0x00,
  0x00, 0x00, 0x00, 0x00, 0x00, 0x00, 0x00, 0x00, 0x00, 0x00, 0x00, 0x00, 0x00, 0x00, 0x00, 0x00,
  0x00, 0x00, 0x00, 0x00, 0x00, 0x00, 0x00, 0x00, 0x7b, 0xa4, 0xf2, 0x7c, 0x3e, 0x7d, 0xec, 0xf9,
  0x21, 0x6c, 0xe8, 0xff, 0x21, 0x6d, 0xe8, 0xff, 0x21, 0x6e, 0xe8, 0xff, 0x20, 0x70, 0xe8, 0xff,
  0x20, 0x71, 0xe7, 0xff, 0x1f, 0x72, 0xe7, 0xff, 0x1f, 0x73, 0xe7, 0xff, 0x1f, 0x74, 0xe7, 0xff,
  0x66, 0xa2, 0xef, 0xff, 0xef, 0xf6, 0xff, 0xff, 0xd0, 0xe5, 0xfe, 0xff, 0x93, 0xc5, 0xfd, 0xff,
  0x93, 0xc5, 0xfd, 0xff, 0x93, 0xc5, 0xfd, 0xff, 0xc1, 0xde, 0xfe, 0xff, 0xef, 0xf6, 0xff, 0xff,
  0x7e, 0xb5, 0xf1, 0xff, 0x1b, 0x7d, 0xe4, 0xff, 0x1b, 0x7e, 0xe4, 0xff, 0x1a, 0x7f, 0xe3, 0xff,
  0x1a, 0x80, 0xe3, 0xff, 0x19, 0x81, 0xe2, 0xff, 0x19, 0x82, 0xe2, 0xff, 0x19, 0x83, 0xe2, 0xff,
  0x18, 0x84, 0xe2, 0xff, 0x18, 0x85, 0xe1, 0xff, 0x18, 0x85, 0xe1, 0xff, 0x17, 0x86, 0xe1, 0xff,
  0x17, 0x87, 0xe1, 0xff, 0x17, 0x89, 0xe1, 0xff, 0x17, 0x8a, 0xe1, 0xff, 0x16, 0x8b, 0xe0, 0xff,
  0x16, 0x8c, 0xe0, 0xff, 0x16, 0x8d, 0xe0, 0xff, 0x16, 0x8e, 0xe0, 0xff, 0x15, 0x8f, 0xdf, 0xff,
  0x15, 0x90, 0xdf, 0xff, 0x15, 0x91, 0xdf, 0xff, 0x14, 0x92, 0xde, 0xff, 0x14, 0x93, 0xde, 0xff,
  0x13, 0x94, 0xde, 0xff, 0x13, 0x94, 0xde, 0xff, 0x13, 0x95, 0xdd, 0xff, 0x12, 0x96, 0xdd, 0xff,
  0x12, 0x97, 0xdd, 0xff, 0x12, 0x98, 0xdd, 0xff, 0x11, 0x99, 0xdc, 0xff, 0x11, 0x9a, 0xdc, 0xff,
  0x10, 0x9b, 0xdb, 0xff, 0x10, 0x9c, 0xdb, 0xff, 0x5c, 0xbc, 0xe7, 0xff, 0xef, 0xf6, 0xff, 0xff,
  0xd0, 0xe5, 0xfe, 0xff, 0x93, 0xc5, 0xfd, 0xff, 0x93, 0xc5, 0xfd, 0xff, 0x93, 0xc5, 0xfd, 0xff,
  0xc1, 0xde, 0xfe, 0xff, 0xef, 0xf6, 0xff, 0xff, 0x77, 0xca, 0xeb, 0xff, 0x0c, 0xa5, 0xd8, 0xff,
  0x0c, 0xa6, 0xd8, 0xff, 0x0c, 0xa7, 0xd8, 0xff, 0x0b, 0xa8, 0xd8, 0xff, 0x0b, 0xa9, 0xd7, 0xff,
  0x0a, 0xab, 0xd7, 0xff, 0x0a, 0xac, 0xd7, 0xff, 0x0a, 0xad, 0xd7, 0xff, 0x1d, 0xb4, 0xd9, 0xfd,
  0x67, 0xca, 0xe6, 0x92, 0x00, 0x00, 0x00, 0x00, 0x00, 0x00, 0x00, 0x00, 0x00, 0x00, 0x00, 0x00,
  0x00, 0x00, 0x00, 0x00, 0x00, 0x00, 0x00, 0x00, 0x00, 0x00, 0x00, 0x00, 0x00, 0x00, 0x00, 0x00,
  0x00, 0x00, 0x00, 0x00, 0x00, 0x00, 0x00, 0x00, 0x00, 0x00, 0x00, 0x00, 0x00, 0x00, 0x00, 0x00,
  0x00, 0x00, 0x00, 0x00, 0x00, 0x00, 0x00, 0x00, 0x00, 0x00, 0x00, 0x00, 0x00, 0x00, 0x00, 0x00,
  0x00, 0x00, 0x00, 0x00, 0x00, 0x00, 0x00, 0x00, 0x00, 0x00, 0x00, 0x00, 0x00, 0x00, 0x00, 0x00,
  0x00, 0x00, 0x00, 0x00, 0x00, 0x00, 0x00, 0x00, 0x00, 0x00, 0x00, 0x00, 0x00, 0x00, 0x00, 0x00,
  0x00, 0x00, 0x00, 0x00, 0x00, 0x00, 0x00, 0x00, 0x00, 0x00, 0x00, 0x00, 0x00, 0x00, 0x00, 0x00,
  0x00, 0x00, 0x00, 0x00, 0x00, 0x00, 0x00, 0x00, 0x00, 0x00, 0x00, 0x00, 0x00, 0x00, 0x00, 0x00,
  0x00, 0x00, 0x00, 0x00, 0x00, 0x00, 0x00, 0x00, 0x00, 0x00, 0x00, 0x00, 0x00, 0x00, 0x00, 0x00,
  0x00, 0x00, 0x00, 0x00, 0x00, 0x00, 0x00, 0x00, 0x00, 0x00, 0x00, 0x00, 0x00, 0x00, 0x00, 0x00,
  0x00, 0x00, 0x00, 0x00, 0x68, 0x98, 0xf0, 0xc0, 0x22, 0x6a, 0xe9, 0xff, 0x22, 0x6b, 0xe9, 0xff,
  0x21, 0x6c, 0xe8, 0xff, 0x21, 0x6d, 0xe8, 0xff, 0x21, 0x6e, 0xe8, 0xff, 0x20, 0x70, 0xe8, 0xff,
  0x20, 0x71, 0xe7, 0xff, 0x1f, 0x72, 0xe7, 0xff, 0x1f, 0x73, 0xe7, 0xff, 0x1f, 0x74, 0xe7, 0xff,
  0x73, 0xa9, 0xf0, 0xff, 0xef, 0xf6, 0xff, 0xff, 0xca, 0xe2, 0xfe, 0xff, 0x93, 0xc5, 0xfd, 0xff,
  0x93, 0xc5, 0xfd, 0xff, 0x93, 0xc5, 0xfd, 0xff, 0xc1, 0xde, 0xfe, 0xff, 0xef, 0xf6, 0xff, 0xff,
  0x85, 0xb9, 0xf2, 0xff, 0x1b, 0x7d, 0xe4, 0xff, 0x1b, 0x7e, 0xe4, 0xff, 0x1a, 0x7f, 0xe3, 0xff,
  0x1a, 0x80, 0xe3, 0xff, 0x19, 0x81, 0xe2, 0xff, 0x19, 0x82, 0xe2, 0xff, 0x19, 0x83, 0xe2, 0xff,
  0x18, 0x84, 0xe2, 0xff, 0x18, 0x85, 0xe1, 0xff, 0x18, 0x85, 0xe1, 0xff, 0x17, 0x86, 0xe1, 0xff,
  0x17, 0x87, 0xe1, 0xff, 0x17, 0x89, 0xe1, 0xff, 0x17, 0x8a, 0xe1, 0xff, 0x16, 0x8b, 0xe0, 0xff,
  0x16, 0x8c, 0xe0, 0xff, 0x16, 0x8d, 0xe0, 0xff, 0x16, 0x8e, 0xe0, 0xff, 0x15, 0x8f, 0xdf, 0xff,
  0x15, 0x90, 0xdf, 0xff, 0x15, 0x91, 0xdf, 0xff, 0x14, 0x92, 0xde, 0xff, 0x14, 0x93, 0xde, 0xff,
  0x13, 0x94, 0xde, 0xff, 0x13, 0x94, 0xde, 0xff, 0x13, 0x95, 0xdd, 0xff, 0x12, 0x96, 0xdd, 0xff,
  0x12, 0x97, 0xdd, 0xff, 0x12, 0x98, 0xdd, 0xff, 0x11, 0x99, 0xdc, 0xff, 0x11, 0x9a, 0xdc, 0xff,
  0x10, 0x9b, 0xdb, 0xff, 0x10, 0x9c, 0xdb, 0xff, 0x6a, 0xc1, 0xea, 0xff, 0xef, 0xf6, 0xff, 0xff,
  0xca, 0xe2, 0xfe, 0xff, 0x93, 0xc5, 0xfd, 0xff, 0x93, 0xc5, 0xfd, 0xff, 0x93, 0xc5, 0xfd, 0xff,
  0xc1, 0xde, 0xfe, 0xff, 0xef, 0xf6, 0xff, 0xff, 0x7e, 0xcd, 0xec, 0xff, 0x0c, 0xa5, 0xd8, 0xff,
  0x0c, 0xa6, 0xd8, 0xff, 0x0c, 0xa7, 0xd8, 0xff, 0x0b, 0xa8, 0xd8, 0xff, 0x0b, 0xa9, 0xd7, 0xff,
  0x0a, 0xab, 0xd7, 0xff, 0x0a, 0xac, 0xd7, 0xff, 0x0a, 0xad, 0xd7, 0xff, 0x09, 0xae, 0xd6, 0xff,
  0x09, 0xaf, 0xd6, 0xff, 0x4d, 0xc4, 0xe1, 0xd5, 0x7f, 0xdf, 0xef, 0x10, 0x00, 0x00, 0x00, 0x00,
  0x00, 0x00, 0x00, 0x00, 0x00, 0x00, 0x00, 0x00, 0x00, 0x00, 0x00, 0x00, 0x00, 0x00, 0x00, 0x00,
  0x00, 0x00, 0x00, 0x00, 0x00, 0x00, 0x00, 0x00, 0x00, 0x00, 0x00, 0x00, 0x00, 0x00, 0x00, 0x00,
  0x00, 0x00, 0x00, 0x00, 0x00, 0x00, 0x00, 0x00, 0x00, 0x00, 0x00, 0x00, 0x00, 0x00, 0x00, 0x00,
  0x00, 0x00, 0x00, 0x00, 0x00, 0x00, 0x00, 0x00, 0x00, 0x00, 0x00, 0x00, 0x00, 0x00, 0x00, 0x00,
  0x00, 0x00, 0x00, 0x00, 0x00, 0x00, 0x00, 0x00, 0x00, 0x00, 0x00, 0x00, 0x00, 0x00, 0x00, 0x00,
  0x00, 0x00, 0x00, 0x00, 0x00, 0x00, 0x00, 0x00, 0x00, 0x00, 0x00, 0x00, 0x00, 0x00, 0x00, 0x00,
  0x00, 0x00, 0x00, 0x00, 0x00, 0x00, 0x00, 0x00, 0x00, 0x00, 0x00, 0x00, 0x00, 0x00, 0x00, 0x00,
  0x00, 0x00, 0x00, 0x00, 0x00, 0x00, 0x00, 0x00, 0x00, 0x00, 0x00, 0x00, 0x00, 0x00, 0x00, 0x00,
  0x00, 0x00, 0x00, 0x00, 0x00, 0x00, 0x00, 0x00, 0x00, 0x00, 0x00, 0x00, 0x83, 0xb4, 0xf6, 0x1f,
  0x55, 0x8b, 0xef, 0xe6, 0x22, 0x6a, 0xe9, 0xff, 0x22, 0x6a, 0xe9, 0xff, 0x22, 0x6b, 0xe9, 0xff,
  0x21, 0x6c, 0xe8, 0xff, 0x21, 0x6d, 0xe8, 0xff, 0x21, 0x6e, 0xe8, 0xff, 0x20, 0x70, 0xe8, 0xff,
  0x20, 0x71, 0xe7, 0xff, 0x1f, 0x72, 0xe7, 0xff, 0x1f, 0x73, 0xe7, 0xff, 0x1f, 0x74, 0xe7, 0xff,
  0x6d, 0xa5, 0xef, 0xff, 0xef, 0xf6, 0xff, 0xff, 0xcc, 0xe3, 0xfe, 0xff, 0x93, 0xc5, 0xfd, 0xff,
  0x93, 0xc5, 0xfd, 0xff, 0x93, 0xc5, 0xfd, 0xff, 0xc1, 0xde, 0xfe, 0xff, 0xef, 0xf6, 0xff, 0xff,
  0x85, 0xb9, 0xf2, 0xff, 0x1b, 0x7d, 0xe4, 0xff, 0x1b, 0x7e, 0xe4, 0xff, 0x1a, 0x7f, 0xe3, 0xff,
  0x1a, 0x80, 0xe3, 0xff, 0x19, 0x81, 0xe2, 0xff, 0x19, 0x82, 0xe2, 0xff, 0x19, 0x83, 0xe2, 0xff,
  0x18, 0x84, 0xe2, 0xff, 0x18, 0x85, 0xe1, 0xff, 0x18, 0x85, 0xe1, 0xff, 0x17, 0x86, 0xe1, 0xff,
  0x17, 0x87, 0xe1, 0xff, 0x17, 0x89, 0xe1, 0xff, 0x17, 0x8a, 0xe1, 0xff, 0x16, 0x8b, 0xe0, 0xff,
  0x16, 0x8c, 0xe0, 0xff, 0x16, 0x8d, 0xe0, 0xff, 0x16, 0x8e, 0xe0, 0xff, 0x15, 0x8f, 0xdf, 0xff,
  0x15, 0x90, 0xdf, 0xff, 0x15, 0x91, 0xdf, 0xff, 0x14, 0x92, 0xde, 0xff, 0x14, 0x93, 0xde, 0xff,
  0x13, 0x94, 0xde, 0xff, 0x13, 0x94, 0xde, 0xff, 0x13, 0x95, 0xdd, 0xff, 0x12, 0x96, 0xdd, 0xff,
  0x12, 0x97, 0xdd, 0xff, 0x12, 0x98, 0xdd, 0xff, 0x11, 0x99, 0xdc, 0xff, 0x11, 0x9a, 0xdc, 0xff,
  0x10, 0x9b, 0xdb, 0xff, 0x10, 0x9c, 0xdb, 0xff, 0x64, 0xbe, 0xe9, 0xff, 0xef, 0xf6, 0xff, 0xff,
  0xcc, 0xe3, 0xfe, 0xff, 0x93, 0xc5, 0xfd, 0xff, 0x93, 0xc5, 0xfd, 0xff, 0x93, 0xc5, 0xfd, 0xff,
  0xc1, 0xde, 0xfe, 0xff, 0xef, 0xf6, 0xff, 0xff, 0x7e, 0xcd, 0xec, 0xff, 0x0c, 0xa5, 0xd8, 0xff,
  0x0c, 0xa6, 0xd8, 0xff, 0x0c, 0xa7, 0xd8, 0xff, 0x0b, 0xa8, 0xd8, 0xff, 0x0b, 0xa9, 0xd7, 0xff,
  0x0a, 0xab, 0xd7, 0xff, 0x0a, 0xac, 0xd7, 0xff, 0x0a, 0xad, 0xd7, 0xff, 0x09, 0xae, 0xd6, 0xff,
  0x09, 0xaf, 0xd6, 0xff, 0x09, 0xaf, 0xd6, 0xff, 0x32, 0xbd, 0xdb, 0xf3, 0x7b, 0xd5, 0xe6, 0x1f,
  0x00, 0x00, 0x00, 0x00, 0x00, 0x00, 0x00, 0x00, 0x00, 0x00, 0x00, 0x00, 0x00, 0x00, 0x00, 0x00,
  0x00, 0x00, 0x00, 0x00, 0x00, 0x00, 0x00, 0x00, 0x00, 0x00, 0x00, 0x00, 0x00, 0x00, 0x00, 0x00,
  0x00, 0x00, 0x00, 0x00, 0x00, 0x00, 0x00, 0x00, 0x00, 0x00, 0x00, 0x00, 0x00, 0x00, 0x00, 0x00,
  0x00, 0x00, 0x00, 0x00, 0x00, 0x00, 0x00, 0x00, 0x00, 0x00, 0x00, 0x00, 0x00, 0x00, 0x00, 0x00,
  0x00, 0x00, 0x00, 0x00, 0x00, 0x00, 0x00, 0x00, 0x00, 0x00, 0x00, 0x00, 0x00, 0x00, 0x00, 0x00,
  0x00, 0x00, 0x00, 0x00, 0x00, 0x00, 0x00, 0x00, 0x00, 0x00, 0x00, 0x00, 0x00, 0x00, 0x00, 0x00,
  0x00, 0x00, 0x00, 0x00, 0x00, 0x00, 0x00, 0x00, 0x00, 0x00, 0x00, 0x00, 0x00, 0x00, 0x00, 0x00,
  0x00, 0x00, 0x00, 0x00, 0x00, 0x00, 0x00, 0x00, 0x00, 0x00, 0x00, 0x00, 0x00, 0x00, 0x00, 0x00,
  0x00, 0x00, 0x00, 0x00, 0x00, 0x00, 0x00, 0x00, 0x00, 0x00, 0x00, 0x00, 0x55, 0x8b, 0xef, 0xe6,
  0x23, 0x69, 0xea, 0xff, 0x22, 0x6a, 0xe9, 0xff, 0x22, 0x6a, 0xe9, 0xff, 0x22, 0x6b, 0xe9, 0xff,
  0x21, 0x6c, 0xe8, 0xff, 0x21, 0x6d, 0xe8, 0xff, 0x21, 0x6e, 0xe8, 0xff, 0x20, 0x70, 0xe8, 0xff,
  0x20, 0x71, 0xe7, 0xff, 0x1f, 0x72, 0xe7, 0xff, 0x1f, 0x73, 0xe7, 0xff, 0x1f, 0x74, 0xe7, 0xff,
  0x52, 0x96, 0xec, 0xff, 0xef, 0xf6, 0xff, 0xff, 0xdb, 0xeb, 0xfe, 0xff, 0x93, 0xc5, 0xfd, 0xff,
  0x93, 0xc5, 0xfd, 0xff, 0x93, 0xc5, 0xfd, 0xff, 0xc6, 0xe0, 0xfe, 0xff, 0xef, 0xf6, 0xff, 0xff,
  0x6b, 0xa9, 0xee, 0xff, 0x1b, 0x7d, 0xe4, 0xff, 0x1b, 0x7e, 0xe4, 0xff, 0x1a, 0x7f, 0xe3, 0xff,
  0x1a, 0x80, 0xe3, 0xff, 0x19, 0x81, 0xe2, 0xff, 0x19, 0x82, 0xe2, 0xff, 0x19, 0x83, 0xe2, 0xff,
  0x18, 0x84, 0xe2, 0xff, 0x18, 0x85, 0xe1, 0xff, 0x18, 0x85, 0xe1, 0xff, 0x17, 0x86, 0xe1, 0xff,
  0x17, 0x87, 0xe1, 0xff, 0x17, 0x89, 0xe1, 0xff, 0x17, 0x8a, 0xe1, 0xff, 0x16, 0x8b, 0xe0, 0xff,
  0x16, 0x8c, 0xe0, 0xff, 0x16, 0x8d, 0xe0, 0xff, 0x16, 0x8e, 0xe0, 0xff, 0x15, 0x8f, 0xdf, 0xff,
  0x15, 0x90, 0xdf, 0xff, 0x15, 0x91, 0xdf, 0xff, 0x14, 0x92, 0xde, 0xff, 0x14, 0x93, 0xde, 0xff,
  0x13, 0x94, 0xde, 0xff, 0x13, 0x94, 0xde, 0xff, 0x13, 0x95, 0xdd, 0xff, 0x12, 0x96, 0xdd, 0xff,
  0x12, 0x97, 0xdd, 0xff, 0x12, 0x98, 0xdd, 0xff, 0x11, 0x99, 0xdc, 0xff, 0x11, 0x9a, 0xdc, 0xff,
  0x10, 0x9b, 0xdb, 0xff, 0x10, 0x9c, 0xdb, 0xff, 0x48, 0xb4, 0xe4, 0xff, 0xef, 0xf6, 0xff, 0xff,
  0xdb, 0xeb, 0xfe, 0xff, 0x93, 0xc5, 0xfd, 0xff, 0x93, 0xc5, 0xfd, 0xff, 0x93, 0xc5, 0xfd, 0xff,
  0xc6, 0xe0, 0xfe, 0xff, 0xef, 0xf6, 0xff, 0xff, 0x62, 0xc2, 0xe7, 0xff, 0x0c, 0xa5, 0xd8, 0xff,
  0x0c, 0xa6, 0xd8, 0xff, 0x0c, 0xa7, 0xd8, 0xff, 0x0b, 0xa8, 0xd8, 0xff, 0x0b, 0xa9, 0xd7, 0xff,
  0x0a, 0xab, 0xd7, 0xff, 0x0a, 0xac, 0xd7, 0xff, 0x0a, 0xad, 0xd7, 0xff, 0x09, 0xae, 0xd6, 0xff,
  0x09, 0xaf, 0xd6, 0xff, 0x09, 0xaf, 0xd6, 0xff, 0x08, 0xb0, 0xd5, 0xff, 0x32, 0xbd, 0xdb, 0xf3,
  0x7f, 0xdf, 0xef, 0x10, 0x00, 0x00, 0x00, 0x00, 0x00, 0x00, 0x00, 0x00, 0x00, 0x00, 0x00, 0x00,
  0x00, 0x00, 0x00, 0x00, 0x00, 0x00, 0x00, 0x00, 0x00, 0x00, 0x00, 0x00, 0x00, 0x00, 0x00, 0x00,
  0x00, 0x00, 0x00, 0x00, 0x00, 0x00, 0x00, 0x00, 0x00, 0x00, 0x00, 0x00, 0x00, 0x00, 0x00, 0x00,
  0x00, 0x00, 0x00, 0x00, 0x00, 0x00, 0x00, 0x00, 0x00, 0x00, 0x00, 0x00, 0x00, 0x00, 0x00, 0x00,
  0x00, 0x00, 0x00, 0x00, 0x00, 0x00, 0x00, 0x00, 0x00, 0x00, 0x00, 0x00, 0x00, 0x00, 0x00, 0x00,
  0x00, 0x00, 0x00, 0x00, 0x00, 0x00, 0x00, 0x00, 0x00, 0x00, 0x00, 0x00, 0x00, 0x00, 0x00, 0x00,
  0x00, 0x00, 0x00, 0x00, 0x00, 0x00, 0x00, 0x00, 0x00, 0x00, 0x00, 0x00, 0x00, 0x00, 0x00, 0x00,
  0x00, 0x00, 0x00, 0x00, 0x00, 0x00, 0x00, 0x00, 0x00, 0x00, 0x00, 0x00, 0x00, 0x00, 0x00, 0x00,
  0x00, 0x00, 0x00, 0x00, 0x00, 0x00, 0x00, 0x00, 0x67, 0x97, 0xef, 0xc7, 0x23, 0x68, 0xea, 0xff,
  0x23, 0x69, 0xea, 0xff, 0x22, 0x6a, 0xe9, 0xff, 0x22, 0x6a, 0xe9, 0xff, 0x22, 0x6b, 0xe9, 0xff,
  0x21, 0x6c, 0xe8, 0xff, 0x21, 0x6d, 0xe8, 0xff, 0x21, 0x6e, 0xe8, 0xff, 0x20, 0x70, 0xe8, 0xff,
  0x20, 0x71, 0xe7, 0xff, 0x1f, 0x72, 0xe7, 0xff, 0x1f, 0x73, 0xe7, 0xff, 0x1f, 0x74, 0xe7, 0xff,
  0x45, 0x8d, 0xeb, 0xff, 0xef, 0xf6, 0xff, 0xff, 0xed, 0xf4, 0xff, 0xff, 0x95, 0xc7, 0xfd, 0xff,
  0x93, 0xc5, 0xfd, 0xff, 0x93, 0xc5, 0xfd, 0xff, 0xde, 0xed, 0xfe, 0xff, 0xef, 0xf6, 0xff, 0xff,
  0x5e, 0xa2, 0xec, 0xff, 0x1b, 0x7d, 0xe4, 0xff, 0x1b, 0x7e, 0xe4, 0xff, 0x1a, 0x7f, 0xe3, 0xff,
  0x1a, 0x80, 0xe3, 0xff, 0x19, 0x81, 0xe2, 0xff, 0x19, 0x82, 0xe2, 0xff, 0x19, 0x83, 0xe2, 0xff,
  0x18, 0x84, 0xe2, 0xff, 0x18, 0x85, 0xe1, 0xff, 0x18, 0x85, 0xe1, 0xff, 0x17, 0x86, 0xe1, 0xff,
  0x17, 0x87, 0xe1, 0xff, 0x2e, 0x95, 0xe4, 0xff, 0x78, 0xbb, 0xee, 0xff, 0x78, 0xbc, 0xed, 0xff,
  0x78, 0xbc, 0xed, 0xff, 0x78, 0xbd, 0xed, 0xff, 0x78, 0xbd, 0xed, 0xff, 0x77, 0xbe, 0xec, 0xff,
  0x77, 0xbf, 0xec, 0xff, 0x15, 0x91, 0xdf, 0xff, 0x14, 0x92, 0xde, 0xff, 0x14, 0x93, 0xde, 0xff,
  0x13, 0x94, 0xde, 0xff, 0x13, 0x94, 0xde, 0xff, 0x13, 0x95, 0xdd, 0xff, 0x12, 0x96, 0xdd, 0xff,
  0x12, 0x97, 0xdd, 0xff, 0x12, 0x98, 0xdd, 0xff, 0x11, 0x99, 0xdc, 0xff, 0x11, 0x9a, 0xdc, 0xff,
  0x10, 0x9b, 0xdb, 0xff, 0x10, 0x9c, 0xdb, 0xff, 0x3a, 0xad, 0xe2, 0xff, 0xef, 0xf6, 0xff, 0xff,
  0xed, 0xf4, 0xff, 0xff, 0x95, 0xc7, 0xfd, 0xff, 0x93, 0xc5, 0xfd, 0xff, 0x93, 0xc5, 0xfd, 0xff,
  0xde, 0xed, 0xfe, 0xff, 0xef, 0xf6, 0xff, 0xff, 0x54, 0xbe, 0xe5, 0xff, 0x0c, 0xa5, 0xd8, 0xff,
  0x0c, 0xa6, 0xd8, 0xff, 0x0c, 0xa7, 0xd8, 0xff, 0x0b, 0xa8, 0xd8, 0xff, 0x0b, 0xa9, 0xd7, 0xff,
  0x0a, 0xab, 0xd7, 0xff, 0x0a, 0xac, 0xd7, 0xff, 0x0a, 0xad, 0xd7, 0xff, 0x09, 0xae, 0xd6, 0xff,
  0x09, 0xaf, 0xd6, 0xff, 0x09, 0xaf, 0xd6, 0xff, 0x08, 0xb0, 0xd5, 0xff, 0x08, 0xb1, 0xd5, 0xff,
  0x43, 0xc5, 0xdf, 0xe1, 0x00, 0x00, 0x00, 0x00, 0x00, 0x00, 0x00, 0x00, 0x00, 0x00, 0x00, 0x00,
  0x00, 0x00, 0x00, 0x00, 0x00, 0x00, 0x00, 0x00, 0x00, 0x00, 0x00, 0x00, 0x00, 0x00, 0x00, 0x00,
  0x00, 0x00, 0x00, 0x00, 0x00, 0x00, 0x00, 0x00, 0x00, 0x00, 0x00, 0x00, 0x00, 0x00, 0x00, 0x00,
  0x00, 0x00, 0x00, 0x00, 0x00, 0x00, 0x00, 0x00, 0x00, 0x00, 0x00, 0x00, 0x00, 0x00, 0x00, 0x00,
  0x00, 0x00, 0x00, 0x00, 0x00, 0x00, 0x00, 0x00, 0x00, 0x00, 0x00, 0x00, 0x00, 0x00, 0x00, 0x00,
  0x00, 0x00, 0x00, 0x00, 0x00, 0x00, 0x00, 0x00, 0x00, 0x00, 0x00, 0x00, 0x00, 0x00, 0x00, 0x00,
  0x00, 0x00, 0x00, 0x00, 0x00, 0x00, 0x00, 0x00, 0x00, 0x00, 0x00, 0x00, 0x00, 0x00, 0x00, 0x00,
  0x00, 0x00, 0x00, 0x00, 0x00, 0x00, 0x00, 0x00, 0x00, 0x00, 0x00, 0x00, 0x00, 0x00, 0x00, 0x00,
  0x00, 0x00, 0x00, 0x00, 0x7b, 0xa2, 0xf2, 0x7c, 0x24, 0x67, 0xea, 0xff, 0x23, 0x68, 0xea, 0xff,
  0x23, 0x69, 0xea, 0xff, 0x22, 0x6a, 0xe9, 0xff, 0x22, 0x6a, 0xe9, 0xff, 0x22, 0x6b, 0xe9, 0xff,
  0x21, 0x6c, 0xe8, 0xff, 0x21, 0x6d, 0xe8, 0xff, 0x21, 0x6e, 0xe8, 0xff, 0x20, 0x70, 0xe8, 0xff,
  0x20, 0x71, 0xe7, 0xff, 0x1f, 0x72, 0xe7, 0xff, 0x1f, 0x73, 0xe7, 0xff, 0x1f, 0x74, 0xe7, 0xff,
  0x24, 0x79, 0xe7, 0xff, 0xe9, 0xf2, 0xfe, 0xff, 0xef, 0xf6, 0xff, 0xff, 0xb6, 0xd8, 0xfe, 0xff,
  0x93, 0xc5, 0xfd, 0xff, 0xa4, 0xce, 0xfe, 0xff, 0xef, 0xf6, 0xff, 0xff, 0xef, 0xf6, 0xff, 0xff,
  0x36, 0x8b, 0xe7, 0xff, 0x1b, 0x7d, 0xe4, 0xff, 0x1b, 0x7e, 0xe4, 0xff, 0x1a, 0x7f, 0xe3, 0xff,
  0x1a, 0x80, 0xe3, 0xff, 0x19, 0x81, 0xe2, 0xff, 0x19, 0x82, 0xe2, 0xff, 0x19, 0x83, 0xe2, 0xff,
  0x18, 0x84, 0xe2, 0xff, 0x18, 0x85, 0xe1, 0xff, 0x18, 0x85, 0xe1, 0xff, 0x17, 0x86, 0xe1, 0xff,
  0x17, 0x87, 0xe1, 0xff, 0x45, 0xa1, 0xe7, 0xff, 0xff, 0xff, 0xff, 0xff, 0xff, 0xff, 0xff, 0xff,
  0xff, 0xff, 0xff, 0xff, 0xff, 0xff, 0xff, 0xff, 0xff, 0xff, 0xff, 0xff, 0xff, 0xff, 0xff, 0xff,
  0xff, 0xff, 0xff, 0xff, 0x15, 0x91, 0xdf, 0xff, 0x14, 0x92, 0xde, 0xff, 0x14, 0x93, 0xde, 0xff,
  0x13, 0x94, 0xde, 0xff, 0x13, 0x94, 0xde, 0xff, 0x13, 0x95, 0xdd, 0xff, 0x12, 0x96, 0xdd, 0xff,
  0x12, 0x97, 0xdd, 0xff, 0x12, 0x98, 0xdd, 0xff, 0x11, 0x99, 0xdc, 0xff, 0x11, 0x9a, 0xdc, 0xff,
  0x10, 0x9b, 0xdb, 0xff, 0x10, 0x9c, 0xdb, 0xff, 0x16, 0xa0, 0xdc, 0xff, 0xe8, 0xf3, 0xfe, 0xff,
  0xef, 0xf6, 0xff, 0xff, 0xb6, 0xd8, 0xfe, 0xff, 0x93, 0xc5, 0xfd, 0xff, 0xa4, 0xce, 0xfe, 0xff,
  0xef, 0xf6, 0xff, 0xff, 0xef, 0xf6, 0xff, 0xff, 0x29, 0xae, 0xde, 0xff, 0x0c, 0xa5, 0xd8, 0xff,
  0x0c, 0xa6, 0xd8, 0xff, 0x0c, 0xa7, 0xd8, 0xff, 0x0b, 0xa8, 0xd8, 0xff, 0x0b, 0xa9, 0xd7, 0xff,
  0x0a, 0xab, 0xd7, 0xff, 0x0a, 0xac, 0xd7, 0xff, 0x0a, 0xad, 0xd7, 0xff, 0x09, 0xae, 0xd6, 0xff,
  0x09, 0xaf, 0xd6, 0xff, 0x09, 0xaf, 0xd6, 0xff, 0x08, 0xb0, 0xd5, 0xff, 0x08, 0xb1, 0xd5, 0xff,
  0x07, 0xb2, 0xd5, 0xff, 0x5f, 0xcc, 0xe4, 0xa6, 0x00, 0x00, 0x00, 0x00, 0x00, 0x00, 0x00, 0x00,
  0x00, 0x00, 0x00, 0x00, 0x00, 0x00, 0x00, 0x00, 0x00, 0x00, 0x00, 0x00, 0x00, 0x00, 0x00, 0x00,
  0x00, 0x00, 0x00, 0x00, 0x00, 0x00, 0x00, 0x00, 0x00, 0x00, 0x00, 0x00, 0x00, 0x00, 0x00, 0x00,
  0x00, 0x00, 0x00, 0x00, 0x00, 0x00, 0x00, 0x00, 0x00, 0x00, 0x00, 0x00, 0x00, 0x00, 0x00, 0x00,
  0x00, 0x00, 0x00, 0x00, 0x00, 0x00, 0x00, 0x00, 0x00, 0x00, 0x00, 0x00, 0x00, 0x00, 0x00, 0x00,
  0x00, 0x00, 0x00, 0x00, 0x00, 0x00, 0x00, 0x00, 0x00, 0x00, 0x00, 0x00, 0x00, 0x00, 0x00, 0x00,
  0x00, 0x00, 0x00, 0x00, 0x00, 0x00, 0x00, 0x00, 0x00, 0x00, 0x00, 0x00, 0x00, 0x00, 0x00, 0x00,
  0x00, 0x00, 0x00, 0x00, 0x00, 0x00, 0x00, 0x00, 0x00, 0x00, 0x00, 0x00, 0x00, 0x00, 0x00, 0x00,
  0x8f, 0xaf, 0xef, 0x10, 0x3f, 0x79, 0xec, 0xf9, 0x24, 0x67, 0xea, 0xff, 0x23, 0x68, 0xea, 0xff,
  0x23, 0x69, 0xea, 0xff, 0x22, 0x6a, 0xe9, 0xff, 0x22, 0x6a, 0xe9, 0xff, 0x22, 0x6b, 0xe9, 0xff,
  0x21, 0x6c, 0xe8, 0xff, 0x21, 0x6d, 0xe8, 0xff, 0x21, 0x6e, 0xe8, 0xff, 0x20, 0x70, 0xe8, 0xff,
  0x20, 0x71, 0xe7, 0xff, 0x1f, 0x72, 0xe7, 0xff, 0x1f, 0x73, 0xe7, 0xff, 0x1f, 0x74, 0xe7, 0xff,
  0x1e, 0x75, 0xe6, 0xff, 0xb4, 0xd2, 0xf8, 0xff, 0xef, 0xf6, 0xff, 0xff, 0xe9, 0xf3, 0xff, 0xff,
  0xc1, 0xde, 0xfe, 0xff, 0xe1, 0xee, 0xff, 0xff, 0xef, 0xf6, 0xff, 0xff, 0xd5, 0xe6, 0xfc, 0xff,
  0x1b, 0x7c, 0xe4, 0xff, 0x1b, 0x7d, 0xe4, 0xff, 0x1b, 0x7e, 0xe4, 0xff, 0x1a, 0x7f, 0xe3, 0xff,
  0x1a, 0x80, 0xe3, 0xff, 0x19, 0x81, 0xe2, 0xff, 0x19, 0x82, 0xe2, 0xff, 0x19, 0x83, 0xe2, 0xff,
  0x18, 0x84, 0xe2, 0xff, 0x18, 0x85, 0xe1, 0xff, 0x18, 0x85, 0xe1, 0xff, 0x17, 0x86, 0xe1, 0xff,
  0x17, 0x87, 0xe1, 0xff, 0x2e, 0x95, 0xe4, 0xff, 0x78, 0xbb, 0xee, 0xff, 0x78, 0xbc, 0xed, 0xff,
  0x78, 0xbc, 0xed, 0xff, 0x78, 0xbd, 0xed, 0xff, 0xc8, 0xe4, 0xf8, 0xff, 0xff, 0xff, 0xff, 0xff,
  0xa4, 0xd4, 0xf3, 0xff, 0x15, 0x91, 0xdf, 0xff, 0x14, 0x92, 0xde, 0xff, 0x14, 0x93, 0xde, 0xff,
  0x13, 0x94, 0xde, 0xff, 0x13, 0x94, 0xde, 0xff, 0x13, 0x95, 0xdd, 0xff, 0x12, 0x96, 0xdd, 0xff,
  0x12, 0x97, 0xdd, 0xff, 0x12, 0x98, 0xdd, 0xff, 0x11, 0x99, 0xdc, 0xff, 0x11, 0x9a, 0xdc, 0xff,
  0x10, 0x9b, 0xdb, 0xff, 0x10, 0x9c, 0xdb, 0xff, 0x10, 0x9d, 0xdb, 0xff, 0xb0, 0xde, 0xf5, 0xff,
  0xef, 0xf6, 0xff, 0xff, 0xe9, 0xf3, 0xff, 0xff, 0xc1, 0xde, 0xfe, 0xff, 0xe1, 0xee, 0xff, 0xff,
  0xef, 0xf6, 0xff, 0xff, 0xd3, 0xeb, 0xfa, 0xff, 0x0d, 0xa4, 0xd9, 0xff, 0x0c, 0xa5, 0xd8, 0xff,
  0x0c, 0xa6, 0xd8, 0xff, 0x0c, 0xa7, 0xd8, 0xff, 0x0b, 0xa8, 0xd8, 0xff, 0x0b, 0xa9, 0xd7, 0xff,
  0x0a, 0xab, 0xd7, 0xff, 0x0a, 0xac, 0xd7, 0xff, 0x0a, 0xad, 0xd7, 0xff, 0x09, 0xae, 0xd6, 0xff,
  0x09, 0xaf, 0xd6, 0xff, 0x09, 0xaf, 0xd6, 0xff, 0x08, 0xb0, 0xd5, 0xff, 0x08, 0xb1, 0xd5, 0xff,
  0x07, 0xb2, 0xd5, 0xff, 0x15, 0xb7, 0xd7, 0xfe, 0x79, 0xd2, 0xe8, 0x2e, 0x00, 0x00, 0x00, 0x00,
  0x00, 0x00, 0x00, 0x00, 0x00, 0x00, 0x00, 0x00, 0x00, 0x00, 0x00, 0x00, 0x00, 0x00, 0x00, 0x00,
  0x00, 0x00, 0x00, 0x00, 0x00, 0x00, 0x00, 0x00, 0x00, 0x00, 0x00, 0x00, 0x00, 0x00, 0x00, 0x00,
  0x00, 0x00, 0x00, 0x00, 0x00, 0x00, 0x00, 0x00, 0x00, 0x00, 0x00, 0x00, 0x00, 0x00, 0x00, 0x00,
  0x00, 0x00, 0x00, 0x00, 0x00, 0x00, 0x00, 0x00, 0x00, 0x00, 0x00, 0x00, 0x00, 0x00, 0x00, 0x00,
  0x00, 0x00, 0x00, 0x00, 0x00, 0x00, 0x00, 0x00, 0x00, 0x00, 0x00, 0x00, 0x00, 0x00, 0x00, 0x00,
  0x00, 0x00, 0x00, 0x00, 0x00, 0x00, 0x00, 0x00, 0x00, 0x00, 0x00, 0x00, 0x00, 0x00, 0x00, 0x00,
  0x00, 0x00, 0x00, 0x00, 0x00, 0x00, 0x00, 0x00, 0x1f, 0x5f, 0xdf, 0x08, 0x00, 0x00, 0x00, 0x00,
  0x6e, 0x98, 0xf1, 0xaf, 0x24, 0x66, 0xea, 0xff, 0x24, 0x67, 0xea, 0xff, 0x23, 0x68, 0xea, 0xff,
  0x23, 0x69, 0xea, 0xff, 0x22, 0x6a, 0xe9, 0xff, 0x22, 0x6a, 0xe9, 0xff, 0x22, 0x6b, 0xe9, 0xff,
  0x21, 0x6c, 0xe8, 0xff, 0x21, 0x6d, 0xe8, 0xff, 0x21, 0x6e, 0xe8, 0xff, 0x20, 0x70, 0xe8, 0xff,
  0x20, 0x71, 0xe7, 0xff, 0x1f, 0x72, 0xe7, 0xff, 0x1f, 0x73, 0xe7, 0xff, 0x1f, 0x74, 0xe7, 0xff,
  0x1e, 0x75, 0xe6, 0xff, 0x73, 0xaa, 0xf0, 0xff, 0xef, 0xf6, 0xff, 0xff, 0xef, 0xf6, 0xff, 0xff,
  0xef, 0xf6, 0xff, 0xff, 0xef, 0xf6, 0xff, 0xff, 0xef, 0xf6, 0xff, 0xff, 0x92, 0xc0, 0xf3, 0xff,
  0x1b, 0x7c, 0xe4, 0xff, 0x1b, 0x7d, 0xe4, 0xff, 0x1b, 0x7e, 0xe4, 0xff, 0x1a, 0x7f, 0xe3, 0xff,
  0x1a, 0x80, 0xe3, 0xff, 0x19, 0x81, 0xe2, 0xff, 0x19, 0x82, 0xe2, 0xff, 0x19, 0x83, 0xe2, 0xff,
  0x18, 0x84, 0xe2, 0xff, 0x18, 0x85, 0xe1, 0xff, 0x18, 0x85, 0xe1, 0xff, 0x17, 0x86, 0xe1, 0xff,
  0x17, 0x87, 0xe1, 0xff, 0x17, 0x89, 0xe1, 0xff, 0x17, 0x8a, 0xe1, 0xff, 0x16, 0x8b, 0xe0, 0xff,
  0x16, 0x8c, 0xe0, 0xff, 0x21, 0x92, 0xe1, 0xff, 0xff, 0xff, 0xff, 0xff, 0xff, 0xff, 0xff, 0xff,
  0x2c, 0x9b, 0xe2, 0xff, 0x15, 0x91, 0xdf, 0xff, 0x14, 0x92, 0xde, 0xff, 0x14, 0x93, 0xde, 0xff,
  0x13, 0x94, 0xde, 0xff, 0x13, 0x94, 0xde, 0xff, 0x13, 0x95, 0xdd, 0xff, 0x12, 0x96, 0xdd, 0xff,
  0x12, 0x97, 0xdd, 0xff, 0x12, 0x98, 0xdd, 0xff, 0x11, 0x99, 0xdc, 0xff, 0x11, 0x9a, 0xdc, 0xff,
  0x10, 0x9b, 0xdb, 0xff, 0x10, 0x9c, 0xdb, 0xff, 0x10, 0x9d, 0xdb, 0xff, 0x6a, 0xc2, 0xea, 0xff,
  0xef, 0xf6, 0xff, 0xff, 0xef, 0xf6, 0xff, 0xff, 0xef, 0xf6, 0xff, 0xff, 0xef, 0xf6, 0xff, 0xff,
  0xef, 0xf6, 0xff, 0xff, 0x8c, 0xd2, 0xee, 0xff, 0x0d, 0xa4, 0xd9, 0xff, 0x0c, 0xa5, 0xd8, 0xff,
  0x0c, 0xa6, 0xd8, 0xff, 0x0c, 0xa7, 0xd8, 0xff, 0x0b, 0xa8, 0xd8, 0xff, 0x0b, 0xa9, 0xd7, 0xff,
  0x0a, 0xab, 0xd7, 0xff, 0x0a, 0xac, 0xd7, 0xff, 0x0a, 0xad, 0xd7, 0xff, 0x09, 0xae, 0xd6, 0xff,
  0x09, 0xaf, 0xd6, 0xff, 0x09, 0xaf, 0xd6, 0xff, 0x08, 0xb0, 0xd5, 0xff, 0x08, 0xb1, 0xd5, 0xff,
  0x07, 0xb2, 0xd5, 0xff, 0x07, 0xb3, 0xd5, 0xff, 0x50, 0xc7, 0xe0, 0xcf, 0x00, 0x00, 0x00, 0x00,
  0x00, 0x00, 0x00, 0x00, 0x00, 0x00, 0x00, 0x00, 0x00, 0x00, 0x00, 0x00, 0x00, 0x00, 0x00, 0x00,
  0x00, 0x00, 0x00, 0x00, 0x00, 0x00, 0x00, 0x00, 0x00, 0x00, 0x00, 0x00, 0x00, 0x00, 0x00, 0x00,
  0x00, 0x00, 0x00, 0x00, 0x00, 0x00, 0x00, 0x00, 0x00, 0x00, 0x00, 0x00, 0x00, 0x00, 0x00, 0x00,
  0x00, 0x00, 0x00, 0x00, 0x00, 0x00, 0x00, 0x00, 0x00, 0x00, 0x00, 0x00, 0x00, 0x00, 0x00, 0x00,
  0x00, 0x00, 0x00, 0x00, 0x00, 0x00, 0x00, 0x00, 0x00, 0x00, 0x00, 0x00, 0x00, 0x00, 0x00, 0x00,
  0x00, 0x00, 0x00, 0x00, 0x00, 0x00, 0x00, 0x00, 0x00, 0x00, 0x00, 0x00, 0x00, 0x00, 0x00, 0x00,
  0x00, 0x00, 0x00, 0x00, 0x00, 0x00, 0x00, 0x00, 0x26, 0x5f, 0xeb, 0x28, 0x8f, 0xaf, 0xef, 0x10,
  0x36, 0x71, 0xec, 0xfd, 0x24, 0x66, 0xea, 0xff, 0x24, 0x67, 0xea, 0xff, 0x23, 0x68, 0xea, 0xff,
  0x23, 0x69, 0xea, 0xff, 0x22, 0x6a, 0xe9, 0xff, 0x22, 0x6a, 0xe9, 0xff, 0x22, 0x6b, 0xe9, 0xff,
  0x21, 0x6c, 0xe8, 0xff, 0x21, 0x6d, 0xe8, 0xff, 0x21, 0x6e, 0xe8, 0xff, 0x20, 0x70, 0xe8, 0xff,
  0x20, 0x71, 0xe7, 0xff, 0x1f, 0x72, 0xe7, 0xff, 0x1f, 0x73, 0xe7, 0xff, 0x1f, 0x74, 0xe7, 0xff,
  0x1e, 0x75, 0xe6, 0xff, 0x24, 0x7a, 0xe7, 0xff, 0xd5, 0xe6, 0xfc, 0xff, 0xef, 0xf6, 0xff, 0xff,
  0xef, 0xf6, 0xff, 0xff, 0xef, 0xf6, 0xff, 0xff, 0xe9, 0xf2, 0xfe, 0xff, 0x36, 0x8b, 0xe7, 0xff,
  0x1b, 0x7c, 0xe4, 0xff, 0x1b, 0x7d, 0xe4, 0xff, 0x1b, 0x7e, 0xe4, 0xff, 0x1a, 0x7f, 0xe3, 0xff,
  0x1a, 0x80, 0xe3, 0xff, 0x19, 0x81, 0xe2, 0xff, 0x19, 0x82, 0xe2, 0xff, 0x19, 0x83, 0xe2, 0xff,
  0x18, 0x84, 0xe2, 0xff, 0x18, 0x85, 0xe1, 0xff, 0x18, 0x85, 0xe1, 0xff, 0x17, 0x86, 0xe1, 0xff,
  0x17, 0x87, 0xe1, 0xff, 0x17, 0x89, 0xe1, 0xff, 0x17, 0x8a, 0xe1, 0xff, 0x16, 0x8b, 0xe0, 0xff,
  0x16, 0x8c, 0xe0, 0xff, 0x78, 0xbd, 0xed, 0xff, 0xff, 0xff, 0xff, 0xff, 0x95, 0xcc, 0xf0, 0xff,
  0x15, 0x90, 0xdf, 0xff, 0x15, 0x91, 0xdf, 0xff, 0x14, 0x92, 0xde, 0xff, 0x14, 0x93, 0xde, 0xff,
  0x13, 0x94, 0xde, 0xff, 0x13, 0x94, 0xde, 0xff, 0x13, 0x95, 0xdd, 0xff, 0x12, 0x96, 0xdd, 0xff,
  0x12, 0x97, 0xdd, 0xff, 0x12, 0x98, 0xdd, 0xff, 0x11, 0x99, 0xdc, 0xff, 0x11, 0x9a, 0xdc, 0xff,
  0x10, 0x9b, 0xdb, 0xff, 0x10, 0x9c, 0xdb, 0xff, 0x10, 0x9d, 0xdb, 0xff, 0x16, 0xa1, 0xdc, 0xff,
  0xd3, 0xeb, 0xfa, 0xff, 0xef, 0xf6, 0xff, 0xff, 0xef, 0xf6, 0xff, 0xff, 0xef, 0xf6, 0xff, 0xff,
  0xe8, 0xf3, 0xfe, 0xff, 0x29, 0xae, 0xde, 0xff, 0x0d, 0xa4, 0xd9, 0xff, 0x0c, 0xa5, 0xd8, 0xff,
  0x0c, 0xa6, 0xd8, 0xff, 0x0c, 0xa7, 0xd8, 0xff, 0x0b, 0xa8, 0xd8, 0xff, 0x0b, 0xa9, 0xd7, 0xff,
  0x0a, 0xab, 0xd7, 0xff, 0x0a, 0xac, 0xd7, 0xff, 0x0a, 0xad, 0xd7, 0xff, 0x09, 0xae, 0xd6, 0xff,
  0x09, 0xaf, 0xd6, 0xff, 0x09, 0xaf, 0xd6, 0xff, 0x08, 0xb0, 0xd5, 0xff, 0x08, 0xb1, 0xd5, 0xff,
  0x07, 0xb2, 0xd5, 0xff, 0x07, 0xb3, 0xd5, 0xff, 0x0e, 0xb6, 0xd5, 0xff, 0x74, 0xc9, 0xdf, 0x30,
  0x1f, 0x5f, 0xdf, 0x08, 0x00, 0x00, 0x00, 0x00, 0x00, 0x00, 0x00, 0x00, 0x00, 0x00, 0x00, 0x00,
  0x00, 0x00, 0x00, 0x00, 0x00, 0x00, 0x00, 0x00, 0x00, 0x00, 0x00, 0x00, 0x00, 0x00, 0x00, 0x00,
  0x00, 0x00, 0x00, 0x00, 0x00, 0x00, 0x00, 0x00, 0x00, 0x00, 0x00, 0x00, 0x00, 0x00, 0x00, 0x00,
  0x00, 0x00, 0x00, 0x00, 0x00, 0x00, 0x00, 0x00, 0x00, 0x00, 0x00, 0x00, 0x00, 0x00, 0x00, 0x00,
  0x00, 0x00, 0x00, 0x00, 0x00, 0x00, 0x00, 0x00, 0x00, 0x00, 0x00, 0x00, 0x00, 0x00, 0x00, 0x00,
  0x00, 0x00, 0x00, 0x00, 0x00, 0x00, 0x00, 0x00, 0x00, 0x00, 0x00, 0x00, 0x00, 0x00, 0x00, 0x00,
  0x00, 0x00, 0x00, 0x00, 0x00, 0x00, 0x00, 0x00, 0x23, 0x63, 0xeb, 0x40, 0x7b, 0xa0, 0xf2, 0x7c,
  0x24, 0x65, 0xeb, 0xff, 0x24, 0x66, 0xea, 0xff, 0x24, 0x67, 0xea, 0xff, 0x23, 0x68, 0xea, 0xff,
  0x23, 0x69, 0xea, 0xff, 0x22, 0x6a, 0xe9, 0xff, 0x22, 0x6a, 0xe9, 0xff, 0x22, 0x6b, 0xe9, 0xff,
  0x21, 0x6c, 0xe8, 0xff, 0x21, 0x6d, 0xe8, 0xff, 0x21, 0x6e, 0xe8, 0xff, 0x20, 0x70, 0xe8, 0xff,
  0x20, 0x71, 0xe7, 0xff, 0x1f, 0x72, 0xe7, 0xff, 0x1f, 0x73, 0xe7, 0xff, 0x1f, 0x74, 0xe7, 0xff,
  0x1e, 0x75, 0xe6, 0xff, 0x1e, 0x76, 0xe6, 0xff, 0x59, 0x9a, 0xed, 0xff, 0xef, 0xf6, 0xff, 0xff,
  0xef, 0xf6, 0xff, 0xff, 0xef, 0xf6, 0xff, 0xff, 0x72, 0xac, 0xf0, 0xff, 0x1c, 0x7b, 0xe4, 0xff,
  0x1b, 0x7c, 0xe4, 0xff, 0x1b, 0x7d, 0xe4, 0xff, 0x1b, 0x7e, 0xe4, 0xff, 0x1a, 0x7f, 0xe3, 0xff,
  0x1a, 0x80, 0xe3, 0xff, 0x19, 0x81, 0xe2, 0xff, 0x19, 0x82, 0xe2, 0xff, 0x19, 0x83, 0xe2, 0xff,
  0x18, 0x84, 0xe2, 0xff, 0x18, 0x85, 0xe1, 0xff, 0x18, 0x85, 0xe1, 0xff, 0x17, 0x86, 0xe1, 0xff,
  0x17, 0x87, 0xe1, 0xff, 0x17, 0x89, 0xe1, 0xff, 0x17, 0x8a, 0xe1, 0xff, 0x16, 0x8b, 0xe0, 0xff,
  0x21, 0x91, 0xe1, 0xff, 0xff, 0xff, 0xff, 0xff, 0xff, 0xff, 0xff, 0xff, 0x2c, 0x9a, 0xe2, 0xff,
  0x15, 0x90, 0xdf, 0xff, 0x15, 0x91, 0xdf, 0xff, 0x14, 0x92, 0xde, 0xff, 0x14, 0x93, 0xde, 0xff,
  0x13, 0x94, 0xde, 0xff, 0x13, 0x94, 0xde, 0xff, 0x13, 0x95, 0xdd, 0xff, 0x12, 0x96, 0xdd, 0xff,
  0x12, 0x97, 0xdd, 0xff, 0x12, 0x98, 0xdd, 0xff, 0x11, 0x99, 0xdc, 0xff, 0x11, 0x9a, 0xdc, 0xff,
  0x10, 0x9b, 0xdb, 0xff, 0x10, 0x9c, 0xdb, 0xff, 0x10, 0x9d, 0xdb, 0xff, 0x0f, 0x9e, 0xdb, 0xff,
  0x4e, 0xb7, 0xe4, 0xff, 0xef, 0xf6, 0xff, 0xff, 0xef, 0xf6, 0xff, 0xff, 0xef, 0xf6, 0xff, 0xff,
  0x69, 0xc4, 0xe8, 0xff, 0x0d, 0xa3, 0xd9, 0xff, 0x0d, 0xa4, 0xd9, 0xff, 0x0c, 0xa5, 0xd8, 0xff,
  0x0c, 0xa6, 0xd8, 0xff, 0x0c, 0xa7, 0xd8, 0xff, 0x0b, 0xa8, 0xd8, 0xff, 0x0b, 0xa9, 0xd7, 0xff,
  0x0a, 0xab, 0xd7, 0xff, 0x0a, 0xac, 0xd7, 0xff, 0x0a, 0xad, 0xd7, 0xff, 0x09, 0xae, 0xd6, 0xff,
  0x09, 0xaf, 0xd6, 0xff, 0x09, 0xaf, 0xd6, 0xff, 0x08, 0xb0, 0xd5, 0xff, 0x08, 0xb1, 0xd5, 0xff,
  0x07, 0xb2, 0xd5, 0xff, 0x07, 0xb3, 0xd5, 0xff, 0x07, 0xb4, 0xd4, 0xff, 0x55, 0xbd, 0xd3, 0xbc,
  0x27, 0x5f, 0xe7, 0x20, 0x00, 0x00, 0x00, 0x00, 0x00, 0x00, 0x00, 0x00, 0x00, 0x00, 0x00, 0x00,
  0x00, 0x00, 0x00, 0x00, 0x00, 0x00, 0x00, 0x00, 0x00, 0x00, 0x00, 0x00, 0x00, 0x00, 0x00, 0x00,
  0x00, 0x00, 0x00, 0x00, 0x00, 0x00, 0x00, 0x00, 0x00, 0x00, 0x00, 0x00, 0x00, 0x00, 0x00, 0x00,
  0x00, 0x00, 0x00, 0x00, 0x00, 0x00, 0x00, 0x00, 0x00, 0x00, 0x00, 0x00, 0x00, 0x00, 0x00, 0x00,
  0x00, 0x00, 0x00, 0x00, 0x00, 0x00, 0x00, 0x00, 0x00, 0x00, 0x00, 0x00, 0x00, 0x00, 0x00, 0x00,
  0x00, 0x00, 0x00, 0x00, 0x00, 0x00, 0x00, 0x00, 0x00, 0x00, 0x00, 0x00, 0x00, 0x00, 0x00, 0x00,
  0x00, 0x00, 0x00, 0x00, 0x00, 0x00, 0x00, 0x00, 0x25, 0x62, 0xe9, 0x60, 0x60, 0x8e, 0xf0, 0xd5,
  0x24, 0x65, 0xeb, 0xff, 0x24, 0x66, 0xea, 0xff, 0x24, 0x67, 0xea, 0xff, 0x23, 0x68, 0xea, 0xff,
  0x23, 0x69, 0xea, 0xff, 0x22, 0x6a, 0xe9, 0xff, 0x22, 0x6a, 0xe9, 0xff, 0x22, 0x6b, 0xe9, 0xff,
  0x21, 0x6c, 0xe8, 0xff, 0x21, 0x6d, 0xe8, 0xff, 0x21, 0x6e, 0xe8, 0xff, 0x20, 0x70, 0xe8, 0xff,
  0x20, 0x71, 0xe7, 0xff, 0x1f, 0x72, 0xe7, 0xff, 0x1f, 0x73, 0xe7, 0xff, 0x1f, 0x74, 0xe7, 0xff,
  0x1e, 0x75, 0xe6, 0xff, 0x1e, 0x76, 0xe6, 0xff, 0x1e, 0x77, 0xe6, 0xff, 0x3d, 0x8b, 0xe9, 0xff,
  0x86, 0xb7, 0xf2, 0xff, 0x4a, 0x94, 0xeb, 0xff, 0x1c, 0x7a, 0xe5, 0xff, 0x1c, 0x7b, 0xe4, 0xff,
  0x1b, 0x7c, 0xe4, 0xff, 0x1b, 0x7d, 0xe4, 0xff, 0x1b, 0x7e, 0xe4, 0xff, 0x1a, 0x7f, 0xe3, 0xff,
  0x1a, 0x80, 0xe3, 0xff, 0x19, 0x81, 0xe2, 0xff, 0x19, 0x82, 0xe2, 0xff, 0x19, 0x83, 0xe2, 0xff,
  0x18, 0x84, 0xe2, 0xff, 0x18, 0x85, 0xe1, 0xff, 0x18, 0x85, 0xe1, 0xff, 0x17, 0x86, 0xe1, 0xff,
  0x17, 0x87, 0xe1, 0xff, 0x17, 0x89, 0xe1, 0xff, 0x17, 0x8a, 0xe1, 0xff, 0x16, 0x8b, 0xe0, 0xff,
  0x6a, 0xb5, 0xeb, 0xff, 0xff, 0xff, 0xff, 0xff, 0xb5, 0xdb, 0xf5, 0xff, 0x15, 0x8f, 0xdf, 0xff,
  0x15, 0x90, 0xdf, 0xff, 0x15, 0x91, 0xdf, 0xff, 0x14, 0x92, 0xde, 0xff, 0x14, 0x93, 0xde, 0xff,
  0x13, 0x94, 0xde, 0xff, 0x13, 0x94, 0xde, 0xff, 0x13, 0x95, 0xdd, 0xff, 0x12, 0x96, 0xdd, 0xff,
  0x12, 0x97, 0xdd, 0xff, 0x12, 0x98, 0xdd, 0xff, 0x11, 0x99, 0xdc, 0xff, 0x11, 0x9a, 0xdc, 0xff,
  0x10, 0x9b, 0xdb, 0xff, 0x10, 0x9c, 0xdb, 0xff, 0x10, 0x9d, 0xdb, 0xff, 0x0f, 0x9e, 0xdb, 0xff,
  0x0f, 0x9f, 0xda, 0xff, 0x32, 0xad, 0xe0, 0xff, 0x7f, 0xcb, 0xed, 0xff, 0x3f, 0xb4, 0xe2, 0xff,
  0x0d, 0xa2, 0xd9, 0xff, 0x0d, 0xa3, 0xd9, 0xff, 0x0d, 0xa4, 0xd9, 0xff, 0x0c, 0xa5, 0xd8, 0xff,
  0x0c, 0xa6, 0xd8, 0xff, 0x0c, 0xa7, 0xd8, 0xff, 0x0b, 0xa8, 0xd8, 0xff, 0x0b, 0xa9, 0xd7, 0xff,
  0x0a, 0xab, 0xd7, 0xff, 0x0a, 0xac, 0xd7, 0xff, 0x0a, 0xad, 0xd7, 0xff, 0x09, 0xae, 0xd6, 0xff,
  0x09, 0xaf, 0xd6, 0xff, 0x09, 0xaf, 0xd6, 0xff, 0x08, 0xb0, 0xd5, 0xff, 0x08, 0xb1, 0xd5, 0xff,
  0x07, 0xb2, 0xd5, 0xff, 0x07, 0xb3, 0xd5, 0xff, 0x07, 0xb4, 0xd4, 0xff, 0x35, 0xc0, 0xd9, 0xf3,
  0x1b, 0x4c, 0xb5, 0x53, 0x00, 0x00, 0x00, 0x00, 0x00, 0x00, 0x00, 0x00, 0x00, 0x00, 0x00, 0x00,
  0x00, 0x00, 0x00, 0x00, 0x00, 0x00, 0x00, 0x00, 0x00, 0x00, 0x00, 0x00, 0x00, 0x00, 0x00, 0x00,
  0x00, 0x00, 0x00, 0x00, 0x00, 0x00, 0x00, 0x00, 0x00, 0x00, 0x00, 0x00, 0x00, 0x00, 0x00, 0x00,
  0x00, 0x00, 0x00, 0x00, 0x00, 0x00, 0x00, 0x00, 0x00, 0x00, 0x00, 0x00, 0x00, 0x00, 0x00, 0x00,
  0x00, 0x00, 0x00, 0x00, 0x00, 0x00, 0x00, 0x00, 0x00, 0x00, 0x00, 0x00, 0x00, 0x00, 0x00, 0x00,
  0x00, 0x00, 0x00, 0x00, 0x00, 0x00, 0x00, 0x00, 0x00, 0x00, 0x00, 0x00, 0x00, 0x00, 0x00, 0x00,
  0x00, 0x00, 0x00, 0x00, 0x00, 0x00, 0x00, 0x00, 0x24, 0x61, 0xe9, 0x78, 0x3c, 0x75, 0xed, 0xfc,
  0x24, 0x65, 0xeb, 0xff, 0x24, 0x66, 0xea, 0xff, 0x24, 0x67, 0xea, 0xff, 0x23, 0x68, 0xea, 0xff,
  0x23, 0x69, 0xea, 0xff, 0x22, 0x6a, 0xe9, 0xff, 0x22, 0x6a, 0xe9, 0xff, 0x22, 0x6b, 0xe9, 0xff,
  0x21, 0x6c, 0xe8, 0xff, 0x21, 0x6d, 0xe8, 0xff, 0x21, 0x6e, 0xe8, 0xff, 0x20, 0x70, 0xe8, 0xff,
  0x20, 0x71, 0xe7, 0xff, 0x1f, 0x72, 0xe7, 0xff, 0x1f, 0x73, 0xe7, 0xff, 0x1f, 0x74, 0xe7, 0xff,
  0x1e, 0x75, 0xe6, 0xff, 0x1e, 0x76, 0xe6, 0xff, 0x1e, 0x77, 0xe6, 0xff, 0x1d, 0x78, 0xe5, 0xff,
  0x1d, 0x78, 0xe5, 0xff, 0x1c, 0x79, 0xe5, 0xff, 0x1c, 0x7a, 0xe5, 0xff, 0x1c, 0x7b, 0xe4, 0xff,
  0x1b, 0x7c, 0xe4, 0xff, 0x1b, 0x7d, 0xe4, 0xff, 0x1b, 0x7e, 0xe4, 0xff, 0x1a, 0x7f, 0xe3, 0xff,
  0x1a, 0x80, 0xe3, 0xff, 0x19, 0x81, 0xe2, 0xff, 0x19, 0x82, 0xe2, 0xff, 0x19, 0x83, 0xe2, 0xff,
  0x18, 0x84, 0xe2, 0xff, 0x18, 0x85, 0xe1, 0xff, 0x18, 0x85, 0xe1, 0xff, 0x17, 0x86, 0xe1, 0xff,
  0x17, 0x87, 0xe1, 0xff, 0x17, 0x89, 0xe1, 0xff, 0x17, 0x8a, 0xe1, 0xff, 0x16, 0x8b, 0xe0, 0xff,
  0xdd, 0xee, 0xfb, 0xff, 0xff, 0xff, 0xff, 0xff, 0x5d, 0xb1, 0xe9, 0xff, 0x15, 0x8f, 0xdf, 0xff,
  0x15, 0x90, 0xdf, 0xff, 0x15, 0x91, 0xdf, 0xff, 0x14, 0x92, 0xde, 0xff, 0x14, 0x93, 0xde, 0xff,
  0x13, 0x94, 0xde, 0xff, 0x13, 0x94, 0xde, 0xff, 0x13, 0x95, 0xdd, 0xff, 0x12, 0x96, 0xdd, 0xff,
  0x12, 0x97, 0xdd, 0xff, 0x12, 0x98, 0xdd, 0xff, 0x11, 0x99, 0xdc, 0xff, 0x11, 0x9a, 0xdc, 0xff,
  0x10, 0x9b, 0xdb, 0xff, 0x10, 0x9c, 0xdb, 0xff, 0x10, 0x9d, 0xdb, 0xff, 0x0f, 0x9e, 0xdb, 0xff,
  0x0f, 0x9f, 0xda, 0xff, 0x0f, 0xa0, 0xda, 0xff, 0x0e, 0xa1, 0xda, 0xff, 0x0e, 0xa1, 0xda, 0xff,
  0x0d, 0xa2, 0xd9, 0xff, 0x0d, 0xa3, 0xd9, 0xff, 0x0d, 0xa4, 0xd9, 0xff, 0x0c, 0xa5, 0xd8, 0xff,
  0x0c, 0xa6, 0xd8, 0xff, 0x0c, 0xa7, 0xd8, 0xff, 0x0b, 0xa8, 0xd8, 0xff, 0x0b, 0xa9, 0xd7, 0xff,
  0x0a, 0xab, 0xd7, 0xff, 0x0a, 0xac, 0xd7, 0xff, 0x0a, 0xad, 0xd7, 0xff, 0x09, 0xae, 0xd6, 0xff,
  0x09, 0xaf, 0xd6, 0xff, 0x09, 0xaf, 0xd6, 0xff, 0x08, 0xb0, 0xd5, 0xff, 0x08, 0xb1, 0xd5, 0xff,
  0x07, 0xb2, 0xd5, 0xff, 0x07, 0xb3, 0xd5, 0xff, 0x07, 0xb4, 0xd4, 0xff, 0x0d, 0xb6, 0xd5, 0xff,
  0x29, 0x54, 0xb1, 0x8d, 0x00, 0x00, 0x00, 0x06, 0x00, 0x00, 0x00, 0x00, 0x00, 0x00, 0x00, 0x00,
  0x00, 0x00, 0x00, 0x00, 0x00, 0x00, 0x00, 0x00, 0x00, 0x00, 0x00, 0x00, 0x00, 0x00, 0x00, 0x00,
  0x00, 0x00, 0x00, 0x00, 0x00, 0x00, 0x00, 0x00, 0x00, 0x00, 0x00, 0x00, 0x00, 0x00, 0x00, 0x00,
  0x00, 0x00, 0x00, 0x00, 0x00, 0x00, 0x00, 0x00, 0x00, 0x00, 0x00, 0x00, 0x00, 0x00, 0x00, 0x00,
  0x00, 0x00, 0x00, 0x00, 0x00, 0x00, 0x00, 0x00, 0x00, 0x00, 0x00, 0x00, 0x00, 0x00, 0x00, 0x00,
  0x00, 0x00, 0x00, 0x00, 0x00, 0x00, 0x00, 0x00, 0x00, 0x00, 0x00, 0x00, 0x00, 0x00, 0x00, 0x00,
  0x00, 0x00, 0x00, 0x00, 0x00, 0x00, 0x00, 0x00, 0x48, 0x7b, 0xed, 0x74, 0x6c, 0x98, 0xf2, 0xff,
  0x24, 0x65, 0xeb, 0xff, 0x24, 0x66, 0xea, 0xff, 0x24, 0x67, 0xea, 0xff, 0x23, 0x68, 0xea, 0xff,
  0x23, 0x69, 0xea, 0xff, 0x22, 0x6a, 0xe9, 0xff, 0x22, 0x6a, 0xe9, 0xff, 0x22, 0x6b, 0xe9, 0xff,
  0x21, 0x6c, 0xe8, 0xff, 0x21, 0x6d, 0xe8, 0xff, 0x21, 0x6e, 0xe8, 0xff, 0x20, 0x70, 0xe8, 0xff,
  0x20, 0x71, 0xe7, 0xff, 0x1f, 0x72, 0xe7, 0xff, 0x1f, 0x73, 0xe7, 0xff, 0x1f, 0x74, 0xe7, 0xff,
  0x1e, 0x75, 0xe6, 0xff, 0x1e, 0x76, 0xe6, 0xff, 0x1e, 0x77, 0xe6, 0xff, 0x1d, 0x78, 0xe5, 0xff,
  0x1d, 0x78, 0xe5, 0xff, 0x1c, 0x79, 0xe5, 0xff, 0x1c, 0x7a, 0xe5, 0xff, 0x1c, 0x7b, 0xe4, 0xff,
  0x1b, 0x7c, 0xe4, 0xff, 0x1b, 0x7d, 0xe4, 0xff, 0x1b, 0x7e, 0xe4, 0xff, 0x1a, 0x7f, 0xe3, 0xff,
  0x1a, 0x80, 0xe3, 0xff, 0x19, 0x81, 0xe2, 0xff, 0x19, 0x82, 0xe2, 0xff, 0x19, 0x83, 0xe2, 0xff,
  0x18, 0x84, 0xe2, 0xff, 0x18, 0x85, 0xe1, 0xff, 0x18, 0x85, 0xe1, 0xff, 0x17, 0x86, 0xe1, 0xff,
  0x17, 0x87, 0xe1, 0xff, 0x17, 0x89, 0xe1, 0xff, 0x17, 0x8a, 0xe1, 0xff, 0x39, 0x9c, 0xe5, 0xff,
  0xff, 0xff, 0xff, 0xff, 0xff, 0xff, 0xff, 0xff, 0x21, 0x93, 0xe1, 0xff, 0x15, 0x8f, 0xdf, 0xff,
  0x15, 0x90, 0xdf, 0xff, 0x15, 0x91, 0xdf, 0xff, 0x14, 0x92, 0xde, 0xff, 0x14, 0x93, 0xde, 0xff,
  0x13, 0x94, 0xde, 0xff, 0x13, 0x94, 0xde, 0xff, 0x13, 0x95, 0xdd, 0xff, 0x12, 0x96, 0xdd, 0xff,
  0x12, 0x97, 0xdd, 0xff, 0x12, 0x98, 0xdd, 0xff, 0x11, 0x99, 0xdc, 0xff, 0x11, 0x9a, 0xdc, 0xff,
  0x10, 0x9b, 0xdb, 0xff, 0x10, 0x9c, 0xdb, 0xff, 0x10, 0x9d, 0xdb, 0xff, 0x0f, 0x9e, 0xdb, 0xff,
  0x0f, 0x9f, 0xda, 0xff, 0x0f, 0xa0, 0xda, 0xff, 0x0e, 0xa1, 0xda, 0xff, 0x0e, 0xa1, 0xda, 0xff,
  0x0d, 0xa2, 0xd9, 0xff, 0x0d, 0xa3, 0xd9, 0xff, 0x0d, 0xa4, 0xd9, 0xff, 0x0c, 0xa5, 0xd8, 0xff,
  0x0c, 0xa6, 0xd8, 0xff, 0x0c, 0xa7, 0xd8, 0xff, 0x0b, 0xa8, 0xd8, 0xff, 0x0b, 0xa9, 0xd7, 0xff,
  0x0a, 0xab, 0xd7, 0xff, 0x0a, 0xac, 0xd7, 0xff, 0x0a, 0xad, 0xd7, 0xff, 0x09, 0xae, 0xd6, 0xff,
  0x09, 0xaf, 0xd6, 0xff, 0x09, 0xaf, 0xd6, 0xff, 0x08, 0xb0, 0xd5, 0xff, 0x08, 0xb1, 0xd5, 0xff,
  0x07, 0xb2, 0xd5, 0xff, 0x07, 0xb3, 0xd5, 0xff, 0x07, 0xb4, 0xd4, 0xff, 0x33, 0xc2, 0xdc, 0xff,
  0x5e, 0x7a, 0xb8, 0x94, 0x00, 0x00, 0x00, 0x24, 0x00, 0x00, 0x00, 0x00, 0x00, 0x00, 0x00, 0x00,
  0x00, 0x00, 0x00, 0x00, 0x00, 0x00, 0x00, 0x00, 0x00, 0x00, 0x00, 0x00, 0x00, 0x00, 0x00, 0x00,
  0x00, 0x00, 0x00, 0x00, 0x00, 0x00, 0x00, 0x00, 0x00, 0x00, 0x00, 0x00, 0x00, 0x00, 0x00, 0x00,
  0x00, 0x00, 0x00, 0x00, 0x00, 0x00, 0x00, 0x00, 0x00, 0x00, 0x00, 0x00, 0x00, 0x00, 0x00, 0x00,
  0x00, 0x00, 0x00, 0x00, 0x00, 0x00, 0x00, 0x00, 0x00, 0x00, 0x00, 0x00, 0x00, 0x00, 0x00, 0x00,
  0x00, 0x00, 0x00, 0x00, 0x00, 0x00, 0x00, 0x00, 0x00, 0x00, 0x00, 0x00, 0x00, 0x00, 0x00, 0x00,
  0x00, 0x00, 0x00, 0x00, 0x00, 0x00, 0x00, 0x00, 0x6d, 0x98, 0xf1, 0x70, 0xa6, 0xc1, 0xf7, 0xff,
  0x24, 0x65, 0xeb, 0xff, 0x24, 0x66, 0xea, 0xff, 0x24, 0x67, 0xea, 0xff, 0x23, 0x68, 0xea, 0xff,
  0x23, 0x69, 0xea, 0xff, 0x22, 0x6a, 0xe9, 0xff, 0x22, 0x6a, 0xe9, 0xff, 0x22, 0x6b, 0xe9, 0xff,
  0x21, 0x6c, 0xe8, 0xff, 0x21, 0x6d, 0xe8, 0xff, 0x21, 0x6e, 0xe8, 0xff, 0x20, 0x70, 0xe8, 0xff,
  0x20, 0x71, 0xe7, 0xff, 0x1f, 0x72, 0xe7, 0xff, 0x1f, 0x73, 0xe7, 0xff, 0x1f, 0x74, 0xe7, 0xff,
  0x1e, 0x75, 0xe6, 0xff, 0x1e, 0x76, 0xe6, 0xff, 0x1e, 0x77, 0xe6, 0xff, 0x1d, 0x78, 0xe5, 0xff,
  0x1d, 0x78, 0xe5, 0xff, 0x1c, 0x79, 0xe5, 0xff, 0x1c, 0x7a, 0xe5, 0xff, 0x1c, 0x7b, 0xe4, 0xff,
  0x1b, 0x7c, 0xe4, 0xff, 0x1b, 0x7d, 0xe4, 0xff, 0x1b, 0x7e, 0xe4, 0xff, 0x1a, 0x7f, 0xe3, 0xff,
  0x1a, 0x80, 0xe3, 0xff, 0x19, 0x81, 0xe2, 0xff, 0x19, 0x82, 0xe2, 0xff, 0x19, 0x83, 0xe2, 0xff,
  0x18, 0x84, 0xe2, 0xff, 0x18, 0x85, 0xe1, 0xff, 0x18, 0x85, 0xe1, 0xff, 0x17, 0x86, 0xe1, 0xff,
  0x17, 0x87, 0xe1, 0xff, 0x17, 0x89, 0xe1, 0xff, 0x17, 0x8a, 0xe1, 0xff, 0x6a, 0xb5, 0xeb, 0xff,
  0xff, 0xff, 0xff, 0xff, 0xc8, 0xe4, 0xf8, 0xff, 0x16, 0x8e, 0xe0, 0xff, 0x15, 0x8f, 0xdf, 0xff,
  0x15, 0x90, 0xdf, 0xff, 0x15, 0x91, 0xdf, 0xff, 0x14, 0x92, 0xde, 0xff, 0x14, 0x93, 0xde, 0xff,
  0x13, 0x94, 0xde, 0xff, 0x13, 0x94, 0xde, 0xff, 0x13, 0x95, 0xdd, 0xff, 0x12, 0x96, 0xdd, 0xff,
  0x12, 0x97, 0xdd, 0xff, 0x12, 0x98, 0xdd, 0xff, 0x11, 0x99, 0xdc, 0xff, 0x11, 0x9a, 0xdc, 0xff,
  0x10, 0x9b, 0xdb, 0xff, 0x10, 0x9c, 0xdb, 0xff, 0x10, 0x9d, 0xdb, 0xff, 0x0f, 0x9e, 0xdb, 0xff,
  0x0f, 0x9f, 0xda, 0xff, 0x0f, 0xa0, 0xda, 0xff, 0x0e, 0xa1, 0xda, 0xff, 0x0e, 0xa1, 0xda, 0xff,
  0x0d, 0xa2, 0xd9, 0xff, 0x0d, 0xa3, 0xd9, 0xff, 0x0d, 0xa4, 0xd9, 0xff, 0x0c, 0xa5, 0xd8, 0xff,
  0x0c, 0xa6, 0xd8, 0xff, 0x0c, 0xa7, 0xd8, 0xff, 0x0b, 0xa8, 0xd8, 0xff, 0x0b, 0xa9, 0xd7, 0xff,
  0x0a, 0xab, 0xd7, 0xff, 0x0a, 0xac, 0xd7, 0xff, 0x0a, 0xad, 0xd7, 0xff, 0x09, 0xae, 0xd6, 0xff,
  0x09, 0xaf, 0xd6, 0xff, 0x09, 0xaf, 0xd6, 0xff, 0x08, 0xb0, 0xd5, 0xff, 0x08, 0xb1, 0xd5, 0xff,
  0x07, 0xb2, 0xd5, 0xff, 0x07, 0xb3, 0xd5, 0xff, 0x07, 0xb4, 0xd4, 0xff, 0x75, 0xd5, 0xe9, 0xff,
  0x82, 0x93, 0xbc, 0x96, 0x00, 0x00, 0x00, 0x3e, 0x00, 0x00, 0x00, 0x06, 0x00, 0x00, 0x00, 0x00,
  0x00, 0x00, 0x00, 0x00, 0x00, 0x00, 0x00, 0x00, 0x00, 0x00, 0x00, 0x00, 0x00, 0x00, 0x00, 0x00,
  0x00, 0x00, 0x00, 0x00, 0x00, 0x00, 0x00, 0x00, 0x00, 0x00, 0x00, 0x00, 0x00, 0x00, 0x00, 0x00,
  0x00, 0x00, 0x00, 0x00, 0x00, 0x00, 0x00, 0x00, 0x00, 0x00, 0x00, 0x00, 0x00, 0x00, 0x00, 0x00,
  0x00, 0x00, 0x00, 0x00, 0x00, 0x00, 0x00, 0x00, 0x00, 0x00, 0x00, 0x00, 0x00, 0x00, 0x00, 0x00,
  0x00, 0x00, 0x00, 0x00, 0x00, 0x00, 0x00, 0x00, 0x00, 0x00, 0x00, 0x00, 0x00, 0x00, 0x00, 0x00,
  0x00, 0x00, 0x00, 0x00, 0x00, 0x00, 0x00, 0x00, 0x9b, 0xb9, 0xf5, 0x71, 0xe6, 0xee, 0xfe, 0xff,
  0x2b, 0x6a, 0xec, 0xff, 0x24, 0x66, 0xea, 0xff, 0x24, 0x67, 0xea, 0xff, 0x23, 0x68, 0xea, 0xff,
  0x23, 0x69, 0xea, 0xff, 0x22, 0x6a, 0xe9, 0xff, 0x22, 0x6a, 0xe9, 0xff, 0x22, 0x6b, 0xe9, 0xff,
  0x21, 0x6c, 0xe8, 0xff, 0x21, 0x6d, 0xe8, 0xff, 0x21, 0x6e, 0xe8, 0xff, 0x20, 0x70, 0xe8, 0xff,
  0x20, 0x71, 0xe7, 0xff, 0x1f, 0x72, 0xe7, 0xff, 0x1f, 0x73, 0xe7, 0xff, 0x1f, 0x74, 0xe7, 0xff,
  0x1e, 0x75, 0xe6, 0xff, 0x1e, 0x76, 0xe6, 0xff, 0x1e, 0x77, 0xe6, 0xff, 0x1d, 0x78, 0xe5, 0xff,
  0x1d, 0x78, 0xe5, 0xff, 0x1c, 0x79, 0xe5, 0xff, 0x1c, 0x7a, 0xe5, 0xff, 0x1c, 0x7b, 0xe4, 0xff,
  0x1b, 0x7c, 0xe4, 0xff, 0x1b, 0x7d, 0xe4, 0xff, 0x1b, 0x7e, 0xe4, 0xff, 0x1a, 0x7f, 0xe3, 0xff,
  0x1a, 0x80, 0xe3, 0xff, 0x19, 0x81, 0xe2, 0xff, 0x19, 0x82, 0xe2, 0xff, 0x19, 0x83, 0xe2, 0xff,
  0x18, 0x84, 0xe2, 0xff, 0x18, 0x85, 0xe1, 0xff, 0x18, 0x85, 0xe1, 0xff, 0x17, 0x86, 0xe1, 0xff,
  0x17, 0x87, 0xe1, 0xff, 0x17, 0x89, 0xe1, 0xff, 0x17, 0x8a, 0xe1, 0xff, 0xa5, 0xd2, 0xf3, 0xff,
  0xff, 0xff, 0xff, 0xff, 0x95, 0xcb, 0xf1, 0xff, 0x16, 0x8e, 0xe0, 0xff, 0x15, 0x8f, 0xdf, 0xff,
  0x15, 0x90, 0xdf, 0xff, 0x15, 0x91, 0xdf, 0xff, 0x14, 0x92, 0xde, 0xff, 0x14, 0x93, 0xde, 0xff,
  0x13, 0x94, 0xde, 0xff, 0x13, 0x94, 0xde, 0xff, 0x13, 0x95, 0xdd, 0xff, 0x12, 0x96, 0xdd, 0xff,
  0x12, 0x97, 0xdd, 0xff, 0x12, 0x98, 0xdd, 0xff, 0x11, 0x99, 0xdc, 0xff, 0x11, 0x9a, 0xdc, 0xff,
  0x10, 0x9b, 0xdb, 0xff, 0x10, 0x9c, 0xdb, 0xff, 0x10, 0x9d, 0xdb, 0xff, 0x0f, 0x9e, 0xdb, 0xff,
  0x0f, 0x9f, 0xda, 0xff, 0x0f, 0xa0, 0xda, 0xff, 0x0e, 0xa1, 0xda, 0xff, 0x0e, 0xa1, 0xda, 0xff,
  0x0d, 0xa2, 0xd9, 0xff, 0x0d, 0xa3, 0xd9, 0xff, 0x0d, 0xa4, 0xd9, 0xff, 0x0c, 0xa5, 0xd8, 0xff,
  0x0c, 0xa6, 0xd8, 0xff, 0x0c, 0xa7, 0xd8, 0xff, 0x0b, 0xa8, 0xd8, 0xff, 0x0b, 0xa9, 0xd7, 0xff,
  0x0a, 0xab, 0xd7, 0xff, 0x0a, 0xac, 0xd7, 0xff, 0x0a, 0xad, 0xd7, 0xff, 0x09, 0xae, 0xd6, 0xff,
  0x09, 0xaf, 0xd6, 0xff, 0x09, 0xaf, 0xd6, 0xff, 0x08, 0xb0, 0xd5, 0xff, 0x08, 0xb1, 0xd5, 0xff,
  0x07, 0xb2, 0xd5, 0xff, 0x07, 0xb3, 0xd5, 0xff, 0x07, 0xb4, 0xd4, 0xff, 0xb8, 0xe7, 0xf4, 0xff,
  0xa6, 0xb1, 0xc3, 0x9b, 0x00, 0x00, 0x00, 0x40, 0x00, 0x00, 0x00, 0x1c, 0x00, 0x00, 0x00, 0x00,
  0x00, 0x00, 0x00, 0x00, 0x00, 0x00, 0x00, 0x00, 0x00, 0x00, 0x00, 0x00, 0x00, 0x00, 0x00, 0x00,
  0x00, 0x00, 0x00, 0x00, 0x00, 0x00, 0x00, 0x00, 0x00, 0x00, 0x00, 0x00, 0x00, 0x00, 0x00, 0x00,
  0x00, 0x00, 0x00, 0x00, 0x00, 0x00, 0x00, 0x00, 0x00, 0x00, 0x00, 0x00, 0x00, 0x00, 0x00, 0x00,
  0x00, 0x00, 0x00, 0x00, 0x00, 0x00, 0x00, 0x00, 0x00, 0x00, 0x00, 0x00, 0x00, 0x00, 0x00, 0x00,
  0x00, 0x00, 0x00, 0x00, 0x00, 0x00, 0x00, 0x00, 0x00, 0x00, 0x00, 0x00, 0x00, 0x00, 0x00, 0x00,
  0x00, 0x00, 0x00, 0x00, 0x00, 0x00, 0x00, 0x00, 0x5d, 0x8d, 0xf1, 0xbc, 0x25, 0x64, 0xeb, 0xff,
  0x24, 0x65, 0xeb, 0xff, 0x24, 0x66, 0xea, 0xff, 0x24, 0x67, 0xea, 0xff, 0x23, 0x68, 0xea, 0xff,
  0x23, 0x69, 0xea, 0xff, 0x22, 0x6a, 0xe9, 0xff, 0x22, 0x6a, 0xe9, 0xff, 0x22, 0x6b, 0xe9, 0xff,
  0x21, 0x6c, 0xe8, 0xff, 0x21, 0x6d, 0xe8, 0xff, 0x21, 0x6e, 0xe8, 0xff, 0x20, 0x70, 0xe8, 0xff,
  0x20, 0x71, 0xe7, 0xff, 0x1f, 0x72, 0xe7, 0xff, 0x1f, 0x73, 0xe7, 0xff, 0x1f, 0x74, 0xe7, 0xff,
  0x1e, 0x75, 0xe6, 0xff, 0x1e, 0x76, 0xe6, 0xff, 0x1e, 0x77, 0xe6, 0xff, 0x1d, 0x78, 0xe5, 0xff,
  0x1d, 0x78, 0xe5, 0xff, 0x1c, 0x79, 0xe5, 0xff, 0x1c, 0x7a, 0xe5, 0xff, 0x1c, 0x7b, 0xe4, 0xff,
  0x1b, 0x7c, 0xe4, 0xff, 0x1b, 0x7d, 0xe4, 0xff, 0x1b, 0x7e, 0xe4, 0xff, 0x1a, 0x7f, 0xe3, 0xff,
  0x1a, 0x80, 0xe3, 0xff, 0x19, 0x81, 0xe2, 0xff, 0x19, 0x82, 0xe2, 0xff, 0x19, 0x83, 0xe2, 0xff,
  0x18, 0x84, 0xe2, 0xff, 0x18, 0x85, 0xe1, 0xff, 0x18, 0x85, 0xe1, 0xff, 0x17, 0x86, 0xe1, 0xff,
  0x17, 0x87, 0xe1, 0xff, 0x17, 0x89, 0xe1, 0xff, 0x17, 0x8a, 0xe1, 0xff, 0x5d, 0xae, 0xe9, 0xff,
  0x78, 0xbc, 0xed, 0xff, 0x45, 0xa4, 0xe6, 0xff, 0x16, 0x8e, 0xe0, 0xff, 0x15, 0x8f, 0xdf, 0xff,
  0x15, 0x90, 0xdf, 0xff, 0x15, 0x91, 0xdf, 0xff, 0x14, 0x92, 0xde, 0xff, 0x14, 0x93, 0xde, 0xff,
  0x13, 0x94, 0xde, 0xff, 0x13, 0x94, 0xde, 0xff, 0x13, 0x95, 0xdd, 0xff, 0x12, 0x96, 0xdd, 0xff,
  0x12, 0x97, 0xdd, 0xff, 0x12, 0x98, 0xdd, 0xff, 0x11, 0x99, 0xdc, 0xff, 0x11, 0x9a, 0xdc, 0xff,
  0x10, 0x9b, 0xdb, 0xff, 0x10, 0x9c, 0xdb, 0xff, 0x10, 0x9d, 0xdb, 0xff, 0x0f, 0x9e, 0xdb, 0xff,
  0x0f, 0x9f, 0xda, 0xff, 0x0f, 0xa0, 0xda, 0xff, 0x0e, 0xa1, 0xda, 0xff, 0x0e, 0xa1, 0xda, 0xff,
  0x0d, 0xa2, 0xd9, 0xff, 0x0d, 0xa3, 0xd9, 0xff, 0x0d, 0xa4, 0xd9, 0xff, 0x0c, 0xa5, 0xd8, 0xff,
  0x0c, 0xa6, 0xd8, 0xff, 0x0c, 0xa7, 0xd8, 0xff, 0x0b, 0xa8, 0xd8, 0xff, 0x0b, 0xa9, 0xd7, 0xff,
  0x0a, 0xab, 0xd7, 0xff, 0x0a, 0xac, 0xd7, 0xff, 0x0a, 0xad, 0xd7, 0xff, 0x09, 0xae, 0xd6, 0xff,
  0x09, 0xaf, 0xd6, 0xff, 0x09, 0xaf, 0xd6, 0xff, 0x08, 0xb0, 0xd5, 0xff, 0x08, 0xb1, 0xd5, 0xff,
  0x07, 0xb2, 0xd5, 0xff, 0x07, 0xb3, 0xd5, 0xff, 0x07, 0xb4, 0xd4, 0xff, 0x06, 0xb5, 0xd4, 0xff,
  0xc0, 0xc5, 0xcc, 0xa0, 0x00, 0x00, 0x00, 0x40, 0x00, 0x00, 0x00, 0x30, 0x00, 0x00, 0x00, 0x00,
  0x00, 0x00, 0x00, 0x00, 0x00, 0x00, 0x00, 0x00, 0x00, 0x00, 0x00, 0x00, 0x00, 0x00, 0x00, 0x00,
  0x00, 0x00, 0x00, 0x00, 0x00, 0x00, 0x00, 0x00, 0x00, 0x00, 0x00, 0x00, 0x00, 0x00, 0x00, 0x00,
  0x00, 0x00, 0x00, 0x00, 0x00, 0x00, 0x00, 0x00, 0x00, 0x00, 0x00, 0x00, 0x00, 0x00, 0x00, 0x00,
  0x00, 0x00, 0x00, 0x00, 0x00, 0x00, 0x00, 0x00, 0x00, 0x00, 0x00, 0x00, 0x00, 0x00, 0x00, 0x00,
  0x00, 0x00, 0x00, 0x00, 0x00, 0x00, 0x00, 0x00, 0x00, 0x00, 0x00, 0x00, 0x00, 0x00, 0x00, 0x00,
  0x00, 0x00, 0x00, 0x00, 0x00, 0x00, 0x00, 0x00, 0x68, 0x94, 0xf1, 0xc0, 0x25, 0x64, 0xeb, 0xff,
  0x24, 0x65, 0xeb, 0xff, 0x24, 0x66, 0xea, 0xff, 0x24, 0x67, 0xea, 0xff, 0x23, 0x68, 0xea, 0xff,
  0x23, 0x69, 0xea, 0xff, 0x22, 0x6a, 0xe9, 0xff, 0x22, 0x6a, 0xe9, 0xff, 0x22, 0x6b, 0xe9, 0xff,
  0x21, 0x6c, 0xe8, 0xff, 0x21, 0x6d, 0xe8, 0xff, 0x21, 0x6e, 0xe8, 0xff, 0x20, 0x70, 0xe8, 0xff,
  0x20, 0x71, 0xe7, 0xff, 0x1f, 0x72, 0xe7, 0xff, 0x1f, 0x73, 0xe7, 0xff, 0x1f, 0x74, 0xe7, 0xff,
  0x1e, 0x75, 0xe6, 0xff, 0x1e, 0x76, 0xe6, 0xff, 0x1e, 0x77, 0xe6, 0xff, 0x1d, 0x78, 0xe5, 0xff,
  0x1d, 0x78, 0xe5, 0xff, 0x1c, 0x79, 0xe5, 0xff, 0x1c, 0x7a, 0xe5, 0xff, 0x1c, 0x7b, 0xe4, 0xff,
  0x1b, 0x7c, 0xe4, 0xff, 0x1b, 0x7d, 0xe4, 0xff, 0x1b, 0x7e, 0xe4, 0xff, 0x1a, 0x7f, 0xe3, 0xff,
  0x1a, 0x80, 0xe3, 0xff, 0x19, 0x81, 0xe2, 0xff, 0x19, 0x82, 0xe2, 0xff, 0x19, 0x83, 0xe2, 0xff,
  0x18, 0x84, 0xe2, 0xff, 0x18, 0x85, 0xe1, 0xff, 0x18, 0x85, 0xe1, 0xff, 0x17, 0x86, 0xe1, 0xff,
  0x17, 0x87, 0xe1, 0xff, 0x17, 0x89, 0xe1, 0xff, 0x17, 0x8a, 0xe1, 0xff, 0x16, 0x8b, 0xe0, 0xff,
  0x16, 0x8c, 0xe0, 0xff, 0x16, 0x8d, 0xe0, 0xff, 0x16, 0x8e, 0xe0, 0xff, 0x15, 0x8f, 0xdf, 0xff,
  0x15, 0x90, 0xdf, 0xff, 0x15, 0x91, 0xdf, 0xff, 0x14, 0x92, 0xde, 0xff, 0x14, 0x93, 0xde, 0xff,
  0x13, 0x94, 0xde, 0xff, 0x13, 0x94, 0xde, 0xff, 0x13, 0x95, 0xdd, 0xff, 0x12, 0x96, 0xdd, 0xff,
  0x12, 0x97, 0xdd, 0xff, 0x12, 0x98, 0xdd, 0xff, 0x11, 0x99, 0xdc, 0xff, 0x11, 0x9a, 0xdc, 0xff,
  0x10, 0x9b, 0xdb, 0xff, 0x10, 0x9c, 0xdb, 0xff, 0x10, 0x9d, 0xdb, 0xff, 0x0f, 0x9e, 0xdb, 0xff,
  0x0f, 0x9f, 0xda, 0xff, 0x0f, 0xa0, 0xda, 0xff, 0x0e, 0xa1, 0xda, 0xff, 0x0e, 0xa1, 0xda, 0xff,
  0x0d, 0xa2, 0xd9, 0xff, 0x0d, 0xa3, 0xd9, 0xff, 0x0d, 0xa4, 0xd9, 0xff, 0x0c, 0xa5, 0xd8, 0xff,
  0x0c, 0xa6, 0xd8, 0xff, 0x0c, 0xa7, 0xd8, 0xff, 0x0b, 0xa8, 0xd8, 0xff, 0x0b, 0xa9, 0xd7, 0xff,
  0x0a, 0xab, 0xd7, 0xff, 0x0a, 0xac, 0xd7, 0xff, 0x0a, 0xad, 0xd7, 0xff, 0x09, 0xae, 0xd6, 0xff,
  0x09, 0xaf, 0xd6, 0xff, 0x09, 0xaf, 0xd6, 0xff, 0x08, 0xb0, 0xd5, 0xff, 0x08, 0xb1, 0xd5, 0xff,
  0x07, 0xb2, 0xd5, 0xff, 0x07, 0xb3, 0xd5, 0xff, 0x07, 0xb4, 0xd4, 0xff, 0x06, 0xb5, 0xd4, 0xff,
  0xc0, 0xc5, 0xcc, 0xa0, 0x00, 0x00, 0x00, 0x40, 0x00, 0x00, 0x00, 0x3e, 0x00, 0x00, 0x00, 0x04,
  0x00, 0x00, 0x00, 0x00, 0x00, 0x00, 0x00, 0x00, 0x00, 0x00, 0x00, 0x00, 0x00, 0x00, 0x00, 0x00,
  0x00, 0x00, 0x00, 0x00, 0x00, 0x00, 0x00, 0x00, 0x00, 0x00, 0x00, 0x00, 0x00, 0x00, 0x00, 0x00,
  0x00, 0x00, 0x00, 0x00, 0x00, 0x00, 0x00, 0x00, 0x00, 0x00, 0x00, 0x00, 0x00, 0x00, 0x00, 0x00,
  0x00, 0x00, 0x00, 0x00, 0x00, 0x00, 0x00, 0x00, 0x00, 0x00, 0x00, 0x00, 0x00, 0x00, 0x00, 0x00,
  0x00, 0x00, 0x00, 0x00, 0x00, 0x00, 0x00, 0x00, 0x00, 0x00, 0x00, 0x00, 0x00, 0x00, 0x00, 0x00,
  0x00, 0x00, 0x00, 0x00, 0x00, 0x00, 0x00, 0x00, 0x68, 0x94, 0xf1, 0xc0, 0x25, 0x64, 0xeb, 0xff,
  0x24, 0x65, 0xeb, 0xff, 0x24, 0x66, 0xea, 0xff, 0x24, 0x67, 0xea, 0xff, 0x23, 0x68, 0xea, 0xff,
  0x23, 0x69, 0xea, 0xff, 0x22, 0x6a, 0xe9, 0xff, 0x22, 0x6a, 0xe9, 0xff, 0x22, 0x6b, 0xe9, 0xff,
  0x21, 0x6c, 0xe8, 0xff, 0x21, 0x6d, 0xe8, 0xff, 0x21, 0x6e, 0xe8, 0xff, 0x20, 0x70, 0xe8, 0xff,
  0x20, 0x71, 0xe7, 0xff, 0x1f, 0x72, 0xe7, 0xff, 0x1f, 0x73, 0xe7, 0xff, 0x1f, 0x74, 0xe7, 0xff,
  0x1e, 0x75, 0xe6, 0xff, 0x1e, 0x76, 0xe6, 0xff, 0x1e, 0x77, 0xe6, 0xff, 0x1d, 0x78, 0xe5, 0xff,
  0x1d, 0x78, 0xe5, 0xff, 0x1c, 0x79, 0xe5, 0xff, 0x1c, 0x7a, 0xe5, 0xff, 0x1c, 0x7b, 0xe4, 0xff,
  0x1b, 0x7c, 0xe4, 0xff, 0x1b, 0x7d, 0xe4, 0xff, 0x1b, 0x7e, 0xe4, 0xff, 0x1a, 0x7f, 0xe3, 0xff,
  0x1a, 0x80, 0xe3, 0xff, 0x19, 0x81, 0xe2, 0xff, 0x19, 0x82, 0xe2, 0xff, 0x19, 0x83, 0xe2, 0xff,
  0x18, 0x84, 0xe2, 0xff, 0x18, 0x85, 0xe1, 0xff, 0x18, 0x85, 0xe1, 0xff, 0x17, 0x86, 0xe1, 0xff,
  0x17, 0x87, 0xe1, 0xff, 0x17, 0x89, 0xe1, 0xff, 0x17, 0x8a, 0xe1, 0xff, 0x16, 0x8b, 0xe0, 0xff,
  0x16, 0x8c, 0xe0, 0xff, 0x16, 0x8d, 0xe0, 0xff, 0x16, 0x8e, 0xe0, 0xff, 0x15, 0x8f, 0xdf, 0xff,
  0x15, 0x90, 0xdf, 0xff, 0x15, 0x91, 0xdf, 0xff, 0x14, 0x92, 0xde, 0xff, 0x14, 0x93, 0xde, 0xff,
  0x13, 0x94, 0xde, 0xff, 0x13, 0x94, 0xde, 0xff, 0x13, 0x95, 0xdd, 0xff, 0x12, 0x96, 0xdd, 0xff,
  0x12, 0x97, 0xdd, 0xff, 0x12, 0x98, 0xdd, 0xff, 0x11, 0x99, 0xdc, 0xff, 0x11, 0x9a, 0xdc, 0xff,
  0x10, 0x9b, 0xdb, 0xff, 0x10, 0x9c, 0xdb, 0xff, 0x10, 0x9d, 0xdb, 0xff, 0x0f, 0x9e, 0xdb, 0xff,
  0x0f, 0x9f, 0xda, 0xff, 0x0f, 0xa0, 0xda, 0xff, 0x0e, 0xa1, 0xda, 0xff, 0x0e, 0xa1, 0xda, 0xff,
  0x0d, 0xa2, 0xd9, 0xff, 0x0d, 0xa3, 0xd9, 0xff, 0x0d, 0xa4, 0xd9, 0xff, 0x0c, 0xa5, 0xd8, 0xff,
  0x0c, 0xa6, 0xd8, 0xff, 0x0c, 0xa7, 0xd8, 0xff, 0x0b, 0xa8, 0xd8, 0xff, 0x0b, 0xa9, 0xd7, 0xff,
  0x0a, 0xab, 0xd7, 0xff, 0x0a, 0xac, 0xd7, 0xff, 0x0a, 0xad, 0xd7, 0xff, 0x09, 0xae, 0xd6, 0xff,
  0x09, 0xaf, 0xd6, 0xff, 0x09, 0xaf, 0xd6, 0xff, 0x08, 0xb0, 0xd5, 0xff, 0x08, 0xb1, 0xd5, 0xff,
  0x07, 0xb2, 0xd5, 0xff, 0x07, 0xb3, 0xd5, 0xff, 0x07, 0xb4, 0xd4, 0xff, 0x06, 0xb5, 0xd4, 0xff,
  0xc0, 0xc5, 0xcc, 0xa0, 0x00, 0x00, 0x00, 0x40, 0x00, 0x00, 0x00, 0x40, 0x00, 0x00, 0x00, 0x10,
  0x00, 0x00, 0x00, 0x00, 0x00, 0x00, 0x00, 0x00, 0x00, 0x00, 0x00, 0x00, 0x00, 0x00, 0x00, 0x00,
  0x00, 0x00, 0x00, 0x00, 0x00, 0x00, 0x00, 0x00, 0x00, 0x00, 0x00, 0x00, 0x00, 0x00, 0x00, 0x00,
  0x00, 0x00, 0x00, 0x00, 0x00, 0x00, 0x00, 0x00, 0x00, 0x00, 0x00, 0x00, 0x00, 0x00, 0x00, 0x00,
  0x00, 0x00, 0x00, 0x00, 0x00, 0x00, 0x00, 0x00, 0x00, 0x00, 0x00, 0x00, 0x00, 0x00, 0x00, 0x00,
  0x00, 0x00, 0x00, 0x00, 0x00, 0x00, 0x00, 0x00, 0x00, 0x00, 0x00, 0x00, 0x00, 0x00, 0x00, 0x00,
  0x00, 0x00, 0x00, 0x00, 0x00, 0x00, 0x00, 0x00, 0x68, 0x94, 0xf1, 0xc0, 0x25, 0x64, 0xeb, 0xff,
  0x24, 0x65, 0xeb, 0xff, 0x24, 0x66, 0xea, 0xff, 0x24, 0x67, 0xea, 0xff, 0x23, 0x68, 0xea, 0xff,
  0x23, 0x69, 0xea, 0xff, 0x22, 0x6a, 0xe9, 0xff, 0x22, 0x6a, 0xe9, 0xff, 0x22, 0x6b, 0xe9, 0xff,
  0x21, 0x6c, 0xe8, 0xff, 0x21, 0x6d, 0xe8, 0xff, 0x21, 0x6e, 0xe8, 0xff, 0x20, 0x70, 0xe8, 0xff,
  0x20, 0x71, 0xe7, 0xff, 0x1f, 0x72, 0xe7, 0xff, 0x1f, 0x73, 0xe7, 0xff, 0x1f, 0x74, 0xe7, 0xff,
  0x1e, 0x75, 0xe6, 0xff, 0x1e, 0x76, 0xe6, 0xff, 0x1e, 0x77, 0xe6, 0xff, 0x1d, 0x78, 0xe5, 0xff,
  0x1d, 0x78, 0xe5, 0xff, 0x1c, 0x79, 0xe5, 0xff, 0x1c, 0x7a, 0xe5, 0xff, 0x1c, 0x7b, 0xe4, 0xff,
  0x1b, 0x7c, 0xe4, 0xff, 0x1b, 0x7d, 0xe4, 0xff, 0x1b, 0x7e, 0xe4, 0xff, 0x1a, 0x7f, 0xe3, 0xff,
  0x1a, 0x80, 0xe3, 0xff, 0x19, 0x81, 0xe2, 0xff, 0x19, 0x82, 0xe2, 0xff, 0x19, 0x83, 0xe2, 0xff,
  0x18, 0x84, 0xe2, 0xff, 0x18, 0x85, 0xe1, 0xff, 0x18, 0x85, 0xe1, 0xff, 0x17, 0x86, 0xe1, 0xff,
  0x17, 0x87, 0xe1, 0xff, 0x17, 0x89, 0xe1, 0xff, 0x17, 0x8a, 0xe1, 0xff, 0x16, 0x8b, 0xe0, 0xff,
  0x16, 0x8c, 0xe0, 0xff, 0x16, 0x8d, 0xe0, 0xff, 0x16, 0x8e, 0xe0, 0xff, 0x15, 0x8f, 0xdf, 0xff,
  0x15, 0x90, 0xdf, 0xff, 0x15, 0x91, 0xdf, 0xff, 0x14, 0x92, 0xde, 0xff, 0x14, 0x93, 0xde, 0xff,
  0x13, 0x94, 0xde, 0xff, 0x13, 0x94, 0xde, 0xff, 0x13, 0x95, 0xdd, 0xff, 0x12, 0x96, 0xdd, 0xff,
  0x12, 0x97, 0xdd, 0xff, 0x12, 0x98, 0xdd, 0xff, 0x11, 0x99, 0xdc, 0xff, 0x11, 0x9a, 0xdc, 0xff,
  0x10, 0x9b, 0xdb, 0xff, 0x10, 0x9c, 0xdb, 0xff, 0x10, 0x9d, 0xdb, 0xff, 0x0f, 0x9e, 0xdb, 0xff,
  0x0f, 0x9f, 0xda, 0xff, 0x0f, 0xa0, 0xda, 0xff, 0x0e, 0xa1, 0xda, 0xff, 0x0e, 0xa1, 0xda, 0xff,
  0x0d, 0xa2, 0xd9, 0xff, 0x0d, 0xa3, 0xd9, 0xff, 0x0d, 0xa4, 0xd9, 0xff, 0x0c, 0xa5, 0xd8, 0xff,
  0x0c, 0xa6, 0xd8, 0xff, 0x0c, 0xa7, 0xd8, 0xff, 0x0b, 0xa8, 0xd8, 0xff, 0x0b, 0xa9, 0xd7, 0xff,
  0x0a, 0xab, 0xd7, 0xff, 0x0a, 0xac, 0xd7, 0xff, 0x0a, 0xad, 0xd7, 0xff, 0x09, 0xae, 0xd6, 0xff,
  0x09, 0xaf, 0xd6, 0xff, 0x09, 0xaf, 0xd6, 0xff, 0x08, 0xb0, 0xd5, 0xff, 0x08, 0xb1, 0xd5, 0xff,
  0x07, 0xb2, 0xd5, 0xff, 0x07, 0xb3, 0xd5, 0xff, 0x07, 0xb4, 0xd4, 0xff, 0x06, 0xb5, 0xd4, 0xff,
  0xc0, 0xc5, 0xcc, 0xa0, 0x00, 0x00, 0x00, 0x40, 0x00, 0x00, 0x00, 0x40, 0x00, 0x00, 0x00, 0x16,
  0x00, 0x00, 0x00, 0x00, 0x00, 0x00, 0x00, 0x00, 0x00, 0x00, 0x00, 0x00, 0x00, 0x00, 0x00, 0x00,
  0x00, 0x00, 0x00, 0x00, 0x00, 0x00, 0x00, 0x00, 0x00, 0x00, 0x00, 0x00, 0x00, 0x00, 0x00, 0x00,
  0x00, 0x00, 0x00, 0x00, 0x00, 0x00, 0x00, 0x00, 0x00, 0x00, 0x00, 0x00, 0x00, 0x00, 0x00, 0x00,
  0x00, 0x00, 0x00, 0x00, 0x00, 0x00, 0x00, 0x00, 0x00, 0x00, 0x00, 0x00, 0x00, 0x00, 0x00, 0x00,
  0x00, 0x00, 0x00, 0x00, 0x00, 0x00, 0x00, 0x00, 0x00, 0x00, 0x00, 0x00, 0x00, 0x00, 0x00, 0x00,
  0x00, 0x00, 0x00, 0x00, 0x00, 0x00, 0x00, 0x00, 0x68, 0x94, 0xf1, 0xc0, 0x25, 0x64, 0xeb, 0xff,
  0x24, 0x65, 0xeb, 0xff, 0x24, 0x66, 0xea, 0xff, 0x24, 0x67, 0xea, 0xff, 0x23, 0x68, 0xea, 0xff,
  0x23, 0x69, 0xea, 0xff, 0x22, 0x6a, 0xe9, 0xff, 0x22, 0x6a, 0xe9, 0xff, 0x22, 0x6b, 0xe9, 0xff,
  0x21, 0x6c, 0xe8, 0xff, 0x21, 0x6d, 0xe8, 0xff, 0x21, 0x6e, 0xe8, 0xff, 0x20, 0x70, 0xe8, 0xff,
  0x20, 0x71, 0xe7, 0xff, 0x1f, 0x72, 0xe7, 0xff, 0x1f, 0x73, 0xe7, 0xff, 0x1f, 0x74, 0xe7, 0xff,
  0x1e, 0x75, 0xe6, 0xff, 0x1e, 0x76, 0xe6, 0xff, 0x1e, 0x77, 0xe6, 0xff, 0x1d, 0x78, 0xe5, 0xff,
  0x1d, 0x78, 0xe5, 0xff, 0x1c, 0x79, 0xe5, 0xff, 0x1c, 0x7a, 0xe5, 0xff, 0x1c, 0x7b, 0xe4, 0xff,
  0x1b, 0x7c, 0xe4, 0xff, 0x1b, 0x7d, 0xe4, 0xff, 0x1b, 0x7e, 0xe4, 0xff, 0x1a, 0x7f, 0xe3, 0xff,
  0x1a, 0x80, 0xe3, 0xff, 0x19, 0x81, 0xe2, 0xff, 0x19, 0x82, 0xe2, 0xff, 0x19, 0x83, 0xe2, 0xff,
  0x18, 0x84, 0xe2, 0xff, 0x18, 0x85, 0xe1, 0xff, 0x18, 0x85, 0xe1, 0xff, 0x17, 0x86, 0xe1, 0xff,
  0x17, 0x87, 0xe1, 0xff, 0x17, 0x89, 0xe1, 0xff, 0x17, 0x8a, 0xe1, 0xff, 0x16, 0x8b, 0xe0, 0xff,
  0x16, 0x8c, 0xe0, 0xff, 0x16, 0x8d, 0xe0, 0xff, 0x16, 0x8e, 0xe0, 0xff, 0x15, 0x8f, 0xdf, 0xff,
  0x15, 0x90, 0xdf, 0xff, 0x15, 0x91, 0xdf, 0xff, 0x14, 0x92, 0xde, 0xff, 0x14, 0x93, 0xde, 0xff,
  0x13, 0x94, 0xde, 0xff, 0x13, 0x94, 0xde, 0xff, 0x13, 0x95, 0xdd, 0xff, 0x12, 0x96, 0xdd, 0xff,
  0x12, 0x97, 0xdd, 0xff, 0x12, 0x98, 0xdd, 0xff, 0x11, 0x99, 0xdc, 0xff, 0x11, 0x9a, 0xdc, 0xff,
  0x10, 0x9b, 0xdb, 0xff, 0x10, 0x9c, 0xdb, 0xff, 0x10, 0x9d, 0xdb, 0xff, 0x0f, 0x9e, 0xdb, 0xff,
  0x0f, 0x9f, 0xda, 0xff, 0x0f, 0xa0, 0xda, 0xff, 0x0e, 0xa1, 0xda, 0xff, 0x0e, 0xa1, 0xda, 0xff,
  0x0d, 0xa2, 0xd9, 0xff, 0x0d, 0xa3, 0xd9, 0xff, 0x0d, 0xa4, 0xd9, 0xff, 0x0c, 0xa5, 0xd8, 0xff,
  0x0c, 0xa6, 0xd8, 0xff, 0x0c, 0xa7, 0xd8, 0xff, 0x0b, 0xa8, 0xd8, 0xff, 0x0b, 0xa9, 0xd7, 0xff,
  0x0a, 0xab, 0xd7, 0xff, 0x0a, 0xac, 0xd7, 0xff, 0x0a, 0xad, 0xd7, 0xff, 0x09, 0xae, 0xd6, 0xff,
  0x09, 0xaf, 0xd6, 0xff, 0x09, 0xaf, 0xd6, 0xff, 0x08, 0xb0, 0xd5, 0xff, 0x08, 0xb1, 0xd5, 0xff,
  0x07, 0xb2, 0xd5, 0xff, 0x07, 0xb3, 0xd5, 0xff, 0x07, 0xb4, 0xd4, 0xff, 0x06, 0xb5, 0xd4, 0xff,
  0xc0, 0xc5, 0xcc, 0xa0, 0x00, 0x00, 0x00, 0x40, 0x00, 0x00, 0x00, 0x40, 0x00, 0x00, 0x00, 0x1c,
  0x00, 0x00, 0x00, 0x00, 0x00, 0x00, 0x00, 0x00, 0x00, 0x00, 0x00, 0x00, 0x00, 0x00, 0x00, 0x00,
  0x00, 0x00, 0x00, 0x00, 0x00, 0x00, 0x00, 0x00, 0x00, 0x00, 0x00, 0x00, 0x00, 0x00, 0x00, 0x00,
  0x00, 0x00, 0x00, 0x00, 0x00, 0x00, 0x00, 0x00, 0x00, 0x00, 0x00, 0x00, 0x00, 0x00, 0x00, 0x00,
  0x00, 0x00, 0x00, 0x00, 0x00, 0x00, 0x00, 0x00, 0x00, 0x00, 0x00, 0x00, 0x00, 0x00, 0x00, 0x00,
  0x00, 0x00, 0x00, 0x00, 0x00, 0x00, 0x00, 0x00, 0x00, 0x00, 0x00, 0x00, 0x00, 0x00, 0x00, 0x00,
  0x00, 0x00, 0x00, 0x00, 0x00, 0x00, 0x00, 0x00, 0x68, 0x94, 0xf1, 0xc0, 0x25, 0x64, 0xeb, 0xff,
  0x24, 0x65, 0xeb, 0xff, 0x24, 0x66, 0xea, 0xff, 0x24, 0x67, 0xea, 0xff, 0x23, 0x68, 0xea, 0xff,
  0x23, 0x69, 0xea, 0xff, 0x22, 0x6a, 0xe9, 0xff, 0x22, 0x6a, 0xe9, 0xff, 0x22, 0x6b, 0xe9, 0xff,
  0x21, 0x6c, 0xe8, 0xff, 0x21, 0x6d, 0xe8, 0xff, 0x21, 0x6e, 0xe8, 0xff, 0x20, 0x70, 0xe8, 0xff,
  0x20, 0x71, 0xe7, 0xff, 0x1f, 0x72, 0xe7, 0xff, 0x1f, 0x73, 0xe7, 0xff, 0x1f, 0x74, 0xe7, 0xff,
  0x1e, 0x75, 0xe6, 0xff, 0x1e, 0x76, 0xe6, 0xff, 0x1e, 0x77, 0xe6, 0xff, 0x1d, 0x78, 0xe5, 0xff,
  0x1d, 0x78, 0xe5, 0xff, 0x1c, 0x79, 0xe5, 0xff, 0x1c, 0x7a, 0xe5, 0xff, 0x1c, 0x7b, 0xe4, 0xff,
  0x1b, 0x7c, 0xe4, 0xff, 0x1b, 0x7d, 0xe4, 0xff, 0x1b, 0x7e, 0xe4, 0xff, 0x1a, 0x7f, 0xe3, 0xff,
  0x1a, 0x80, 0xe3, 0xff, 0x19, 0x81, 0xe2, 0xff, 0x19, 0x82, 0xe2, 0xff, 0x19, 0x83, 0xe2, 0xff,
  0x18, 0x84, 0xe2, 0xff, 0x18, 0x85, 0xe1, 0xff, 0x18, 0x85, 0xe1, 0xff, 0x17, 0x86, 0xe1, 0xff,
  0x17, 0x87, 0xe1, 0xff, 0x17, 0x89, 0xe1, 0xff, 0x17, 0x8a, 0xe1, 0xff, 0x16, 0x8b, 0xe0, 0xff,
  0x16, 0x8c, 0xe0, 0xff, 0x16, 0x8d, 0xe0, 0xff, 0x16, 0x8e, 0xe0, 0xff, 0x15, 0x8f, 0xdf, 0xff,
  0x15, 0x90, 0xdf, 0xff, 0x15, 0x91, 0xdf, 0xff, 0x14, 0x92, 0xde, 0xff, 0x14, 0x93, 0xde, 0xff,
  0x13, 0x94, 0xde, 0xff, 0x13, 0x94, 0xde, 0xff, 0x13, 0x95, 0xdd, 0xff, 0x12, 0x96, 0xdd, 0xff,
  0x12, 0x97, 0xdd, 0xff, 0x12, 0x98, 0xdd, 0xff, 0x11, 0x99, 0xdc, 0xff, 0x11, 0x9a, 0xdc, 0xff,
  0x10, 0x9b, 0xdb, 0xff, 0x10, 0x9c, 0xdb, 0xff, 0x10, 0x9d, 0xdb, 0xff, 0x0f, 0x9e, 0xdb, 0xff,
  0x0f, 0x9f, 0xda, 0xff, 0x0f, 0xa0, 0xda, 0xff, 0x0e, 0xa1, 0xda, 0xff, 0x0e, 0xa1, 0xda, 0xff,
  0x0d, 0xa2, 0xd9, 0xff, 0x0d, 0xa3, 0xd9, 0xff, 0x0d, 0xa4, 0xd9, 0xff, 0x0c, 0xa5, 0xd8, 0xff,
  0x0c, 0xa6, 0xd8, 0xff, 0x0c, 0xa7, 0xd8, 0xff, 0x0b, 0xa8, 0xd8, 0xff, 0x0b, 0xa9, 0xd7, 0xff,
  0x0a, 0xab, 0xd7, 0xff, 0x0a, 0xac, 0xd7, 0xff, 0x0a, 0xad, 0xd7, 0xff, 0x09, 0xae, 0xd6, 0xff,
  0x09, 0xaf, 0xd6, 0xff, 0x09, 0xaf, 0xd6, 0xff, 0x08, 0xb0, 0xd5, 0xff, 0x08, 0xb1, 0xd5, 0xff,
  0x07, 0xb2, 0xd5, 0xff, 0x07, 0xb3, 0xd5, 0xff, 0x07, 0xb4, 0xd4, 0xff, 0x06, 0xb5, 0xd4, 0xff,
  0xc0, 0xc5, 0xcc, 0xa0, 0x00, 0x00, 0x00, 0x40, 0x00, 0x00, 0x00, 0x40, 0x00, 0x00, 0x00, 0x20,
  0x00, 0x00, 0x00, 0x00, 0x00, 0x00, 0x00, 0x00, 0x00, 0x00, 0x00, 0x00, 0x00, 0x00, 0x00, 0x00,
  0x00, 0x00, 0x00, 0x00, 0x00, 0x00, 0x00, 0x00, 0x00, 0x00, 0x00, 0x00, 0x00, 0x00, 0x00, 0x00,
  0x00, 0x00, 0x00, 0x00, 0x00, 0x00, 0x00, 0x00, 0x00, 0x00, 0x00, 0x00, 0x00, 0x00, 0x00, 0x00,
  0x00, 0x00, 0x00, 0x00, 0x00, 0x00, 0x00, 0x00, 0x00, 0x00, 0x00, 0x00, 0x00, 0x00, 0x00, 0x00,
  0x00, 0x00, 0x00, 0x00, 0x00, 0x00, 0x00, 0x00, 0x00, 0x00, 0x00, 0x00, 0x00, 0x00, 0x00, 0x00,
  0x00, 0x00, 0x00, 0x00, 0x00, 0x00, 0x00, 0x00, 0x68, 0x94, 0xf1, 0xc0, 0x25, 0x64, 0xeb, 0xff,
  0x24, 0x65, 0xeb, 0xff, 0x24, 0x66, 0xea, 0xff, 0x24, 0x67, 0xea, 0xff, 0x23, 0x68, 0xea, 0xff,
  0x23, 0x69, 0xea, 0xff, 0x22, 0x6a, 0xe9, 0xff, 0x22, 0x6a, 0xe9, 0xff, 0x22, 0x6b, 0xe9, 0xff,
  0x21, 0x6c, 0xe8, 0xff, 0x21, 0x6d, 0xe8, 0xff, 0x21, 0x6e, 0xe8, 0xff, 0x20, 0x70, 0xe8, 0xff,
  0x20, 0x71, 0xe7, 0xff, 0x1f, 0x72, 0xe7, 0xff, 0x1f, 0x73, 0xe7, 0xff, 0x1f, 0x74, 0xe7, 0xff,
  0x1e, 0x75, 0xe6, 0xff, 0x1e, 0x76, 0xe6, 0xff, 0x1e, 0x77, 0xe6, 0xff, 0x1d, 0x78, 0xe5, 0xff,
  0x1d, 0x78, 0xe5, 0xff, 0x1c, 0x79, 0xe5, 0xff, 0x1c, 0x7a, 0xe5, 0xff, 0x1c, 0x7b, 0xe4, 0xff,
  0x1b, 0x7c, 0xe4, 0xff, 0x1b, 0x7d, 0xe4, 0xff, 0x1b, 0x7e, 0xe4, 0xff, 0x1a, 0x7f, 0xe3, 0xff,
  0x1a, 0x80, 0xe3, 0xff, 0x19, 0x81, 0xe2, 0xff, 0x19, 0x82, 0xe2, 0xff, 0x19, 0x83, 0xe2, 0xff,
  0x18, 0x84, 0xe2, 0xff, 0x18, 0x85, 0xe1, 0xff, 0x18, 0x85, 0xe1, 0xff, 0x17, 0x86, 0xe1, 0xff,
  0x17, 0x87, 0xe1, 0xff, 0x17, 0x89, 0xe1, 0xff, 0x17, 0x8a, 0xe1, 0xff, 0x16, 0x8b, 0xe0, 0xff,
  0x16, 0x8c, 0xe0, 0xff, 0x16, 0x8d, 0xe0, 0xff, 0x16, 0x8e, 0xe0, 0xff, 0x15, 0x8f, 0xdf, 0xff,
  0x15, 0x90, 0xdf, 0xff, 0x15, 0x91, 0xdf, 0xff, 0x14, 0x92, 0xde, 0xff, 0x14, 0x93, 0xde, 0xff,
  0x13, 0x94, 0xde, 0xff, 0x13, 0x94, 0xde, 0xff, 0x13, 0x95, 0xdd, 0xff, 0x12, 0x96, 0xdd, 0xff,
  0x12, 0x97, 0xdd, 0xff, 0x12, 0x98, 0xdd, 0xff, 0x11, 0x99, 0xdc, 0xff, 0x11, 0x9a, 0xdc, 0xff,
  0x10, 0x9b, 0xdb, 0xff, 0x10, 0x9c, 0xdb, 0xff, 0x10, 0x9d, 0xdb, 0xff, 0x0f, 0x9e, 0xdb, 0xff,
  0x0f, 0x9f, 0xda, 0xff, 0x0f, 0xa0, 0xda, 0xff, 0x0e, 0xa1, 0xda, 0xff, 0x0e, 0xa1, 0xda, 0xff,
  0x0d, 0xa2, 0xd9, 0xff, 0x0d, 0xa3, 0xd9, 0xff, 0x0d, 0xa4, 0xd9, 0xff, 0x0c, 0xa5, 0xd8, 0xff,
  0x0c, 0xa6, 0xd8, 0xff, 0x0c, 0xa7, 0xd8, 0xff, 0x0b, 0xa8, 0xd8, 0xff, 0x0b, 0xa9, 0xd7, 0xff,
  0x0a, 0xab, 0xd7, 0xff, 0x0a, 0xac, 0xd7, 0xff, 0x0a, 0xad, 0xd7, 0xff, 0x09, 0xae, 0xd6, 0xff,
  0x09, 0xaf, 0xd6, 0xff, 0x09, 0xaf, 0xd6, 0xff, 0x08, 0xb0, 0xd5, 0xff, 0x08, 0xb1, 0xd5, 0xff,
  0x07, 0xb2, 0xd5, 0xff, 0x07, 0xb3, 0xd5, 0xff, 0x07, 0xb4, 0xd4, 0xff, 0x06, 0xb5, 0xd4, 0xff,
  0xbf, 0xc5, 0xcc, 0xa0, 0x00, 0x00, 0x00, 0x40, 0x00, 0x00, 0x00, 0x40, 0x00, 0x00, 0x00, 0x20,
  0x00, 0x00, 0x00, 0x00, 0x00, 0x00, 0x00, 0x00, 0x00, 0x00, 0x00, 0x00, 0x00, 0x00, 0x00, 0x00,
  0x00, 0x00, 0x00, 0x00, 0x00, 0x00, 0x00, 0x00, 0x00, 0x00, 0x00, 0x00, 0x00, 0x00, 0x00, 0x00,
  0x00, 0x00, 0x00, 0x00, 0x00, 0x00, 0x00, 0x00, 0x00, 0x00, 0x00, 0x00, 0x00, 0x00, 0x00, 0x00,
  0x00, 0x00, 0x00, 0x00, 0x00, 0x00, 0x00, 0x00, 0x00, 0x00, 0x00, 0x00, 0x00, 0x00, 0x00, 0x00,
  0x00, 0x00, 0x00, 0x00, 0x00, 0x00, 0x00, 0x00, 0x00, 0x00, 0x00, 0x00, 0x00, 0x00, 0x00, 0x00,
  0x00, 0x00, 0x00, 0x00, 0x00, 0x00, 0x00, 0x00, 0x68, 0x93, 0xf1, 0xc0, 0x25, 0x64, 0xeb, 0xff,
  0x24, 0x65, 0xeb, 0xff, 0x24, 0x66, 0xea, 0xff, 0x24, 0x67, 0xea, 0xff, 0x23, 0x68, 0xea, 0xff,
  0x23, 0x69, 0xea, 0xff, 0x22, 0x6a, 0xe9, 0xff, 0x22, 0x6a, 0xe9, 0xff, 0x22, 0x6b, 0xe9, 0xff,
  0x21, 0x6c, 0xe8, 0xff, 0x21, 0x6d, 0xe8, 0xff, 0x21, 0x6e, 0xe8, 0xff, 0x20, 0x70, 0xe8, 0xff,
  0x20, 0x71, 0xe7, 0xff, 0x1f, 0x72, 0xe7, 0xff, 0x1f, 0x73, 0xe7, 0xff, 0x1f, 0x74, 0xe7, 0xff,
  0x1e, 0x75, 0xe6, 0xff, 0x1e, 0x76, 0xe6, 0xff, 0x1e, 0x77, 0xe6, 0xff, 0x1d, 0x78, 0xe5, 0xff,
  0x1d, 0x78, 0xe5, 0xff, 0x1c, 0x79, 0xe5, 0xff, 0x1c, 0x7a, 0xe5, 0xff, 0x1c, 0x7b, 0xe4, 0xff,
  0x1b, 0x7c, 0xe4, 0xff, 0x1b, 0x7d, 0xe4, 0xff, 0x1b, 0x7e, 0xe4, 0xff, 0x1a, 0x7f, 0xe3, 0xff,
  0x1a, 0x80, 0xe3, 0xff, 0x19, 0x81, 0xe2, 0xff, 0x19, 0x82, 0xe2, 0xff, 0x19, 0x83, 0xe2, 0xff,
  0x18, 0x84, 0xe2, 0xff, 0x18, 0x85, 0xe1, 0xff, 0x18, 0x85, 0xe1, 0xff, 0x17, 0x86, 0xe1, 0xff,
  0x17, 0x87, 0xe1, 0xff, 0x17, 0x89, 0xe1, 0xff, 0x17, 0x8a, 0xe1, 0xff, 0x16, 0x8b, 0xe0, 0xff,
  0x16, 0x8c, 0xe0, 0xff, 0x16, 0x8d, 0xe0, 0xff, 0x16, 0x8e, 0xe0, 0xff, 0x15, 0x8f, 0xdf, 0xff,
  0x15, 0x90, 0xdf, 0xff, 0x15, 0x91, 0xdf, 0xff, 0x14, 0x92, 0xde, 0xff, 0x14, 0x93, 0xde, 0xff,
  0x13, 0x94, 0xde, 0xff, 0x13, 0x94, 0xde, 0xff, 0x13, 0x95, 0xdd, 0xff, 0x12, 0x96, 0xdd, 0xff,
  0x12, 0x97, 0xdd, 0xff, 0x12, 0x98, 0xdd, 0xff, 0x11, 0x99, 0xdc, 0xff, 0x11, 0x9a, 0xdc, 0xff,
  0x10, 0x9b, 0xdb, 0xff, 0x10, 0x9c, 0xdb, 0xff, 0x10, 0x9d, 0xdb, 0xff, 0x0f, 0x9e, 0xdb, 0xff,
  0x0f, 0x9f, 0xda, 0xff, 0x0f, 0xa0, 0xda, 0xff, 0x0e, 0xa1, 0xda, 0xff, 0x0e, 0xa1, 0xda, 0xff,
  0x0d, 0xa2, 0xd9, 0xff, 0x0d, 0xa3, 0xd9, 0xff, 0x0d, 0xa4, 0xd9, 0xff, 0x0c, 0xa5, 0xd8, 0xff,
  0x0c, 0xa6, 0xd8, 0xff, 0x0c, 0xa7, 0xd8, 0xff, 0x0b, 0xa8, 0xd8, 0xff, 0x0b, 0xa9, 0xd7, 0xff,
  0x0a, 0xab, 0xd7, 0xff, 0x0a, 0xac, 0xd7, 0xff, 0x0a, 0xad, 0xd7, 0xff, 0x09, 0xae, 0xd6, 0xff,
  0x09, 0xaf, 0xd6, 0xff, 0x09, 0xaf, 0xd6, 0xff, 0x08, 0xb0, 0xd5, 0xff, 0x08, 0xb1, 0xd5, 0xff,
  0x07, 0xb2, 0xd5, 0xff, 0x07, 0xb3, 0xd5, 0xff, 0x07, 0xb4, 0xd4, 0xff, 0x06, 0xb5, 0xd4, 0xff,
  0xbf, 0xc4, 0xcc, 0xa0, 0x00, 0x00, 0x00, 0x40, 0x00, 0x00, 0x00, 0x40, 0x00, 0x00, 0x00, 0x20,
  0x00, 0x00, 0x00, 0x00, 0x00, 0x00, 0x00, 0x00, 0x00, 0x00, 0x00, 0x00, 0x00, 0x00, 0x00, 0x00,
  0x00, 0x00, 0x00, 0x00, 0x00, 0x00, 0x00, 0x00, 0x00, 0x00, 0x00, 0x00, 0x00, 0x00, 0x00, 0x00,
  0x00, 0x00, 0x00, 0x00, 0x00, 0x00, 0x00, 0x00, 0x00, 0x00, 0x00, 0x00, 0x00, 0x00, 0x00, 0x00,
  0x00, 0x00, 0x00, 0x00, 0x00, 0x00, 0x00, 0x00, 0x00, 0x00, 0x00, 0x00, 0x00, 0x00, 0x00, 0x00,
  0x00, 0x00, 0x00, 0x00, 0x00, 0x00, 0x00, 0x00, 0x00, 0x00, 0x00, 0x00, 0x00, 0x00, 0x00, 0x00,
  0x00, 0x00, 0x00, 0x00, 0x00, 0x00, 0x00, 0x00, 0x68, 0x93, 0xf1, 0xc0, 0x25, 0x64, 0xeb, 0xff,
  0x24, 0x65, 0xeb, 0xff, 0x24, 0x66, 0xea, 0xff, 0x24, 0x67, 0xea, 0xff, 0x23, 0x68, 0xea, 0xff,
  0x23, 0x69, 0xea, 0xff, 0x22, 0x6a, 0xe9, 0xff, 0x22, 0x6a, 0xe9, 0xff, 0x22, 0x6b, 0xe9, 0xff,
  0x21, 0x6c, 0xe8, 0xff, 0x21, 0x6d, 0xe8, 0xff, 0x21, 0x6e, 0xe8, 0xff, 0x20, 0x70, 0xe8, 0xff,
  0x20, 0x71, 0xe7, 0xff, 0x1f, 0x72, 0xe7, 0xff, 0x1f, 0x73, 0xe7, 0xff, 0x1f, 0x74, 0xe7, 0xff,
  0x1e, 0x75, 0xe6, 0xff, 0x1e, 0x76, 0xe6, 0xff, 0x1e, 0x77, 0xe6, 0xff, 0x1d, 0x78, 0xe5, 0xff,
  0x1d, 0x78, 0xe5, 0xff, 0x1c, 0x79, 0xe5, 0xff, 0x1c, 0x7a, 0xe5, 0xff, 0x1c, 0x7b, 0xe4, 0xff,
  0x1b, 0x7c, 0xe4, 0xff, 0x1b, 0x7d, 0xe4, 0xff, 0x1b, 0x7e, 0xe4, 0xff, 0x1a, 0x7f, 0xe3, 0xff,
  0x1a, 0x80, 0xe3, 0xff, 0x19, 0x81, 0xe2, 0xff, 0x19, 0x82, 0xe2, 0xff, 0x19, 0x83, 0xe2, 0xff,
  0x18, 0x84, 0xe2, 0xff, 0x18, 0x85, 0xe1, 0xff, 0x18, 0x85, 0xe1, 0xff, 0x17, 0x86, 0xe1, 0xff,
  0x17, 0x87, 0xe1, 0xff, 0x17, 0x89, 0xe1, 0xff, 0x17, 0x8a, 0xe1, 0xff, 0x16, 0x8b, 0xe0, 0xff,
  0x16, 0x8c, 0xe0, 0xff, 0x16, 0x8d, 0xe0, 0xff, 0x16, 0x8e, 0xe0, 0xff, 0x15, 0x8f, 0xdf, 0xff,
  0x15, 0x90, 0xdf, 0xff, 0x15, 0x91, 0xdf, 0xff, 0x14, 0x92, 0xde, 0xff, 0x14, 0x93, 0xde, 0xff,
  0x13, 0x94, 0xde, 0xff, 0x13, 0x94, 0xde, 0xff, 0x13, 0x95, 0xdd, 0xff, 0x12, 0x96, 0xdd, 0xff,
  0x12, 0x97, 0xdd, 0xff, 0x12, 0x98, 0xdd, 0xff, 0x11, 0x99, 0xdc, 0xff, 0x11, 0x9a, 0xdc, 0xff,
  0x10, 0x9b, 0xdb, 0xff, 0x10, 0x9c, 0xdb, 0xff, 0x10, 0x9d, 0xdb, 0xff, 0x0f, 0x9e, 0xdb, 0xff,
  0x0f, 0x9f, 0xda, 0xff, 0x0f, 0xa0, 0xda, 0xff, 0x0e, 0xa1, 0xda, 0xff, 0x0e, 0xa1, 0xda, 0xff,
  0x0d, 0xa2, 0xd9, 0xff, 0x0d, 0xa3, 0xd9, 0xff, 0x0d, 0xa4, 0xd9, 0xff, 0x0c, 0xa5, 0xd8, 0xff,
  0x0c, 0xa6, 0xd8, 0xff, 0x0c, 0xa7, 0xd8, 0xff, 0x0b, 0xa8, 0xd8, 0xff, 0x0b, 0xa9, 0xd7, 0xff,
  0x0a, 0xab, 0xd7, 0xff, 0x0a, 0xac, 0xd7, 0xff, 0x0a, 0xad, 0xd7, 0xff, 0x09, 0xae, 0xd6, 0xff,
  0x09, 0xaf, 0xd6, 0xff, 0x09, 0xaf, 0xd6, 0xff, 0x08, 0xb0, 0xd5, 0xff, 0x08, 0xb1, 0xd5, 0xff,
  0x07, 0xb2, 0xd5, 0xff, 0x07, 0xb3, 0xd5, 0xff, 0x07, 0xb4, 0xd4, 0xff, 0x06, 0xb5, 0xd4, 0xff,
  0xbf, 0xc4, 0xcc, 0xa0, 0x00, 0x00, 0x00, 0x40, 0x00, 0x00, 0x00, 0x40, 0x00, 0x00, 0x00, 0x20,
  0x00, 0x00, 0x00, 0x00, 0x00, 0x00, 0x00, 0x00, 0x00, 0x00, 0x00, 0x00, 0x00, 0x00, 0x00, 0x00,
  0x00, 0x00, 0x00, 0x00, 0x00, 0x00, 0x00, 0x00, 0x00, 0x00, 0x00, 0x00, 0x00, 0x00, 0x00, 0x00,
  0x00, 0x00, 0x00, 0x00, 0x00, 0x00, 0x00, 0x00, 0x00, 0x00, 0x00, 0x00, 0x00, 0x00, 0x00, 0x00,
  0x00, 0x00, 0x00, 0x00, 0x00, 0x00, 0x00, 0x00, 0x00, 0x00, 0x00, 0x00, 0x00, 0x00, 0x00, 0x00,
  0x00, 0x00, 0x00, 0x00, 0x00, 0x00, 0x00, 0x00, 0x00, 0x00, 0x00, 0x00, 0x00, 0x00, 0x00, 0x00,
  0x00, 0x00, 0x00, 0x00, 0x00, 0x00, 0x00, 0x00, 0x68, 0x93, 0xf1, 0xc0, 0x25, 0x64, 0xeb, 0xff,
  0x24, 0x65, 0xeb, 0xff, 0x24, 0x66, 0xea, 0xff, 0x24, 0x67, 0xea, 0xff, 0x23, 0x68, 0xea, 0xff,
  0x23, 0x69, 0xea, 0xff, 0x22, 0x6a, 0xe9, 0xff, 0x22, 0x6a, 0xe9, 0xff, 0x22, 0x6b, 0xe9, 0xff,
  0x21, 0x6c, 0xe8, 0xff, 0x21, 0x6d, 0xe8, 0xff, 0x21, 0x6e, 0xe8, 0xff, 0x20, 0x70, 0xe8, 0xff,
  0x20, 0x71, 0xe7, 0xff, 0x1f, 0x72, 0xe7, 0xff, 0x1f, 0x73, 0xe7, 0xff, 0x1f, 0x74, 0xe7, 0xff,
  0x1e, 0x75, 0xe6, 0xff, 0x1e, 0x76, 0xe6, 0xff, 0x1e, 0x77, 0xe6, 0xff, 0x1d, 0x78, 0xe5, 0xff,
  0x1d, 0x78, 0xe5, 0xff, 0x1c, 0x79, 0xe5, 0xff, 0x1c, 0x7a, 0xe5, 0xff, 0x1c, 0x7b, 0xe4, 0xff,
  0x1b, 0x7c, 0xe4, 0xff, 0x1b, 0x7d, 0xe4, 0xff, 0x1b, 0x7e, 0xe4, 0xff, 0x1a, 0x7f, 0xe3, 0xff,
  0x1a, 0x80, 0xe3, 0xff, 0x19, 0x81, 0xe2, 0xff, 0x19, 0x82, 0xe2, 0xff, 0x19, 0x83, 0xe2, 0xff,
  0x18, 0x84, 0xe2, 0xff, 0x18, 0x85, 0xe1, 0xff, 0x18, 0x85, 0xe1, 0xff, 0x17, 0x86, 0xe1, 0xff,
  0x17, 0x87, 0xe1, 0xff, 0x17, 0x89, 0xe1, 0xff, 0x17, 0x8a, 0xe1, 0xff, 0x16, 0x8b, 0xe0, 0xff,
  0x16, 0x8c, 0xe0, 0xff, 0x16, 0x8d, 0xe0, 0xff, 0x16, 0x8e, 0xe0, 0xff, 0x15, 0x8f, 0xdf, 0xff,
  0x15, 0x90, 0xdf, 0xff, 0x15, 0x91, 0xdf, 0xff, 0x14, 0x92, 0xde, 0xff, 0x14, 0x93, 0xde, 0xff,
  0x13, 0x94, 0xde, 0xff, 0x13, 0x94, 0xde, 0xff, 0x13, 0x95, 0xdd, 0xff, 0x12, 0x96, 0xdd, 0xff,
  0x12, 0x97, 0xdd, 0xff, 0x12, 0x98, 0xdd, 0xff, 0x11, 0x99, 0xdc, 0xff, 0x11, 0x9a, 0xdc, 0xff,
  0x10, 0x9b, 0xdb, 0xff, 0x10, 0x9c, 0xdb, 0xff, 0x10, 0x9d, 0xdb, 0xff, 0x0f, 0x9e, 0xdb, 0xff,
  0x0f, 0x9f, 0xda, 0xff, 0x0f, 0xa0, 0xda, 0xff, 0x0e, 0xa1, 0xda, 0xff, 0x0e, 0xa1, 0xda, 0xff,
  0x0d, 0xa2, 0xd9, 0xff, 0x0d, 0xa3, 0xd9, 0xff, 0x0d, 0xa4, 0xd9, 0xff, 0x0c, 0xa5, 0xd8, 0xff,
  0x0c, 0xa6, 0xd8, 0xff, 0x0c, 0xa7, 0xd8, 0xff, 0x0b, 0xa8, 0xd8, 0xff, 0x0b, 0xa9, 0xd7, 0xff,
  0x0a, 0xab, 0xd7, 0xff, 0x0a, 0xac, 0xd7, 0xff, 0x0a, 0xad, 0xd7, 0xff, 0x09, 0xae, 0xd6, 0xff,
  0x09, 0xaf, 0xd6, 0xff, 0x09, 0xaf, 0xd6, 0xff, 0x08, 0xb0, 0xd5, 0xff, 0x08, 0xb1, 0xd5, 0xff,
  0x07, 0xb2, 0xd5, 0xff, 0x07, 0xb3, 0xd5, 0xff, 0x07, 0xb4, 0xd4, 0xff, 0x06, 0xb5, 0xd4, 0xff,
  0xbf, 0xc4, 0xcc, 0xa0, 0x00, 0x00, 0x00, 0x40, 0x00, 0x00, 0x00, 0x40, 0x00, 0x00, 0x00, 0x20,
  0x00, 0x00, 0x00, 0x00, 0x00, 0x00, 0x00, 0x00, 0x00, 0x00, 0x00, 0x00, 0x00, 0x00, 0x00, 0x00,
  0x00, 0x00, 0x00, 0x00, 0x00, 0x00, 0x00, 0x00, 0x00, 0x00, 0x00, 0x00, 0x00, 0x00, 0x00, 0x00,
  0x00, 0x00, 0x00, 0x00, 0x00, 0x00, 0x00, 0x00, 0x00, 0x00, 0x00, 0x00, 0x00, 0x00, 0x00, 0x00,
  0x00, 0x00, 0x00, 0x00, 0x00, 0x00, 0x00, 0x00, 0x00, 0x00, 0x00, 0x00, 0x00, 0x00, 0x00, 0x00,
  0x00, 0x00, 0x00, 0x00, 0x00, 0x00, 0x00, 0x00, 0x00, 0x00, 0x00, 0x00, 0x00, 0x00, 0x00, 0x00,
  0x00, 0x00, 0x00, 0x00, 0x00, 0x00, 0x00, 0x00, 0x68, 0x93, 0xf1, 0xc0, 0x25, 0x64, 0xeb, 0xff,
  0x24, 0x65, 0xeb, 0xff, 0x24, 0x66, 0xea, 0xff, 0x24, 0x67, 0xea, 0xff, 0x23, 0x68, 0xea, 0xff,
  0x23, 0x69, 0xea, 0xff, 0x22, 0x6a, 0xe9, 0xff, 0x22, 0x6a, 0xe9, 0xff, 0x22, 0x6b, 0xe9, 0xff,
  0x21, 0x6c, 0xe8, 0xff, 0x21, 0x6d, 0xe8, 0xff, 0x21, 0x6e, 0xe8, 0xff, 0x20, 0x70, 0xe8, 0xff,
  0x20, 0x71, 0xe7, 0xff, 0x1f, 0x72, 0xe7, 0xff, 0x1f, 0x73, 0xe7, 0xff, 0x1f, 0x74, 0xe7, 0xff,
  0x1e, 0x75, 0xe6, 0xff, 0x1e, 0x76, 0xe6, 0xff, 0x1e, 0x77, 0xe6, 0xff, 0x1d, 0x78, 0xe5, 0xff,
  0x1d, 0x78, 0xe5, 0xff, 0x1c, 0x79, 0xe5, 0xff, 0x1c, 0x7a, 0xe5, 0xff, 0x1c, 0x7b, 0xe4, 0xff,
  0x1b, 0x7c, 0xe4, 0xff, 0x1b, 0x7d, 0xe4, 0xff, 0x1b, 0x7e, 0xe4, 0xff, 0x1a, 0x7f, 0xe3, 0xff,
  0x1a, 0x80, 0xe3, 0xff, 0x19, 0x81, 0xe2, 0xff, 0x19, 0x82, 0xe2, 0xff, 0x19, 0x83, 0xe2, 0xff,
  0x18, 0x84, 0xe2, 0xff, 0x18, 0x85, 0xe1, 0xff, 0x18, 0x85, 0xe1, 0xff, 0x17, 0x86, 0xe1, 0xff,
  0x17, 0x87, 0xe1, 0xff, 0x17, 0x89, 0xe1, 0xff, 0x17, 0x8a, 0xe1, 0xff, 0x16, 0x8b, 0xe0, 0xff,
  0x16, 0x8c, 0xe0, 0xff, 0x16, 0x8d, 0xe0, 0xff, 0x16, 0x8e, 0xe0, 0xff, 0x15, 0x8f, 0xdf, 0xff,
  0x15, 0x90, 0xdf, 0xff, 0x15, 0x91, 0xdf, 0xff, 0x14, 0x92, 0xde, 0xff, 0x14, 0x93, 0xde, 0xff,
  0x13, 0x94, 0xde, 0xff, 0x13, 0x94, 0xde, 0xff, 0x13, 0x95, 0xdd, 0xff, 0x12, 0x96, 0xdd, 0xff,
  0x12, 0x97, 0xdd, 0xff, 0x12, 0x98, 0xdd, 0xff, 0x11, 0x99, 0xdc, 0xff, 0x11, 0x9a, 0xdc, 0xff,
  0x10, 0x9b, 0xdb, 0xff, 0x10, 0x9c, 0xdb, 0xff, 0x10, 0x9d, 0xdb, 0xff, 0x0f, 0x9e, 0xdb, 0xff,
  0x0f, 0x9f, 0xda, 0xff, 0x0f, 0xa0, 0xda, 0xff, 0x0e, 0xa1, 0xda, 0xff, 0x0e, 0xa1, 0xda, 0xff,
  0x0d, 0xa2, 0xd9, 0xff, 0x0d, 0xa3, 0xd9, 0xff, 0x0d, 0xa4, 0xd9, 0xff, 0x0c, 0xa5, 0xd8, 0xff,
  0x0c, 0xa6, 0xd8, 0xff, 0x0c, 0xa7, 0xd8, 0xff, 0x0b, 0xa8, 0xd8, 0xff, 0x0b, 0xa9, 0xd7, 0xff,
  0x0a, 0xab, 0xd7, 0xff, 0x0a, 0xac, 0xd7, 0xff, 0x0a, 0xad, 0xd7, 0xff, 0x09, 0xae, 0xd6, 0xff,
  0x09, 0xaf, 0xd6, 0xff, 0x09, 0xaf, 0xd6, 0xff, 0x08, 0xb0, 0xd5, 0xff, 0x08, 0xb1, 0xd5, 0xff,
  0x07, 0xb2, 0xd5, 0xff, 0x07, 0xb3, 0xd5, 0xff, 0x07, 0xb4, 0xd4, 0xff, 0x06, 0xb5, 0xd4, 0xff,
  0xbf, 0xc4, 0xcc, 0xa0, 0x00, 0x00, 0x00, 0x40, 0x00, 0x00, 0x00, 0x40, 0x00, 0x00, 0x00, 0x20,
  0x00, 0x00, 0x00, 0x00, 0x00, 0x00, 0x00, 0x00, 0x00, 0x00, 0x00, 0x00, 0x00, 0x00, 0x00, 0x00,
  0x00, 0x00, 0x00, 0x00, 0x00, 0x00, 0x00, 0x00, 0x00, 0x00, 0x00, 0x00, 0x00, 0x00, 0x00, 0x00,
  0x00, 0x00, 0x00, 0x00, 0x00, 0x00, 0x00, 0x00, 0x00, 0x00, 0x00, 0x00, 0x00, 0x00, 0x00, 0x00,
  0x00, 0x00, 0x00, 0x00, 0x00, 0x00, 0x00, 0x00, 0x00, 0x00, 0x00, 0x00, 0x00, 0x00, 0x00, 0x00,
  0x00, 0x00, 0x00, 0x00, 0x00, 0x00, 0x00, 0x00, 0x00, 0x00, 0x00, 0x00, 0x00, 0x00, 0x00, 0x00,
  0x00, 0x00, 0x00, 0x00, 0x00, 0x00, 0x00, 0x00, 0x68, 0x93, 0xf1, 0xc0, 0x25, 0x64, 0xeb, 0xff,
  0x24, 0x65, 0xeb, 0xff, 0x24, 0x66, 0xea, 0xff, 0x24, 0x67, 0xea, 0xff, 0x23, 0x68, 0xea, 0xff,
  0x23, 0x69, 0xea, 0xff, 0x22, 0x6a, 0xe9, 0xff, 0x22, 0x6a, 0xe9, 0xff, 0x22, 0x6b, 0xe9, 0xff,
  0x21, 0x6c, 0xe8, 0xff, 0x21, 0x6d, 0xe8, 0xff, 0x21, 0x6e, 0xe8, 0xff, 0x20, 0x70, 0xe8, 0xff,
  0x20, 0x71, 0xe7, 0xff, 0x1f, 0x72, 0xe7, 0xff, 0x1f, 0x73, 0xe7, 0xff, 0x1f, 0x74, 0xe7, 0xff,
  0x1e, 0x75, 0xe6, 0xff, 0x1e, 0x76, 0xe6, 0xff, 0x1e, 0x77, 0xe6, 0xff, 0x1d, 0x78, 0xe5, 0xff,
  0x1d, 0x78, 0xe5, 0xff, 0x1c, 0x79, 0xe5, 0xff, 0x1c, 0x7a, 0xe5, 0xff, 0x1c, 0x7b, 0xe4, 0xff,
  0x1b, 0x7c, 0xe4, 0xff, 0x1b, 0x7d, 0xe4, 0xff, 0x1b, 0x7e, 0xe4, 0xff, 0x1a, 0x7f, 0xe3, 0xff,
  0x1a, 0x80, 0xe3, 0xff, 0x19, 0x81, 0xe2, 0xff, 0x19, 0x82, 0xe2, 0xff, 0x19, 0x83, 0xe2, 0xff,
  0x18, 0x84, 0xe2, 0xff, 0x18, 0x85, 0xe1, 0xff, 0x18, 0x85, 0xe1, 0xff, 0x17, 0x86, 0xe1, 0xff,
  0x17, 0x87, 0xe1, 0xff, 0x17, 0x89, 0xe1, 0xff, 0x17, 0x8a, 0xe1, 0xff, 0x16, 0x8b, 0xe0, 0xff,
  0x16, 0x8c, 0xe0, 0xff, 0x16, 0x8d, 0xe0, 0xff, 0x16, 0x8e, 0xe0, 0xff, 0x15, 0x8f, 0xdf, 0xff,
  0x15, 0x90, 0xdf, 0xff, 0x15, 0x91, 0xdf, 0xff, 0x14, 0x92, 0xde, 0xff, 0x14, 0x93, 0xde, 0xff,
  0x13, 0x94, 0xde, 0xff, 0x13, 0x94, 0xde, 0xff, 0x13, 0x95, 0xdd, 0xff, 0x12, 0x96, 0xdd, 0xff,
  0x12, 0x97, 0xdd, 0xff, 0x12, 0x98, 0xdd, 0xff, 0x11, 0x99, 0xdc, 0xff, 0x11, 0x9a, 0xdc, 0xff,
  0x10, 0x9b, 0xdb, 0xff, 0x10, 0x9c, 0xdb, 0xff, 0x10, 0x9d, 0xdb, 0xff, 0x0f, 0x9e, 0xdb, 0xff,
  0x0f, 0x9f, 0xda, 0xff, 0x0f, 0xa0, 0xda, 0xff, 0x0e, 0xa1, 0xda, 0xff, 0x0e, 0xa1, 0xda, 0xff,
  0x0d, 0xa2, 0xd9, 0xff, 0x0d, 0xa3, 0xd9, 0xff, 0x0d, 0xa4, 0xd9, 0xff, 0x0c, 0xa5, 0xd8, 0xff,
  0x0c, 0xa6, 0xd8, 0xff, 0x0c, 0xa7, 0xd8, 0xff, 0x0b, 0xa8, 0xd8, 0xff, 0x0b, 0xa9, 0xd7, 0xff,
  0x0a, 0xab, 0xd7, 0xff, 0x0a, 0xac, 0xd7, 0xff, 0x0a, 0xad, 0xd7, 0xff, 0x09, 0xae, 0xd6, 0xff,
  0x09, 0xaf, 0xd6, 0xff, 0x09, 0xaf, 0xd6, 0xff, 0x08, 0xb0, 0xd5, 0xff, 0x08, 0xb1, 0xd5, 0xff,
  0x07, 0xb2, 0xd5, 0xff, 0x07, 0xb3, 0xd5, 0xff, 0x07, 0xb4, 0xd4, 0xff, 0x06, 0xb5, 0xd4, 0xff,
  0xbf, 0xc4, 0xcc, 0xa0, 0x00, 0x00, 0x00, 0x40, 0x00, 0x00, 0x00, 0x40, 0x00, 0x00, 0x00, 0x20,
  0x00, 0x00, 0x00, 0x00, 0x00, 0x00, 0x00, 0x00, 0x00, 0x00, 0x00, 0x00, 0x00, 0x00, 0x00, 0x00,
  0x00, 0x00, 0x00, 0x00, 0x00, 0x00, 0x00, 0x00, 0x00, 0x00, 0x00, 0x00, 0x00, 0x00, 0x00, 0x00,
  0x00, 0x00, 0x00, 0x00, 0x00, 0x00, 0x00, 0x00, 0x00, 0x00, 0x00, 0x00, 0x00, 0x00, 0x00, 0x00,
  0x00, 0x00, 0x00, 0x00, 0x00, 0x00, 0x00, 0x00, 0x00, 0x00, 0x00, 0x00, 0x00, 0x00, 0x00, 0x00,
  0x00, 0x00, 0x00, 0x00, 0x00, 0x00, 0x00, 0x00, 0x00, 0x00, 0x00, 0x00, 0x00, 0x00, 0x00, 0x00,
  0x00, 0x00, 0x00, 0x00, 0x00, 0x00, 0x00, 0x00, 0xef, 0xf5, 0xff, 0x80, 0xef, 0xf6, 0xff, 0xff,
  0xef, 0xf6, 0xff, 0xff, 0xef, 0xf6, 0xff, 0xff, 0xef, 0xf6, 0xff, 0xff, 0xef, 0xf6, 0xff, 0xff,
  0xef, 0xf6, 0xff, 0xff, 0xef, 0xf6, 0xff, 0xff, 0xef, 0xf6, 0xff, 0xff, 0xef, 0xf6, 0xff, 0xff,
  0xef, 0xf6, 0xff, 0xff, 0xef, 0xf6, 0xff, 0xff, 0xef, 0xf6, 0xff, 0xff, 0xef, 0xf6, 0xff, 0xff,
  0xef, 0xf6, 0xff, 0xff, 0xef, 0xf6, 0xff, 0xff, 0xef, 0xf6, 0xff, 0xff, 0xef, 0xf6, 0xff, 0xff,
  0xef, 0xf6, 0xff, 0xff, 0xef, 0xf6, 0xff, 0xff, 0xef, 0xf6, 0xff, 0xff, 0xef, 0xf6, 0xff, 0xff,
  0xef, 0xf6, 0xff, 0xff, 0xef, 0xf6, 0xff, 0xff, 0xef, 0xf6, 0xff, 0xff, 0xef, 0xf6, 0xff, 0xff,
  0xef, 0xf6, 0xff, 0xff, 0xef, 0xf6, 0xff, 0xff, 0xef, 0xf6, 0xff, 0xff, 0xef, 0xf6, 0xff, 0xff,
  0xef, 0xf6, 0xff, 0xff, 0xef, 0xf6, 0xff, 0xff, 0xef, 0xf6, 0xff, 0xff, 0xef, 0xf6, 0xff, 0xff,
  0xef, 0xf6, 0xff, 0xff, 0xef, 0xf6, 0xff, 0xff, 0xef, 0xf6, 0xff, 0xff, 0xef, 0xf6, 0xff, 0xff,
  0xef, 0xf6, 0xff, 0xff, 0xef, 0xf6, 0xff, 0xff, 0xef, 0xf6, 0xff, 0xff, 0xef, 0xf6, 0xff, 0xff,
  0xef, 0xf6, 0xff, 0xff, 0xef, 0xf6, 0xff, 0xff, 0xef, 0xf6, 0xff, 0xff, 0xef, 0xf6, 0xff, 0xff,
  0xef, 0xf6, 0xff, 0xff, 0xef, 0xf6, 0xff, 0xff, 0xef, 0xf6, 0xff, 0xff, 0xef, 0xf6, 0xff, 0xff,
  0xef, 0xf6, 0xff, 0xff, 0xef, 0xf6, 0xff, 0xff, 0xef, 0xf6, 0xff, 0xff, 0xef, 0xf6, 0xff, 0xff,
  0xef, 0xf6, 0xff, 0xff, 0xef, 0xf6, 0xff, 0xff, 0xef, 0xf6, 0xff, 0xff, 0xef, 0xf6, 0xff, 0xff,
  0xef, 0xf6, 0xff, 0xff, 0xef, 0xf6, 0xff, 0xff, 0xef, 0xf6, 0xff, 0xff, 0xef, 0xf6, 0xff, 0xff,
  0xef, 0xf6, 0xff, 0xff, 0xef, 0xf6, 0xff, 0xff, 0xef, 0xf6, 0xff, 0xff, 0xef, 0xf6, 0xff, 0xff,
  0xef, 0xf6, 0xff, 0xff, 0xef, 0xf6, 0xff, 0xff, 0xef, 0xf6, 0xff, 0xff, 0xef, 0xf6, 0xff, 0xff,
  0xef, 0xf6, 0xff, 0xff, 0xef, 0xf6, 0xff, 0xff, 0xef, 0xf6, 0xff, 0xff, 0xef, 0xf6, 0xff, 0xff,
  0xef, 0xf6, 0xff, 0xff, 0xef, 0xf6, 0xff, 0xff, 0xef, 0xf6, 0xff, 0xff, 0xef, 0xf6, 0xff, 0xff,
  0xef, 0xf6, 0xff, 0xff, 0xef, 0xf6, 0xff, 0xff, 0xef, 0xf6, 0xff, 0xff, 0xef, 0xf6, 0xff, 0xff,
  0xef, 0xf6, 0xff, 0xff, 0xef, 0xf6, 0xff, 0xff, 0xef, 0xf6, 0xff, 0xff, 0xef, 0xf6, 0xff, 0xff,
  0xbf, 0xc4, 0xcc, 0xa0, 0x00, 0x00, 0x00, 0x40, 0x00, 0x00, 0x00, 0x40, 0x00, 0x00, 0x00, 0x20,
  0x00, 0x00, 0x00, 0x00, 0x00, 0x00, 0x00, 0x00, 0x00, 0x00, 0x00, 0x00, 0x00, 0x00, 0x00, 0x00,
  0x00, 0x00, 0x00, 0x00, 0x00, 0x00, 0x00, 0x00, 0x00, 0x00, 0x00, 0x00, 0x00, 0x00, 0x00, 0x00,
  0x00, 0x00, 0x00, 0x00, 0x00, 0x00, 0x00, 0x00, 0x00, 0x00, 0x00, 0x00, 0x00, 0x00, 0x00, 0x00,
  0x00, 0x00, 0x00, 0x00, 0x00, 0x00, 0x00, 0x00, 0x00, 0x00, 0x00, 0x00, 0x00, 0x00, 0x00, 0x00,
  0x00, 0x00, 0x00, 0x00, 0x00, 0x00, 0x00, 0x00, 0x00, 0x00, 0x00, 0x00, 0x00, 0x00, 0x00, 0x00,
  0x00, 0x00, 0x00, 0x00, 0x00, 0x00, 0x00, 0x00, 0xed, 0xf5, 0xff, 0x80, 0xee, 0xf5, 0xff, 0xff,
  0xee, 0xf5, 0xff, 0xff, 0xee, 0xf5, 0xff, 0xff, 0xee, 0xf5, 0xff, 0xff, 0xee, 0xf5, 0xff, 0xff,
  0xee, 0xf5, 0xff, 0xff, 0xee, 0xf5, 0xff, 0xff, 0xee, 0xf5, 0xff, 0xff, 0xee, 0xf5, 0xff, 0xff,
  0xee, 0xf5, 0xff, 0xff, 0xee, 0xf5, 0xff, 0xff, 0xee, 0xf5, 0xff, 0xff, 0xee, 0xf5, 0xff, 0xff,
  0xee, 0xf5, 0xff, 0xff, 0xee, 0xf5, 0xff, 0xff, 0xee, 0xf5, 0xff, 0xff, 0xee, 0xf5, 0xff, 0xff,
  0xee, 0xf5, 0xff, 0xff, 0xee, 0xf5, 0xff, 0xff, 0xee, 0xf5, 0xff, 0xff, 0xee, 0xf5, 0xff, 0xff,
  0xee, 0xf5, 0xff, 0xff, 0xee, 0xf5, 0xff, 0xff, 0xee, 0xf5, 0xff, 0xff, 0xee, 0xf5, 0xff, 0xff,
  0xee, 0xf5, 0xff, 0xff, 0xee, 0xf5, 0xff, 0xff, 0xee, 0xf5, 0xff, 0xff, 0xee, 0xf5, 0xff, 0xff,
  0xee, 0xf5, 0xff, 0xff, 0xee, 0xf5, 0xff, 0xff, 0xee, 0xf5, 0xff, 0xff, 0xee, 0xf5, 0xff, 0xff,
  0xee, 0xf5, 0xff, 0xff, 0xee, 0xf5, 0xff, 0xff, 0xee, 0xf5, 0xff, 0xff, 0xee, 0xf5, 0xff, 0xff,
  0xee, 0xf5, 0xff, 0xff, 0xee, 0xf5, 0xff, 0xff, 0xee, 0xf5, 0xff, 0xff, 0xee, 0xf5, 0xff, 0xff,
  0xee, 0xf5, 0xff, 0xff, 0xee, 0xf5, 0xff, 0xff, 0xee, 0xf5, 0xff, 0xff, 0xee, 0xf5, 0xff, 0xff,
  0xee, 0xf5, 0xff, 0xff, 0xee, 0xf5, 0xff, 0xff, 0xee, 0xf5, 0xff, 0xff, 0xee, 0xf5, 0xff, 0xff,
  0xee, 0xf5, 0xff, 0xff, 0xee, 0xf5, 0xff, 0xff, 0xee, 0xf5, 0xff, 0xff, 0xee, 0xf5, 0xff, 0xff,
  0xee, 0xf5, 0xff, 0xff, 0xee, 0xf5, 0xff, 0xff, 0xee, 0xf5, 0xff, 0xff, 0xee, 0xf5, 0xff, 0xff,
  0xee, 0xf5, 0xff, 0xff, 0xee, 0xf5, 0xff, 0xff, 0xee, 0xf5, 0xff, 0xff, 0xee, 0xf5, 0xff, 0xff,
  0xee, 0xf5, 0xff, 0xff, 0xee, 0xf5, 0xff, 0xff, 0xee, 0xf5, 0xff, 0xff, 0xee, 0xf5, 0xff, 0xff,
  0xee, 0xf5, 0xff, 0xff, 0xee, 0xf5, 0xff, 0xff, 0xee, 0xf5, 0xff, 0xff, 0xee, 0xf5, 0xff, 0xff,
  0xee, 0xf5, 0xff, 0xff, 0xee, 0xf5, 0xff, 0xff, 0xee, 0xf5, 0xff, 0xff, 0xee, 0xf5, 0xff, 0xff,
  0xee, 0xf5, 0xff, 0xff, 0xee, 0xf5, 0xff, 0xff, 0xee, 0xf5, 0xff, 0xff, 0xee, 0xf5, 0xff, 0xff,
  0xee, 0xf5, 0xff, 0xff, 0xee, 0xf5, 0xff, 0xff, 0xee, 0xf5, 0xff, 0xff, 0xee, 0xf5, 0xff, 0xff,
  0xee, 0xf5, 0xff, 0xff, 0xee, 0xf5, 0xff, 0xff, 0xee, 0xf5, 0xff, 0xff, 0xee, 0xf5, 0xff, 0xff,
  0xbd, 0xc4, 0xcc, 0xa0, 0x00, 0x00, 0x00, 0x40, 0x00, 0x00, 0x00, 0x40, 0x00, 0x00, 0x00, 0x20,
  0x00, 0x00, 0x00, 0x00, 0x00, 0x00, 0x00, 0x00, 0x00, 0x00, 0x00, 0x00, 0x00, 0x00, 0x00, 0x00,
  0x00, 0x00, 0x00, 0x00, 0x00, 0x00, 0x00, 0x00, 0x00, 0x00, 0x00, 0x00, 0x00, 0x00, 0x00, 0x00,
  0x00, 0x00, 0x00, 0x00, 0x00, 0x00, 0x00, 0x00, 0x00, 0x00, 0x00, 0x00, 0x00, 0x00, 0x00, 0x00,
  0x00, 0x00, 0x00, 0x00, 0x00, 0x00, 0x00, 0x00, 0x00, 0x00, 0x00, 0x00, 0x00, 0x00, 0x00, 0x00,
  0x00, 0x00, 0x00, 0x00, 0x00, 0x00, 0x00, 0x00, 0x00, 0x00, 0x00, 0x00, 0x00, 0x00, 0x00, 0x00,
  0x00, 0x00, 0x00, 0x00, 0x00, 0x00, 0x00, 0x00, 0xed, 0xf5, 0xff, 0x80, 0xee, 0xf5, 0xff, 0xff,
  0xee, 0xf5, 0xff, 0xff, 0xee, 0xf5, 0xff, 0xff, 0xee, 0xf5, 0xff, 0xff, 0xee, 0xf5, 0xff, 0xff,
  0xee, 0xf5, 0xff, 0xff, 0xee, 0xf5, 0xff, 0xff, 0xee, 0xf5, 0xff, 0xff, 0xee, 0xf5, 0xff, 0xff,
  0xee, 0xf5, 0xff, 0xff, 0xee, 0xf5, 0xff, 0xff, 0xee, 0xf5, 0xff, 0xff, 0xee, 0xf5, 0xff, 0xff,
  0xee, 0xf5, 0xff, 0xff, 0xee, 0xf5, 0xff, 0xff, 0xee, 0xf5, 0xff, 0xff, 0xee, 0xf5, 0xff, 0xff,
  0xee, 0xf5, 0xff, 0xff, 0xee, 0xf5, 0xff, 0xff, 0xee, 0xf5, 0xff, 0xff, 0xee, 0xf5, 0xff, 0xff,
  0xee, 0xf5, 0xff, 0xff, 0xee, 0xf5, 0xff, 0xff, 0xee, 0xf5, 0xff, 0xff, 0xee, 0xf5, 0xff, 0xff,
  0xee, 0xf5, 0xff, 0xff, 0xee, 0xf5, 0xff, 0xff, 0xee, 0xf5, 0xff, 0xff, 0xee, 0xf5, 0xff, 0xff,
  0xee, 0xf5, 0xff, 0xff, 0xee, 0xf5, 0xff, 0xff, 0xee, 0xf5, 0xff, 0xff, 0xee, 0xf5, 0xff, 0xff,
  0xee, 0xf5, 0xff, 0xff, 0xee, 0xf5, 0xff, 0xff, 0xee, 0xf5, 0xff, 0xff, 0xee, 0xf5, 0xff, 0xff,
  0xee, 0xf5, 0xff, 0xff, 0xee, 0xf5, 0xff, 0xff, 0xee, 0xf5, 0xff, 0xff, 0xee, 0xf5, 0xff, 0xff,
  0xee, 0xf5, 0xff, 0xff, 0xee, 0xf5, 0xff, 0xff, 0xee, 0xf5, 0xff, 0xff, 0xee, 0xf5, 0xff, 0xff,
  0xee, 0xf5, 0xff, 0xff, 0xee, 0xf5, 0xff, 0xff, 0xee, 0xf5, 0xff, 0xff, 0xee, 0xf5, 0xff, 0xff,
  0xee, 0xf5, 0xff, 0xff, 0xee, 0xf5, 0xff, 0xff, 0xee, 0xf5, 0xff, 0xff, 0xee, 0xf5, 0xff, 0xff,
  0xee, 0xf5, 0xff, 0xff, 0xee, 0xf5, 0xff, 0xff, 0xee, 0xf5, 0xff, 0xff, 0xee, 0xf5, 0xff, 0xff,
  0xee, 0xf5, 0xff, 0xff, 0xee, 0xf5, 0xff, 0xff, 0xee, 0xf5, 0xff, 0xff, 0xee, 0xf5, 0xff, 0xff,
  0xee, 0xf5, 0xff, 0xff, 0xee, 0xf5, 0xff, 0xff, 0xee, 0xf5, 0xff, 0xff, 0xee, 0xf5, 0xff, 0xff,
  0xee, 0xf5, 0xff, 0xff, 0xee, 0xf5, 0xff, 0xff, 0xee, 0xf5, 0xff, 0xff, 0xee, 0xf5, 0xff, 0xff,
  0xee, 0xf5, 0xff, 0xff, 0xee, 0xf5, 0xff, 0xff, 0xee, 0xf5, 0xff, 0xff, 0xee, 0xf5, 0xff, 0xff,
  0xee, 0xf5, 0xff, 0xff, 0xee, 0xf5, 0xff, 0xff, 0xee, 0xf5, 0xff, 0xff, 0xee, 0xf5, 0xff, 0xff,
  0xee, 0xf5, 0xff, 0xff, 0xee, 0xf5, 0xff, 0xff, 0xee, 0xf5, 0xff, 0xff, 0xee, 0xf5, 0xff, 0xff,
  0xee, 0xf5, 0xff, 0xff, 0xee, 0xf5, 0xff, 0xff, 0xee, 0xf5, 0xff, 0xff, 0xee, 0xf5, 0xff, 0xff,
  0xbd, 0xc4, 0xcc, 0xa0, 0x00, 0x00, 0x00, 0x40, 0x00, 0x00, 0x00, 0x40, 0x00, 0x00, 0x00, 0x20,
  0x00, 0x00, 0x00, 0x00, 0x00, 0x00, 0x00, 0x00, 0x00, 0x00, 0x00, 0x00, 0x00, 0x00, 0x00, 0x00,
  0x00, 0x00, 0x00, 0x00, 0x00, 0x00, 0x00, 0x00, 0x00, 0x00, 0x00, 0x00, 0x00, 0x00, 0x00, 0x00,
  0x00, 0x00, 0x00, 0x00, 0x00, 0x00, 0x00, 0x00, 0x00, 0x00, 0x00, 0x00, 0x00, 0x00, 0x00, 0x00,
  0x00, 0x00, 0x00, 0x00, 0x00, 0x00, 0x00, 0x00, 0x00, 0x00, 0x00, 0x00, 0x00, 0x00, 0x00, 0x00,
  0x00, 0x00, 0x00, 0x00, 0x00, 0x00, 0x00, 0x00, 0x00, 0x00, 0x00, 0x00, 0x00, 0x00, 0x00, 0x00,
  0x00, 0x00, 0x00, 0x00, 0x00, 0x00, 0x00, 0x00, 0xed, 0xf5, 0xff, 0x80, 0xee, 0xf5, 0xff, 0xff,
  0xee, 0xf5, 0xff, 0xff, 0xee, 0xf5, 0xff, 0xff, 0xee, 0xf5, 0xff, 0xff, 0xee, 0xf5, 0xff, 0xff,
  0xee, 0xf5, 0xff, 0xff, 0xee, 0xf5, 0xff, 0xff, 0xee, 0xf5, 0xff, 0xff, 0xee, 0xf5, 0xff, 0xff,
  0xee, 0xf5, 0xff, 0xff, 0xee, 0xf5, 0xff, 0xff, 0xee, 0xf5, 0xff, 0xff, 0xee, 0xf5, 0xff, 0xff,
  0xee, 0xf5, 0xff, 0xff, 0xee, 0xf5, 0xff, 0xff, 0xee, 0xf5, 0xff, 0xff, 0xee, 0xf5, 0xff, 0xff,
  0xee, 0xf5, 0xff, 0xff, 0xee, 0xf5, 0xff, 0xff, 0xee, 0xf5, 0xff, 0xff, 0xee, 0xf5, 0xff, 0xff,
  0xee, 0xf5, 0xff, 0xff, 0xee, 0xf5, 0xff, 0xff, 0xee, 0xf5, 0xff, 0xff, 0xee, 0xf5, 0xff, 0xff,
  0xee, 0xf5, 0xff, 0xff, 0xee, 0xf5, 0xff, 0xff, 0xee, 0xf5, 0xff, 0xff, 0xee, 0xf5, 0xff, 0xff,
  0xee, 0xf5, 0xff, 0xff, 0xee, 0xf5, 0xff, 0xff, 0xee, 0xf5, 0xff, 0xff, 0xee, 0xf5, 0xff, 0xff,
  0xee, 0xf5, 0xff, 0xff, 0xee, 0xf5, 0xff, 0xff, 0xee, 0xf5, 0xff, 0xff, 0xee, 0xf5, 0xff, 0xff,
  0xee, 0xf5, 0xff, 0xff, 0xee, 0xf5, 0xff, 0xff, 0xee, 0xf5, 0xff, 0xff, 0xee, 0xf5, 0xff, 0xff,
  0xee, 0xf5, 0xff, 0xff, 0xee, 0xf5, 0xff, 0xff, 0xee, 0xf5, 0xff, 0xff, 0xee, 0xf5, 0xff, 0xff,
  0xee, 0xf5, 0xff, 0xff, 0xee, 0xf5, 0xff, 0xff, 0xee, 0xf5, 0xff, 0xff, 0xee, 0xf5, 0xff, 0xff,
  0xee, 0xf5, 0xff, 0xff, 0xee, 0xf5, 0xff, 0xff, 0xee, 0xf5, 0xff, 0xff, 0xee, 0xf5, 0xff, 0xff,
  0xee, 0xf5, 0xff, 0xff, 0xee, 0xf5, 0xff, 0xff, 0xee, 0xf5, 0xff, 0xff, 0xee, 0xf5, 0xff, 0xff,
  0xee, 0xf5, 0xff, 0xff, 0xee, 0xf5, 0xff, 0xff, 0xee, 0xf5, 0xff, 0xff, 0xee, 0xf5, 0xff, 0xff,
  0xee, 0xf5, 0xff, 0xff, 0xee, 0xf5, 0xff, 0xff, 0xee, 0xf5, 0xff, 0xff, 0xee, 0xf5, 0xff, 0xff,
  0xee, 0xf5, 0xff, 0xff, 0xee, 0xf5, 0xff, 0xff, 0xee, 0xf5, 0xff, 0xff, 0xee, 0xf5, 0xff, 0xff,
  0xee, 0xf5, 0xff, 0xff, 0xee, 0xf5, 0xff, 0xff, 0xee, 0xf5, 0xff, 0xff, 0xee, 0xf5, 0xff, 0xff,
  0xee, 0xf5, 0xff, 0xff, 0xee, 0xf5, 0xff, 0xff, 0xee, 0xf5, 0xff, 0xff, 0xee, 0xf5, 0xff, 0xff,
  0xee, 0xf5, 0xff, 0xff, 0xee, 0xf5, 0xff, 0xff, 0xee, 0xf5, 0xff, 0xff, 0xee, 0xf5, 0xff, 0xff,
  0xee, 0xf5, 0xff, 0xff, 0xee, 0xf5, 0xff, 0xff, 0xee, 0xf5, 0xff, 0xff, 0xee, 0xf5, 0xff, 0xff,
  0xbd, 0xc4, 0xcc, 0xa0, 0x00, 0x00, 0x00, 0x40, 0x00, 0x00, 0x00, 0x40, 0x00, 0x00, 0x00, 0x20,
  0x00, 0x00, 0x00, 0x00, 0x00, 0x00, 0x00, 0x00, 0x00, 0x00, 0x00, 0x00, 0x00, 0x00, 0x00, 0x00,
  0x00, 0x00, 0x00, 0x00, 0x00, 0x00, 0x00, 0x00, 0x00, 0x00, 0x00, 0x00, 0x00, 0x00, 0x00, 0x00,
  0x00, 0x00, 0x00, 0x00, 0x00, 0x00, 0x00, 0x00, 0x00, 0x00, 0x00, 0x00, 0x00, 0x00, 0x00, 0x00,
  0x00, 0x00, 0x00, 0x00, 0x00, 0x00, 0x00, 0x00, 0x00, 0x00, 0x00, 0x00, 0x00, 0x00, 0x00, 0x00,
  0x00, 0x00, 0x00, 0x00, 0x00, 0x00, 0x00, 0x00, 0x00, 0x00, 0x00, 0x00, 0x00, 0x00, 0x00, 0x00,
  0x00, 0x00, 0x00, 0x00, 0x00, 0x00, 0x00, 0x00, 0xed, 0xf5, 0xff, 0x80, 0xee, 0xf5, 0xff, 0xff,
  0xee, 0xf5, 0xff, 0xff, 0xee, 0xf5, 0xff, 0xff, 0xee, 0xf5, 0xff, 0xff, 0xee, 0xf5, 0xff, 0xff,
  0xee, 0xf5, 0xff, 0xff, 0xee, 0xf5, 0xff, 0xff, 0xee, 0xf5, 0xff, 0xff, 0xee, 0xf5, 0xff, 0xff,
  0xee, 0xf5, 0xff, 0xff, 0xb6, 0xe6, 0xdf, 0xff, 0xb6, 0xe6, 0xdf, 0xff, 0xe8, 0xf3, 0xfb, 0xff,
  0xee, 0xf5, 0xff, 0xff, 0xee, 0xf5, 0xff, 0xff, 0xee, 0xf5, 0xff, 0xff, 0xee, 0xf5, 0xff, 0xff,
  0xee, 0xf5, 0xff, 0xff, 0xee, 0xf5, 0xff, 0xff, 0xee, 0xf5, 0xff, 0xff, 0xee, 0xf5, 0xff, 0xff,
  0xee, 0xf5, 0xff, 0xff, 0xee, 0xf5, 0xff, 0xff, 0xee, 0xf5, 0xff, 0xff, 0xee, 0xf5, 0xff, 0xff,
  0xee, 0xf5, 0xff, 0xff, 0xee, 0xf5, 0xff, 0xff, 0xee, 0xf5, 0xff, 0xff, 0xee, 0xf5, 0xff, 0xff,
  0xee, 0xf5, 0xff, 0xff, 0xee, 0xf5, 0xff, 0xff, 0xee, 0xf5, 0xff, 0xff, 0xee, 0xf5, 0xff, 0xff,
  0xee, 0xf5, 0xff, 0xff, 0xee, 0xf5, 0xff, 0xff, 0xee, 0xf5, 0xff, 0xff, 0xee, 0xf5, 0xff, 0xff,
  0xee, 0xf5, 0xff, 0xff, 0xee, 0xf5, 0xff, 0xff, 0xee, 0xf5, 0xff, 0xff, 0xee, 0xf5, 0xff, 0xff,
  0xee, 0xf5, 0xff, 0xff, 0xee, 0xf5, 0xff, 0xff, 0xee, 0xf5, 0xff, 0xff, 0xee, 0xf5, 0xff, 0xff,
  0xee, 0xf5, 0xff, 0xff, 0xee, 0xf5, 0xff, 0xff, 0xee, 0xf5, 0xff, 0xff, 0xee, 0xf5, 0xff, 0xff,
  0xee, 0xf5, 0xff, 0xff, 0xee, 0xf5, 0xff, 0xff, 0xee, 0xf5, 0xff, 0xff, 0xee, 0xf5, 0xff, 0xff,
  0xee, 0xf5, 0xff, 0xff, 0xee, 0xf5, 0xff, 0xff, 0xee, 0xf5, 0xff, 0xff, 0xee, 0xf5, 0xff, 0xff,
  0xee, 0xf5, 0xff, 0xff, 0xee, 0xf5, 0xff, 0xff, 0xee, 0xf5, 0xff, 0xff, 0xee, 0xf5, 0xff, 0xff,
  0xee, 0xf5, 0xff, 0xff, 0xee, 0xf5, 0xff, 0xff, 0xee, 0xf5, 0xff, 0xff, 0xee, 0xf5, 0xff, 0xff,
  0xee, 0xf5, 0xff, 0xff, 0xee, 0xf5, 0xff, 0xff, 0xee, 0xf5, 0xff, 0xff, 0xee, 0xf5, 0xff, 0xff,
  0xee, 0xf5, 0xff, 0xff, 0xee, 0xf5, 0xff, 0xff, 0xee, 0xf5, 0xff, 0xff, 0xee, 0xf5, 0xff, 0xff,
  0xee, 0xf5, 0xff, 0xff, 0xee, 0xf5, 0xff, 0xff, 0xee, 0xf5, 0xff, 0xff, 0xee, 0xf5, 0xff, 0xff,
  0xee, 0xf5, 0xff, 0xff, 0xee, 0xf5, 0xff, 0xff, 0xee, 0xf5, 0xff, 0xff, 0xee, 0xf5, 0xff, 0xff,
  0xee, 0xf5, 0xff, 0xff, 0xee, 0xf5, 0xff, 0xff, 0xee, 0xf5, 0xff, 0xff, 0xee, 0xf5, 0xff, 0xff,
  0xbd, 0xc4, 0xcc, 0xa0, 0x00, 0x00, 0x00, 0x40, 0x00, 0x00, 0x00, 0x40, 0x00, 0x00, 0x00, 0x20,
  0x00, 0x00, 0x00, 0x00, 0x00, 0x00, 0x00, 0x00, 0x00, 0x00, 0x00, 0x00, 0x00, 0x00, 0x00, 0x00,
  0x00, 0x00, 0x00, 0x00, 0x00, 0x00, 0x00, 0x00, 0x00, 0x00, 0x00, 0x00, 0x00, 0x00, 0x00, 0x00,
  0x00, 0x00, 0x00, 0x00, 0x00, 0x00, 0x00, 0x00, 0x00, 0x00, 0x00, 0x00, 0x00, 0x00, 0x00, 0x00,
  0x00, 0x00, 0x00, 0x00, 0x00, 0x00, 0x00, 0x00, 0x00, 0x00, 0x00, 0x00, 0x00, 0x00, 0x00, 0x00,
  0x00, 0x00, 0x00, 0x00, 0x00, 0x00, 0x00, 0x00, 0x00, 0x00, 0x00, 0x00, 0x00, 0x00, 0x00, 0x00,
  0x00, 0x00, 0x00, 0x00, 0x00, 0x00, 0x00, 0x00, 0xed, 0xf5, 0xff, 0x80, 0xed, 0xf5, 0xff, 0xff,
  0xed, 0xf5, 0xff, 0xff, 0xed, 0xf5, 0xff, 0xff, 0xed, 0xf5, 0xff, 0xff, 0xed, 0xf5, 0xff, 0xff,
  0xed, 0xf5, 0xff, 0xff, 0xed, 0xf5, 0xff, 0xff, 0xed, 0xf5, 0xff, 0xff, 0xc3, 0xea, 0xe7, 0xff,
  0x33, 0xc2, 0x95, 0xff, 0x10, 0xb9, 0x81, 0xff, 0x10, 0xb9, 0x81, 0xff, 0x1e, 0xbc, 0x89, 0xff,
  0xa8, 0xe2, 0xd7, 0xff, 0xed, 0xf5, 0xff, 0xff, 0xed, 0xf5, 0xff, 0xff, 0xed, 0xf5, 0xff, 0xff,
  0xed, 0xf5, 0xff, 0xff, 0xed, 0xf5, 0xff, 0xff, 0xed, 0xf5, 0xff, 0xff, 0xed, 0xf5, 0xff, 0xff,
  0xed, 0xf5, 0xff, 0xff, 0xed, 0xf5, 0xff, 0xff, 0xed, 0xf5, 0xff, 0xff, 0xed, 0xf5, 0xff, 0xff,
  0xed, 0xf5, 0xff, 0xff, 0xed, 0xf5, 0xff, 0xff, 0xed, 0xf5, 0xff, 0xff, 0xed, 0xf5, 0xff, 0xff,
  0xed, 0xf5, 0xff, 0xff, 0xed, 0xf5, 0xff, 0xff, 0xed, 0xf5, 0xff, 0xff, 0xed, 0xf5, 0xff, 0xff,
  0xed, 0xf5, 0xff, 0xff, 0xed, 0xf5, 0xff, 0xff, 0xed, 0xf5, 0xff, 0xff, 0xed, 0xf5, 0xff, 0xff,
  0xed, 0xf5, 0xff, 0xff, 0xed, 0xf5, 0xff, 0xff, 0xed, 0xf5, 0xff, 0xff, 0xed, 0xf5, 0xff, 0xff,
  0xed, 0xf5, 0xff, 0xff, 0xed, 0xf5, 0xff, 0xff, 0xed, 0xf5, 0xff, 0xff, 0xed, 0xf5, 0xff, 0xff,
  0xed, 0xf5, 0xff, 0xff, 0xed, 0xf5, 0xff, 0xff, 0xed, 0xf5, 0xff, 0xff, 0xed, 0xf5, 0xff, 0xff,
  0xed, 0xf5, 0xff, 0xff, 0xed, 0xf5, 0xff, 0xff, 0xed, 0xf5, 0xff, 0xff, 0xed, 0xf5, 0xff, 0xff,
  0xed, 0xf5, 0xff, 0xff, 0xed, 0xf5, 0xff, 0xff, 0xed, 0xf5, 0xff, 0xff, 0xed, 0xf5, 0xff, 0xff,
  0xed, 0xf5, 0xff, 0xff, 0xed, 0xf5, 0xff, 0xff, 0xed, 0xf5, 0xff, 0xff, 0xed, 0xf5, 0xff, 0xff,
  0xed, 0xf5, 0xff, 0xff, 0xed, 0xf5, 0xff, 0xff, 0xed, 0xf5, 0xff, 0xff, 0xed, 0xf5, 0xff, 0xff,
  0xed, 0xf5, 0xff, 0xff, 0xed, 0xf5, 0xff, 0xff, 0xed, 0xf5, 0xff, 0xff, 0xed, 0xf5, 0xff, 0xff,
  0xed, 0xf5, 0xff, 0xff, 0xed, 0xf5, 0xff, 0xff, 0xed, 0xf5, 0xff, 0xff, 0xed, 0xf5, 0xff, 0xff,
  0xed, 0xf5, 0xff, 0xff, 0xed, 0xf5, 0xff, 0xff, 0xed, 0xf5, 0xff, 0xff, 0xed, 0xf5, 0xff, 0xff,
  0xed, 0xf5, 0xff, 0xff, 0xed, 0xf5, 0xff, 0xff, 0xed, 0xf5, 0xff, 0xff, 0xed, 0xf5, 0xff, 0xff,
  0xed, 0xf5, 0xff, 0xff, 0xed, 0xf5, 0xff, 0xff, 0xed, 0xf5, 0xff, 0xff, 0xed, 0xf5, 0xff, 0xff,
  0xbd, 0xc4, 0xcc, 0xa0, 0x00, 0x00, 0x00, 0x40, 0x00, 0x00, 0x00, 0x40, 0x00, 0x00, 0x00, 0x20,
  0x00, 0x00, 0x00, 0x00, 0x00, 0x00, 0x00, 0x00, 0x00, 0x00, 0x00, 0x00, 0x00, 0x00, 0x00, 0x00,
  0x00, 0x00, 0x00, 0x00, 0x00, 0x00, 0x00, 0x00, 0x00, 0x00, 0x00, 0x00, 0x00, 0x00, 0x00, 0x00,
  0x00, 0x00, 0x00, 0x00, 0x00, 0x00, 0x00, 0x00, 0x00, 0x00, 0x00, 0x00, 0x00, 0x00, 0x00, 0x00,
  0x00, 0x00, 0x00, 0x00, 0x00, 0x00, 0x00, 0x00, 0x00, 0x00, 0x00, 0x00, 0x00, 0x00, 0x00, 0x00,
  0x00, 0x00, 0x00, 0x00, 0x00, 0x00, 0x00, 0x00, 0x00, 0x00, 0x00, 0x00, 0x00, 0x00, 0x00, 0x00,
  0x00, 0x00, 0x00, 0x00, 0x00, 0x00, 0x00, 0x00, 0xed, 0xf3, 0xff, 0x80, 0xed, 0xf4, 0xff, 0xff,
  0xed, 0xf4, 0xff, 0xff, 0xed, 0xf4, 0xff, 0xff, 0xed, 0xf4, 0xff, 0xff, 0xed, 0xf4, 0xff, 0xff,
  0xed, 0xf4, 0xff, 0xff, 0xed, 0xf4, 0xff, 0xff, 0xe7, 0xf2, 0xfb, 0xff, 0x2c, 0xc1, 0x91, 0xff,
  0x10, 0xb9, 0x81, 0xff, 0x10, 0xb9, 0x81, 0xff, 0x10, 0xb9, 0x81, 0xff, 0x10, 0xb9, 0x81, 0xff,
  0x17, 0xbb, 0x85, 0xff, 0xd1, 0xec, 0xef, 0xff, 0xed, 0xf4, 0xff, 0xff, 0xed, 0xf4, 0xff, 0xff,
  0xed, 0xf4, 0xff, 0xff, 0xed, 0xf4, 0xff, 0xff, 0xed, 0xf4, 0xff, 0xff, 0xed, 0xf4, 0xff, 0xff,
  0xed, 0xf4, 0xff, 0xff, 0xed, 0xf4, 0xff, 0xff, 0xed, 0xf4, 0xff, 0xff, 0xed, 0xf4, 0xff, 0xff,
  0xed, 0xf4, 0xff, 0xff, 0xed, 0xf4, 0xff, 0xff, 0xed, 0xf4, 0xff, 0xff, 0xed, 0xf4, 0xff, 0xff,
  0xed, 0xf4, 0xff, 0xff, 0xed, 0xf4, 0xff, 0xff, 0xed, 0xf4, 0xff, 0xff, 0xed, 0xf4, 0xff, 0xff,
  0xed, 0xf4, 0xff, 0xff, 0xed, 0xf4, 0xff, 0xff, 0xed, 0xf4, 0xff, 0xff, 0xed, 0xf4, 0xff, 0xff,
  0xed, 0xf4, 0xff, 0xff, 0xed, 0xf4, 0xff, 0xff, 0xed, 0xf4, 0xff, 0xff, 0xed, 0xf4, 0xff, 0xff,
  0xed, 0xf4, 0xff, 0xff, 0xed, 0xf4, 0xff, 0xff, 0xed, 0xf4, 0xff, 0xff, 0xed, 0xf4, 0xff, 0xff,
  0xed, 0xf4, 0xff, 0xff, 0xed, 0xf4, 0xff, 0xff, 0xed, 0xf4, 0xff, 0xff, 0xed, 0xf4, 0xff, 0xff,
  0xed, 0xf4, 0xff, 0xff, 0xed, 0xf4, 0xff, 0xff, 0xed, 0xf4, 0xff, 0xff, 0xed, 0xf4, 0xff, 0xff,
  0xed, 0xf4, 0xff, 0xff, 0xed, 0xf4, 0xff, 0xff, 0xed, 0xf4, 0xff, 0xff, 0xed, 0xf4, 0xff, 0xff,
  0xed, 0xf4, 0xff, 0xff, 0xed, 0xf4, 0xff, 0xff, 0xed, 0xf4, 0xff, 0xff, 0xed, 0xf4, 0xff, 0xff,
  0xed, 0xf4, 0xff, 0xff, 0xed, 0xf4, 0xff, 0xff, 0xed, 0xf4, 0xff, 0xff, 0xed, 0xf4, 0xff, 0xff,
  0xed, 0xf4, 0xff, 0xff, 0xed, 0xf4, 0xff, 0xff, 0xed, 0xf4, 0xff, 0xff, 0xed, 0xf4, 0xff, 0xff,
  0xed, 0xf4, 0xff, 0xff, 0xed, 0xf4, 0xff, 0xff, 0xed, 0xf4, 0xff, 0xff, 0xed, 0xf4, 0xff, 0xff,
  0xed, 0xf4, 0xff, 0xff, 0xed, 0xf4, 0xff, 0xff, 0xed, 0xf4, 0xff, 0xff, 0xed, 0xf4, 0xff, 0xff,
  0xed, 0xf4, 0xff, 0xff, 0xed, 0xf4, 0xff, 0xff, 0xed, 0xf4, 0xff, 0xff, 0xed, 0xf4, 0xff, 0xff,
  0xed, 0xf4, 0xff, 0xff, 0xed, 0xf4, 0xff, 0xff, 0xed, 0xf4, 0xff, 0xff, 0xed, 0xf4, 0xff, 0xff,
  0xbd, 0xc2, 0xcc, 0xa0, 0x00, 0x00, 0x00, 0x40, 0x00, 0x00, 0x00, 0x40, 0x00, 0x00, 0x00, 0x20,
  0x00, 0x00, 0x00, 0x00, 0x00, 0x00, 0x00, 0x00, 0x00, 0x00, 0x00, 0x00, 0x00, 0x00, 0x00, 0x00,
  0x00, 0x00, 0x00, 0x00, 0x00, 0x00, 0x00, 0x00, 0x00, 0x00, 0x00, 0x00, 0x00, 0x00, 0x00, 0x00,
  0x00, 0x00, 0x00, 0x00, 0x00, 0x00, 0x00, 0x00, 0x00, 0x00, 0x00, 0x00, 0x00, 0x00, 0x00, 0x00,
  0x00, 0x00, 0x00, 0x00, 0x00, 0x00, 0x00, 0x00, 0x00, 0x00, 0x00, 0x00, 0x00, 0x00, 0x00, 0x00,
  0x00, 0x00, 0x00, 0x00, 0x00, 0x00, 0x00, 0x00, 0x00, 0x00, 0x00, 0x00, 0x00, 0x00, 0x00, 0x00,
  0x00, 0x00, 0x00, 0x00, 0x00, 0x00, 0x00, 0x00, 0xed, 0xf3, 0xff, 0x80, 0xed, 0xf4, 0xff, 0xff,
  0xed, 0xf4, 0xff, 0xff, 0xed, 0xf4, 0xff, 0xff, 0xed, 0xf4, 0xff, 0xff, 0xed, 0xf4, 0xff, 0xff,
  0xed, 0xf4, 0xff, 0xff, 0xed, 0xf4, 0xff, 0xff, 0xa8, 0xe1, 0xd7, 0xff, 0x10, 0xb9, 0x81, 0xff,
  0x10, 0xb9, 0x81, 0xff, 0x10, 0xb9, 0x81, 0xff, 0x10, 0xb9, 0x81, 0xff, 0x10, 0xb9, 0x81, 0xff,
  0x10, 0xb9, 0x81, 0xff, 0x8c, 0xda, 0xc7, 0xff, 0xed, 0xf4, 0xff, 0xff, 0xed, 0xf4, 0xff, 0xff,
  0xed, 0xf4, 0xff, 0xff, 0xed, 0xf4, 0xff, 0xff, 0xed, 0xf4, 0xff, 0xff, 0xed, 0xf4, 0xff, 0xff,
  0xed, 0xf4, 0xff, 0xff, 0xed, 0xf4, 0xff, 0xff, 0xed, 0xf4, 0xff, 0xff, 0xed, 0xf4, 0xff, 0xff,
  0xed, 0xf4, 0xff, 0xff, 0xed, 0xf4, 0xff, 0xff, 0xed, 0xf4, 0xff, 0xff, 0xed, 0xf4, 0xff, 0xff,
  0xed, 0xf4, 0xff, 0xff, 0xed, 0xf4, 0xff, 0xff, 0xed, 0xf4, 0xff, 0xff, 0xed, 0xf4, 0xff, 0xff,
  0xed, 0xf4, 0xff, 0xff, 0xed, 0xf4, 0xff, 0xff, 0xed, 0xf4, 0xff, 0xff, 0xed, 0xf4, 0xff, 0xff,
  0xed, 0xf4, 0xff, 0xff, 0xed, 0xf4, 0xff, 0xff, 0xed, 0xf4, 0xff, 0xff, 0xed, 0xf4, 0xff, 0xff,
  0xed, 0xf4, 0xff, 0xff, 0xed, 0xf4, 0xff, 0xff, 0xed, 0xf4, 0xff, 0xff, 0xed, 0xf4, 0xff, 0xff,
  0xed, 0xf4, 0xff, 0xff, 0xed, 0xf4, 0xff, 0xff, 0xed, 0xf4, 0xff, 0xff, 0xed, 0xf4, 0xff, 0xff,
  0xed, 0xf4, 0xff, 0xff, 0xed, 0xf4, 0xff, 0xff, 0xed, 0xf4, 0xff, 0xff, 0xed, 0xf4, 0xff, 0xff,
  0xed, 0xf4, 0xff, 0xff, 0xed, 0xf4, 0xff, 0xff, 0xed, 0xf4, 0xff, 0xff, 0xed, 0xf4, 0xff, 0xff,
  0xed, 0xf4, 0xff, 0xff, 0xed, 0xf4, 0xff, 0xff, 0xed, 0xf4, 0xff, 0xff, 0xed, 0xf4, 0xff, 0xff,
  0xed, 0xf4, 0xff, 0xff, 0xed, 0xf4, 0xff, 0xff, 0xed, 0xf4, 0xff, 0xff, 0xed, 0xf4, 0xff, 0xff,
  0xed, 0xf4, 0xff, 0xff, 0xed, 0xf4, 0xff, 0xff, 0xed, 0xf4, 0xff, 0xff, 0xed, 0xf4, 0xff, 0xff,
  0xed, 0xf4, 0xff, 0xff, 0xed, 0xf4, 0xff, 0xff, 0xed, 0xf4, 0xff, 0xff, 0xed, 0xf4, 0xff, 0xff,
  0xed, 0xf4, 0xff, 0xff, 0xed, 0xf4, 0xff, 0xff, 0xed, 0xf4, 0xff, 0xff, 0xed, 0xf4, 0xff, 0xff,
  0xed, 0xf4, 0xff, 0xff, 0xed, 0xf4, 0xff, 0xff, 0xed, 0xf4, 0xff, 0xff, 0xed, 0xf4, 0xff, 0xff,
  0xed, 0xf4, 0xff, 0xff, 0xed, 0xf4, 0xff, 0xff, 0xed, 0xf4, 0xff, 0xff, 0xed, 0xf4, 0xff, 0xff,
  0xbd, 0xc2, 0xcc, 0xa0, 0x00, 0x00, 0x00, 0x40, 0x00, 0x00, 0x00, 0x40, 0x00, 0x00, 0x00, 0x20,
  0x00, 0x00, 0x00, 0x00, 0x00, 0x00, 0x00, 0x00, 0x00, 0x00, 0x00, 0x00, 0x00, 0x00, 0x00, 0x00,
  0x00, 0x00, 0x00, 0x00, 0x00, 0x00, 0x00, 0x00, 0x00, 0x00, 0x00, 0x00, 0x00, 0x00, 0x00, 0x00,
  0x00, 0x00, 0x00, 0x00, 0x00, 0x00, 0x00, 0x00, 0x00, 0x00, 0x00, 0x00, 0x00, 0x00, 0x00, 0x00,
  0x00, 0x00, 0x00, 0x00, 0x00, 0x00, 0x00, 0x00, 0x00, 0x00, 0x00, 0x00, 0x00, 0x00, 0x00, 0x00,
  0x00, 0x00, 0x00, 0x00, 0x00, 0x00, 0x00, 0x00, 0x00, 0x00, 0x00, 0x00, 0x00, 0x00, 0x00, 0x00,
  0x00, 0x00, 0x00, 0x00, 0x00, 0x00, 0x00, 0x00, 0xeb, 0xf3, 0xff, 0x80, 0xec, 0xf4, 0xff, 0xff,
  0xec, 0xf4, 0xff, 0xff, 0xec, 0xf4, 0xff, 0xff, 0xec, 0xf4, 0xff, 0xff, 0xec, 0xf4, 0xff, 0xff,
  0xec, 0xf4, 0xff, 0xff, 0xec, 0xf4, 0xff, 0xff, 0x99, 0xdd, 0xcf, 0xff, 0x10, 0xb9, 0x81, 0xff,
  0x10, 0xb9, 0x81, 0xff, 0x10, 0xb9, 0x81, 0xff, 0x10, 0xb9, 0x81, 0xff, 0x10, 0xb9, 0x81, 0xff,
  0x10, 0xb9, 0x81, 0xff, 0x70, 0xc7, 0xb6, 0xff, 0xc5, 0xd4, 0xe7, 0xff, 0xc5, 0xd4, 0xe7, 0xff,
  0xc5, 0xd4, 0xe7, 0xff, 0xc5, 0xd4, 0xe7, 0xff, 0xc5, 0xd4, 0xe7, 0xff, 0xc5, 0xd4, 0xe7, 0xff,
  0xc5, 0xd4, 0xe7, 0xff, 0xc5, 0xd4, 0xe7, 0xff, 0xc5, 0xd4, 0xe7, 0xff, 0xc5, 0xd4, 0xe7, 0xff,
  0xc5, 0xd4, 0xe7, 0xff, 0xc5, 0xd4, 0xe7, 0xff, 0xc5, 0xd4, 0xe7, 0xff, 0xc5, 0xd4, 0xe7, 0xff,
  0xc5, 0xd4, 0xe7, 0xff, 0xc5, 0xd4, 0xe7, 0xff, 0xc5, 0xd4, 0xe7, 0xff, 0xc5, 0xd4, 0xe7, 0xff,
  0xc5, 0xd4, 0xe7, 0xff, 0xc5, 0xd4, 0xe7, 0xff, 0xc5, 0xd4, 0xe7, 0xff, 0xc5, 0xd4, 0xe7, 0xff,
  0xc5, 0xd4, 0xe7, 0xff, 0xc5, 0xd4, 0xe7, 0xff, 0xc5, 0xd4, 0xe7, 0xff, 0xc5, 0xd4, 0xe7, 0xff,
  0xc5, 0xd4, 0xe7, 0xff, 0xc5, 0xd4, 0xe7, 0xff, 0xc5, 0xd4, 0xe7, 0xff, 0xc5, 0xd4, 0xe7, 0xff,
  0xc5, 0xd4, 0xe7, 0xff, 0xc5, 0xd4, 0xe7, 0xff, 0xc5, 0xd4, 0xe7, 0xff, 0xc5, 0xd4, 0xe7, 0xff,
  0xc5, 0xd4, 0xe7, 0xff, 0xc5, 0xd4, 0xe7, 0xff, 0xc5, 0xd4, 0xe7, 0xff, 0xc5, 0xd4, 0xe7, 0xff,
  0xc5, 0xd4, 0xe7, 0xff, 0xc5, 0xd4, 0xe7, 0xff, 0xc5, 0xd4, 0xe7, 0xff, 0xc5, 0xd4, 0xe7, 0xff,
  0xc5, 0xd4, 0xe7, 0xff, 0xc5, 0xd4, 0xe7, 0xff, 0xc5, 0xd4, 0xe7, 0xff, 0xc5, 0xd4, 0xe7, 0xff,
  0xc5, 0xd4, 0xe7, 0xff, 0xc5, 0xd4, 0xe7, 0xff, 0xc5, 0xd4, 0xe7, 0xff, 0xc5, 0xd4, 0xe7, 0xff,
  0xc5, 0xd4, 0xe7, 0xff, 0xc5, 0xd4, 0xe7, 0xff, 0xc5, 0xd4, 0xe7, 0xff, 0xc5, 0xd4, 0xe7, 0xff,
  0xc5, 0xd4, 0xe7, 0xff, 0xc5, 0xd4, 0xe7, 0xff, 0xd8, 0xe4, 0xf3, 0xff, 0xec, 0xf4, 0xff, 0xff,
  0xec, 0xf4, 0xff, 0xff, 0xec, 0xf4, 0xff, 0xff, 0xec, 0xf4, 0xff, 0xff, 0xec, 0xf4, 0xff, 0xff,
  0xec, 0xf4, 0xff, 0xff, 0xec, 0xf4, 0xff, 0xff, 0xec, 0xf4, 0xff, 0xff, 0xec, 0xf4, 0xff, 0xff,
  0xec, 0xf4, 0xff, 0xff, 0xec, 0xf4, 0xff, 0xff, 0xec, 0xf4, 0xff, 0xff, 0xec, 0xf4, 0xff, 0xff,
  0xbc, 0xc2, 0xcc, 0xa0, 0x00, 0x00, 0x00, 0x40, 0x00, 0x00, 0x00, 0x40, 0x00, 0x00, 0x00, 0x20,
  0x00, 0x00, 0x00, 0x00, 0x00, 0x00, 0x00, 0x00, 0x00, 0x00, 0x00, 0x00, 0x00, 0x00, 0x00, 0x00,
  0x00, 0x00, 0x00, 0x00, 0x00, 0x00, 0x00, 0x00, 0x00, 0x00, 0x00, 0x00, 0x00, 0x00, 0x00, 0x00,
  0x00, 0x00, 0x00, 0x00, 0x00, 0x00, 0x00, 0x00, 0x00, 0x00, 0x00, 0x00, 0x00, 0x00, 0x00, 0x00,
  0x00, 0x00, 0x00, 0x00, 0x00, 0x00, 0x00, 0x00, 0x00, 0x00, 0x00, 0x00, 0x00, 0x00, 0x00, 0x00,
  0x00, 0x00, 0x00, 0x00, 0x00, 0x00, 0x00, 0x00, 0x00, 0x00, 0x00, 0x00, 0x00, 0x00, 0x00, 0x00,
  0x00, 0x00, 0x00, 0x00, 0x00, 0x00, 0x00, 0x00, 0xeb, 0xf3, 0xff, 0x80, 0xec, 0xf4, 0xff, 0xff,
  0xec, 0xf4, 0xff, 0xff, 0xec, 0xf4, 0xff, 0xff, 0xec, 0xf4, 0xff, 0xff, 0xec, 0xf4, 0xff, 0xff,
  0xec, 0xf4, 0xff, 0xff, 0xec, 0xf4, 0xff, 0xff, 0xd8, 0xee, 0xf3, 0xff, 0x17, 0xbb, 0x85, 0xff,
  0x10, 0xb9, 0x81, 0xff, 0x10, 0xb9, 0x81, 0xff, 0x10, 0xb9, 0x81, 0xff, 0x10, 0xb9, 0x81, 0xff,
  0x10, 0xb9, 0x81, 0xff, 0x7a, 0xb5, 0xbc, 0xff, 0x9d, 0xb4, 0xd0, 0xff, 0x9d, 0xb4, 0xd0, 0xff,
  0x9d, 0xb4, 0xd0, 0xff, 0x9d, 0xb4, 0xd0, 0xff, 0x9d, 0xb4, 0xd0, 0xff, 0x9d, 0xb4, 0xd0, 0xff,
  0x9d, 0xb4, 0xd0, 0xff, 0x9d, 0xb4, 0xd0, 0xff, 0x9d, 0xb4, 0xd0, 0xff, 0x9d, 0xb4, 0xd0, 0xff,
  0x9d, 0xb4, 0xd0, 0xff, 0x9d, 0xb4, 0xd0, 0xff, 0x9d, 0xb4, 0xd0, 0xff, 0x9d, 0xb4, 0xd0, 0xff,
  0x9d, 0xb4, 0xd0, 0xff, 0x9d, 0xb4, 0xd0, 0xff, 0x9d, 0xb4, 0xd0, 0xff, 0x9d, 0xb4, 0xd0, 0xff,
  0x9d, 0xb4, 0xd0, 0xff, 0x9d, 0xb4, 0xd0, 0xff, 0x9d, 0xb4, 0xd0, 0xff, 0x9d, 0xb4, 0xd0, 0xff,
  0x9d, 0xb4, 0xd0, 0xff, 0x9d, 0xb4, 0xd0, 0xff, 0x9d, 0xb4, 0xd0, 0xff, 0x9d, 0xb4, 0xd0, 0xff,
  0x9d, 0xb4, 0xd0, 0xff, 0x9d, 0xb4, 0xd0, 0xff, 0x9d, 0xb4, 0xd0, 0xff, 0x9d, 0xb4, 0xd0, 0xff,
  0x9d, 0xb4, 0xd0, 0xff, 0x9d, 0xb4, 0xd0, 0xff, 0x9d, 0xb4, 0xd0, 0xff, 0x9d, 0xb4, 0xd0, 0xff,
  0x9d, 0xb4, 0xd0, 0xff, 0x9d, 0xb4, 0xd0, 0xff, 0x9d, 0xb4, 0xd0, 0xff, 0x9d, 0xb4, 0xd0, 0xff,
  0x9d, 0xb4, 0xd0, 0xff, 0x9d, 0xb4, 0xd0, 0xff, 0x9d, 0xb4, 0xd0, 0xff, 0x9d, 0xb4, 0xd0, 0xff,
  0x9d, 0xb4, 0xd0, 0xff, 0x9d, 0xb4, 0xd0, 0xff, 0x9d, 0xb4, 0xd0, 0xff, 0x9d, 0xb4, 0xd0, 0xff,
  0x9d, 0xb4, 0xd0, 0xff, 0x9d, 0xb4, 0xd0, 0xff, 0x9d, 0xb4, 0xd0, 0xff, 0x9d, 0xb4, 0xd0, 0xff,
  0x9d, 0xb4, 0xd0, 0xff, 0x9d, 0xb4, 0xd0, 0xff, 0x9d, 0xb4, 0xd0, 0xff, 0x9d, 0xb4, 0xd0, 0xff,
  0x9d, 0xb4, 0xd0, 0xff, 0x9d, 0xb4, 0xd0, 0xff, 0xc5, 0xd4, 0xe7, 0xff, 0xec, 0xf4, 0xff, 0xff,
  0xec, 0xf4, 0xff, 0xff, 0xec, 0xf4, 0xff, 0xff, 0xec, 0xf4, 0xff, 0xff, 0xec, 0xf4, 0xff, 0xff,
  0xec, 0xf4, 0xff, 0xff, 0xec, 0xf4, 0xff, 0xff, 0xec, 0xf4, 0xff, 0xff, 0xec, 0xf4, 0xff, 0xff,
  0xec, 0xf4, 0xff, 0xff, 0xec, 0xf4, 0xff, 0xff, 0xec, 0xf4, 0xff, 0xff, 0xec, 0xf4, 0xff, 0xff,
  0xbc, 0xc2, 0xcc, 0xa0, 0x00, 0x00, 0x00, 0x40, 0x00, 0x00, 0x00, 0x40, 0x00, 0x00, 0x00, 0x20,
  0x00, 0x00, 0x00, 0x00, 0x00, 0x00, 0x00, 0x00, 0x00, 0x00, 0x00, 0x00, 0x00, 0x00, 0x00, 0x00,
  0x00, 0x00, 0x00, 0x00, 0x00, 0x00, 0x00, 0x00, 0x00, 0x00, 0x00, 0x00, 0x00, 0x00, 0x00, 0x00,
  0x00, 0x00, 0x00, 0x00, 0x00, 0x00, 0x00, 0x00, 0x00, 0x00, 0x00, 0x00, 0x00, 0x00, 0x00, 0x00,
  0x00, 0x00, 0x00, 0x00, 0x00, 0x00, 0x00, 0x00, 0x00, 0x00, 0x00, 0x00, 0x00, 0x00, 0x00, 0x00,
  0x00, 0x00, 0x00, 0x00, 0x00, 0x00, 0x00, 0x00, 0x00, 0x00, 0x00, 0x00, 0x00, 0x00, 0x00, 0x00,
  0x00, 0x00, 0x00, 0x00, 0x00, 0x00, 0x00, 0x00, 0xeb, 0xf3, 0xff, 0x80, 0xeb, 0xf4, 0xff, 0xff,
  0xeb, 0xf4, 0xff, 0xff, 0xeb, 0xf4, 0xff, 0xff, 0xeb, 0xf4, 0xff, 0xff, 0xeb, 0xf4, 0xff, 0xff,
  0xeb, 0xf4, 0xff, 0xff, 0xeb, 0xf4, 0xff, 0xff, 0xeb, 0xf4, 0xff, 0xff, 0x92, 0xdb, 0xcb, 0xff,
  0x10, 0xb9, 0x81, 0xff, 0x10, 0xb9, 0x81, 0xff, 0x10, 0xb9, 0x81, 0xff, 0x10, 0xb9, 0x81, 0xff,
  0x67, 0xcc, 0xb4, 0xff, 0xc4, 0xd4, 0xe7, 0xff, 0xc4, 0xd4, 0xe7, 0xff, 0xc4, 0xd4, 0xe7, 0xff,
  0xc4, 0xd4, 0xe7, 0xff, 0xc4, 0xd4, 0xe7, 0xff, 0xc4, 0xd4, 0xe7, 0xff, 0xc4, 0xd4, 0xe7, 0xff,
  0xc4, 0xd4, 0xe7, 0xff, 0xc4, 0xd4, 0xe7, 0xff, 0xc4, 0xd4, 0xe7, 0xff, 0xc4, 0xd4, 0xe7, 0xff,
  0xc4, 0xd4, 0xe7, 0xff, 0xc4, 0xd4, 0xe7, 0xff, 0xc4, 0xd4, 0xe7, 0xff, 0xc4, 0xd4, 0xe7, 0xff,
  0xc4, 0xd4, 0xe7, 0xff, 0xc4, 0xd4, 0xe7, 0xff, 0xc4, 0xd4, 0xe7, 0xff, 0xc4, 0xd4, 0xe7, 0xff,
  0xc4, 0xd4, 0xe7, 0xff, 0xc4, 0xd4, 0xe7, 0xff, 0xc4, 0xd4, 0xe7, 0xff, 0xc4, 0xd4, 0xe7, 0xff,
  0xc4, 0xd4, 0xe7, 0xff, 0xc4, 0xd4, 0xe7, 0xff, 0xc4, 0xd4, 0xe7, 0xff, 0xc4, 0xd4, 0xe7, 0xff,
  0xc4, 0xd4, 0xe7, 0xff, 0xc4, 0xd4, 0xe7, 0xff, 0xc4, 0xd4, 0xe7, 0xff, 0xc4, 0xd4, 0xe7, 0xff,
  0xc4, 0xd4, 0xe7, 0xff, 0xc4, 0xd4, 0xe7, 0xff, 0xc4, 0xd4, 0xe7, 0xff, 0xc4, 0xd4, 0xe7, 0xff,
  0xc4, 0xd4, 0xe7, 0xff, 0xc4, 0xd4, 0xe7, 0xff, 0xc4, 0xd4, 0xe7, 0xff, 0xc4, 0xd4, 0xe7, 0xff,
  0xc4, 0xd4, 0xe7, 0xff, 0xc4, 0xd4, 0xe7, 0xff, 0xc4, 0xd4, 0xe7, 0xff, 0xc4, 0xd4, 0xe7, 0xff,
  0xc4, 0xd4, 0xe7, 0xff, 0xc4, 0xd4, 0xe7, 0xff, 0xc4, 0xd4, 0xe7, 0xff, 0xc4, 0xd4, 0xe7, 0xff,
  0xc4, 0xd4, 0xe7, 0xff, 0xc4, 0xd4, 0xe7, 0xff, 0xc4, 0xd4, 0xe7, 0xff, 0xc4, 0xd4, 0xe7, 0xff,
  0xc4, 0xd4, 0xe7, 0xff, 0xc4, 0xd4, 0xe7, 0xff, 0xc4, 0xd4, 0xe7, 0xff, 0xc4, 0xd4, 0xe7, 0xff,
  0xc4, 0xd4, 0xe7, 0xff, 0xc4, 0xd4, 0xe7, 0xff, 0xd7, 0xe4, 0xf3, 0xff, 0xeb, 0xf4, 0xff, 0xff,
  0xeb, 0xf4, 0xff, 0xff, 0xeb, 0xf4, 0xff, 0xff, 0xeb, 0xf4, 0xff, 0xff, 0xeb, 0xf4, 0xff, 0xff,
  0xeb, 0xf4, 0xff, 0xff, 0xeb, 0xf4, 0xff, 0xff, 0xeb, 0xf4, 0xff, 0xff, 0xeb, 0xf4, 0xff, 0xff,
  0xeb, 0xf4, 0xff, 0xff, 0xeb, 0xf4, 0xff, 0xff, 0xeb, 0xf4, 0xff, 0xff, 0xeb, 0xf4, 0xff, 0xff,
  0xbc, 0xc2, 0xcc, 0xa0, 0x00, 0x00, 0x00, 0x40, 0x00, 0x00, 0x00, 0x40, 0x00, 0x00, 0x00, 0x20,
  0x00, 0x00, 0x00, 0x00, 0x00, 0x00, 0x00, 0x00, 0x00, 0x00, 0x00, 0x00, 0x00, 0x00, 0x00, 0x00,
  0x00, 0x00, 0x00, 0x00, 0x00, 0x00, 0x00, 0x00, 0x00, 0x00, 0x00, 0x00, 0x00, 0x00, 0x00, 0x00,
  0x00, 0x00, 0x00, 0x00, 0x00, 0x00, 0x00, 0x00, 0x00, 0x00, 0x00, 0x00, 0x00, 0x00, 0x00, 0x00,
  0x00, 0x00, 0x00, 0x00, 0x00, 0x00, 0x00, 0x00, 0x00, 0x00, 0x00, 0x00, 0x00, 0x00, 0x00, 0x00,
  0x00, 0x00, 0x00, 0x00, 0x00, 0x00, 0x00, 0x00, 0x00, 0x00, 0x00, 0x00, 0x00, 0x00, 0x00, 0x00,
  0x00, 0x00, 0x00, 0x00, 0x00, 0x00, 0x00, 0x00, 0xeb, 0xf3, 0xff, 0x80, 0xeb, 0xf4, 0xff, 0xff,
  0xeb, 0xf4, 0xff, 0xff, 0xeb, 0xf4, 0xff, 0xff, 0xeb, 0xf4, 0xff, 0xff, 0xeb, 0xf4, 0xff, 0xff,
  0xeb, 0xf4, 0xff, 0xff, 0xeb, 0xf4, 0xff, 0xff, 0xeb, 0xf4, 0xff, 0xff, 0xeb, 0xf4, 0xff, 0xff,
  0xbb, 0xe6, 0xe3, 0xff, 0x7d, 0xd7, 0xc0, 0xff, 0x7d, 0xd7, 0xc0, 0xff, 0xae, 0xe3, 0xdb, 0xff,
  0xeb, 0xf4, 0xff, 0xff, 0xeb, 0xf4, 0xff, 0xff, 0xeb, 0xf4, 0xff, 0xff, 0xeb, 0xf4, 0xff, 0xff,
  0xeb, 0xf4, 0xff, 0xff, 0xeb, 0xf4, 0xff, 0xff, 0xeb, 0xf4, 0xff, 0xff, 0xeb, 0xf4, 0xff, 0xff,
  0xeb, 0xf4, 0xff, 0xff, 0xeb, 0xf4, 0xff, 0xff, 0xeb, 0xf4, 0xff, 0xff, 0xeb, 0xf4, 0xff, 0xff,
  0xeb, 0xf4, 0xff, 0xff, 0xeb, 0xf4, 0xff, 0xff, 0xeb, 0xf4, 0xff, 0xff, 0xeb, 0xf4, 0xff, 0xff,
  0xeb, 0xf4, 0xff, 0xff, 0xeb, 0xf4, 0xff, 0xff, 0xeb, 0xf4, 0xff, 0xff, 0xeb, 0xf4, 0xff, 0xff,
  0xeb, 0xf4, 0xff, 0xff, 0xeb, 0xf4, 0xff, 0xff, 0xeb, 0xf4, 0xff, 0xff, 0xeb, 0xf4, 0xff, 0xff,
  0xeb, 0xf4, 0xff, 0xff, 0xeb, 0xf4, 0xff, 0xff, 0xeb, 0xf4, 0xff, 0xff, 0xeb, 0xf4, 0xff, 0xff,
  0xeb, 0xf4, 0xff, 0xff, 0xeb, 0xf4, 0xff, 0xff, 0xeb, 0xf4, 0xff, 0xff, 0xeb, 0xf4, 0xff, 0xff,
  0xeb, 0xf4, 0xff, 0xff, 0xeb, 0xf4, 0xff, 0xff, 0xeb, 0xf4, 0xff, 0xff, 0xeb, 0xf4, 0xff, 0xff,
  0xeb, 0xf4, 0xff, 0xff, 0xeb, 0xf4, 0xff, 0xff, 0xeb, 0xf4, 0xff, 0xff, 0xeb, 0xf4, 0xff, 0xff,
  0xeb, 0xf4, 0xff, 0xff, 0xeb, 0xf4, 0xff, 0xff, 0xeb, 0xf4, 0xff, 0xff, 0xeb, 0xf4, 0xff, 0xff,
  0xeb, 0xf4, 0xff, 0xff, 0xeb, 0xf4, 0xff, 0xff, 0xeb, 0xf4, 0xff, 0xff, 0xeb, 0xf4, 0xff, 0xff,
  0xeb, 0xf4, 0xff, 0xff, 0xeb, 0xf4, 0xff, 0xff, 0xeb, 0xf4, 0xff, 0xff, 0xeb, 0xf4, 0xff, 0xff,
  0xeb, 0xf4, 0xff, 0xff, 0xeb, 0xf4, 0xff, 0xff, 0xeb, 0xf4, 0xff, 0xff, 0xeb, 0xf4, 0xff, 0xff,
  0xeb, 0xf4, 0xff, 0xff, 0xeb, 0xf4, 0xff, 0xff, 0xeb, 0xf4, 0xff, 0xff, 0xeb, 0xf4, 0xff, 0xff,
  0xeb, 0xf4, 0xff, 0xff, 0xeb, 0xf4, 0xff, 0xff, 0xeb, 0xf4, 0xff, 0xff, 0xeb, 0xf4, 0xff, 0xff,
  0xeb, 0xf4, 0xff, 0xff, 0xeb, 0xf4, 0xff, 0xff, 0xeb, 0xf4, 0xff, 0xff, 0xeb, 0xf4, 0xff, 0xff,
  0xeb, 0xf4, 0xff, 0xff, 0xeb, 0xf4, 0xff, 0xff, 0xeb, 0xf4, 0xff, 0xff, 0xeb, 0xf4, 0xff, 0xff,
  0xbc, 0xc2, 0xcc, 0xa0, 0x00, 0x00, 0x00, 0x40, 0x00, 0x00, 0x00, 0x40, 0x00, 0x00, 0x00, 0x20,
  0x00, 0x00, 0x00, 0x00, 0x00, 0x00, 0x00, 0x00, 0x00, 0x00, 0x00, 0x00, 0x00, 0x00, 0x00, 0x00,
  0x00, 0x00, 0x00, 0x00, 0x00, 0x00, 0x00, 0x00, 0x00, 0x00, 0x00, 0x00, 0x00, 0x00, 0x00, 0x00,
  0x00, 0x00, 0x00, 0x00, 0x00, 0x00, 0x00, 0x00, 0x00, 0x00, 0x00, 0x00, 0x00, 0x00, 0x00, 0x00,
  0x00, 0x00, 0x00, 0x00, 0x00, 0x00, 0x00, 0x00, 0x00, 0x00, 0x00, 0x00, 0x00, 0x00, 0x00, 0x00,
  0x00, 0x00, 0x00, 0x00, 0x00, 0x00, 0x00, 0x00, 0x00, 0x00, 0x00, 0x00, 0x00, 0x00, 0x00, 0x00,
  0x00, 0x00, 0x00, 0x00, 0x00, 0x00, 0x00, 0x00, 0xeb, 0xf3, 0xff, 0x80, 0xeb, 0xf3, 0xff, 0xff,
  0xeb, 0xf3, 0xff, 0xff, 0xeb, 0xf3, 0xff, 0xff, 0xeb, 0xf3, 0xff, 0xff, 0xeb, 0xf3, 0xff, 0xff,
  0xeb, 0xf3, 0xff, 0xff, 0xeb, 0xf3, 0xff, 0xff, 0xeb, 0xf3, 0xff, 0xff, 0xeb, 0xf3, 0xff, 0xff,
  0xeb, 0xf3, 0xff, 0xff, 0xeb, 0xf3, 0xff, 0xff, 0xeb, 0xf3, 0xff, 0xff, 0xeb, 0xf3, 0xff, 0xff,
  0xeb, 0xf3, 0xff, 0xff, 0xeb, 0xf3, 0xff, 0xff, 0xeb, 0xf3, 0xff, 0xff, 0xeb, 0xf3, 0xff, 0xff,
  0xeb, 0xf3, 0xff, 0xff, 0xeb, 0xf3, 0xff, 0xff, 0xeb, 0xf3, 0xff, 0xff, 0xeb, 0xf3, 0xff, 0xff,
  0xeb, 0xf3, 0xff, 0xff, 0xeb, 0xf3, 0xff, 0xff, 0xeb, 0xf3, 0xff, 0xff, 0xeb, 0xf3, 0xff, 0xff,
  0xeb, 0xf3, 0xff, 0xff, 0xeb, 0xf3, 0xff, 0xff, 0xeb, 0xf3, 0xff, 0xff, 0xeb, 0xf3, 0xff, 0xff,
  0xeb, 0xf3, 0xff, 0xff, 0xeb, 0xf3, 0xff, 0xff, 0xeb, 0xf3, 0xff, 0xff, 0xeb, 0xf3, 0xff, 0xff,
  0xeb, 0xf3, 0xff, 0xff, 0xeb, 0xf3, 0xff, 0xff, 0xeb, 0xf3, 0xff, 0xff, 0xeb, 0xf3, 0xff, 0xff,
  0xeb, 0xf3, 0xff, 0xff, 0xeb, 0xf3, 0xff, 0xff, 0xeb, 0xf3, 0xff, 0xff, 0xeb, 0xf3, 0xff, 0xff,
  0xeb, 0xf3, 0xff, 0xff, 0xeb, 0xf3, 0xff, 0xff, 0xeb, 0xf3, 0xff, 0xff, 0xeb, 0xf3, 0xff, 0xff,
  0xeb, 0xf3, 0xff, 0xff, 0xeb, 0xf3, 0xff, 0xff, 0xeb, 0xf3, 0xff, 0xff, 0xeb, 0xf3, 0xff, 0xff,
  0xeb, 0xf3, 0xff, 0xff, 0xeb, 0xf3, 0xff, 0xff, 0xeb, 0xf3, 0xff, 0xff, 0xeb, 0xf3, 0xff, 0xff,
  0xeb, 0xf3, 0xff, 0xff, 0xeb, 0xf3, 0xff, 0xff, 0xeb, 0xf3, 0xff, 0xff, 0xeb, 0xf3, 0xff, 0xff,
  0xeb, 0xf3, 0xff, 0xff, 0xeb, 0xf3, 0xff, 0xff, 0xeb, 0xf3, 0xff, 0xff, 0xeb, 0xf3, 0xff, 0xff,
  0xeb, 0xf3, 0xff, 0xff, 0xeb, 0xf3, 0xff, 0xff, 0xeb, 0xf3, 0xff, 0xff, 0xeb, 0xf3, 0xff, 0xff,
  0xeb, 0xf3, 0xff, 0xff, 0xeb, 0xf3, 0xff, 0xff, 0xeb, 0xf3, 0xff, 0xff, 0xeb, 0xf3, 0xff, 0xff,
  0xeb, 0xf3, 0xff, 0xff, 0xeb, 0xf3, 0xff, 0xff, 0xeb, 0xf3, 0xff, 0xff, 0xeb, 0xf3, 0xff, 0xff,
  0xeb, 0xf3, 0xff, 0xff, 0xeb, 0xf3, 0xff, 0xff, 0xeb, 0xf3, 0xff, 0xff, 0xeb, 0xf3, 0xff, 0xff,
  0xeb, 0xf3, 0xff, 0xff, 0xeb, 0xf3, 0xff, 0xff, 0xeb, 0xf3, 0xff, 0xff, 0xeb, 0xf3, 0xff, 0xff,
  0xeb, 0xf3, 0xff, 0xff, 0xeb, 0xf3, 0xff, 0xff, 0xeb, 0xf3, 0xff, 0xff, 0xeb, 0xf3, 0xff, 0xff,
  0xbc, 0xc2, 0xcc, 0xa0, 0x00, 0x00, 0x00, 0x40, 0x00, 0x00, 0x00, 0x40, 0x00, 0x00, 0x00, 0x20,
  0x00, 0x00, 0x00, 0x00, 0x00, 0x00, 0x00, 0x00, 0x00, 0x00, 0x00, 0x00, 0x00, 0x00, 0x00, 0x00,
  0x00, 0x00, 0x00, 0x00, 0x00, 0x00, 0x00, 0x00, 0x00, 0x00, 0x00, 0x00, 0x00, 0x00, 0x00, 0x00,
  0x00, 0x00, 0x00, 0x00, 0x00, 0x00, 0x00, 0x00, 0x00, 0x00, 0x00, 0x00, 0x00, 0x00, 0x00, 0x00,
  0x00, 0x00, 0x00, 0x00, 0x00, 0x00, 0x00, 0x00, 0x00, 0x00, 0x00, 0x00, 0x00, 0x00, 0x00, 0x00,
  0x00, 0x00, 0x00, 0x00, 0x00, 0x00, 0x00, 0x00, 0x00, 0x00, 0x00, 0x00, 0x00, 0x00, 0x00, 0x00,
  0x00, 0x00, 0x00, 0x00, 0x00, 0x00, 0x00, 0x00, 0xe9, 0xf3, 0xff, 0x80, 0xea, 0xf3, 0xff, 0xff,
  0xea, 0xf3, 0xff, 0xff, 0xea, 0xf3, 0xff, 0xff, 0xea, 0xf3, 0xff, 0xff, 0xea, 0xf3, 0xff, 0xff,
  0xea, 0xf3, 0xff, 0xff, 0xea, 0xf3, 0xff, 0xff, 0xea, 0xf3, 0xff, 0xff, 0xea, 0xf3, 0xff, 0xff,
  0xea, 0xf3, 0xff, 0xff, 0xea, 0xf3, 0xff, 0xff, 0xea, 0xf3, 0xff, 0xff, 0xea, 0xf3, 0xff, 0xff,
  0xea, 0xf3, 0xff, 0xff, 0xea, 0xf3, 0xff, 0xff, 0xea, 0xf3, 0xff, 0xff, 0xea, 0xf3, 0xff, 0xff,
  0xea, 0xf3, 0xff, 0xff, 0xea, 0xf3, 0xff, 0xff, 0xea, 0xf3, 0xff, 0xff, 0xea, 0xf3, 0xff, 0xff,
  0xea, 0xf3, 0xff, 0xff, 0xea, 0xf3, 0xff, 0xff, 0xea, 0xf3, 0xff, 0xff, 0xea, 0xf3, 0xff, 0xff,
  0xea, 0xf3, 0xff, 0xff, 0xea, 0xf3, 0xff, 0xff, 0xea, 0xf3, 0xff, 0xff, 0xea, 0xf3, 0xff, 0xff,
  0xea, 0xf3, 0xff, 0xff, 0xea, 0xf3, 0xff, 0xff, 0xea, 0xf3, 0xff, 0xff, 0xea, 0xf3, 0xff, 0xff,
  0xea, 0xf3, 0xff, 0xff, 0xea, 0xf3, 0xff, 0xff, 0xea, 0xf3, 0xff, 0xff, 0xea, 0xf3, 0xff, 0xff,
  0xea, 0xf3, 0xff, 0xff, 0xea, 0xf3, 0xff, 0xff, 0xea, 0xf3, 0xff, 0xff, 0xea, 0xf3, 0xff, 0xff,
  0xea, 0xf3, 0xff, 0xff, 0xea, 0xf3, 0xff, 0xff, 0xea, 0xf3, 0xff, 0xff, 0xea, 0xf3, 0xff, 0xff,
  0xea, 0xf3, 0xff, 0xff, 0xea, 0xf3, 0xff, 0xff, 0xea, 0xf3, 0xff, 0xff, 0xea, 0xf3, 0xff, 0xff,
  0xea, 0xf3, 0xff, 0xff, 0xea, 0xf3, 0xff, 0xff, 0xea, 0xf3, 0xff, 0xff, 0xea, 0xf3, 0xff, 0xff,
  0xea, 0xf3, 0xff, 0xff, 0xea, 0xf3, 0xff, 0xff, 0xea, 0xf3, 0xff, 0xff, 0xea, 0xf3, 0xff, 0xff,
  0xea, 0xf3, 0xff, 0xff, 0xea, 0xf3, 0xff, 0xff, 0xea, 0xf3, 0xff, 0xff, 0xea, 0xf3, 0xff, 0xff,
  0xea, 0xf3, 0xff, 0xff, 0xea, 0xf3, 0xff, 0xff, 0xea, 0xf3, 0xff, 0xff, 0xea, 0xf3, 0xff, 0xff,
  0xea, 0xf3, 0xff, 0xff, 0xea, 0xf3, 0xff, 0xff, 0xea, 0xf3, 0xff, 0xff, 0xea, 0xf3, 0xff, 0xff,
  0xea, 0xf3, 0xff, 0xff, 0xea, 0xf3, 0xff, 0xff, 0xea, 0xf3, 0xff, 0xff, 0xea, 0xf3, 0xff, 0xff,
  0xea, 0xf3, 0xff, 0xff, 0xea, 0xf3, 0xff, 0xff, 0xea, 0xf3, 0xff, 0xff, 0xea, 0xf3, 0xff, 0xff,
  0xea, 0xf3, 0xff, 0xff, 0xea, 0xf3, 0xff, 0xff, 0xea, 0xf3, 0xff, 0xff, 0xea, 0xf3, 0xff, 0xff,
  0xea, 0xf3, 0xff, 0xff, 0xea, 0xf3, 0xff, 0xff, 0xea, 0xf3, 0xff, 0xff, 0xea, 0xf3, 0xff, 0xff,
  0xba, 0xc2, 0xcc, 0xa0, 0x00, 0x00, 0x00, 0x40, 0x00, 0x00, 0x00, 0x40, 0x00, 0x00, 0x00, 0x20,
  0x00, 0x00, 0x00, 0x00, 0x00, 0x00, 0x00, 0x00, 0x00, 0x00, 0x00, 0x00, 0x00, 0x00, 0x00, 0x00,
  0x00, 0x00, 0x00, 0x00, 0x00, 0x00, 0x00, 0x00, 0x00, 0x00, 0x00, 0x00, 0x00, 0x00, 0x00, 0x00,
  0x00, 0x00, 0x00, 0x00, 0x00, 0x00, 0x00, 0x00, 0x00, 0x00, 0x00, 0x00, 0x00, 0x00, 0x00, 0x00,
  0x00, 0x00, 0x00, 0x00, 0x00, 0x00, 0x00, 0x00, 0x00, 0x00, 0x00, 0x00, 0x00, 0x00, 0x00, 0x00,
  0x00, 0x00, 0x00, 0x00, 0x00, 0x00, 0x00, 0x00, 0x00, 0x00, 0x00, 0x00, 0x00, 0x00, 0x00, 0x00,
  0x00, 0x00, 0x00, 0x00, 0x00, 0x00, 0x00, 0x00, 0xe9, 0xf3, 0xff, 0x80, 0xea, 0xf3, 0xff, 0xff,
  0xea, 0xf3, 0xff, 0xff, 0xea, 0xf3, 0xff, 0xff, 0xea, 0xf3, 0xff, 0xff, 0xea, 0xf3, 0xff, 0xff,
  0xea, 0xf3, 0xff, 0xff, 0xea, 0xf3, 0xff, 0xff, 0xea, 0xf3, 0xff, 0xff, 0xea, 0xf3, 0xff, 0xff,
  0xea, 0xf3, 0xff, 0xff, 0xea, 0xf3, 0xff, 0xff, 0xea, 0xf3, 0xff, 0xff, 0xea, 0xf3, 0xff, 0xff,
  0xea, 0xf3, 0xff, 0xff, 0xea, 0xf3, 0xff, 0xff, 0xea, 0xf3, 0xff, 0xff, 0xea, 0xf3, 0xff, 0xff,
  0xea, 0xf3, 0xff, 0xff, 0xea, 0xf3, 0xff, 0xff, 0xea, 0xf3, 0xff, 0xff, 0xea, 0xf3, 0xff, 0xff,
  0xea, 0xf3, 0xff, 0xff, 0xea, 0xf3, 0xff, 0xff, 0xea, 0xf3, 0xff, 0xff, 0xea, 0xf3, 0xff, 0xff,
  0xea, 0xf3, 0xff, 0xff, 0xea, 0xf3, 0xff, 0xff, 0xea, 0xf3, 0xff, 0xff, 0xea, 0xf3, 0xff, 0xff,
  0xea, 0xf3, 0xff, 0xff, 0xea, 0xf3, 0xff, 0xff, 0xea, 0xf3, 0xff, 0xff, 0xea, 0xf3, 0xff, 0xff,
  0xea, 0xf3, 0xff, 0xff, 0xea, 0xf3, 0xff, 0xff, 0xea, 0xf3, 0xff, 0xff, 0xea, 0xf3, 0xff, 0xff,
  0xea, 0xf3, 0xff, 0xff, 0xea, 0xf3, 0xff, 0xff, 0xea, 0xf3, 0xff, 0xff, 0xea, 0xf3, 0xff, 0xff,
  0xea, 0xf3, 0xff, 0xff, 0xea, 0xf3, 0xff, 0xff, 0xea, 0xf3, 0xff, 0xff, 0xea, 0xf3, 0xff, 0xff,
  0xea, 0xf3, 0xff, 0xff, 0xea, 0xf3, 0xff, 0xff, 0xea, 0xf3, 0xff, 0xff, 0xea, 0xf3, 0xff, 0xff,
  0xea, 0xf3, 0xff, 0xff, 0xea, 0xf3, 0xff, 0xff, 0xea, 0xf3, 0xff, 0xff, 0xea, 0xf3, 0xff, 0xff,
  0xea, 0xf3, 0xff, 0xff, 0xea, 0xf3, 0xff, 0xff, 0xea, 0xf3, 0xff, 0xff, 0xea, 0xf3, 0xff, 0xff,
  0xea, 0xf3, 0xff, 0xff, 0xea, 0xf3, 0xff, 0xff, 0xea, 0xf3, 0xff, 0xff, 0xea, 0xf3, 0xff, 0xff,
  0xea, 0xf3, 0xff, 0xff, 0xea, 0xf3, 0xff, 0xff, 0xea, 0xf3, 0xff, 0xff, 0xea, 0xf3, 0xff, 0xff,
  0xea, 0xf3, 0xff, 0xff, 0xea, 0xf3, 0xff, 0xff, 0xea, 0xf3, 0xff, 0xff, 0xea, 0xf3, 0xff, 0xff,
  0xea, 0xf3, 0xff, 0xff, 0xea, 0xf3, 0xff, 0xff, 0xea, 0xf3, 0xff, 0xff, 0xea, 0xf3, 0xff, 0xff,
  0xea, 0xf3, 0xff, 0xff, 0xea, 0xf3, 0xff, 0xff, 0xea, 0xf3, 0xff, 0xff, 0xea, 0xf3, 0xff, 0xff,
  0xea, 0xf3, 0xff, 0xff, 0xea, 0xf3, 0xff, 0xff, 0xea, 0xf3, 0xff, 0xff, 0xea, 0xf3, 0xff, 0xff,
  0xea, 0xf3, 0xff, 0xff, 0xea, 0xf3, 0xff, 0xff, 0xea, 0xf3, 0xff, 0xff, 0xea, 0xf3, 0xff, 0xff,
  0xba, 0xc2, 0xcc, 0xa0, 0x00, 0x00, 0x00, 0x40, 0x00, 0x00, 0x00, 0x40, 0x00, 0x00, 0x00, 0x20,
  0x00, 0x00, 0x00, 0x00, 0x00, 0x00, 0x00, 0x00, 0x00, 0x00, 0x00, 0x00, 0x00, 0x00, 0x00, 0x00,
  0x00, 0x00, 0x00, 0x00, 0x00, 0x00, 0x00, 0x00, 0x00, 0x00, 0x00, 0x00, 0x00, 0x00, 0x00, 0x00,
  0x00, 0x00, 0x00, 0x00, 0x00, 0x00, 0x00, 0x00, 0x00, 0x00, 0x00, 0x00, 0x00, 0x00, 0x00, 0x00,
  0x00, 0x00, 0x00, 0x00, 0x00, 0x00, 0x00, 0x00, 0x00, 0x00, 0x00, 0x00, 0x00, 0x00, 0x00, 0x00,
  0x00, 0x00, 0x00, 0x00, 0x00, 0x00, 0x00, 0x00, 0x00, 0x00, 0x00, 0x00, 0x00, 0x00, 0x00, 0x00,
  0x00, 0x00, 0x00, 0x00, 0x00, 0x00, 0x00, 0x00, 0xe9, 0xf3, 0xff, 0x80, 0xea, 0xf3, 0xff, 0xff,
  0xea, 0xf3, 0xff, 0xff, 0xea, 0xf3, 0xff, 0xff, 0xea, 0xf3, 0xff, 0xff, 0xea, 0xf3, 0xff, 0xff,
  0xea, 0xf3, 0xff, 0xff, 0xea, 0xf3, 0xff, 0xff, 0xea, 0xf3, 0xff, 0xff, 0xea, 0xf3, 0xff, 0xff,
  0xea, 0xf3, 0xff, 0xff, 0xea, 0xf3, 0xff, 0xff, 0xea, 0xf3, 0xff, 0xff, 0xea, 0xf3, 0xff, 0xff,
  0xea, 0xf3, 0xff, 0xff, 0xea, 0xf3, 0xff, 0xff, 0xea, 0xf3, 0xff, 0xff, 0xea, 0xf3, 0xff, 0xff,
  0xea, 0xf3, 0xff, 0xff, 0xea, 0xf3, 0xff, 0xff, 0xea, 0xf3, 0xff, 0xff, 0xea, 0xf3, 0xff, 0xff,
  0xea, 0xf3, 0xff, 0xff, 0xea, 0xf3, 0xff, 0xff, 0xea, 0xf3, 0xff, 0xff, 0xea, 0xf3, 0xff, 0xff,
  0xea, 0xf3, 0xff, 0xff, 0xea, 0xf3, 0xff, 0xff, 0xea, 0xf3, 0xff, 0xff, 0xea, 0xf3, 0xff, 0xff,
  0xea, 0xf3, 0xff, 0xff, 0xea, 0xf3, 0xff, 0xff, 0xea, 0xf3, 0xff, 0xff, 0xea, 0xf3, 0xff, 0xff,
  0xea, 0xf3, 0xff, 0xff, 0xea, 0xf3, 0xff, 0xff, 0xea, 0xf3, 0xff, 0xff, 0xea, 0xf3, 0xff, 0xff,
  0xea, 0xf3, 0xff, 0xff, 0xea, 0xf3, 0xff, 0xff, 0xea, 0xf3, 0xff, 0xff, 0xea, 0xf3, 0xff, 0xff,
  0xea, 0xf3, 0xff, 0xff, 0xea, 0xf3, 0xff, 0xff, 0xea, 0xf3, 0xff, 0xff, 0xea, 0xf3, 0xff, 0xff,
  0xea, 0xf3, 0xff, 0xff, 0xea, 0xf3, 0xff, 0xff, 0xea, 0xf3, 0xff, 0xff, 0xea, 0xf3, 0xff, 0xff,
  0xea, 0xf3, 0xff, 0xff, 0xea, 0xf3, 0xff, 0xff, 0xea, 0xf3, 0xff, 0xff, 0xea, 0xf3, 0xff, 0xff,
  0xea, 0xf3, 0xff, 0xff, 0xea, 0xf3, 0xff, 0xff, 0xea, 0xf3, 0xff, 0xff, 0xea, 0xf3, 0xff, 0xff,
  0xea, 0xf3, 0xff, 0xff, 0xea, 0xf3, 0xff, 0xff, 0xea, 0xf3, 0xff, 0xff, 0xea, 0xf3, 0xff, 0xff,
  0xea, 0xf3, 0xff, 0xff, 0xea, 0xf3, 0xff, 0xff, 0xea, 0xf3, 0xff, 0xff, 0xea, 0xf3, 0xff, 0xff,
  0xea, 0xf3, 0xff, 0xff, 0xea, 0xf3, 0xff, 0xff, 0xea, 0xf3, 0xff, 0xff, 0xea, 0xf3, 0xff, 0xff,
  0xea, 0xf3, 0xff, 0xff, 0xea, 0xf3, 0xff, 0xff, 0xea, 0xf3, 0xff, 0xff, 0xea, 0xf3, 0xff, 0xff,
  0xea, 0xf3, 0xff, 0xff, 0xea, 0xf3, 0xff, 0xff, 0xea, 0xf3, 0xff, 0xff, 0xea, 0xf3, 0xff, 0xff,
  0xea, 0xf3, 0xff, 0xff, 0xea, 0xf3, 0xff, 0xff, 0xea, 0xf3, 0xff, 0xff, 0xea, 0xf3, 0xff, 0xff,
  0xea, 0xf3, 0xff, 0xff, 0xea, 0xf3, 0xff, 0xff, 0xea, 0xf3, 0xff, 0xff, 0xea, 0xf3, 0xff, 0xff,
  0xba, 0xc2, 0xcc, 0xa0, 0x00, 0x00, 0x00, 0x40, 0x00, 0x00, 0x00, 0x40, 0x00, 0x00, 0x00, 0x20,
  0x00, 0x00, 0x00, 0x00, 0x00, 0x00, 0x00, 0x00, 0x00, 0x00, 0x00, 0x00, 0x00, 0x00, 0x00, 0x00,
  0x00, 0x00, 0x00, 0x00, 0x00, 0x00, 0x00, 0x00, 0x00, 0x00, 0x00, 0x00, 0x00, 0x00, 0x00, 0x00,
  0x00, 0x00, 0x00, 0x00, 0x00, 0x00, 0x00, 0x00, 0x00, 0x00, 0x00, 0x00, 0x00, 0x00, 0x00, 0x00,
  0x00, 0x00, 0x00, 0x00, 0x00, 0x00, 0x00, 0x00, 0x00, 0x00, 0x00, 0x00, 0x00, 0x00, 0x00, 0x00,
  0x00, 0x00, 0x00, 0x00, 0x00, 0x00, 0x00, 0x00, 0x00, 0x00, 0x00, 0x00, 0x00, 0x00, 0x00, 0x00,
  0x00, 0x00, 0x00, 0x00, 0x00, 0x00, 0x00, 0x00, 0xe9, 0xf3, 0xff, 0x80, 0xe9, 0xf3, 0xff, 0xff,
  0xe9, 0xf3, 0xff, 0xff, 0xe9, 0xf3, 0xff, 0xff, 0xe9, 0xf3, 0xff, 0xff, 0xe9, 0xf3, 0xff, 0xff,
  0xe9, 0xf3, 0xff, 0xff, 0xe9, 0xf3, 0xff, 0xff, 0xe9, 0xf3, 0xff, 0xff, 0xe9, 0xf3, 0xff, 0xff,
  0xe9, 0xf3, 0xff, 0xff, 0xe9, 0xf3, 0xff, 0xff, 0xe9, 0xf3, 0xff, 0xff, 0xe9, 0xf3, 0xff, 0xff,
  0xe9, 0xf3, 0xff, 0xff, 0xe9, 0xf3, 0xff, 0xff, 0xe9, 0xf3, 0xff, 0xff, 0xe9, 0xf3, 0xff, 0xff,
  0xe9, 0xf3, 0xff, 0xff, 0xe9, 0xf3, 0xff, 0xff, 0xe9, 0xf3, 0xff, 0xff, 0xe9, 0xf3, 0xff, 0xff,
  0xe9, 0xf3, 0xff, 0xff, 0xe9, 0xf3, 0xff, 0xff, 0xe9, 0xf3, 0xff, 0xff, 0xe9, 0xf3, 0xff, 0xff,
  0xe9, 0xf3, 0xff, 0xff, 0xe9, 0xf3, 0xff, 0xff, 0xe9, 0xf3, 0xff, 0xff, 0xe9, 0xf3, 0xff, 0xff,
  0xe9, 0xf3, 0xff, 0xff, 0xe9, 0xf3, 0xff, 0xff, 0xe9, 0xf3, 0xff, 0xff, 0xe9, 0xf3, 0xff, 0xff,
  0xe9, 0xf3, 0xff, 0xff, 0xe9, 0xf3, 0xff, 0xff, 0xe9, 0xf3, 0xff, 0xff, 0xe9, 0xf3, 0xff, 0xff,
  0xe9, 0xf3, 0xff, 0xff, 0xe9, 0xf3, 0xff, 0xff, 0xe9, 0xf3, 0xff, 0xff, 0xe9, 0xf3, 0xff, 0xff,
  0xe9, 0xf3, 0xff, 0xff, 0xe9, 0xf3, 0xff, 0xff, 0xe9, 0xf3, 0xff, 0xff, 0xe9, 0xf3, 0xff, 0xff,
  0xe9, 0xf3, 0xff, 0xff, 0xe9, 0xf3, 0xff, 0xff, 0xe9, 0xf3, 0xff, 0xff, 0xe9, 0xf3, 0xff, 0xff,
  0xe9, 0xf3, 0xff, 0xff, 0xe9, 0xf3, 0xff, 0xff, 0xe9, 0xf3, 0xff, 0xff, 0xe9, 0xf3, 0xff, 0xff,
  0xe9, 0xf3, 0xff, 0xff, 0xe9, 0xf3, 0xff, 0xff, 0xe9, 0xf3, 0xff, 0xff, 0xe9, 0xf3, 0xff, 0xff,
  0xe9, 0xf3, 0xff, 0xff, 0xe9, 0xf3, 0xff, 0xff, 0xe9, 0xf3, 0xff, 0xff, 0xe9, 0xf3, 0xff, 0xff,
  0xe9, 0xf3, 0xff, 0xff, 0xe9, 0xf3, 0xff, 0xff, 0xe9, 0xf3, 0xff, 0xff, 0xe9, 0xf3, 0xff, 0xff,
  0xe9, 0xf3, 0xff, 0xff, 0xe9, 0xf3, 0xff, 0xff, 0xe9, 0xf3, 0xff, 0xff, 0xe9, 0xf3, 0xff, 0xff,
  0xe9, 0xf3, 0xff, 0xff, 0xe9, 0xf3, 0xff, 0xff, 0xe9, 0xf3, 0xff, 0xff, 0xe9, 0xf3, 0xff, 0xff,
  0xe9, 0xf3, 0xff, 0xff, 0xe9, 0xf3, 0xff, 0xff, 0xe9, 0xf3, 0xff, 0xff, 0xe9, 0xf3, 0xff, 0xff,
  0xe9, 0xf3, 0xff, 0xff, 0xe9, 0xf3, 0xff, 0xff, 0xe9, 0xf3, 0xff, 0xff, 0xe9, 0xf3, 0xff, 0xff,
  0xe9, 0xf3, 0xff, 0xff, 0xe9, 0xf3, 0xff, 0xff, 0xe9, 0xf3, 0xff, 0xff, 0xe9, 0xf3, 0xff, 0xff,
  0xba, 0xc2, 0xcc, 0xa0, 0x00, 0x00, 0x00, 0x40, 0x00, 0x00, 0x00, 0x40, 0x00, 0x00, 0x00, 0x20,
  0x00, 0x00, 0x00, 0x00, 0x00, 0x00, 0x00, 0x00, 0x00, 0x00, 0x00, 0x00, 0x00, 0x00, 0x00, 0x00,
  0x00, 0x00, 0x00, 0x00, 0x00, 0x00, 0x00, 0x00, 0x00, 0x00, 0x00, 0x00, 0x00, 0x00, 0x00, 0x00,
  0x00, 0x00, 0x00, 0x00, 0x00, 0x00, 0x00, 0x00, 0x00, 0x00, 0x00, 0x00, 0x00, 0x00, 0x00, 0x00,
  0x00, 0x00, 0x00, 0x00, 0x00, 0x00, 0x00, 0x00, 0x00, 0x00, 0x00, 0x00, 0x00, 0x00, 0x00, 0x00,
  0x00, 0x00, 0x00, 0x00, 0x00, 0x00, 0x00, 0x00, 0x00, 0x00, 0x00, 0x00, 0x00, 0x00, 0x00, 0x00,
  0x00, 0x00, 0x00, 0x00, 0x00, 0x00, 0x00, 0x00, 0xe9, 0xf1, 0xff, 0x80, 0xe9, 0xf2, 0xff, 0xff,
  0xe9, 0xf2, 0xff, 0xff, 0xe9, 0xf2, 0xff, 0xff, 0xe9, 0xf2, 0xff, 0xff, 0xe9, 0xf2, 0xff, 0xff,
  0xe9, 0xf2, 0xff, 0xff, 0xe9, 0xf2, 0xff, 0xff, 0xe9, 0xf2, 0xff, 0xff, 0xe9, 0xf2, 0xff, 0xff,
  0xe9, 0xf2, 0xff, 0xff, 0xe9, 0xf2, 0xff, 0xff, 0xe9, 0xf2, 0xff, 0xff, 0xe9, 0xf2, 0xff, 0xff,
  0xe9, 0xf2, 0xff, 0xff, 0xe9, 0xf2, 0xff, 0xff, 0xe9, 0xf2, 0xff, 0xff, 0xe9, 0xf2, 0xff, 0xff,
  0xe9, 0xf2, 0xff, 0xff, 0xe9, 0xf2, 0xff, 0xff, 0xe9, 0xf2, 0xff, 0xff, 0xe9, 0xf2, 0xff, 0xff,
  0xe9, 0xf2, 0xff, 0xff, 0xe9, 0xf2, 0xff, 0xff, 0xe9, 0xf2, 0xff, 0xff, 0xe9, 0xf2, 0xff, 0xff,
  0xe9, 0xf2, 0xff, 0xff, 0xe9, 0xf2, 0xff, 0xff, 0xe9, 0xf2, 0xff, 0xff, 0xe9, 0xf2, 0xff, 0xff,
  0xe9, 0xf2, 0xff, 0xff, 0xe9, 0xf2, 0xff, 0xff, 0xe9, 0xf2, 0xff, 0xff, 0xe9, 0xf2, 0xff, 0xff,
  0xe9, 0xf2, 0xff, 0xff, 0xe9, 0xf2, 0xff, 0xff, 0xe9, 0xf2, 0xff, 0xff, 0xe9, 0xf2, 0xff, 0xff,
  0xe9, 0xf2, 0xff, 0xff, 0xe9, 0xf2, 0xff, 0xff, 0xe9, 0xf2, 0xff, 0xff, 0xe9, 0xf2, 0xff, 0xff,
  0xe9, 0xf2, 0xff, 0xff, 0xe9, 0xf2, 0xff, 0xff, 0xe9, 0xf2, 0xff, 0xff, 0xe9, 0xf2, 0xff, 0xff,
  0xe9, 0xf2, 0xff, 0xff, 0xe9, 0xf2, 0xff, 0xff, 0xe9, 0xf2, 0xff, 0xff, 0xe9, 0xf2, 0xff, 0xff,
  0xe9, 0xf2, 0xff, 0xff, 0xe9, 0xf2, 0xff, 0xff, 0xe9, 0xf2, 0xff, 0xff, 0xe9, 0xf2, 0xff, 0xff,
  0xe9, 0xf2, 0xff, 0xff, 0xe9, 0xf2, 0xff, 0xff, 0xe9, 0xf2, 0xff, 0xff, 0xe9, 0xf2, 0xff, 0xff,
  0xe9, 0xf2, 0xff, 0xff, 0xe9, 0xf2, 0xff, 0xff, 0xe9, 0xf2, 0xff, 0xff, 0xe9, 0xf2, 0xff, 0xff,
  0xe9, 0xf2, 0xff, 0xff, 0xe9, 0xf2, 0xff, 0xff, 0xe9, 0xf2, 0xff, 0xff, 0xe9, 0xf2, 0xff, 0xff,
  0xe9, 0xf2, 0xff, 0xff, 0xe9, 0xf2, 0xff, 0xff, 0xe9, 0xf2, 0xff, 0xff, 0xe9, 0xf2, 0xff, 0xff,
  0xe9, 0xf2, 0xff, 0xff, 0xe9, 0xf2, 0xff, 0xff, 0xe9, 0xf2, 0xff, 0xff, 0xe9, 0xf2, 0xff, 0xff,
  0xe9, 0xf2, 0xff, 0xff, 0xe9, 0xf2, 0xff, 0xff, 0xe9, 0xf2, 0xff, 0xff, 0xe9, 0xf2, 0xff, 0xff,
  0xe9, 0xf2, 0xff, 0xff, 0xe9, 0xf2, 0xff, 0xff, 0xe9, 0xf2, 0xff, 0xff, 0xe9, 0xf2, 0xff, 0xff,
  0xe9, 0xf2, 0xff, 0xff, 0xe9, 0xf2, 0xff, 0xff, 0xe9, 0xf2, 0xff, 0xff, 0xe9, 0xf2, 0xff, 0xff,
  0xba, 0xc0, 0xcc, 0xa0, 0x00, 0x00, 0x00, 0x40, 0x00, 0x00, 0x00, 0x40, 0x00, 0x00, 0x00, 0x20,
  0x00, 0x00, 0x00, 0x00, 0x00, 0x00, 0x00, 0x00, 0x00, 0x00, 0x00, 0x00, 0x00, 0x00, 0x00, 0x00,
  0x00, 0x00, 0x00, 0x00, 0x00, 0x00, 0x00, 0x00, 0x00, 0x00, 0x00, 0x00, 0x00, 0x00, 0x00, 0x00,
  0x00, 0x00, 0x00, 0x00, 0x00, 0x00, 0x00, 0x00, 0x00, 0x00, 0x00, 0x00, 0x00, 0x00, 0x00, 0x00,
  0x00, 0x00, 0x00, 0x00, 0x00, 0x00, 0x00, 0x00, 0x00, 0x00, 0x00, 0x00, 0x00, 0x00, 0x00, 0x00,
  0x00, 0x00, 0x00, 0x00, 0x00, 0x00, 0x00, 0x00, 0x00, 0x00, 0x00, 0x00, 0x00, 0x00, 0x00, 0x00,
  0x00, 0x00, 0x00, 0x00, 0x00, 0x00, 0x00, 0x00, 0xe9, 0xf1, 0xff, 0x80, 0xe9, 0xf2, 0xff, 0xff,
  0xe9, 0xf2, 0xff, 0xff, 0xe9, 0xf2, 0xff, 0xff, 0xe9, 0xf2, 0xff, 0xff, 0xe9, 0xf2, 0xff, 0xff,
  0xe9, 0xf2, 0xff, 0xff, 0xe9, 0xf2, 0xff, 0xff, 0xe9, 0xf2, 0xff, 0xff, 0xe9, 0xf2, 0xff, 0xff,
  0xe9, 0xf2, 0xff, 0xff, 0xe9, 0xf2, 0xff, 0xff, 0xe9, 0xf2, 0xff, 0xff, 0xe9, 0xf2, 0xff, 0xff,
  0xe9, 0xf2, 0xff, 0xff, 0xe9, 0xf2, 0xff, 0xff, 0xe9, 0xf2, 0xff, 0xff, 0xe9, 0xf2, 0xff, 0xff,
  0xe9, 0xf2, 0xff, 0xff, 0xe9, 0xf2, 0xff, 0xff, 0xe9, 0xf2, 0xff, 0xff, 0xe9, 0xf2, 0xff, 0xff,
  0xe9, 0xf2, 0xff, 0xff, 0xe9, 0xf2, 0xff, 0xff, 0xe9, 0xf2, 0xff, 0xff, 0xe9, 0xf2, 0xff, 0xff,
  0xe9, 0xf2, 0xff, 0xff, 0xe9, 0xf2, 0xff, 0xff, 0xe9, 0xf2, 0xff, 0xff, 0xe9, 0xf2, 0xff, 0xff,
  0xe9, 0xf2, 0xff, 0xff, 0xe9, 0xf2, 0xff, 0xff, 0xe9, 0xf2, 0xff, 0xff, 0xe9, 0xf2, 0xff, 0xff,
  0xe9, 0xf2, 0xff, 0xff, 0xe9, 0xf2, 0xff, 0xff, 0xe9, 0xf2, 0xff, 0xff, 0xe9, 0xf2, 0xff, 0xff,
  0xe9, 0xf2, 0xff, 0xff, 0xe9, 0xf2, 0xff, 0xff, 0xe9, 0xf2, 0xff, 0xff, 0xe9, 0xf2, 0xff, 0xff,
  0xe9, 0xf2, 0xff, 0xff, 0xe9, 0xf2, 0xff, 0xff, 0xe9, 0xf2, 0xff, 0xff, 0xe9, 0xf2, 0xff, 0xff,
  0xe9, 0xf2, 0xff, 0xff, 0xe9, 0xf2, 0xff, 0xff, 0xe9, 0xf2, 0xff, 0xff, 0xe9, 0xf2, 0xff, 0xff,
  0xe9, 0xf2, 0xff, 0xff, 0xe9, 0xf2, 0xff, 0xff, 0xe9, 0xf2, 0xff, 0xff, 0xe9, 0xf2, 0xff, 0xff,
  0xe9, 0xf2, 0xff, 0xff, 0xe9, 0xf2, 0xff, 0xff, 0xe9, 0xf2, 0xff, 0xff, 0xe9, 0xf2, 0xff, 0xff,
  0xe9, 0xf2, 0xff, 0xff, 0xe9, 0xf2, 0xff, 0xff, 0xe9, 0xf2, 0xff, 0xff, 0xe9, 0xf2, 0xff, 0xff,
  0xe9, 0xf2, 0xff, 0xff, 0xe9, 0xf2, 0xff, 0xff, 0xe9, 0xf2, 0xff, 0xff, 0xe9, 0xf2, 0xff, 0xff,
  0xe9, 0xf2, 0xff, 0xff, 0xe9, 0xf2, 0xff, 0xff, 0xe9, 0xf2, 0xff, 0xff, 0xe9, 0xf2, 0xff, 0xff,
  0xe9, 0xf2, 0xff, 0xff, 0xe9, 0xf2, 0xff, 0xff, 0xe9, 0xf2, 0xff, 0xff, 0xe9, 0xf2, 0xff, 0xff,
  0xe9, 0xf2, 0xff, 0xff, 0xe9, 0xf2, 0xff, 0xff, 0xe9, 0xf2, 0xff, 0xff, 0xe9, 0xf2, 0xff, 0xff,
  0xe9, 0xf2, 0xff, 0xff, 0xe9, 0xf2, 0xff, 0xff, 0xe9, 0xf2, 0xff, 0xff, 0xe9, 0xf2, 0xff, 0xff,
  0xe9, 0xf2, 0xff, 0xff, 0xe9, 0xf2, 0xff, 0xff, 0xe9, 0xf2, 0xff, 0xff, 0xe9, 0xf2, 0xff, 0xff,
  0xba, 0xc0, 0xcc, 0xa0, 0x00, 0x00, 0x00, 0x40, 0x00, 0x00, 0x00, 0x40, 0x00, 0x00, 0x00, 0x20,
  0x00, 0x00, 0x00, 0x00, 0x00, 0x00, 0x00, 0x00, 0x00, 0x00, 0x00, 0x00, 0x00, 0x00, 0x00, 0x00,
  0x00, 0x00, 0x00, 0x00, 0x00, 0x00, 0x00, 0x00, 0x00, 0x00, 0x00, 0x00, 0x00, 0x00, 0x00, 0x00,
  0x00, 0x00, 0x00, 0x00, 0x00, 0x00, 0x00, 0x00, 0x00, 0x00, 0x00, 0x00, 0x00, 0x00, 0x00, 0x00,
  0x00, 0x00, 0x00, 0x00, 0x00, 0x00, 0x00, 0x00, 0x00, 0x00, 0x00, 0x00, 0x00, 0x00, 0x00, 0x00,
  0x00, 0x00, 0x00, 0x00, 0x00, 0x00, 0x00, 0x00, 0x00, 0x00, 0x00, 0x00, 0x00, 0x00, 0x00, 0x00,
  0x00, 0x00, 0x00, 0x00, 0x00, 0x00, 0x00, 0x00, 0xe7, 0xf1, 0xff, 0x80, 0xe8, 0xf2, 0xff, 0xff,
  0xe8, 0xf2, 0xff, 0xff, 0xe8, 0xf2, 0xff, 0xff, 0xe8, 0xf2, 0xff, 0xff, 0xe8, 0xf2, 0xff, 0xff,
  0xe8, 0xf2, 0xff, 0xff, 0xe8, 0xf2, 0xff, 0xff, 0xe8, 0xf2, 0xff, 0xff, 0xe8, 0xf2, 0xff, 0xff,
  0xe8, 0xf2, 0xff, 0xff, 0xeb, 0xdd, 0xc2, 0xff, 0xeb, 0xdd, 0xc2, 0xff, 0xe9, 0xef, 0xf7, 0xff,
  0xe8, 0xf2, 0xff, 0xff, 0xe8, 0xf2, 0xff, 0xff, 0xe8, 0xf2, 0xff, 0xff, 0xe8, 0xf2, 0xff, 0xff,
  0xe8, 0xf2, 0xff, 0xff, 0xe8, 0xf2, 0xff, 0xff, 0xe8, 0xf2, 0xff, 0xff, 0xe8, 0xf2, 0xff, 0xff,
  0xe8, 0xf2, 0xff, 0xff, 0xe8, 0xf2, 0xff, 0xff, 0xe8, 0xf2, 0xff, 0xff, 0xe8, 0xf2, 0xff, 0xff,
  0xe8, 0xf2, 0xff, 0xff, 0xe8, 0xf2, 0xff, 0xff, 0xe8, 0xf2, 0xff, 0xff, 0xe8, 0xf2, 0xff, 0xff,
  0xe8, 0xf2, 0xff, 0xff, 0xe8, 0xf2, 0xff, 0xff, 0xe8, 0xf2, 0xff, 0xff, 0xe8, 0xf2, 0xff, 0xff,
  0xe8, 0xf2, 0xff, 0xff, 0xe8, 0xf2, 0xff, 0xff, 0xe8, 0xf2, 0xff, 0xff, 0xe8, 0xf2, 0xff, 0xff,
  0xe8, 0xf2, 0xff, 0xff, 0xe8, 0xf2, 0xff, 0xff, 0xe8, 0xf2, 0xff, 0xff, 0xe8, 0xf2, 0xff, 0xff,
  0xe8, 0xf2, 0xff, 0xff, 0xe8, 0xf2, 0xff, 0xff, 0xe8, 0xf2, 0xff, 0xff, 0xe8, 0xf2, 0xff, 0xff,
  0xe8, 0xf2, 0xff, 0xff, 0xe8, 0xf2, 0xff, 0xff, 0xe8, 0xf2, 0xff, 0xff, 0xe8, 0xf2, 0xff, 0xff,
  0xe8, 0xf2, 0xff, 0xff, 0xe8, 0xf2, 0xff, 0xff, 0xe8, 0xf2, 0xff, 0xff, 0xe8, 0xf2, 0xff, 0xff,
  0xe8, 0xf2, 0xff, 0xff, 0xe8, 0xf2, 0xff, 0xff, 0xe8, 0xf2, 0xff, 0xff, 0xe8, 0xf2, 0xff, 0xff,
  0xe8, 0xf2, 0xff, 0xff, 0xe8, 0xf2, 0xff, 0xff, 0xe8, 0xf2, 0xff, 0xff, 0xe8, 0xf2, 0xff, 0xff,
  0xe8, 0xf2, 0xff, 0xff, 0xe8, 0xf2, 0xff, 0xff, 0xe8, 0xf2, 0xff, 0xff, 0xe8, 0xf2, 0xff, 0xff,
  0xe8, 0xf2, 0xff, 0xff, 0xe8, 0xf2, 0xff, 0xff, 0xe8, 0xf2, 0xff, 0xff, 0xe8, 0xf2, 0xff, 0xff,
  0xe8, 0xf2, 0xff, 0xff, 0xe8, 0xf2, 0xff, 0xff, 0xe8, 0xf2, 0xff, 0xff, 0xe8, 0xf2, 0xff, 0xff,
  0xe8, 0xf2, 0xff, 0xff, 0xe8, 0xf2, 0xff, 0xff, 0xe8, 0xf2, 0xff, 0xff, 0xe8, 0xf2, 0xff, 0xff,
  0xe8, 0xf2, 0xff, 0xff, 0xe8, 0xf2, 0xff, 0xff, 0xe8, 0xf2, 0xff, 0xff, 0xe8, 0xf2, 0xff, 0xff,
  0xe8, 0xf2, 0xff, 0xff, 0xe8, 0xf2, 0xff, 0xff, 0xe8, 0xf2, 0xff, 0xff, 0xe8, 0xf2, 0xff, 0xff,
  0xb8, 0xc0, 0xcc, 0xa0, 0x00, 0x00, 0x00, 0x40, 0x00, 0x00, 0x00, 0x40, 0x00, 0x00, 0x00, 0x20,
  0x00, 0x00, 0x00, 0x00, 0x00, 0x00, 0x00, 0x00, 0x00, 0x00, 0x00, 0x00, 0x00, 0x00, 0x00, 0x00,
  0x00, 0x00, 0x00, 0x00, 0x00, 0x00, 0x00, 0x00, 0x00, 0x00, 0x00, 0x00, 0x00, 0x00, 0x00, 0x00,
  0x00, 0x00, 0x00, 0x00, 0x00, 0x00, 0x00, 0x00, 0x00, 0x00, 0x00, 0x00, 0x00, 0x00, 0x00, 0x00,
  0x00, 0x00, 0x00, 0x00, 0x00, 0x00, 0x00, 0x00, 0x00, 0x00, 0x00, 0x00, 0x00, 0x00, 0x00, 0x00,
  0x00, 0x00, 0x00, 0x00, 0x00, 0x00, 0x00, 0x00, 0x00, 0x00, 0x00, 0x00, 0x00, 0x00, 0x00, 0x00,
  0x00, 0x00, 0x00, 0x00, 0x00, 0x00, 0x00, 0x00, 0xe7, 0xf1, 0xff, 0x80, 0xe8, 0xf2, 0xff, 0xff,
  0xe8, 0xf2, 0xff, 0xff, 0xe8, 0xf2, 0xff, 0xff, 0xe8, 0xf2, 0xff, 0xff, 0xe8, 0xf2, 0xff, 0xff,
  0xe8, 0xf2, 0xff, 0xff, 0xe8, 0xf2, 0xff, 0xff, 0xe8, 0xf2, 0xff, 0xff, 0xea, 0xe2, 0xd1, 0xff,
  0xf3, 0xab, 0x31, 0xff, 0xf5, 0x9e, 0x0b, 0xff, 0xf5, 0x9e, 0x0b, 0xff, 0xf5, 0xa3, 0x1a, 0xff,
  0xec, 0xd7, 0xb2, 0xff, 0xe8, 0xf2, 0xff, 0xff, 0xe8, 0xf2, 0xff, 0xff, 0xe8, 0xf2, 0xff, 0xff,
  0xe8, 0xf2, 0xff, 0xff, 0xe8, 0xf2, 0xff, 0xff, 0xe8, 0xf2, 0xff, 0xff, 0xe8, 0xf2, 0xff, 0xff,
  0xe8, 0xf2, 0xff, 0xff, 0xe8, 0xf2, 0xff, 0xff, 0xe8, 0xf2, 0xff, 0xff, 0xe8, 0xf2, 0xff, 0xff,
  0xe8, 0xf2, 0xff, 0xff, 0xe8, 0xf2, 0xff, 0xff, 0xe8, 0xf2, 0xff, 0xff, 0xe8, 0xf2, 0xff, 0xff,
  0xe8, 0xf2, 0xff, 0xff, 0xe8, 0xf2, 0xff, 0xff, 0xe8, 0xf2, 0xff, 0xff, 0xe8, 0xf2, 0xff, 0xff,
  0xe8, 0xf2, 0xff, 0xff, 0xe8, 0xf2, 0xff, 0xff, 0xe8, 0xf2, 0xff, 0xff, 0xe8, 0xf2, 0xff, 0xff,
  0xe8, 0xf2, 0xff, 0xff, 0xe8, 0xf2, 0xff, 0xff, 0xe8, 0xf2, 0xff, 0xff, 0xe8, 0xf2, 0xff, 0xff,
  0xe8, 0xf2, 0xff, 0xff, 0xe8, 0xf2, 0xff, 0xff, 0xe8, 0xf2, 0xff, 0xff, 0xe8, 0xf2, 0xff, 0xff,
  0xe8, 0xf2, 0xff, 0xff, 0xe8, 0xf2, 0xff, 0xff, 0xe8, 0xf2, 0xff, 0xff, 0xe8, 0xf2, 0xff, 0xff,
  0xe8, 0xf2, 0xff, 0xff, 0xe8, 0xf2, 0xff, 0xff, 0xe8, 0xf2, 0xff, 0xff, 0xe8, 0xf2, 0xff, 0xff,
  0xe8, 0xf2, 0xff, 0xff, 0xe8, 0xf2, 0xff, 0xff, 0xe8, 0xf2, 0xff, 0xff, 0xe8, 0xf2, 0xff, 0xff,
  0xe8, 0xf2, 0xff, 0xff, 0xe8, 0xf2, 0xff, 0xff, 0xe8, 0xf2, 0xff, 0xff, 0xe8, 0xf2, 0xff, 0xff,
  0xe8, 0xf2, 0xff, 0xff, 0xe8, 0xf2, 0xff, 0xff, 0xe8, 0xf2, 0xff, 0xff, 0xe8, 0xf2, 0xff, 0xff,
  0xe8, 0xf2, 0xff, 0xff, 0xe8, 0xf2, 0xff, 0xff, 0xb9, 0xe7, 0xea, 0xff, 0xb9, 0xe7, 0xea, 0xff,
  0xb9, 0xe7, 0xea, 0xff, 0xb9, 0xe7, 0xeb, 0xff, 0xb9, 0xe7, 0xeb, 0xff, 0xe2, 0xf0, 0xfd, 0xff,
  0xe8, 0xf2, 0xff, 0xff, 0xe8, 0xf2, 0xff, 0xff, 0xe8, 0xf2, 0xff, 0xff, 0xe8, 0xf2, 0xff, 0xff,
  0xe8, 0xf2, 0xff, 0xff, 0xe8, 0xf2, 0xff, 0xff, 0xe8, 0xf2, 0xff, 0xff, 0xe8, 0xf2, 0xff, 0xff,
  0xe8, 0xf2, 0xff, 0xff, 0xe8, 0xf2, 0xff, 0xff, 0xe8, 0xf2, 0xff, 0xff, 0xe8, 0xf2, 0xff, 0xff,
  0xb8, 0xc0, 0xcc, 0xa0, 0x00, 0x00, 0x00, 0x40, 0x00, 0x00, 0x00, 0x40, 0x00, 0x00, 0x00, 0x20,
  0x00, 0x00, 0x00, 0x00, 0x00, 0x00, 0x00, 0x00, 0x00, 0x00, 0x00, 0x00, 0x00, 0x00, 0x00, 0x00,
  0x00, 0x00, 0x00, 0x00, 0x00, 0x00, 0x00, 0x00, 0x00, 0x00, 0x00, 0x00, 0x00, 0x00, 0x00, 0x00,
  0x00, 0x00, 0x00, 0x00, 0x00, 0x00, 0x00, 0x00, 0x00, 0x00, 0x00, 0x00, 0x00, 0x00, 0x00, 0x00,
  0x00, 0x00, 0x00, 0x00, 0x00, 0x00, 0x00, 0x00, 0x00, 0x00, 0x00, 0x00, 0x00, 0x00, 0x00, 0x00,
  0x00, 0x00, 0x00, 0x00, 0x00, 0x00, 0x00, 0x00, 0x00, 0x00, 0x00, 0x00, 0x00, 0x00, 0x00, 0x00,
  0x00, 0x00, 0x00, 0x00, 0x00, 0x00, 0x00, 0x00, 0xe7, 0xf1, 0xff, 0x80, 0xe8, 0xf2, 0xff, 0xff,
  0xe8, 0xf2, 0xff, 0xff, 0xe8, 0xf2, 0xff, 0xff, 0xe8, 0xf2, 0xff, 0xff, 0xe8, 0xf2, 0xff, 0xff,
  0xe8, 0xf2, 0xff, 0xff, 0xe8, 0xf2, 0xff, 0xff, 0xe9, 0xef, 0xf7, 0xff, 0xf3, 0xa8, 0x2a, 0xff,
  0xf5, 0x9e, 0x0b, 0xff, 0xf5, 0x9e, 0x0b, 0xff, 0xf5, 0x9e, 0x0b, 0xff, 0xf5, 0x9e, 0x0b, 0xff,
  0xf4, 0xa1, 0x13, 0xff, 0xea, 0xe8, 0xe0, 0xff, 0xe8, 0xf2, 0xff, 0xff, 0xe8, 0xf2, 0xff, 0xff,
  0xe8, 0xf2, 0xff, 0xff, 0xe8, 0xf2, 0xff, 0xff, 0xe8, 0xf2, 0xff, 0xff, 0xe8, 0xf2, 0xff, 0xff,
  0xe8, 0xf2, 0xff, 0xff, 0xe8, 0xf2, 0xff, 0xff, 0xe8, 0xf2, 0xff, 0xff, 0xe8, 0xf2, 0xff, 0xff,
  0xe8, 0xf2, 0xff, 0xff, 0xe8, 0xf2, 0xff, 0xff, 0xe8, 0xf2, 0xff, 0xff, 0xe8, 0xf2, 0xff, 0xff,
  0xe8, 0xf2, 0xff, 0xff, 0xe8, 0xf2, 0xff, 0xff, 0xe8, 0xf2, 0xff, 0xff, 0xe8, 0xf2, 0xff, 0xff,
  0xe8, 0xf2, 0xff, 0xff, 0xe8, 0xf2, 0xff, 0xff, 0xe8, 0xf2, 0xff, 0xff, 0xe8, 0xf2, 0xff, 0xff,
  0xe8, 0xf2, 0xff, 0xff, 0xe8, 0xf2, 0xff, 0xff, 0xe8, 0xf2, 0xff, 0xff, 0xe8, 0xf2, 0xff, 0xff,
  0xe8, 0xf2, 0xff, 0xff, 0xe8, 0xf2, 0xff, 0xff, 0xe8, 0xf2, 0xff, 0xff, 0xe8, 0xf2, 0xff, 0xff,
  0xe8, 0xf2, 0xff, 0xff, 0xe8, 0xf2, 0xff, 0xff, 0xe8, 0xf2, 0xff, 0xff, 0xe8, 0xf2, 0xff, 0xff,
  0xe8, 0xf2, 0xff, 0xff, 0xe8, 0xf2, 0xff, 0xff, 0xe8, 0xf2, 0xff, 0xff, 0xe8, 0xf2, 0xff, 0xff,
  0xe8, 0xf2, 0xff, 0xff, 0xe8, 0xf2, 0xff, 0xff, 0xe8, 0xf2, 0xff, 0xff, 0xe8, 0xf2, 0xff, 0xff,
  0xe8, 0xf2, 0xff, 0xff, 0xe8, 0xf2, 0xff, 0xff, 0xe8, 0xf2, 0xff, 0xff, 0xe8, 0xf2, 0xff, 0xff,
  0xe8, 0xf2, 0xff, 0xff, 0xe8, 0xf2, 0xff, 0xff, 0xad, 0xe5, 0xe4, 0xff, 0x73, 0xd9, 0xca, 0xff,
  0x3e, 0xcd, 0xb2, 0xff, 0x2c, 0xc9, 0xab, 0xff, 0x2b, 0xc8, 0xac, 0xff, 0x2b, 0xc8, 0xad, 0xff,
  0x2a, 0xc7, 0xae, 0xff, 0x2a, 0xc7, 0xaf, 0xff, 0x29, 0xc6, 0xb0, 0xff, 0x28, 0xc5, 0xb1, 0xff,
  0x35, 0xc8, 0xb7, 0xff, 0x6f, 0xd6, 0xd0, 0xff, 0xa5, 0xe1, 0xe5, 0xff, 0xe2, 0xf0, 0xfd, 0xff,
  0xe8, 0xf2, 0xff, 0xff, 0xe8, 0xf2, 0xff, 0xff, 0xe8, 0xf2, 0xff, 0xff, 0xe8, 0xf2, 0xff, 0xff,
  0xe8, 0xf2, 0xff, 0xff, 0xe8, 0xf2, 0xff, 0xff, 0xe8, 0xf2, 0xff, 0xff, 0xe8, 0xf2, 0xff, 0xff,
  0xb8, 0xc0, 0xcc, 0xa0, 0x00, 0x00, 0x00, 0x40, 0x00, 0x00, 0x00, 0x40, 0x00, 0x00, 0x00, 0x20,
  0x00, 0x00, 0x00, 0x00, 0x00, 0x00, 0x00, 0x00, 0x00, 0x00, 0x00, 0x00, 0x00, 0x00, 0x00, 0x00,
  0x00, 0x00, 0x00, 0x00, 0x00, 0x00, 0x00, 0x00, 0x00, 0x00, 0x00, 0x00, 0x00, 0x00, 0x00, 0x00,
  0x00, 0x00, 0x00, 0x00, 0x00, 0x00, 0x00, 0x00, 0x00, 0x00, 0x00, 0x00, 0x00, 0x00, 0x00, 0x00,
  0x00, 0x00, 0x00, 0x00, 0x00, 0x00, 0x00, 0x00, 0x00, 0x00, 0x00, 0x00, 0x00, 0x00, 0x00, 0x00,
  0x00, 0x00, 0x00, 0x00, 0x00, 0x00, 0x00, 0x00, 0x00, 0x00, 0x00, 0x00, 0x00, 0x00, 0x00, 0x00,
  0x00, 0x00, 0x00, 0x00, 0x00, 0x00, 0x00, 0x00, 0xe7, 0xf1, 0xff, 0x80, 0xe8, 0xf2, 0xff, 0xff,
  0xe8, 0xf2, 0xff, 0xff, 0xe8, 0xf2, 0xff, 0xff, 0xe8, 0xf2, 0xff, 0xff, 0xe8, 0xf2, 0xff, 0xff,
  0xe8, 0xf2, 0xff, 0xff, 0xe8, 0xf2, 0xff, 0xff, 0xec, 0xd7, 0xb2, 0xff, 0xf5, 0x9e, 0x0b, 0xff,
  0xf5, 0x9e, 0x0b, 0xff, 0xf5, 0x9e, 0x0b, 0xff, 0xf5, 0x9e, 0x0b, 0xff, 0xf5, 0x9e, 0x0b, 0xff,
  0xf5, 0x9e, 0x0b, 0xff, 0xed, 0xcd, 0x94, 0xff, 0xe8, 0xf2, 0xff, 0xff, 0xe8, 0xf2, 0xff, 0xff,
  0xe8, 0xf2, 0xff, 0xff, 0xe8, 0xf2, 0xff, 0xff, 0xe8, 0xf2, 0xff, 0xff, 0xe8, 0xf2, 0xff, 0xff,
  0xe8, 0xf2, 0xff, 0xff, 0xe8, 0xf2, 0xff, 0xff, 0xe8, 0xf2, 0xff, 0xff, 0xe8, 0xf2, 0xff, 0xff,
  0xe8, 0xf2, 0xff, 0xff, 0xe8, 0xf2, 0xff, 0xff, 0xe8, 0xf2, 0xff, 0xff, 0xe8, 0xf2, 0xff, 0xff,
  0xe8, 0xf2, 0xff, 0xff, 0xe8, 0xf2, 0xff, 0xff, 0xe8, 0xf2, 0xff, 0xff, 0xe8, 0xf2, 0xff, 0xff,
  0xe8, 0xf2, 0xff, 0xff, 0xe8, 0xf2, 0xff, 0xff, 0xe8, 0xf2, 0xff, 0xff, 0xe8, 0xf2, 0xff, 0xff,
  0xe8, 0xf2, 0xff, 0xff, 0xe8, 0xf2, 0xff, 0xff, 0xe8, 0xf2, 0xff, 0xff, 0xe8, 0xf2, 0xff, 0xff,
  0xe8, 0xf2, 0xff, 0xff, 0xe8, 0xf2, 0xff, 0xff, 0xe8, 0xf2, 0xff, 0xff, 0xe8, 0xf2, 0xff, 0xff,
  0xe8, 0xf2, 0xff, 0xff, 0xe8, 0xf2, 0xff, 0xff, 0xe8, 0xf2, 0xff, 0xff, 0xe8, 0xf2, 0xff, 0xff,
  0xe8, 0xf2, 0xff, 0xff, 0xe8, 0xf2, 0xff, 0xff, 0xe8, 0xf2, 0xff, 0xff, 0xe8, 0xf2, 0xff, 0xff,
  0xe8, 0xf2, 0xff, 0xff, 0xe8, 0xf2, 0xff, 0xff, 0xe8, 0xf2, 0xff, 0xff, 0xe8, 0xf2, 0xff, 0xff,
  0xe8, 0xf2, 0xff, 0xff, 0xe8, 0xf2, 0xff, 0xff, 0xe8, 0xf2, 0xff, 0xff, 0xdc, 0xf0, 0xf9, 0xff,
  0x8b, 0xdf, 0xd3, 0xff, 0x33, 0xcc, 0xab, 0xff, 0x2d, 0xca, 0xa9, 0xff, 0x2c, 0xc9, 0xaa, 0xff,
  0x2c, 0xc9, 0xab, 0xff, 0x2b, 0xc8, 0xac, 0xff, 0x2b, 0xc8, 0xad, 0xff, 0x2a, 0xc7, 0xae, 0xff,
  0x2a, 0xc7, 0xaf, 0xff, 0x29, 0xc6, 0xb0, 0xff, 0x28, 0xc5, 0xb1, 0xff, 0x28, 0xc5, 0xb2, 0xff,
  0x27, 0xc4, 0xb3, 0xff, 0x27, 0xc4, 0xb4, 0xff, 0x27, 0xc3, 0xb5, 0xff, 0x2c, 0xc4, 0xb8, 0xff,
  0x7b, 0xd7, 0xd8, 0xff, 0xd5, 0xed, 0xf8, 0xff, 0xe8, 0xf2, 0xff, 0xff, 0xe8, 0xf2, 0xff, 0xff,
  0xe8, 0xf2, 0xff, 0xff, 0xe8, 0xf2, 0xff, 0xff, 0xe8, 0xf2, 0xff, 0xff, 0xe8, 0xf2, 0xff, 0xff,
  0xb8, 0xc0, 0xcc, 0xa0, 0x00, 0x00, 0x00, 0x40, 0x00, 0x00, 0x00, 0x40, 0x00, 0x00, 0x00, 0x20,
  0x00, 0x00, 0x00, 0x00, 0x00, 0x00, 0x00, 0x00, 0x00, 0x00, 0x00, 0x00, 0x00, 0x00, 0x00, 0x00,
  0x00, 0x00, 0x00, 0x00, 0x00, 0x00, 0x00, 0x00, 0x00, 0x00, 0x00, 0x00, 0x00, 0x00, 0x00, 0x00,
  0x00, 0x00, 0x00, 0x00, 0x00, 0x00, 0x00, 0x00, 0x00, 0x00, 0x00, 0x00, 0x00, 0x00, 0x00, 0x00,
  0x00, 0x00, 0x00, 0x00, 0x00, 0x00, 0x00, 0x00, 0x00, 0x00, 0x00, 0x00, 0x00, 0x00, 0x00, 0x00,
  0x00, 0x00, 0x00, 0x00, 0x00, 0x00, 0x00, 0x00, 0x00, 0x00, 0x00, 0x00, 0x00, 0x00, 0x00, 0x00,
  0x00, 0x00, 0x00, 0x00, 0x00, 0x00, 0x00, 0x00, 0xe7, 0xf1, 0xff, 0x80, 0xe7, 0xf1, 0xff, 0xff,
  0xe7, 0xf1, 0xff, 0xff, 0xe7, 0xf1, 0xff, 0xff, 0xe7, 0xf1, 0xff, 0xff, 0xe7, 0xf1, 0xff, 0xff,
  0xe7, 0xf1, 0xff, 0xff, 0xe7, 0xf1, 0xff, 0xff, 0xec, 0xd1, 0xa3, 0xff, 0xf5, 0x9e, 0x0b, 0xff,
  0xf5, 0x9e, 0x0b, 0xff, 0xf5, 0x9e, 0x0b, 0xff, 0xf5, 0x9e, 0x0b, 0xff, 0xf5, 0x9e, 0x0b, 0xff,
  0xf5, 0x9e, 0x0b, 0xff, 0xda, 0xb9, 0x7f, 0xff, 0xc2, 0xd2, 0xe7, 0xff, 0xc2, 0xd2, 0xe7, 0xff,
  0xc2, 0xd2, 0xe7, 0xff, 0xc2, 0xd2, 0xe7, 0xff, 0xc2, 0xd2, 0xe7, 0xff, 0xc2, 0xd2, 0xe7, 0xff,
  0xc2, 0xd2, 0xe7, 0xff, 0xc2, 0xd2, 0xe7, 0xff, 0xc2, 0xd2, 0xe7, 0xff, 0xc2, 0xd2, 0xe7, 0xff,
  0xc2, 0xd2, 0xe7, 0xff, 0xc2, 0xd2, 0xe7, 0xff, 0xc2, 0xd2, 0xe7, 0xff, 0xc2, 0xd2, 0xe7, 0xff,
  0xc2, 0xd2, 0xe7, 0xff, 0xc2, 0xd2, 0xe7, 0xff, 0xc2, 0xd2, 0xe7, 0xff, 0xc2, 0xd2, 0xe7, 0xff,
  0xc2, 0xd2, 0xe7, 0xff, 0xc2, 0xd2, 0xe7, 0xff, 0xc2, 0xd2, 0xe7, 0xff, 0xc2, 0xd2, 0xe7, 0xff,
  0xc2, 0xd2, 0xe7, 0xff, 0xc2, 0xd2, 0xe7, 0xff, 0xc2, 0xd2, 0xe7, 0xff, 0xc2, 0xd2, 0xe7, 0xff,
  0xc2, 0xd2, 0xe7, 0xff, 0xc2, 0xd2, 0xe7, 0xff, 0xc2, 0xd2, 0xe7, 0xff, 0xc2, 0xd2, 0xe7, 0xff,
  0xc2, 0xd2, 0xe7, 0xff, 0xc2, 0xd2, 0xe7, 0xff, 0xc2, 0xd2, 0xe7, 0xff, 0xc2, 0xd2, 0xe7, 0xff,
  0xc2, 0xd2, 0xe7, 0xff, 0xc2, 0xd2, 0xe7, 0xff, 0xc2, 0xd2, 0xe7, 0xff, 0xc2, 0xd2, 0xe7, 0xff,
  0xc2, 0xd2, 0xe7, 0xff, 0xc2, 0xd2, 0xe7, 0xff, 0xc2, 0xd2, 0xe7, 0xff, 0xc2, 0xd2, 0xe7, 0xff,
  0xc2, 0xd2, 0xe7, 0xff, 0xbd, 0xd1, 0xe5, 0xff, 0x81, 0xcf, 0xcb, 0xff, 0x3c, 0xcc, 0xad, 0xff,
  0x2d, 0xca, 0xa8, 0xff, 0x2d, 0xca, 0xa9, 0xff, 0x2c, 0xc9, 0xaa, 0xff, 0x2c, 0xc9, 0xab, 0xff,
  0x2b, 0xc8, 0xac, 0xff, 0x2b, 0xc8, 0xad, 0xff, 0x2a, 0xc7, 0xae, 0xff, 0x2a, 0xc7, 0xaf, 0xff,
  0x29, 0xc6, 0xb0, 0xff, 0x28, 0xc5, 0xb1, 0xff, 0x28, 0xc5, 0xb2, 0xff, 0x27, 0xc4, 0xb3, 0xff,
  0x27, 0xc4, 0xb4, 0xff, 0x27, 0xc3, 0xb5, 0xff, 0x26, 0xc2, 0xb6, 0xff, 0x26, 0xc2, 0xb8, 0xff,
  0x25, 0xc1, 0xb9, 0xff, 0x30, 0xc3, 0xbe, 0xff, 0x85, 0xd8, 0xdd, 0xff, 0xe1, 0xef, 0xfd, 0xff,
  0xe7, 0xf1, 0xff, 0xff, 0xe7, 0xf1, 0xff, 0xff, 0xe7, 0xf1, 0xff, 0xff, 0xe7, 0xf1, 0xff, 0xff,
  0xb8, 0xc0, 0xcc, 0xa0, 0x00, 0x00, 0x00, 0x40, 0x00, 0x00, 0x00, 0x40, 0x00, 0x00, 0x00, 0x20,
  0x00, 0x00, 0x00, 0x00, 0x00, 0x00, 0x00, 0x00, 0x00, 0x00, 0x00, 0x00, 0x00, 0x00, 0x00, 0x00,
  0x00, 0x00, 0x00, 0x00, 0x00, 0x00, 0x00, 0x00, 0x00, 0x00, 0x00, 0x00, 0x00, 0x00, 0x00, 0x00,
  0x00, 0x00, 0x00, 0x00, 0x00, 0x00, 0x00, 0x00, 0x00, 0x00, 0x00, 0x00, 0x00, 0x00, 0x00, 0x00,
  0x00, 0x00, 0x00, 0x00, 0x00, 0x00, 0x00, 0x00, 0x00, 0x00, 0x00, 0x00, 0x00, 0x00, 0x00, 0x00,
  0x00, 0x00, 0x00, 0x00, 0x00, 0x00, 0x00, 0x00, 0x00, 0x00, 0x00, 0x00, 0x00, 0x00, 0x00, 0x00,
  0x00, 0x00, 0x00, 0x00, 0x00, 0x00, 0x00, 0x00, 0xe7, 0xf1, 0xff, 0x80, 0xe7, 0xf1, 0xff, 0xff,
  0xe7, 0xf1, 0xff, 0xff, 0xe7, 0xf1, 0xff, 0xff, 0xe7, 0xf1, 0xff, 0xff, 0xe7, 0xf1, 0xff, 0xff,
  0xe7, 0xf1, 0xff, 0xff, 0xe7, 0xf1, 0xff, 0xff, 0xe8, 0xe9, 0xe8, 0xff, 0xf4, 0xa1, 0x13, 0xff,
  0xf5, 0x9e, 0x0b, 0xff, 0xf5, 0x9e, 0x0b, 0xff, 0xf5, 0x9e, 0x0b, 0xff, 0xf5, 0x9e, 0x0b, 0xff,
  0xf5, 0x9e, 0x0b, 0xff, 0xb3, 0xaf, 0x9f, 0xff, 0x9d, 0xb4, 0xd0, 0xff, 0x9d, 0xb4, 0xd0, 0xff,
  0x9d, 0xb4, 0xd0, 0xff, 0x9d, 0xb4, 0xd0, 0xff, 0x9d, 0xb4, 0xd0, 0xff, 0x9d, 0xb4, 0xd0, 0xff,
  0x9d, 0xb4, 0xd0, 0xff, 0x9d, 0xb4, 0xd0, 0xff, 0x9d, 0xb4, 0xd0, 0xff, 0x9d, 0xb4, 0xd0, 0xff,
  0x9d, 0xb4, 0xd0, 0xff, 0x9d, 0xb4, 0xd0, 0xff, 0x9d, 0xb4, 0xd0, 0xff, 0x9d, 0xb4, 0xd0, 0xff,
  0x9d, 0xb4, 0xd0, 0xff, 0x9d, 0xb4, 0xd0, 0xff, 0x9d, 0xb4, 0xd0, 0xff, 0x9d, 0xb4, 0xd0, 0xff,
  0x9d, 0xb4, 0xd0, 0xff, 0x9d, 0xb4, 0xd0, 0xff, 0x9d, 0xb4, 0xd0, 0xff, 0x9d, 0xb4, 0xd0, 0xff,
  0x9d, 0xb4, 0xd0, 0xff, 0x9d, 0xb4, 0xd0, 0xff, 0x9d, 0xb4, 0xd0, 0xff, 0x9d, 0xb4, 0xd0, 0xff,
  0x9d, 0xb4, 0xd0, 0xff, 0x9d, 0xb4, 0xd0, 0xff, 0x9d, 0xb4, 0xd0, 0xff, 0x9d, 0xb4, 0xd0, 0xff,
  0x9d, 0xb4, 0xd0, 0xff, 0x9d, 0xb4, 0xd0, 0xff, 0x9d, 0xb4, 0xd0, 0xff, 0x9d, 0xb4, 0xd0, 0xff,
  0x9d, 0xb4, 0xd0, 0xff, 0x9d, 0xb4, 0xd0, 0xff, 0x9d, 0xb4, 0xd0, 0xff, 0x9d, 0xb4, 0xd0, 0xff,
  0x9d, 0xb4, 0xd0, 0xff, 0x9d, 0xb4, 0xd0, 0xff, 0x9d, 0xb4, 0xd0, 0xff, 0x9d, 0xb4, 0xd0, 0xff,
  0x96, 0xb6, 0xcd, 0xff, 0x4a, 0xc5, 0xb1, 0xff, 0x2e, 0xcb, 0xa7, 0xff, 0x2d, 0xca, 0xa8, 0xff,
  0x2d, 0xca, 0xa9, 0xff, 0x2c, 0xc9, 0xaa, 0xff, 0x2c, 0xc9, 0xab, 0xff, 0x2b, 0xc8, 0xac, 0xff,
  0x2b, 0xc8, 0xad, 0xff, 0x2a, 0xc7, 0xae, 0xff, 0x2a, 0xc7, 0xaf, 0xff, 0x29, 0xc6, 0xb0, 0xff,
  0x28, 0xc5, 0xb1, 0xff, 0x28, 0xc5, 0xb2, 0xff, 0x27, 0xc4, 0xb3, 0xff, 0x27, 0xc4, 0xb4, 0xff,
  0x27, 0xc3, 0xb5, 0xff, 0x26, 0xc2, 0xb6, 0xff, 0x26, 0xc2, 0xb8, 0xff, 0x25, 0xc1, 0xb9, 0xff,
  0x24, 0xc0, 0xba, 0xff, 0x24, 0xc0, 0xbb, 0xff, 0x23, 0xbf, 0xbc, 0xff, 0x47, 0xc8, 0xca, 0xff,
  0xce, 0xeb, 0xf7, 0xff, 0xe7, 0xf1, 0xff, 0xff, 0xe7, 0xf1, 0xff, 0xff, 0xe7, 0xf1, 0xff, 0xff,
  0xb8, 0xc0, 0xcc, 0xa0, 0x00, 0x00, 0x00, 0x40, 0x00, 0x00, 0x00, 0x40, 0x00, 0x00, 0x00, 0x20,
  0x00, 0x00, 0x00, 0x00, 0x00, 0x00, 0x00, 0x00, 0x00, 0x00, 0x00, 0x00, 0x00, 0x00, 0x00, 0x00,
  0x00, 0x00, 0x00, 0x00, 0x00, 0x00, 0x00, 0x00, 0x00, 0x00, 0x00, 0x00, 0x00, 0x00, 0x00, 0x00,
  0x00, 0x00, 0x00, 0x00, 0x00, 0x00, 0x00, 0x00, 0x00, 0x00, 0x00, 0x00, 0x00, 0x00, 0x00, 0x00,
  0x00, 0x00, 0x00, 0x00, 0x00, 0x00, 0x00, 0x00, 0x00, 0x00, 0x00, 0x00, 0x00, 0x00, 0x00, 0x00,
  0x00, 0x00, 0x00, 0x00, 0x00, 0x00, 0x00, 0x00, 0x00, 0x00, 0x00, 0x00, 0x00, 0x00, 0x00, 0x00,
  0x00, 0x00, 0x00, 0x00, 0x00, 0x00, 0x00, 0x00, 0xe7, 0xf1, 0xff, 0x80, 0xe7, 0xf1, 0xff, 0xff,
  0xe7, 0xf1, 0xff, 0xff, 0xe7, 0xf1, 0xff, 0xff, 0xe7, 0xf1, 0xff, 0xff, 0xe7, 0xf1, 0xff, 0xff,
  0xe7, 0xf1, 0xff, 0xff, 0xe7, 0xf1, 0xff, 0xff, 0xe7, 0xf1, 0xff, 0xff, 0xed, 0xcf, 0x9b, 0xff,
  0xf5, 0x9e, 0x0b, 0xff, 0xf5, 0x9e, 0x0b, 0xff, 0xf5, 0x9e, 0x0b, 0xff, 0xf5, 0x9e, 0x0b, 0xff,
  0xe7, 0xbc, 0x71, 0xff, 0xc2, 0xd2, 0xe7, 0xff, 0xc2, 0xd2, 0xe7, 0xff, 0xc2, 0xd2, 0xe7, 0xff,
  0xc2, 0xd2, 0xe7, 0xff, 0xc2, 0xd2, 0xe7, 0xff, 0xc2, 0xd2, 0xe7, 0xff, 0xc2, 0xd2, 0xe7, 0xff,
  0xc2, 0xd2, 0xe7, 0xff, 0xc2, 0xd2, 0xe7, 0xff, 0xc2, 0xd2, 0xe7, 0xff, 0xc2, 0xd2, 0xe7, 0xff,
  0xc2, 0xd2, 0xe7, 0xff, 0xc2, 0xd2, 0xe7, 0xff, 0xc2, 0xd2, 0xe7, 0xff, 0xc2, 0xd2, 0xe7, 0xff,
  0xc2, 0xd2, 0xe7, 0xff, 0xc2, 0xd2, 0xe7, 0xff, 0xc2, 0xd2, 0xe7, 0xff, 0xc2, 0xd2, 0xe7, 0xff,
  0xc2, 0xd2, 0xe7, 0xff, 0xc2, 0xd2, 0xe7, 0xff, 0xc2, 0xd2, 0xe7, 0xff, 0xc2, 0xd2, 0xe7, 0xff,
  0xc2, 0xd2, 0xe7, 0xff, 0xc2, 0xd2, 0xe7, 0xff, 0xc2, 0xd2, 0xe7, 0xff, 0xc2, 0xd2, 0xe7, 0xff,
  0xc2, 0xd2, 0xe7, 0xff, 0xc2, 0xd2, 0xe7, 0xff, 0xc2, 0xd2, 0xe7, 0xff, 0xc2, 0xd2, 0xe7, 0xff,
  0xc2, 0xd2, 0xe7, 0xff, 0xc2, 0xd2, 0xe7, 0xff, 0xc2, 0xd2, 0xe7, 0xff, 0xc2, 0xd2, 0xe7, 0xff,
  0xc2, 0xd2, 0xe7, 0xff, 0xc2, 0xd2, 0xe7, 0xff, 0xc2, 0xd2, 0xe7, 0xff, 0xc2, 0xd2, 0xe7, 0xff,
  0xc2, 0xd2, 0xe7, 0xff, 0xc2, 0xd2, 0xe7, 0xff, 0xc2, 0xd2, 0xe7, 0xff, 0xa6, 0xd0, 0xdb, 0xff,
  0x40, 0xcc, 0xae, 0xff, 0x2e, 0xcb, 0xa7, 0xff, 0x2d, 0xca, 0xa8, 0xff, 0x2d, 0xca, 0xa9, 0xff,
  0x2c, 0xc9, 0xaa, 0xff, 0x2c, 0xc9, 0xab, 0xff, 0x2b, 0xc8, 0xac, 0xff, 0x2b, 0xc8, 0xad, 0xff,
  0x2a, 0xc7, 0xae, 0xff, 0x2a, 0xc7, 0xaf, 0xff, 0x29, 0xc6, 0xb0, 0xff, 0x28, 0xc5, 0xb1, 0xff,
  0x28, 0xc5, 0xb2, 0xff, 0x27, 0xc4, 0xb3, 0xff, 0x27, 0xc4, 0xb4, 0xff, 0x27, 0xc3, 0xb5, 0xff,
  0x26, 0xc2, 0xb6, 0xff, 0x26, 0xc2, 0xb8, 0xff, 0x25, 0xc1, 0xb9, 0xff, 0x24, 0xc0, 0xba, 0xff,
  0x24, 0xc0, 0xbb, 0xff, 0x23, 0xbf, 0xbc, 0xff, 0x23, 0xbf, 0xbd, 0xff, 0x22, 0xbe, 0xbe, 0xff,
  0x2e, 0xc0, 0xc3, 0xff, 0xb5, 0xe4, 0xef, 0xff, 0xe7, 0xf1, 0xff, 0xff, 0xe7, 0xf1, 0xff, 0xff,
  0xb8, 0xc0, 0xcc, 0xa0, 0x00, 0x00, 0x00, 0x40, 0x00, 0x00, 0x00, 0x40, 0x00, 0x00, 0x00, 0x20,
  0x00, 0x00, 0x00, 0x00, 0x00, 0x00, 0x00, 0x00, 0x00, 0x00, 0x00, 0x00, 0x00, 0x00, 0x00, 0x00,
  0x00, 0x00, 0x00, 0x00, 0x00, 0x00, 0x00, 0x00, 0x00, 0x00, 0x00, 0x00, 0x00, 0x00, 0x00, 0x00,
  0x00, 0x00, 0x00, 0x00, 0x00, 0x00, 0x00, 0x00, 0x00, 0x00, 0x00, 0x00, 0x00, 0x00, 0x00, 0x00,
  0x00, 0x00, 0x00, 0x00, 0x00, 0x00, 0x00, 0x00, 0x00, 0x00, 0x00, 0x00, 0x00, 0x00, 0x00, 0x00,
  0x00, 0x00, 0x00, 0x00, 0x00, 0x00, 0x00, 0x00, 0x00, 0x00, 0x00, 0x00, 0x00, 0x00, 0x00, 0x00,
  0x00, 0x00, 0x00, 0x00, 0x00, 0x00, 0x00, 0x00, 0xe7, 0xf1, 0xff, 0x80, 0xe7, 0xf1, 0xff, 0xff,
  0xe7, 0xf1, 0xff, 0xff, 0xe7, 0xf1, 0xff, 0xff, 0xe7, 0xf1, 0xff, 0xff, 0xe7, 0xf1, 0xff, 0xff,
  0xe7, 0xf1, 0xff, 0xff, 0xe7, 0xf1, 0xff, 0xff, 0xe7, 0xf1, 0xff, 0xff, 0xe7, 0xf1, 0xff, 0xff,
  0xea, 0xdf, 0xc9, 0xff, 0xee, 0xc7, 0x85, 0xff, 0xee, 0xc7, 0x85, 0xff, 0xeb, 0xd9, 0xba, 0xff,
  0xe7, 0xf1, 0xff, 0xff, 0xe7, 0xf1, 0xff, 0xff, 0xe7, 0xf1, 0xff, 0xff, 0xe7, 0xf1, 0xff, 0xff,
  0xe7, 0xf1, 0xff, 0xff, 0xe7, 0xf1, 0xff, 0xff, 0xe7, 0xf1, 0xff, 0xff, 0xe7, 0xf1, 0xff, 0xff,
  0xe7, 0xf1, 0xff, 0xff, 0xe7, 0xf1, 0xff, 0xff, 0xe7, 0xf1, 0xff, 0xff, 0xe7, 0xf1, 0xff, 0xff,
  0xe7, 0xf1, 0xff, 0xff, 0xe7, 0xf1, 0xff, 0xff, 0xe7, 0xf1, 0xff, 0xff, 0xe7, 0xf1, 0xff, 0xff,
  0xe7, 0xf1, 0xff, 0xff, 0xe7, 0xf1, 0xff, 0xff, 0xe7, 0xf1, 0xff, 0xff, 0xe7, 0xf1, 0xff, 0xff,
  0xe7, 0xf1, 0xff, 0xff, 0xe7, 0xf1, 0xff, 0xff, 0xe7, 0xf1, 0xff, 0xff, 0xe7, 0xf1, 0xff, 0xff,
  0xe7, 0xf1, 0xff, 0xff, 0xe7, 0xf1, 0xff, 0xff, 0xe7, 0xf1, 0xff, 0xff, 0xe7, 0xf1, 0xff, 0xff,
  0xe7, 0xf1, 0xff, 0xff, 0xe7, 0xf1, 0xff, 0xff, 0xe7, 0xf1, 0xff, 0xff, 0xe7, 0xf1, 0xff, 0xff,
  0xe7, 0xf1, 0xff, 0xff, 0xe7, 0xf1, 0xff, 0xff, 0xe7, 0xf1, 0xff, 0xff, 0xe7, 0xf1, 0xff, 0xff,
  0xe7, 0xf1, 0xff, 0xff, 0xe7, 0xf1, 0xff, 0xff, 0xe7, 0xf1, 0xff, 0xff, 0xe7, 0xf1, 0xff, 0xff,
  0xe7, 0xf1, 0xff, 0xff, 0xe7, 0xf1, 0xff, 0xff, 0xc5, 0xea, 0xee, 0xff, 0x39, 0xcd, 0xac, 0xff,
  0x2e, 0xcb, 0xa7, 0xff, 0x2d, 0xca, 0xa8, 0xff, 0x2d, 0xca, 0xa9, 0xff, 0x2c, 0xc9, 0xaa, 0xff,
  0x2c, 0xc9, 0xab, 0xff, 0x2b, 0xc8, 0xac, 0xff, 0x2b, 0xc8, 0xad, 0xff, 0x2a, 0xc7, 0xae, 0xff,
  0x4b, 0xd0, 0xbc, 0xff, 0x87, 0xdf, 0xd3, 0xff, 0xb5, 0xeb, 0xe4, 0xff, 0xc9, 0xf0, 0xec, 0xff,
  0xc9, 0xf0, 0xec, 0xff, 0xc9, 0xf0, 0xec, 0xff, 0xbb, 0xec, 0xe8, 0xff, 0x93, 0xe1, 0xdb, 0xff,
  0x4f, 0xcd, 0xc5, 0xff, 0x25, 0xc1, 0xb9, 0xff, 0x24, 0xc0, 0xba, 0xff, 0x24, 0xc0, 0xbb, 0xff,
  0x23, 0xbf, 0xbc, 0xff, 0x23, 0xbf, 0xbd, 0xff, 0x22, 0xbe, 0xbe, 0xff, 0x22, 0xbd, 0xbf, 0xff,
  0x21, 0xbd, 0xc0, 0xff, 0x27, 0xbe, 0xc3, 0xff, 0xaf, 0xe2, 0xee, 0xff, 0xe7, 0xf1, 0xff, 0xff,
  0xb8, 0xc0, 0xcc, 0xa0, 0x00, 0x00, 0x00, 0x40, 0x00, 0x00, 0x00, 0x40, 0x00, 0x00, 0x00, 0x20,
  0x00, 0x00, 0x00, 0x00, 0x00, 0x00, 0x00, 0x00, 0x00, 0x00, 0x00, 0x00, 0x00, 0x00, 0x00, 0x00,
  0x00, 0x00, 0x00, 0x00, 0x00, 0x00, 0x00, 0x00, 0x00, 0x00, 0x00, 0x00, 0x00, 0x00, 0x00, 0x00,
  0x00, 0x00, 0x00, 0x00, 0x00, 0x00, 0x00, 0x00, 0x00, 0x00, 0x00, 0x00, 0x00, 0x00, 0x00, 0x00,
  0x00, 0x00, 0x00, 0x00, 0x00, 0x00, 0x00, 0x00, 0x00, 0x00, 0x00, 0x00, 0x00, 0x00, 0x00, 0x00,
  0x00, 0x00, 0x00, 0x00, 0x00, 0x00, 0x00, 0x00, 0x00, 0x00, 0x00, 0x00, 0x00, 0x00, 0x00, 0x00,
  0x00, 0x00, 0x00, 0x00, 0x00, 0x00, 0x00, 0x00, 0xe5, 0xf1, 0xff, 0x80, 0xe6, 0xf1, 0xff, 0xff,
  0xe6, 0xf1, 0xff, 0xff, 0xe6, 0xf1, 0xff, 0xff, 0xe6, 0xf1, 0xff, 0xff, 0xe6, 0xf1, 0xff, 0xff,
  0xe6, 0xf1, 0xff, 0xff, 0xe6, 0xf1, 0xff, 0xff, 0xe6, 0xf1, 0xff, 0xff, 0xe6, 0xf1, 0xff, 0xff,
  0xe6, 0xf1, 0xff, 0xff, 0xe6, 0xf1, 0xff, 0xff, 0xe6, 0xf1, 0xff, 0xff, 0xe6, 0xf1, 0xff, 0xff,
  0xe6, 0xf1, 0xff, 0xff, 0xe6, 0xf1, 0xff, 0xff, 0xe6, 0xf1, 0xff, 0xff, 0xe6, 0xf1, 0xff, 0xff,
  0xe6, 0xf1, 0xff, 0xff, 0xe6, 0xf1, 0xff, 0xff, 0xe6, 0xf1, 0xff, 0xff, 0xe6, 0xf1, 0xff, 0xff,
  0xe6, 0xf1, 0xff, 0xff, 0xe6, 0xf1, 0xff, 0xff, 0xe6, 0xf1, 0xff, 0xff, 0xe6, 0xf1, 0xff, 0xff,
  0xe6, 0xf1, 0xff, 0xff, 0xe6, 0xf1, 0xff, 0xff, 0xe6, 0xf1, 0xff, 0xff, 0xe6, 0xf1, 0xff, 0xff,
  0xe6, 0xf1, 0xff, 0xff, 0xe6, 0xf1, 0xff, 0xff, 0xe6, 0xf1, 0xff, 0xff, 0xe6, 0xf1, 0xff, 0xff,
  0xe6, 0xf1, 0xff, 0xff, 0xe6, 0xf1, 0xff, 0xff, 0xe6, 0xf1, 0xff, 0xff, 0xe6, 0xf1, 0xff, 0xff,
  0xe6, 0xf1, 0xff, 0xff, 0xe6, 0xf1, 0xff, 0xff, 0xe6, 0xf1, 0xff, 0xff, 0xe6, 0xf1, 0xff, 0xff,
  0xe6, 0xf1, 0xff, 0xff, 0xe6, 0xf1, 0xff, 0xff, 0xe6, 0xf1, 0xff, 0xff, 0xe6, 0xf1, 0xff, 0xff,
  0xe6, 0xf1, 0xff, 0xff, 0xe6, 0xf1, 0xff, 0xff, 0xe6, 0xf1, 0xff, 0xff, 0xe6, 0xf1, 0xff, 0xff,
  0xe6, 0xf1, 0xff, 0xff, 0xe6, 0xf1, 0xff, 0xff, 0xe6, 0xf1, 0xff, 0xff, 0xe6, 0xf1, 0xff, 0xff,
  0xe6, 0xf1, 0xff, 0xff, 0xdb, 0xef, 0xf9, 0xff, 0x45, 0xd0, 0xb1, 0xff, 0x2e, 0xcb, 0xa7, 0xff,
  0x2d, 0xca, 0xa8, 0xff, 0x2d, 0xca, 0xa9, 0xff, 0x2c, 0xc9, 0xaa, 0xff, 0x2c, 0xc9, 0xab, 0xff,
  0x2b, 0xc8, 0xac, 0xff, 0x2b, 0xc8, 0xad, 0xff, 0x74, 0xda, 0xca, 0xff, 0xe4, 0xf8, 0xf5, 0xff,
  0xff, 0xff, 0xff, 0xff, 0xff, 0xff, 0xff, 0xff, 0xff, 0xff, 0xff, 0xff, 0xff, 0xff, 0xff, 0xff,
  0xff, 0xff, 0xff, 0xff, 0xff, 0xff, 0xff, 0xff, 0xff, 0xff, 0xff, 0xff, 0xff, 0xff, 0xff, 0xff,
  0xff, 0xff, 0xff, 0xff, 0xea, 0xf9, 0xf9, 0xff, 0x8b, 0xde, 0xdb, 0xff, 0x2a, 0xc1, 0xbe, 0xff,
  0x23, 0xbf, 0xbd, 0xff, 0x22, 0xbe, 0xbe, 0xff, 0x22, 0xbd, 0xbf, 0xff, 0x21, 0xbd, 0xc0, 0xff,
  0x21, 0xbc, 0xc1, 0xff, 0x21, 0xbb, 0xc2, 0xff, 0x2c, 0xbe, 0xc7, 0xff, 0xcd, 0xea, 0xf8, 0xff,
  0xb7, 0xc0, 0xcc, 0xa0, 0x00, 0x00, 0x00, 0x40, 0x00, 0x00, 0x00, 0x40, 0x00, 0x00, 0x00, 0x20,
  0x00, 0x00, 0x00, 0x00, 0x00, 0x00, 0x00, 0x00, 0x00, 0x00, 0x00, 0x00, 0x00, 0x00, 0x00, 0x00,
  0x00, 0x00, 0x00, 0x00, 0x00, 0x00, 0x00, 0x00, 0x00, 0x00, 0x00, 0x00, 0x00, 0x00, 0x00, 0x00,
  0x00, 0x00, 0x00, 0x00, 0x00, 0x00, 0x00, 0x00, 0x00, 0x00, 0x00, 0x00, 0x00, 0x00, 0x00, 0x00,
  0x00, 0x00, 0x00, 0x00, 0x00, 0x00, 0x00, 0x00, 0x00, 0x00, 0x00, 0x00, 0x00, 0x00, 0x00, 0x00,
  0x00, 0x00, 0x00, 0x00, 0x00, 0x00, 0x00, 0x00, 0x00, 0x00, 0x00, 0x00, 0x00, 0x00, 0x00, 0x00,
  0x00, 0x00, 0x00, 0x00, 0x00, 0x00, 0x00, 0x00, 0xe5, 0xef, 0xff, 0x80, 0xe6, 0xf0, 0xff, 0xff,
  0xe6, 0xf0, 0xff, 0xff, 0xe6, 0xf0, 0xff, 0xff, 0xe6, 0xf0, 0xff, 0xff, 0xe6, 0xf0, 0xff, 0xff,
  0xe6, 0xf0, 0xff, 0xff, 0xe6, 0xf0, 0xff, 0xff, 0xe6, 0xf0, 0xff, 0xff, 0xe6, 0xf0, 0xff, 0xff,
  0xe6, 0xf0, 0xff, 0xff, 0xe6, 0xf0, 0xff, 0xff, 0xe6, 0xf0, 0xff, 0xff, 0xe6, 0xf0, 0xff, 0xff,
  0xe6, 0xf0, 0xff, 0xff, 0xe6, 0xf0, 0xff, 0xff, 0xe6, 0xf0, 0xff, 0xff, 0xe6, 0xf0, 0xff, 0xff,
  0xe6, 0xf0, 0xff, 0xff, 0xe6, 0xf0, 0xff, 0xff, 0xe6, 0xf0, 0xff, 0xff, 0xe6, 0xf0, 0xff, 0xff,
  0xe6, 0xf0, 0xff, 0xff, 0xe6, 0xf0, 0xff, 0xff, 0xe6, 0xf0, 0xff, 0xff, 0xe6, 0xf0, 0xff, 0xff,
  0xe6, 0xf0, 0xff, 0xff, 0xe6, 0xf0, 0xff, 0xff, 0xe6, 0xf0, 0xff, 0xff, 0xe6, 0xf0, 0xff, 0xff,
  0xe6, 0xf0, 0xff, 0xff, 0xe6, 0xf0, 0xff, 0xff, 0xe6, 0xf0, 0xff, 0xff, 0xe6, 0xf0, 0xff, 0xff,
  0xe6, 0xf0, 0xff, 0xff, 0xe6, 0xf0, 0xff, 0xff, 0xe6, 0xf0, 0xff, 0xff, 0xe6, 0xf0, 0xff, 0xff,
  0xe6, 0xf0, 0xff, 0xff, 0xe6, 0xf0, 0xff, 0xff, 0xe6, 0xf0, 0xff, 0xff, 0xe6, 0xf0, 0xff, 0xff,
  0xe6, 0xf0, 0xff, 0xff, 0xe6, 0xf0, 0xff, 0xff, 0xe6, 0xf0, 0xff, 0xff, 0xe6, 0xf0, 0xff, 0xff,
  0xe6, 0xf0, 0xff, 0xff, 0xe6, 0xf0, 0xff, 0xff, 0xe6, 0xf0, 0xff, 0xff, 0xe6, 0xf0, 0xff, 0xff,
  0xe6, 0xf0, 0xff, 0xff, 0xe6, 0xf0, 0xff, 0xff, 0xe6, 0xf0, 0xff, 0xff, 0xe6, 0xf0, 0xff, 0xff,
  0xe0, 0xee, 0xfc, 0xff, 0x5d, 0xd4, 0xbd, 0xff, 0x2e, 0xcb, 0xa7, 0xff, 0x2d, 0xca, 0xa8, 0xff,
  0x2d, 0xca, 0xa9, 0xff, 0x2c, 0xc9, 0xaa, 0xff, 0x2c, 0xc9, 0xab, 0xff, 0x2b, 0xc8, 0xac, 0xff,
  0x4c, 0xd1, 0xba, 0xff, 0xd7, 0xf4, 0xf0, 0xff, 0xff, 0xff, 0xff, 0xff, 0xff, 0xff, 0xff, 0xff,
  0xff, 0xff, 0xff, 0xff, 0xff, 0xff, 0xff, 0xff, 0xff, 0xff, 0xff, 0xff, 0xff, 0xff, 0xff, 0xff,
  0xff, 0xff, 0xff, 0xff, 0xff, 0xff, 0xff, 0xff, 0xff, 0xff, 0xff, 0xff, 0xff, 0xff, 0xff, 0xff,
  0xff, 0xff, 0xff, 0xff, 0xff, 0xff, 0xff, 0xff, 0xff, 0xff, 0xff, 0xff, 0xea, 0xf9, 0xf9, 0xff,
  0x67, 0xd2, 0xd2, 0xff, 0x22, 0xbd, 0xbf, 0xff, 0x21, 0xbd, 0xc0, 0xff, 0x21, 0xbc, 0xc1, 0xff,
  0x21, 0xbb, 0xc2, 0xff, 0x20, 0xbb, 0xc3, 0xff, 0x20, 0xba, 0xc4, 0xff, 0x3e, 0xc2, 0xce, 0xff,
  0xa8, 0xbe, 0xca, 0xa6, 0x00, 0x00, 0x00, 0x40, 0x00, 0x00, 0x00, 0x40, 0x00, 0x00, 0x00, 0x20,
  0x00, 0x00, 0x00, 0x00, 0x00, 0x00, 0x00, 0x00, 0x00, 0x00, 0x00, 0x00, 0x00, 0x00, 0x00, 0x00,
  0x00, 0x00, 0x00, 0x00, 0x00, 0x00, 0x00, 0x00, 0x00, 0x00, 0x00, 0x00, 0x00, 0x00, 0x00, 0x00,
  0x00, 0x00, 0x00, 0x00, 0x00, 0x00, 0x00, 0x00, 0x00, 0x00, 0x00, 0x00, 0x00, 0x00, 0x00, 0x00,
  0x00, 0x00, 0x00, 0x00, 0x00, 0x00, 0x00, 0x00, 0x00, 0x00, 0x00, 0x00, 0x00, 0x00, 0x00, 0x00,
  0x00, 0x00, 0x00, 0x00, 0x00, 0x00, 0x00, 0x00, 0x00, 0x00, 0x00, 0x00, 0x00, 0x00, 0x00, 0x00,
  0x00, 0x00, 0x00, 0x00, 0x00, 0x00, 0x00, 0x00, 0xe5, 0xef, 0xff, 0x80, 0xe6, 0xf0, 0xff, 0xff,
  0xe6, 0xf0, 0xff, 0xff, 0xe6, 0xf0, 0xff, 0xff, 0xe6, 0xf0, 0xff, 0xff, 0xe6, 0xf0, 0xff, 0xff,
  0xe6, 0xf0, 0xff, 0xff, 0xe6, 0xf0, 0xff, 0xff, 0xe6, 0xf0, 0xff, 0xff, 0xe6, 0xf0, 0xff, 0xff,
  0xe6, 0xf0, 0xff, 0xff, 0xe6, 0xf0, 0xff, 0xff, 0xe6, 0xf0, 0xff, 0xff, 0xe6, 0xf0, 0xff, 0xff,
  0xe6, 0xf0, 0xff, 0xff, 0xe6, 0xf0, 0xff, 0xff, 0xe6, 0xf0, 0xff, 0xff, 0xe6, 0xf0, 0xff, 0xff,
  0xe6, 0xf0, 0xff, 0xff, 0xe6, 0xf0, 0xff, 0xff, 0xe6, 0xf0, 0xff, 0xff, 0xe6, 0xf0, 0xff, 0xff,
  0xe6, 0xf0, 0xff, 0xff, 0xe6, 0xf0, 0xff, 0xff, 0xe6, 0xf0, 0xff, 0xff, 0xe6, 0xf0, 0xff, 0xff,
  0xe6, 0xf0, 0xff, 0xff, 0xe6, 0xf0, 0xff, 0xff, 0xe6, 0xf0, 0xff, 0xff, 0xe6, 0xf0, 0xff, 0xff,
  0xe6, 0xf0, 0xff, 0xff, 0xe6, 0xf0, 0xff, 0xff, 0xe6, 0xf0, 0xff, 0xff, 0xe6, 0xf0, 0xff, 0xff,
  0xe6, 0xf0, 0xff, 0xff, 0xe6, 0xf0, 0xff, 0xff, 0xe6, 0xf0, 0xff, 0xff, 0xe6, 0xf0, 0xff, 0xff,
  0xe6, 0xf0, 0xff, 0xff, 0xe6, 0xf0, 0xff, 0xff, 0xe6, 0xf0, 0xff, 0xff, 0xe6, 0xf0, 0xff, 0xff,
  0xe6, 0xf0, 0xff, 0xff, 0xe6, 0xf0, 0xff, 0xff, 0xe6, 0xf0, 0xff, 0xff, 0xe6, 0xf0, 0xff, 0xff,
  0xe6, 0xf0, 0xff, 0xff, 0xe6, 0xf0, 0xff, 0xff, 0xe6, 0xf0, 0xff, 0xff, 0xe6, 0xf0, 0xff, 0xff,
  0xe6, 0xf0, 0xff, 0xff, 0xe6, 0xf0, 0xff, 0xff, 0xe6, 0xf0, 0xff, 0xff, 0xe6, 0xf0, 0xff, 0xff,
  0x95, 0xe0, 0xd8, 0xff, 0x2e, 0xcb, 0xa7, 0xff, 0x2d, 0xca, 0xa8, 0xff, 0x2d, 0xca, 0xa9, 0xff,
  0x2c, 0xc9, 0xaa, 0xff, 0x2c, 0xc9, 0xab, 0xff, 0x2b, 0xc8, 0xac, 0xff, 0x74, 0xdb, 0xc9, 0xff,
  0xf2, 0xfb, 0xfa, 0xff, 0xff, 0xff, 0xff, 0xff, 0xff, 0xff, 0xff, 0xff, 0xff, 0xff, 0xff, 0xff,
  0xf2, 0xfb, 0xfa, 0xff, 0xae, 0xe9, 0xe2, 0xff, 0x72, 0xd8, 0xce, 0xff, 0x5d, 0xd2, 0xc8, 0xff,
  0x5c, 0xd1, 0xc8, 0xff, 0x5c, 0xd1, 0xca, 0xff, 0x69, 0xd4, 0xcf, 0xff, 0xa6, 0xe5, 0xe3, 0xff,
  0xea, 0xf9, 0xf9, 0xff, 0xff, 0xff, 0xff, 0xff, 0xff, 0xff, 0xff, 0xff, 0xff, 0xff, 0xff, 0xff,
  0xff, 0xff, 0xff, 0xff, 0x83, 0xda, 0xdc, 0xff, 0x21, 0xbc, 0xc1, 0xff, 0x21, 0xbb, 0xc2, 0xff,
  0x20, 0xbb, 0xc3, 0xff, 0x20, 0xba, 0xc4, 0xff, 0x1f, 0xb9, 0xc5, 0xff, 0x1f, 0xb9, 0xc6, 0xff,
  0x51, 0xbb, 0xc9, 0xd5, 0x00, 0x00, 0x00, 0x40, 0x00, 0x00, 0x00, 0x40, 0x00, 0x00, 0x00, 0x20,
  0x00, 0x00, 0x00, 0x00, 0x00, 0x00, 0x00, 0x00, 0x00, 0x00, 0x00, 0x00, 0x00, 0x00, 0x00, 0x00,
  0x00, 0x00, 0x00, 0x00, 0x00, 0x00, 0x00, 0x00, 0x00, 0x00, 0x00, 0x00, 0x00, 0x00, 0x00, 0x00,
  0x00, 0x00, 0x00, 0x00, 0x00, 0x00, 0x00, 0x00, 0x00, 0x00, 0x00, 0x00, 0x00, 0x00, 0x00, 0x00,
  0x00, 0x00, 0x00, 0x00, 0x00, 0x00, 0x00, 0x00, 0x00, 0x00, 0x00, 0x00, 0x00, 0x00, 0x00, 0x00,
  0x00, 0x00, 0x00, 0x00, 0x00, 0x00, 0x00, 0x00, 0x00, 0x00, 0x00, 0x00, 0x00, 0x00, 0x00, 0x00,
  0x00, 0x00, 0x00, 0x00, 0x00, 0x00, 0x00, 0x00, 0xe5, 0xef, 0xff, 0x80, 0xe5, 0xf0, 0xff, 0xff,
  0xe5, 0xf0, 0xff, 0xff, 0xe5, 0xf0, 0xff, 0xff, 0xe5, 0xf0, 0xff, 0xff, 0xe5, 0xf0, 0xff, 0xff,
  0xe5, 0xf0, 0xff, 0xff, 0xe5, 0xf0, 0xff, 0xff, 0xe5, 0xf0, 0xff, 0xff, 0xe5, 0xf0, 0xff, 0xff,
  0xe5, 0xf0, 0xff, 0xff, 0xe5, 0xf0, 0xff, 0xff, 0xe5, 0xf0, 0xff, 0xff, 0xe5, 0xf0, 0xff, 0xff,
  0xe5, 0xf0, 0xff, 0xff, 0xe5, 0xf0, 0xff, 0xff, 0xe5, 0xf0, 0xff, 0xff, 0xe5, 0xf0, 0xff, 0xff,
  0xe5, 0xf0, 0xff, 0xff, 0xe5, 0xf0, 0xff, 0xff, 0xe5, 0xf0, 0xff, 0xff, 0xe5, 0xf0, 0xff, 0xff,
  0xe5, 0xf0, 0xff, 0xff, 0xe5, 0xf0, 0xff, 0xff, 0xe5, 0xf0, 0xff, 0xff, 0xe5, 0xf0, 0xff, 0xff,
  0xe5, 0xf0, 0xff, 0xff, 0xe5, 0xf0, 0xff, 0xff, 0xe5, 0xf0, 0xff, 0xff, 0xe5, 0xf0, 0xff, 0xff,
  0xe5, 0xf0, 0xff, 0xff, 0xe5, 0xf0, 0xff, 0xff, 0xe5, 0xf0, 0xff, 0xff, 0xe5, 0xf0, 0xff, 0xff,
  0xe5, 0xf0, 0xff, 0xff, 0xe5, 0xf0, 0xff, 0xff, 0xe5, 0xf0, 0xff, 0xff, 0xe5, 0xf0, 0xff, 0xff,
  0xe5, 0xf0, 0xff, 0xff, 0xe5, 0xf0, 0xff, 0xff, 0xe5, 0xf0, 0xff, 0xff, 0xe5, 0xf0, 0xff, 0xff,
  0xe5, 0xf0, 0xff, 0xff, 0xe5, 0xf0, 0xff, 0xff, 0xe5, 0xf0, 0xff, 0xff, 0xe5, 0xf0, 0xff, 0xff,
  0xe5, 0xf0, 0xff, 0xff, 0xe5, 0xf0, 0xff, 0xff, 0xe5, 0xf0, 0xff, 0xff, 0xe5, 0xf0, 0xff, 0xff,
  0xe5, 0xf0, 0xff, 0xff, 0xe5, 0xf0, 0xff, 0xff, 0xe5, 0xf0, 0xff, 0xff, 0xd3, 0xec, 0xf7, 0xff,
  0x40, 0xcf, 0xaf, 0xff, 0x2d, 0xca, 0xa8, 0xff, 0x2d, 0xca, 0xa9, 0xff, 0x2c, 0xc9, 0xaa, 0xff,
  0x2c, 0xc9, 0xab, 0xff, 0x2b, 0xc8, 0xac, 0xff, 0x74, 0xdb, 0xc9, 0xff, 0xff, 0xff, 0xff, 0xff,
  0xff, 0xff, 0xff, 0xff, 0xff, 0xff, 0xff, 0xff, 0xf8, 0xfd, 0xfd, 0xff, 0x94, 0xe2, 0xd9, 0xff,
  0x2e, 0xc6, 0xb5, 0xff, 0x27, 0xc4, 0xb4, 0xff, 0x27, 0xc3, 0xb5, 0xff, 0x26, 0xc2, 0xb6, 0xff,
  0x26, 0xc2, 0xb8, 0xff, 0x25, 0xc1, 0xb9, 0xff, 0x24, 0xc0, 0xba, 0xff, 0x24, 0xc0, 0xbb, 0xff,
  0x2a, 0xc1, 0xbe, 0xff, 0x84, 0xdb, 0xda, 0xff, 0xf1, 0xfb, 0xfb, 0xff, 0xff, 0xff, 0xff, 0xff,
  0xff, 0xff, 0xff, 0xff, 0xff, 0xff, 0xff, 0xff, 0x89, 0xdb, 0xdf, 0xff, 0x20, 0xbb, 0xc3, 0xff,
  0x20, 0xba, 0xc4, 0xff, 0x1f, 0xb9, 0xc5, 0xff, 0x1f, 0xb9, 0xc6, 0xff, 0x1e, 0xb8, 0xc7, 0xff,
  0x21, 0xb8, 0xc8, 0xfc, 0x0b, 0x42, 0x48, 0x58, 0x00, 0x00, 0x00, 0x40, 0x00, 0x00, 0x00, 0x20,
  0x00, 0x00, 0x00, 0x00, 0x00, 0x00, 0x00, 0x00, 0x00, 0x00, 0x00, 0x00, 0x00, 0x00, 0x00, 0x00,
  0x00, 0x00, 0x00, 0x00, 0x00, 0x00, 0x00, 0x00, 0x00, 0x00, 0x00, 0x00, 0x00, 0x00, 0x00, 0x00,
  0x00, 0x00, 0x00, 0x00, 0x00, 0x00, 0x00, 0x00, 0x00, 0x00, 0x00, 0x00, 0x00, 0x00, 0x00, 0x00,
  0x00, 0x00, 0x00, 0x00, 0x00, 0x00, 0x00, 0x00, 0x00, 0x00, 0x00, 0x00, 0x00, 0x00, 0x00, 0x00,
  0x00, 0x00, 0x00, 0x00, 0x00, 0x00, 0x00, 0x00, 0x00, 0x00, 0x00, 0x00, 0x00, 0x00, 0x00, 0x00,
  0x00, 0x00, 0x00, 0x00, 0x00, 0x00, 0x00, 0x00, 0xe5, 0xef, 0xff, 0x80, 0xe5, 0xf0, 0xff, 0xff,
  0xe5, 0xf0, 0xff, 0xff, 0xe5, 0xf0, 0xff, 0xff, 0xe5, 0xf0, 0xff, 0xff, 0xe5, 0xf0, 0xff, 0xff,
  0xe5, 0xf0, 0xff, 0xff, 0xe5, 0xf0, 0xff, 0xff, 0xe5, 0xf0, 0xff, 0xff, 0xe5, 0xf0, 0xff, 0xff,
  0xe5, 0xf0, 0xff, 0xff, 0xe5, 0xf0, 0xff, 0xff, 0xe5, 0xf0, 0xff, 0xff, 0xe5, 0xf0, 0xff, 0xff,
  0xe5, 0xf0, 0xff, 0xff, 0xe5, 0xf0, 0xff, 0xff, 0xe5, 0xf0, 0xff, 0xff, 0xe5, 0xf0, 0xff, 0xff,
  0xe5, 0xf0, 0xff, 0xff, 0xe5, 0xf0, 0xff, 0xff, 0xe5, 0xf0, 0xff, 0xff, 0xe5, 0xf0, 0xff, 0xff,
  0xe5, 0xf0, 0xff, 0xff, 0xe5, 0xf0, 0xff, 0xff, 0xe5, 0xf0, 0xff, 0xff, 0xe5, 0xf0, 0xff, 0xff,
  0xe5, 0xf0, 0xff, 0xff, 0xe5, 0xf0, 0xff, 0xff, 0xe5, 0xf0, 0xff, 0xff, 0xe5, 0xf0, 0xff, 0xff,
  0xe5, 0xf0, 0xff, 0xff, 0xe5, 0xf0, 0xff, 0xff, 0xe5, 0xf0, 0xff, 0xff, 0xe5, 0xf0, 0xff, 0xff,
  0xe5, 0xf0, 0xff, 0xff, 0xe5, 0xf0, 0xff, 0xff, 0xe5, 0xf0, 0xff, 0xff, 0xe5, 0xf0, 0xff, 0xff,
  0xe5, 0xf0, 0xff, 0xff, 0xe5, 0xf0, 0xff, 0xff, 0xe5, 0xf0, 0xff, 0xff, 0xe5, 0xf0, 0xff, 0xff,
  0xe5, 0xf0, 0xff, 0xff, 0xe5, 0xf0, 0xff, 0xff, 0xe5, 0xf0, 0xff, 0xff, 0xe5, 0xf0, 0xff, 0xff,
  0xe5, 0xf0, 0xff, 0xff, 0xe5, 0xf0, 0xff, 0xff, 0xe5, 0xf0, 0xff, 0xff, 0xe5, 0xf0, 0xff, 0xff,
  0xe5, 0xf0, 0xff, 0xff, 0xe5, 0xf0, 0xff, 0xff, 0xe5, 0xf0, 0xff, 0xff, 0x7f, 0xdb, 0xce, 0xff,
  0x2d, 0xca, 0xa8, 0xff, 0x2d, 0xca, 0xa9, 0xff, 0x2c, 0xc9, 0xaa, 0xff, 0x2c, 0xc9, 0xab, 0xff,
  0x2b, 0xc8, 0xac, 0xff, 0x4c, 0xd1, 0xba, 0xff, 0xf8, 0xfd, 0xfc, 0xff, 0xff, 0xff, 0xff, 0xff,
  0xff, 0xff, 0xff, 0xff, 0xdd, 0xf6, 0xf3, 0xff, 0x4a, 0xce, 0xbe, 0xff, 0x27, 0xc4, 0xb3, 0xff,
  0x27, 0xc4, 0xb4, 0xff, 0x27, 0xc3, 0xb5, 0xff, 0x26, 0xc2, 0xb6, 0xff, 0x93, 0xe1, 0xdc, 0xff,
  0x92, 0xe0, 0xdc, 0xff, 0x92, 0xe0, 0xdd, 0xff, 0x24, 0xc0, 0xbb, 0xff, 0x23, 0xbf, 0xbc, 0xff,
  0x23, 0xbf, 0xbd, 0xff, 0x22, 0xbe, 0xbe, 0xff, 0x37, 0xc3, 0xc5, 0xff, 0xce, 0xf1, 0xf1, 0xff,
  0xff, 0xff, 0xff, 0xff, 0xff, 0xff, 0xff, 0xff, 0xff, 0xff, 0xff, 0xff, 0x58, 0xcb, 0xd3, 0xff,
  0x1f, 0xb9, 0xc5, 0xff, 0x1f, 0xb9, 0xc6, 0xff, 0x1e, 0xb8, 0xc7, 0xff, 0x1e, 0xb8, 0xc8, 0xff,
  0x1d, 0xb7, 0xc9, 0xff, 0x18, 0xa3, 0xb5, 0xc3, 0x00, 0x00, 0x00, 0x40, 0x00, 0x00, 0x00, 0x20,
  0x00, 0x00, 0x00, 0x00, 0x00, 0x00, 0x00, 0x00, 0x00, 0x00, 0x00, 0x00, 0x00, 0x00, 0x00, 0x00,
  0x00, 0x00, 0x00, 0x00, 0x00, 0x00, 0x00, 0x00, 0x00, 0x00, 0x00, 0x00, 0x00, 0x00, 0x00, 0x00,
  0x00, 0x00, 0x00, 0x00, 0x00, 0x00, 0x00, 0x00, 0x00, 0x00, 0x00, 0x00, 0x00, 0x00, 0x00, 0x00,
  0x00, 0x00, 0x00, 0x00, 0x00, 0x00, 0x00, 0x00, 0x00, 0x00, 0x00, 0x00, 0x00, 0x00, 0x00, 0x00,
  0x00, 0x00, 0x00, 0x00, 0x00, 0x00, 0x00, 0x00, 0x00, 0x00, 0x00, 0x00, 0x00, 0x00, 0x00, 0x00,
  0x00, 0x00, 0x00, 0x00, 0x00, 0x00, 0x00, 0x00, 0xe3, 0xef, 0xff, 0x80, 0xe4, 0xf0, 0xff, 0xff,
  0xe4, 0xf0, 0xff, 0xff, 0xe4, 0xf0, 0xff, 0xff, 0xe4, 0xf0, 0xff, 0xff, 0xe4, 0xf0, 0xff, 0xff,
  0xe4, 0xf0, 0xff, 0xff, 0xe4, 0xf0, 0xff, 0xff, 0xe4, 0xf0, 0xff, 0xff, 0xe4, 0xf0, 0xff, 0xff,
  0xe4, 0xf0, 0xff, 0xff, 0xe4, 0xf0, 0xff, 0xff, 0xe4, 0xf0, 0xff, 0xff, 0xe4, 0xf0, 0xff, 0xff,
  0xe4, 0xf0, 0xff, 0xff, 0xe4, 0xf0, 0xff, 0xff, 0xe4, 0xf0, 0xff, 0xff, 0xe4, 0xf0, 0xff, 0xff,
  0xe4, 0xf0, 0xff, 0xff, 0xe4, 0xf0, 0xff, 0xff, 0xe4, 0xf0, 0xff, 0xff, 0xe4, 0xf0, 0xff, 0xff,
  0xe4, 0xf0, 0xff, 0xff, 0xe4, 0xf0, 0xff, 0xff, 0xe4, 0xf0, 0xff, 0xff, 0xe4, 0xf0, 0xff, 0xff,
  0xe4, 0xf0, 0xff, 0xff, 0xe4, 0xf0, 0xff, 0xff, 0xe4, 0xf0, 0xff, 0xff, 0xe4, 0xf0, 0xff, 0xff,
  0xe4, 0xf0, 0xff, 0xff, 0xe4, 0xf0, 0xff, 0xff, 0xe4, 0xf0, 0xff, 0xff, 0xe4, 0xf0, 0xff, 0xff,
  0xe4, 0xf0, 0xff, 0xff, 0xe4, 0xf0, 0xff, 0xff, 0xe4, 0xf0, 0xff, 0xff, 0xe4, 0xf0, 0xff, 0xff,
  0xe4, 0xf0, 0xff, 0xff, 0xe4, 0xf0, 0xff, 0xff, 0xe4, 0xf0, 0xff, 0xff, 0xe4, 0xf0, 0xff, 0xff,
  0xe4, 0xf0, 0xff, 0xff, 0xe4, 0xf0, 0xff, 0xff, 0xe4, 0xf0, 0xff, 0xff, 0xe4, 0xf0, 0xff, 0xff,
  0xe4, 0xf0, 0xff, 0xff, 0xe4, 0xf0, 0xff, 0xff, 0xe4, 0xf0, 0xff, 0xff, 0xe4, 0xf0, 0xff, 0xff,
  0xe4, 0xf0, 0xff, 0xff, 0xe4, 0xf0, 0xff, 0xff, 0xde, 0xee, 0xfc, 0xff, 0x33, 0xcc, 0xab, 0xff,
  0x2d, 0xca, 0xa9, 0xff, 0x2c, 0xc9, 0xaa, 0xff, 0x2c, 0xc9, 0xab, 0xff, 0x2b, 0xc8, 0xac, 0xff,
  0x2b, 0xc8, 0xad, 0xff, 0xd7, 0xf4, 0xf0, 0xff, 0xff, 0xff, 0xff, 0xff, 0xff, 0xff, 0xff, 0xff,
  0xdd, 0xf6, 0xf3, 0xff, 0x35, 0xc9, 0xb7, 0xff, 0x27, 0xc4, 0xb3, 0xff, 0x27, 0xc4, 0xb4, 0xff,
  0x27, 0xc3, 0xb5, 0xff, 0x26, 0xc2, 0xb6, 0xff, 0x26, 0xc2, 0xb8, 0xff, 0xff, 0xff, 0xff, 0xff,
  0xff, 0xff, 0xff, 0xff, 0xff, 0xff, 0xff, 0xff, 0x23, 0xbf, 0xbc, 0xff, 0x23, 0xbf, 0xbd, 0xff,
  0x22, 0xbe, 0xbe, 0xff, 0x22, 0xbd, 0xbf, 0xff, 0x21, 0xbd, 0xc0, 0xff, 0x28, 0xbe, 0xc3, 0xff,
  0xc0, 0xec, 0xee, 0xff, 0xff, 0xff, 0xff, 0xff, 0xff, 0xff, 0xff, 0xff, 0xea, 0xf8, 0xfa, 0xff,
  0x26, 0xbb, 0xc8, 0xff, 0x1e, 0xb8, 0xc7, 0xff, 0x1e, 0xb8, 0xc8, 0xff, 0x1d, 0xb7, 0xc9, 0xff,
  0x1c, 0xb6, 0xca, 0xff, 0x1c, 0xb6, 0xcc, 0xff, 0x08, 0x42, 0x4b, 0x58, 0x00, 0x00, 0x00, 0x20,
  0x00, 0x00, 0x00, 0x00, 0x00, 0x00, 0x00, 0x00, 0x00, 0x00, 0x00, 0x00, 0x00, 0x00, 0x00, 0x00,
  0x00, 0x00, 0x00, 0x00, 0x00, 0x00, 0x00, 0x00, 0x00, 0x00, 0x00, 0x00, 0x00, 0x00, 0x00, 0x00,
  0x00, 0x00, 0x00, 0x00, 0x00, 0x00, 0x00, 0x00, 0x00, 0x00, 0x00, 0x00, 0x00, 0x00, 0x00, 0x00,
  0x00, 0x00, 0x00, 0x00, 0x00, 0x00, 0x00, 0x00, 0x00, 0x00, 0x00, 0x00, 0x00, 0x00, 0x00, 0x00,
  0x00, 0x00, 0x00, 0x00, 0x00, 0x00, 0x00, 0x00, 0x00, 0x00, 0x00, 0x00, 0x00, 0x00, 0x00, 0x00,
  0x00, 0x00, 0x00, 0x00, 0x00, 0x00, 0x00, 0x00, 0xe3, 0xef, 0xff, 0x80, 0xe4, 0xf0, 0xff, 0xff,
  0xe4, 0xf0, 0xff, 0xff, 0xe4, 0xf0, 0xff, 0xff, 0xe4, 0xf0, 0xff, 0xff, 0xe4, 0xf0, 0xff, 0xff,
  0xe4, 0xf0, 0xff, 0xff, 0xe4, 0xf0, 0xff, 0xff, 0xe4, 0xf0, 0xff, 0xff, 0xe4, 0xf0, 0xff, 0xff,
  0xe4, 0xf0, 0xff, 0xff, 0xe4, 0xf0, 0xff, 0xff, 0xe4, 0xf0, 0xff, 0xff, 0xe4, 0xf0, 0xff, 0xff,
  0xe4, 0xf0, 0xff, 0xff, 0xe4, 0xf0, 0xff, 0xff, 0xe4, 0xf0, 0xff, 0xff, 0xe4, 0xf0, 0xff, 0xff,
  0xe4, 0xf0, 0xff, 0xff, 0xe4, 0xf0, 0xff, 0xff, 0xe4, 0xf0, 0xff, 0xff, 0xe4, 0xf0, 0xff, 0xff,
  0xe4, 0xf0, 0xff, 0xff, 0xe4, 0xf0, 0xff, 0xff, 0xe4, 0xf0, 0xff, 0xff, 0xe4, 0xf0, 0xff, 0xff,
  0xe4, 0xf0, 0xff, 0xff, 0xe4, 0xf0, 0xff, 0xff, 0xe4, 0xf0, 0xff, 0xff, 0xe4, 0xf0, 0xff, 0xff,
  0xe4, 0xf0, 0xff, 0xff, 0xe4, 0xf0, 0xff, 0xff, 0xe4, 0xf0, 0xff, 0xff, 0xe4, 0xf0, 0xff, 0xff,
  0xe4, 0xf0, 0xff, 0xff, 0xe4, 0xf0, 0xff, 0xff, 0xe4, 0xf0, 0xff, 0xff, 0xe4, 0xf0, 0xff, 0xff,
  0xe4, 0xf0, 0xff, 0xff, 0xe4, 0xf0, 0xff, 0xff, 0xe4, 0xf0, 0xff, 0xff, 0xe4, 0xf0, 0xff, 0xff,
  0xe4, 0xf0, 0xff, 0xff, 0xe4, 0xf0, 0xff, 0xff, 0xe4, 0xf0, 0xff, 0xff, 0xe4, 0xf0, 0xff, 0xff,
  0xe4, 0xf0, 0xff, 0xff, 0xe4, 0xf0, 0xff, 0xff, 0xe4, 0xf0, 0xff, 0xff, 0xe4, 0xf0, 0xff, 0xff,
  0xe4, 0xf0, 0xff, 0xff, 0xe4, 0xf0, 0xff, 0xff, 0xa4, 0xe2, 0xe1, 0xff, 0x2d, 0xca, 0xa9, 0xff,
  0x2c, 0xc9, 0xaa, 0xff, 0x2c, 0xc9, 0xab, 0xff, 0x2b, 0xc8, 0xac, 0xff, 0x2b, 0xc8, 0xad, 0xff,
  0x81, 0xde, 0xcf, 0xff, 0xff, 0xff, 0xff, 0xff, 0xff, 0xff, 0xff, 0xff, 0xf8, 0xfd, 0xfd, 0xff,
  0x4a, 0xce, 0xbe, 0xff, 0x27, 0xc4, 0xb3, 0xff, 0x27, 0xc4, 0xb4, 0xff, 0x27, 0xc3, 0xb5, 0xff,
  0x26, 0xc2, 0xb6, 0xff, 0x26, 0xc2, 0xb8, 0xff, 0x25, 0xc1, 0xb9, 0xff, 0xff, 0xff, 0xff, 0xff,
  0xff, 0xff, 0xff, 0xff, 0xff, 0xff, 0xff, 0xff, 0x23, 0xbf, 0xbd, 0xff, 0x22, 0xbe, 0xbe, 0xff,
  0x22, 0xbd, 0xbf, 0xff, 0x21, 0xbd, 0xc0, 0xff, 0x21, 0xbc, 0xc1, 0xff, 0x21, 0xbb, 0xc2, 0xff,
  0x2e, 0xbf, 0xc7, 0xff, 0xe3, 0xf6, 0xf8, 0xff, 0xff, 0xff, 0xff, 0xff, 0xff, 0xff, 0xff, 0xff,
  0x9c, 0xe0, 0xe6, 0xff, 0x1e, 0xb8, 0xc8, 0xff, 0x1d, 0xb7, 0xc9, 0xff, 0x1c, 0xb6, 0xca, 0xff,
  0x1c, 0xb6, 0xcc, 0xff, 0x1b, 0xb5, 0xcd, 0xff, 0x15, 0x8b, 0xa0, 0x9a, 0x00, 0x00, 0x00, 0x20,
  0x00, 0x00, 0x00, 0x00, 0x00, 0x00, 0x00, 0x00, 0x00, 0x00, 0x00, 0x00, 0x00, 0x00, 0x00, 0x00,
  0x00, 0x00, 0x00, 0x00, 0x00, 0x00, 0x00, 0x00, 0x00, 0x00, 0x00, 0x00, 0x00, 0x00, 0x00, 0x00,
  0x00, 0x00, 0x00, 0x00, 0x00, 0x00, 0x00, 0x00, 0x00, 0x00, 0x00, 0x00, 0x00, 0x00, 0x00, 0x00,
  0x00, 0x00, 0x00, 0x00, 0x00, 0x00, 0x00, 0x00, 0x00, 0x00, 0x00, 0x00, 0x00, 0x00, 0x00, 0x00,
  0x00, 0x00, 0x00, 0x00, 0x00, 0x00, 0x00, 0x00, 0x00, 0x00, 0x00, 0x00, 0x00, 0x00, 0x00, 0x00,
  0x00, 0x00, 0x00, 0x00, 0x00, 0x00, 0x00, 0x00, 0xe3, 0xef, 0xff, 0x80, 0xe4, 0xef, 0xff, 0xff,
  0xe4, 0xef, 0xff, 0xff, 0xe4, 0xef, 0xff, 0xff, 0xe4, 0xef, 0xff, 0xff, 0xe4, 0xef, 0xff, 0xff,
  0xe4, 0xef, 0xff, 0xff, 0xe4, 0xef, 0xff, 0xff, 0xe4, 0xef, 0xff, 0xff, 0xe4, 0xef, 0xff, 0xff,
  0xe4, 0xef, 0xff, 0xff, 0xe7, 0xc4, 0xd0, 0xff, 0xe7, 0xc4, 0xd0, 0xff, 0xe4, 0xea, 0xf9, 0xff,
  0xe4, 0xef, 0xff, 0xff, 0xe4, 0xef, 0xff, 0xff, 0xe4, 0xef, 0xff, 0xff, 0xe4, 0xef, 0xff, 0xff,
  0xe4, 0xef, 0xff, 0xff, 0xe4, 0xef, 0xff, 0xff, 0xe4, 0xef, 0xff, 0xff, 0xe4, 0xef, 0xff, 0xff,
  0xe4, 0xef, 0xff, 0xff, 0xe4, 0xef, 0xff, 0xff, 0xe4, 0xef, 0xff, 0xff, 0xe4, 0xef, 0xff, 0xff,
  0xe4, 0xef, 0xff, 0xff, 0xe4, 0xef, 0xff, 0xff, 0xe4, 0xef, 0xff, 0xff, 0xe4, 0xef, 0xff, 0xff,
  0xe4, 0xef, 0xff, 0xff, 0xe4, 0xef, 0xff, 0xff, 0xe4, 0xef, 0xff, 0xff, 0xe4, 0xef, 0xff, 0xff,
  0xe4, 0xef, 0xff, 0xff, 0xe4, 0xef, 0xff, 0xff, 0xe4, 0xef, 0xff, 0xff, 0xe4, 0xef, 0xff, 0xff,
  0xe4, 0xef, 0xff, 0xff, 0xe4, 0xef, 0xff, 0xff, 0xe4, 0xef, 0xff, 0xff, 0xe4, 0xef, 0xff, 0xff,
  0xe4, 0xef, 0xff, 0xff, 0xe4, 0xef, 0xff, 0xff, 0xe4, 0xef, 0xff, 0xff, 0xe4, 0xef, 0xff, 0xff,
  0xe4, 0xef, 0xff, 0xff, 0xe4, 0xef, 0xff, 0xff, 0xe4, 0xef, 0xff, 0xff, 0xe4, 0xef, 0xff, 0xff,
  0xe4, 0xef, 0xff, 0xff, 0xe4, 0xef, 0xff, 0xff, 0x6d, 0xd7, 0xc7, 0xff, 0x2c, 0xc9, 0xaa, 0xff,
  0x2c, 0xc9, 0xab, 0xff, 0x2b, 0xc8, 0xac, 0xff, 0x2b, 0xc8, 0xad, 0xff, 0x2a, 0xc7, 0xae, 0xff,
  0xeb, 0xfa, 0xf7, 0xff, 0xff, 0xff, 0xff, 0xff, 0xff, 0xff, 0xff, 0xff, 0x8d, 0xe0, 0xd6, 0xff,
  0x27, 0xc4, 0xb3, 0xff, 0x27, 0xc4, 0xb4, 0xff, 0x27, 0xc3, 0xb5, 0xff, 0x26, 0xc2, 0xb6, 0xff,
  0x26, 0xc2, 0xb8, 0xff, 0x25, 0xc1, 0xb9, 0xff, 0x24, 0xc0, 0xba, 0xff, 0xff, 0xff, 0xff, 0xff,
  0xff, 0xff, 0xff, 0xff, 0xff, 0xff, 0xff, 0xff, 0x22, 0xbe, 0xbe, 0xff, 0x22, 0xbd, 0xbf, 0xff,
  0x21, 0xbd, 0xc0, 0xff, 0x21, 0xbc, 0xc1, 0xff, 0x21, 0xbb, 0xc2, 0xff, 0x20, 0xbb, 0xc3, 0xff,
  0x20, 0xba, 0xc4, 0xff, 0x65, 0xcf, 0xd7, 0xff, 0xff, 0xff, 0xff, 0xff, 0xff, 0xff, 0xff, 0xff,
  0xf8, 0xfd, 0xfd, 0xff, 0x32, 0xbe, 0xce, 0xff, 0x1c, 0xb6, 0xca, 0xff, 0x1c, 0xb6, 0xcc, 0xff,
  0x1b, 0xb5, 0xcd, 0xff, 0x1b, 0xb4, 0xce, 0xff, 0x18, 0xa6, 0xbe, 0xcf, 0x00, 0x00, 0x00, 0x20,
  0x00, 0x00, 0x00, 0x00, 0x00, 0x00, 0x00, 0x00, 0x00, 0x00, 0x00, 0x00, 0x00, 0x00, 0x00, 0x00,
  0x00, 0x00, 0x00, 0x00, 0x00, 0x00, 0x00, 0x00, 0x00, 0x00, 0x00, 0x00, 0x00, 0x00, 0x00, 0x00,
  0x00, 0x00, 0x00, 0x00, 0x00, 0x00, 0x00, 0x00, 0x00, 0x00, 0x00, 0x00, 0x00, 0x00, 0x00, 0x00,
  0x00, 0x00, 0x00, 0x00, 0x00, 0x00, 0x00, 0x00, 0x00, 0x00, 0x00, 0x00, 0x00, 0x00, 0x00, 0x00,
  0x00, 0x00, 0x00, 0x00, 0x00, 0x00, 0x00, 0x00, 0x00, 0x00, 0x00, 0x00, 0x00, 0x00, 0x00, 0x00,
  0x00, 0x00, 0x00, 0x00, 0x00, 0x00, 0x00, 0x00, 0xe3, 0xef, 0xff, 0x80, 0xe3, 0xef, 0xff, 0xff,
  0xe3, 0xef, 0xff, 0xff, 0xe3, 0xef, 0xff, 0xff, 0xe3, 0xef, 0xff, 0xff, 0xe3, 0xef, 0xff, 0xff,
  0xe3, 0xef, 0xff, 0xff, 0xe3, 0xef, 0xff, 0xff, 0xe3, 0xef, 0xff, 0xff, 0xe5, 0xcf, 0xdc, 0xff,
  0xee, 0x5e, 0x61, 0xff, 0xef, 0x44, 0x44, 0xff, 0xef, 0x44, 0x44, 0xff, 0xee, 0x4f, 0x50, 0xff,
  0xe7, 0xb9, 0xc4, 0xff, 0xe3, 0xef, 0xff, 0xff, 0xe3, 0xef, 0xff, 0xff, 0xe3, 0xef, 0xff, 0xff,
  0xe3, 0xef, 0xff, 0xff, 0xe3, 0xef, 0xff, 0xff, 0xe3, 0xef, 0xff, 0xff, 0xe3, 0xef, 0xff, 0xff,
  0xe3, 0xef, 0xff, 0xff, 0xe3, 0xef, 0xff, 0xff, 0xe3, 0xef, 0xff, 0xff, 0xe3, 0xef, 0xff, 0xff,
  0xe3, 0xef, 0xff, 0xff, 0xe3, 0xef, 0xff, 0xff, 0xe3, 0xef, 0xff, 0xff, 0xe3, 0xef, 0xff, 0xff,
  0xe3, 0xef, 0xff, 0xff, 0xe3, 0xef, 0xff, 0xff, 0xe3, 0xef, 0xff, 0xff, 0xe3, 0xef, 0xff, 0xff,
  0xe3, 0xef, 0xff, 0xff, 0xe3, 0xef, 0xff, 0xff, 0xe3, 0xef, 0xff, 0xff, 0xe3, 0xef, 0xff, 0xff,
  0xe3, 0xef, 0xff, 0xff, 0xe3, 0xef, 0xff, 0xff, 0xe3, 0xef, 0xff, 0xff, 0xe3, 0xef, 0xff, 0xff,
  0xe3, 0xef, 0xff, 0xff, 0xe3, 0xef, 0xff, 0xff, 0xe3, 0xef, 0xff, 0xff, 0xe3, 0xef, 0xff, 0xff,
  0xe3, 0xef, 0xff, 0xff, 0xe3, 0xef, 0xff, 0xff, 0xe3, 0xef, 0xff, 0xff, 0xe3, 0xef, 0xff, 0xff,
  0xe3, 0xef, 0xff, 0xff, 0xdd, 0xee, 0xfc, 0xff, 0x37, 0xcb, 0xaf, 0xff, 0x2c, 0xc9, 0xab, 0xff,
  0x2b, 0xc8, 0xac, 0xff, 0x2b, 0xc8, 0xad, 0xff, 0x2a, 0xc7, 0xae, 0xff, 0x59, 0xd3, 0xc1, 0xff,
  0xff, 0xff, 0xff, 0xff, 0xff, 0xff, 0xff, 0xff, 0xeb, 0xfa, 0xf8, 0xff, 0x2e, 0xc6, 0xb5, 0xff,
  0x27, 0xc4, 0xb4, 0xff, 0x27, 0xc3, 0xb5, 0xff, 0x26, 0xc2, 0xb6, 0xff, 0x26, 0xc2, 0xb8, 0xff,
  0x25, 0xc1, 0xb9, 0xff, 0x24, 0xc0, 0xba, 0xff, 0x24, 0xc0, 0xbb, 0xff, 0xff, 0xff, 0xff, 0xff,
  0xff, 0xff, 0xff, 0xff, 0xff, 0xff, 0xff, 0xff, 0x22, 0xbd, 0xbf, 0xff, 0x21, 0xbd, 0xc0, 0xff,
  0x21, 0xbc, 0xc1, 0xff, 0x21, 0xbb, 0xc2, 0xff, 0x20, 0xbb, 0xc3, 0xff, 0x20, 0xba, 0xc4, 0xff,
  0x1f, 0xb9, 0xc5, 0xff, 0x1f, 0xb9, 0xc6, 0xff, 0xc7, 0xed, 0xf1, 0xff, 0xff, 0xff, 0xff, 0xff,
  0xff, 0xff, 0xff, 0xff, 0x71, 0xd1, 0xde, 0xff, 0x1c, 0xb6, 0xcc, 0xff, 0x1b, 0xb5, 0xcd, 0xff,
  0x1b, 0xb4, 0xce, 0xff, 0x1b, 0xb4, 0xcf, 0xff, 0x1a, 0xb3, 0xd0, 0xff, 0x09, 0x51, 0x60, 0x35,
  0x00, 0x00, 0x00, 0x00, 0x00, 0x00, 0x00, 0x00, 0x00, 0x00, 0x00, 0x00, 0x00, 0x00, 0x00, 0x00,
  0x00, 0x00, 0x00, 0x00, 0x00, 0x00, 0x00, 0x00, 0x00, 0x00, 0x00, 0x00, 0x00, 0x00, 0x00, 0x00,
  0x00, 0x00, 0x00, 0x00, 0x00, 0x00, 0x00, 0x00, 0x00, 0x00, 0x00, 0x00, 0x00, 0x00, 0x00, 0x00,
  0x00, 0x00, 0x00, 0x00, 0x00, 0x00, 0x00, 0x00, 0x00, 0x00, 0x00, 0x00, 0x00, 0x00, 0x00, 0x00,
  0x00, 0x00, 0x00, 0x00, 0x00, 0x00, 0x00, 0x00, 0x00, 0x00, 0x00, 0x00, 0x00, 0x00, 0x00, 0x00,
  0x00, 0x00, 0x00, 0x00, 0x00, 0x00, 0x00, 0x00, 0xe3, 0xef, 0xff, 0x80, 0xe3, 0xef, 0xff, 0xff,
  0xe3, 0xef, 0xff, 0xff, 0xe3, 0xef, 0xff, 0xff, 0xe3, 0xef, 0xff, 0xff, 0xe3, 0xef, 0xff, 0xff,
  0xe3, 0xef, 0xff, 0xff, 0xe3, 0xef, 0xff, 0xff, 0xe3, 0xea, 0xf9, 0xff, 0xed, 0x5a, 0x5c, 0xff,
  0xef, 0x44, 0x44, 0xff, 0xef, 0x44, 0x44, 0xff, 0xef, 0x44, 0x44, 0xff, 0xef, 0x44, 0x44, 0xff,
  0xef, 0x49, 0x4a, 0xff, 0xe5, 0xda, 0xe8, 0xff, 0xe3, 0xef, 0xff, 0xff, 0xe3, 0xef, 0xff, 0xff,
  0xe3, 0xef, 0xff, 0xff, 0xe3, 0xef, 0xff, 0xff, 0xe3, 0xef, 0xff, 0xff, 0xe3, 0xef, 0xff, 0xff,
  0xe3, 0xef, 0xff, 0xff, 0xe3, 0xef, 0xff, 0xff, 0xe3, 0xef, 0xff, 0xff, 0xe3, 0xef, 0xff, 0xff,
  0xe3, 0xef, 0xff, 0xff, 0xe3, 0xef, 0xff, 0xff, 0xe3, 0xef, 0xff, 0xff, 0xe3, 0xef, 0xff, 0xff,
  0xe3, 0xef, 0xff, 0xff, 0xe3, 0xef, 0xff, 0xff, 0xe3, 0xef, 0xff, 0xff, 0xe3, 0xef, 0xff, 0xff,
  0xe3, 0xef, 0xff, 0xff, 0xe3, 0xef, 0xff, 0xff, 0xe3, 0xef, 0xff, 0xff, 0xe3, 0xef, 0xff, 0xff,
  0xe3, 0xef, 0xff, 0xff, 0xe3, 0xef, 0xff, 0xff, 0xe3, 0xef, 0xff, 0xff, 0xe3, 0xef, 0xff, 0xff,
  0xe3, 0xef, 0xff, 0xff, 0xe3, 0xef, 0xff, 0xff, 0xe3, 0xef, 0xff, 0xff, 0xe3, 0xef, 0xff, 0xff,
  0xe3, 0xef, 0xff, 0xff, 0xe3, 0xef, 0xff, 0xff, 0xe3, 0xef, 0xff, 0xff, 0xe3, 0xef, 0xff, 0xff,
  0xe3, 0xef, 0xff, 0xff, 0xcd, 0xea, 0xf4, 0xff, 0x2c, 0xc9, 0xab, 0xff, 0x2b, 0xc8, 0xac, 0xff,
  0x2b, 0xc8, 0xad, 0xff, 0x2a, 0xc7, 0xae, 0xff, 0x2a, 0xc7, 0xaf, 0xff, 0x94, 0xe3, 0xd8, 0xff,
  0xff, 0xff, 0xff, 0xff, 0xff, 0xff, 0xff, 0xff, 0xa7, 0xe7, 0xe0, 0xff, 0x27, 0xc4, 0xb4, 0xff,
  0x27, 0xc3, 0xb5, 0xff, 0x26, 0xc2, 0xb6, 0xff, 0x26, 0xc2, 0xb8, 0xff, 0x25, 0xc1, 0xb9, 0xff,
  0x24, 0xc0, 0xba, 0xff, 0x24, 0xc0, 0xbb, 0xff, 0x23, 0xbf, 0xbc, 0xff, 0xff, 0xff, 0xff, 0xff,
  0xff, 0xff, 0xff, 0xff, 0xff, 0xff, 0xff, 0xff, 0x21, 0xbd, 0xc0, 0xff, 0x21, 0xbc, 0xc1, 0xff,
  0x21, 0xbb, 0xc2, 0xff, 0x20, 0xbb, 0xc3, 0xff, 0x20, 0xba, 0xc4, 0xff, 0x1f, 0xb9, 0xc5, 0xff,
  0x1f, 0xb9, 0xc6, 0xff, 0x1e, 0xb8, 0xc7, 0xff, 0x7a, 0xd5, 0xde, 0xff, 0xff, 0xff, 0xff, 0xff,
  0xff, 0xff, 0xff, 0xff, 0xb8, 0xe8, 0xef, 0xff, 0x1b, 0xb5, 0xcd, 0xff, 0x1b, 0xb4, 0xce, 0xff,
  0x1b, 0xb4, 0xcf, 0xff, 0x1a, 0xb3, 0xd0, 0xff, 0x1a, 0xb3, 0xd1, 0xff, 0x11, 0x82, 0x99, 0x58,
  0x00, 0x00, 0x00, 0x00, 0x00, 0x00, 0x00, 0x00, 0x00, 0x00, 0x00, 0x00, 0x00, 0x00, 0x00, 0x00,
  0x00, 0x00, 0x00, 0x00, 0x00, 0x00, 0x00, 0x00, 0x00, 0x00, 0x00, 0x00, 0x00, 0x00, 0x00, 0x00,
  0x00, 0x00, 0x00, 0x00, 0x00, 0x00, 0x00, 0x00, 0x00, 0x00, 0x00, 0x00, 0x00, 0x00, 0x00, 0x00,
  0x00, 0x00, 0x00, 0x00, 0x00, 0x00, 0x00, 0x00, 0x00, 0x00, 0x00, 0x00, 0x00, 0x00, 0x00, 0x00,
  0x00, 0x00, 0x00, 0x00, 0x00, 0x00, 0x00, 0x00, 0x00, 0x00, 0x00, 0x00, 0x00, 0x00, 0x00, 0x00,
  0x00, 0x00, 0x00, 0x00, 0x00, 0x00, 0x00, 0x00, 0xe3, 0xef, 0xff, 0x80, 0xe3, 0xef, 0xff, 0xff,
  0xe3, 0xef, 0xff, 0xff, 0xe3, 0xef, 0xff, 0xff, 0xe3, 0xef, 0xff, 0xff, 0xe3, 0xef, 0xff, 0xff,
  0xe3, 0xef, 0xff, 0xff, 0xe3, 0xef, 0xff, 0xff, 0xe7, 0xb9, 0xc4, 0xff, 0xef, 0x44, 0x44, 0xff,
  0xef, 0x44, 0x44, 0xff, 0xef, 0x44, 0x44, 0xff, 0xef, 0x44, 0x44, 0xff, 0xef, 0x44, 0x44, 0xff,
  0xef, 0x44, 0x44, 0xff, 0xe8, 0xa4, 0xad, 0xff, 0xe3, 0xef, 0xff, 0xff, 0xe3, 0xef, 0xff, 0xff,
  0xe3, 0xef, 0xff, 0xff, 0xe3, 0xef, 0xff, 0xff, 0xe3, 0xef, 0xff, 0xff, 0xe3, 0xef, 0xff, 0xff,
  0xe3, 0xef, 0xff, 0xff, 0xe3, 0xef, 0xff, 0xff, 0xe3, 0xef, 0xff, 0xff, 0xe3, 0xef, 0xff, 0xff,
  0xe3, 0xef, 0xff, 0xff, 0xe3, 0xef, 0xff, 0xff, 0xe3, 0xef, 0xff, 0xff, 0xe3, 0xef, 0xff, 0xff,
  0xe3, 0xef, 0xff, 0xff, 0xe3, 0xef, 0xff, 0xff, 0xe3, 0xef, 0xff, 0xff, 0xe3, 0xef, 0xff, 0xff,
  0xe3, 0xef, 0xff, 0xff, 0xe3, 0xef, 0xff, 0xff, 0xe3, 0xef, 0xff, 0xff, 0xe3, 0xef, 0xff, 0xff,
  0xe3, 0xef, 0xff, 0xff, 0xe3, 0xef, 0xff, 0xff, 0xe3, 0xef, 0xff, 0xff, 0xe3, 0xef, 0xff, 0xff,
  0xe3, 0xef, 0xff, 0xff, 0xe3, 0xef, 0xff, 0xff, 0xe3, 0xef, 0xff, 0xff, 0xe3, 0xef, 0xff, 0xff,
  0xe3, 0xef, 0xff, 0xff, 0xe3, 0xef, 0xff, 0xff, 0xe3, 0xef, 0xff, 0xff, 0xe3, 0xef, 0xff, 0xff,
  0xe3, 0xef, 0xff, 0xff, 0xb5, 0xe5, 0xea, 0xff, 0x2b, 0xc8, 0xac, 0xff, 0x2b, 0xc8, 0xad, 0xff,
  0x2a, 0xc7, 0xae, 0xff, 0x2a, 0xc7, 0xaf, 0xff, 0x29, 0xc6, 0xb0, 0xff, 0xbc, 0xed, 0xe7, 0xff,
  0xff, 0xff, 0xff, 0xff, 0xff, 0xff, 0xff, 0xff, 0x6b, 0xd7, 0xcc, 0xff, 0x27, 0xc3, 0xb5, 0xff,
  0x26, 0xc2, 0xb6, 0xff, 0x26, 0xc2, 0xb8, 0xff, 0x25, 0xc1, 0xb9, 0xff, 0x24, 0xc0, 0xba, 0xff,
  0x24, 0xc0, 0xbb, 0xff, 0x23, 0xbf, 0xbc, 0xff, 0x23, 0xbf, 0xbd, 0xff, 0xff, 0xff, 0xff, 0xff,
  0xff, 0xff, 0xff, 0xff, 0xff, 0xff, 0xff, 0xff, 0x21, 0xbc, 0xc1, 0xff, 0x21, 0xbb, 0xc2, 0xff,
  0x20, 0xbb, 0xc3, 0xff, 0x20, 0xba, 0xc4, 0xff, 0x1f, 0xb9, 0xc5, 0xff, 0x1f, 0xb9, 0xc6, 0xff,
  0x1e, 0xb8, 0xc7, 0xff, 0x1e, 0xb8, 0xc8, 0xff, 0x40, 0xc2, 0xd1, 0xff, 0xff, 0xff, 0xff, 0xff,
  0xff, 0xff, 0xff, 0xff, 0xe2, 0xf6, 0xf9, 0xff, 0x1b, 0xb4, 0xce, 0xff, 0x1b, 0xb4, 0xcf, 0xff,
  0x1a, 0xb3, 0xd0, 0xff, 0x1a, 0xb3, 0xd1, 0xff, 0x19, 0xb2, 0xd2, 0xff, 0x13, 0x93, 0xad, 0x74,
  0x00, 0x00, 0x00, 0x00, 0x00, 0x00, 0x00, 0x00, 0x00, 0x00, 0x00, 0x00, 0x00, 0x00, 0x00, 0x00,
  0x00, 0x00, 0x00, 0x00, 0x00, 0x00, 0x00, 0x00, 0x00, 0x00, 0x00, 0x00, 0x00, 0x00, 0x00, 0x00,
  0x00, 0x00, 0x00, 0x00, 0x00, 0x00, 0x00, 0x00, 0x00, 0x00, 0x00, 0x00, 0x00, 0x00, 0x00, 0x00,
  0x00, 0x00, 0x00, 0x00, 0x00, 0x00, 0x00, 0x00, 0x00, 0x00, 0x00, 0x00, 0x00, 0x00, 0x00, 0x00,
  0x00, 0x00, 0x00, 0x00, 0x00, 0x00, 0x00, 0x00, 0x00, 0x00, 0x00, 0x00, 0x00, 0x00, 0x00, 0x00,
  0x00, 0x00, 0x00, 0x00, 0x00, 0x00, 0x00, 0x00, 0xe1, 0xef, 0xff, 0x80, 0xe2, 0xef, 0xff, 0xff,
  0xe2, 0xef, 0xff, 0xff, 0xe2, 0xef, 0xff, 0xff, 0xe2, 0xef, 0xff, 0xff, 0xe2, 0xef, 0xff, 0xff,
  0xe2, 0xef, 0xff, 0xff, 0xe2, 0xef, 0xff, 0xff, 0xe7, 0xaf, 0xb9, 0xff, 0xef, 0x44, 0x44, 0xff,
  0xef, 0x44, 0x44, 0xff, 0xef, 0x44, 0x44, 0xff, 0xef, 0x44, 0x44, 0xff, 0xef, 0x44, 0x44, 0xff,
  0xef, 0x44, 0x44, 0xff, 0xd6, 0x8f, 0x9a, 0xff, 0xc0, 0xd1, 0xe7, 0xff, 0xc0, 0xd1, 0xe7, 0xff,
  0xc0, 0xd1, 0xe7, 0xff, 0xc0, 0xd1, 0xe7, 0xff, 0xc0, 0xd1, 0xe7, 0xff, 0xc0, 0xd1, 0xe7, 0xff,
  0xc0, 0xd1, 0xe7, 0xff, 0xc0, 0xd1, 0xe7, 0xff, 0xc0, 0xd1, 0xe7, 0xff, 0xc0, 0xd1, 0xe7, 0xff,
  0xc0, 0xd1, 0xe7, 0xff, 0xc0, 0xd1, 0xe7, 0xff, 0xc0, 0xd1, 0xe7, 0xff, 0xc0, 0xd1, 0xe7, 0xff,
  0xc0, 0xd1, 0xe7, 0xff, 0xc0, 0xd1, 0xe7, 0xff, 0xc0, 0xd1, 0xe7, 0xff, 0xc0, 0xd1, 0xe7, 0xff,
  0xc0, 0xd1, 0xe7, 0xff, 0xc0, 0xd1, 0xe7, 0xff, 0xc0, 0xd1, 0xe7, 0xff, 0xc0, 0xd1, 0xe7, 0xff,
  0xc0, 0xd1, 0xe7, 0xff, 0xc0, 0xd1, 0xe7, 0xff, 0xc0, 0xd1, 0xe7, 0xff, 0xc0, 0xd1, 0xe7, 0xff,
  0xc0, 0xd1, 0xe7, 0xff, 0xc0, 0xd1, 0xe7, 0xff, 0xc0, 0xd1, 0xe7, 0xff, 0xc0, 0xd1, 0xe7, 0xff,
  0xc0, 0xd1, 0xe7, 0xff, 0xc0, 0xd1, 0xe7, 0xff, 0xc0, 0xd1, 0xe7, 0xff, 0xc0, 0xd1, 0xe7, 0xff,
  0xc0, 0xd1, 0xe7, 0xff, 0x8d, 0xce, 0xd2, 0xff, 0x2b, 0xc8, 0xad, 0xff, 0x2a, 0xc7, 0xae, 0xff,
  0x2a, 0xc7, 0xaf, 0xff, 0x29, 0xc6, 0xb0, 0xff, 0x28, 0xc5, 0xb1, 0xff, 0xd7, 0xf4, 0xf1, 0xff,
  0xff, 0xff, 0xff, 0xff, 0xff, 0xff, 0xff, 0xff, 0x50, 0xce, 0xc3, 0xff, 0x26, 0xc2, 0xb6, 0xff,
  0x26, 0xc2, 0xb8, 0xff, 0x25, 0xc1, 0xb9, 0xff, 0x24, 0xc0, 0xba, 0xff, 0x24, 0xc0, 0xbb, 0xff,
  0x23, 0xbf, 0xbc, 0xff, 0x23, 0xbf, 0xbd, 0xff, 0x22, 0xbe, 0xbe, 0xff, 0xff, 0xff, 0xff, 0xff,
  0xff, 0xff, 0xff, 0xff, 0xff, 0xff, 0xff, 0xff, 0x28, 0xbd, 0xc4, 0xff, 0x20, 0xbb, 0xc3, 0xff,
  0x20, 0xba, 0xc4, 0xff, 0x1f, 0xb9, 0xc5, 0xff, 0x1f, 0xb9, 0xc6, 0xff, 0x1e, 0xb8, 0xc7, 0xff,
  0x1e, 0xb8, 0xc8, 0xff, 0x1d, 0xb7, 0xc9, 0xff, 0x1c, 0xb6, 0xca, 0xff, 0xff, 0xff, 0xff, 0xff,
  0xff, 0xff, 0xff, 0xff, 0xff, 0xff, 0xff, 0xff, 0x1b, 0xb4, 0xcf, 0xff, 0x1a, 0xb3, 0xd0, 0xff,
  0x1a, 0xb3, 0xd1, 0xff, 0x19, 0xb2, 0xd2, 0xff, 0x19, 0xb2, 0xd3, 0xff, 0x14, 0x9a, 0xb8, 0x89,
  0x00, 0x00, 0x00, 0x00, 0x00, 0x00, 0x00, 0x00, 0x00, 0x00, 0x00, 0x00, 0x00, 0x00, 0x00, 0x00,
  0x00, 0x00, 0x00, 0x00, 0x00, 0x00, 0x00, 0x00, 0x00, 0x00, 0x00, 0x00, 0x00, 0x00, 0x00, 0x00,
  0x00, 0x00, 0x00, 0x00, 0x00, 0x00, 0x00, 0x00, 0x00, 0x00, 0x00, 0x00, 0x00, 0x00, 0x00, 0x00,
  0x00, 0x00, 0x00, 0x00, 0x00, 0x00, 0x00, 0x00, 0x00, 0x00, 0x00, 0x00, 0x00, 0x00, 0x00, 0x00,
  0x00, 0x00, 0x00, 0x00, 0x00, 0x00, 0x00, 0x00, 0x00, 0x00, 0x00, 0x00, 0x00, 0x00, 0x00, 0x00,
  0x00, 0x00, 0x00, 0x00, 0x00, 0x00, 0x00, 0x00, 0xe1, 0xed, 0xff, 0x80, 0xe2, 0xee, 0xff, 0xff,
  0xe2, 0xee, 0xff, 0xff, 0xe2, 0xee, 0xff, 0xff, 0xe2, 0xee, 0xff, 0xff, 0xe2, 0xee, 0xff, 0xff,
  0xe2, 0xee, 0xff, 0xff, 0xe2, 0xee, 0xff, 0xff, 0xe3, 0xde, 0xed, 0xff, 0xef, 0x49, 0x4a, 0xff,
  0xef, 0x44, 0x44, 0xff, 0xef, 0x44, 0x44, 0xff, 0xef, 0x44, 0x44, 0xff, 0xef, 0x44, 0x44, 0xff,
  0xef, 0x44, 0x44, 0xff, 0xb2, 0x98, 0xad, 0xff, 0x9d, 0xb4, 0xd0, 0xff, 0x9d, 0xb4, 0xd0, 0xff,
  0x9d, 0xb4, 0xd0, 0xff, 0x9d, 0xb4, 0xd0, 0xff, 0x9d, 0xb4, 0xd0, 0xff, 0x9d, 0xb4, 0xd0, 0xff,
  0x9d, 0xb4, 0xd0, 0xff, 0x9d, 0xb4, 0xd0, 0xff, 0x9d, 0xb4, 0xd0, 0xff, 0x9d, 0xb4, 0xd0, 0xff,
  0x9d, 0xb4, 0xd0, 0xff, 0x9d, 0xb4, 0xd0, 0xff, 0x9d, 0xb4, 0xd0, 0xff, 0x9d, 0xb4, 0xd0, 0xff,
  0x9d, 0xb4, 0xd0, 0xff, 0x9d, 0xb4, 0xd0, 0xff, 0x9d, 0xb4, 0xd0, 0xff, 0x9d, 0xb4, 0xd0, 0xff,
  0x9d, 0xb4, 0xd0, 0xff, 0x9d, 0xb4, 0xd0, 0xff, 0x9d, 0xb4, 0xd0, 0xff, 0x9d, 0xb4, 0xd0, 0xff,
  0x9d, 0xb4, 0xd0, 0xff, 0x9d, 0xb4, 0xd0, 0xff, 0x9d, 0xb4, 0xd0, 0xff, 0x9d, 0xb4, 0xd0, 0xff,
  0x9d, 0xb4, 0xd0, 0xff, 0x9d, 0xb4, 0xd0, 0xff, 0x9d, 0xb4, 0xd0, 0xff, 0x9d, 0xb4, 0xd0, 0xff,
  0x9d, 0xb4, 0xd0, 0xff, 0x9d, 0xb4, 0xd0, 0xff, 0x9d, 0xb4, 0xd0, 0xff, 0x9d, 0xb4, 0xd0, 0xff,
  0x9d, 0xb4, 0xd0, 0xff, 0x6e, 0xbc, 0xc1, 0xff, 0x2a, 0xc7, 0xae, 0xff, 0x2a, 0xc7, 0xaf, 0xff,
  0x29, 0xc6, 0xb0, 0xff, 0x28, 0xc5, 0xb1, 0xff, 0x28, 0xc5, 0xb2, 0xff, 0xeb, 0xf9, 0xf8, 0xff,
  0xff, 0xff, 0xff, 0xff, 0xff, 0xff, 0xff, 0xff, 0x41, 0xca, 0xbf, 0xff, 0x26, 0xc2, 0xb8, 0xff,
  0x25, 0xc1, 0xb9, 0xff, 0x24, 0xc0, 0xba, 0xff, 0x24, 0xc0, 0xbb, 0xff, 0x23, 0xbf, 0xbc, 0xff,
  0x23, 0xbf, 0xbd, 0xff, 0x22, 0xbe, 0xbe, 0xff, 0x22, 0xbd, 0xbf, 0xff, 0x90, 0xde, 0xe0, 0xff,
  0xb3, 0xe8, 0xea, 0xff, 0xff, 0xff, 0xff, 0xff, 0xea, 0xf9, 0xf9, 0xff, 0x6d, 0xd2, 0xd8, 0xff,
  0x1f, 0xb9, 0xc5, 0xff, 0x1f, 0xb9, 0xc6, 0xff, 0x1e, 0xb8, 0xc7, 0xff, 0x1e, 0xb8, 0xc8, 0xff,
  0x1d, 0xb7, 0xc9, 0xff, 0x1c, 0xb6, 0xca, 0xff, 0x1c, 0xb6, 0xcc, 0xff, 0xea, 0xf8, 0xfa, 0xff,
  0xff, 0xff, 0xff, 0xff, 0xff, 0xff, 0xff, 0xff, 0x37, 0xbd, 0xd6, 0xff, 0x1a, 0xb3, 0xd1, 0xff,
  0x19, 0xb2, 0xd2, 0xff, 0x19, 0xb2, 0xd3, 0xff, 0x18, 0xb1, 0xd4, 0xff, 0x15, 0x9d, 0xbd, 0x90,
  0x00, 0x00, 0x00, 0x00, 0x00, 0x00, 0x00, 0x00, 0x00, 0x00, 0x00, 0x00, 0x00, 0x00, 0x00, 0x00,
  0x00, 0x00, 0x00, 0x00, 0x00, 0x00, 0x00, 0x00, 0x00, 0x00, 0x00, 0x00, 0x00, 0x00, 0x00, 0x00,
  0x00, 0x00, 0x00, 0x00, 0x00, 0x00, 0x00, 0x00, 0x00, 0x00, 0x00, 0x00, 0x00, 0x00, 0x00, 0x00,
  0x00, 0x00, 0x00, 0x00, 0x00, 0x00, 0x00, 0x00, 0x00, 0x00, 0x00, 0x00, 0x00, 0x00, 0x00, 0x00,
  0x00, 0x00, 0x00, 0x00, 0x00, 0x00, 0x00, 0x00, 0x00, 0x00, 0x00, 0x00, 0x00, 0x00, 0x00, 0x00,
  0x00, 0x00, 0x00, 0x00, 0x00, 0x00, 0x00, 0x00, 0xe1, 0xee, 0xff, 0x78, 0xe2, 0xee, 0xff, 0xff,
  0xe2, 0xee, 0xff, 0xff, 0xe2, 0xee, 0xff, 0xff, 0xe2, 0xee, 0xff, 0xff, 0xe2, 0xee, 0xff, 0xff,
  0xe2, 0xee, 0xff, 0xff, 0xe2, 0xee, 0xff, 0xff, 0xe2, 0xee, 0xff, 0xff, 0xe7, 0xa9, 0xb3, 0xff,
  0xef, 0x44, 0x44, 0xff, 0xef, 0x44, 0x44, 0xff, 0xef, 0x44, 0x44, 0xff, 0xef, 0x44, 0x44, 0xff,
  0xe1, 0x88, 0x91, 0xff, 0xc0, 0xd1, 0xe7, 0xff, 0xc0, 0xd1, 0xe7, 0xff, 0xc0, 0xd1, 0xe7, 0xff,
  0xc0, 0xd1, 0xe7, 0xff, 0xc0, 0xd1, 0xe7, 0xff, 0xc0, 0xd1, 0xe7, 0xff, 0xc0, 0xd1, 0xe7, 0xff,
  0xc0, 0xd1, 0xe7, 0xff, 0xc0, 0xd1, 0xe7, 0xff, 0xc0, 0xd1, 0xe7, 0xff, 0xc0, 0xd1, 0xe7, 0xff,
  0xc0, 0xd1, 0xe7, 0xff, 0xc0, 0xd1, 0xe7, 0xff, 0xc0, 0xd1, 0xe7, 0xff, 0xc0, 0xd1, 0xe7, 0xff,
  0xc0, 0xd1, 0xe7, 0xff, 0xc0, 0xd1, 0xe7, 0xff, 0xc0, 0xd1, 0xe7, 0xff, 0xc0, 0xd1, 0xe7, 0xff,
  0xc0, 0xd1, 0xe7, 0xff, 0xc0, 0xd1, 0xe7, 0xff, 0xc0, 0xd1, 0xe7, 0xff, 0xc0, 0xd1, 0xe7, 0xff,
  0xc0, 0xd1, 0xe7, 0xff, 0xc0, 0xd1, 0xe7, 0xff, 0xc0, 0xd1, 0xe7, 0xff, 0xc0, 0xd1, 0xe7, 0xff,
  0xc0, 0xd1, 0xe7, 0xff, 0xc0, 0xd1, 0xe7, 0xff, 0xc0, 0xd1, 0xe7, 0xff, 0xc0, 0xd1, 0xe7, 0xff,
  0xc0, 0xd1, 0xe7, 0xff, 0xc0, 0xd1, 0xe7, 0xff, 0xc0, 0xd1, 0xe7, 0xff, 0xc0, 0xd1, 0xe7, 0xff,
  0xc0, 0xd1, 0xe7, 0xff, 0x88, 0xcd, 0xd1, 0xff, 0x2a, 0xc7, 0xaf, 0xff, 0x29, 0xc6, 0xb0, 0xff,
  0x28, 0xc5, 0xb1, 0xff, 0x28, 0xc5, 0xb2, 0xff, 0x27, 0xc4, 0xb3, 0xff, 0xdd, 0xf6, 0xf3, 0xff,
  0xff, 0xff, 0xff, 0xff, 0xff, 0xff, 0xff, 0xff, 0x48, 0xcc, 0xc3, 0xff, 0x25, 0xc1, 0xb9, 0xff,
  0x24, 0xc0, 0xba, 0xff, 0x24, 0xc0, 0xbb, 0xff, 0x23, 0xbf, 0xbc, 0xff, 0x23, 0xbf, 0xbd, 0xff,
  0x22, 0xbe, 0xbe, 0xff, 0x22, 0xbd, 0xbf, 0xff, 0x21, 0xbd, 0xc0, 0xff, 0x28, 0xbe, 0xc3, 0xff,
  0xdc, 0xf4, 0xf5, 0xff, 0xff, 0xff, 0xff, 0xff, 0xff, 0xff, 0xff, 0xff, 0xff, 0xff, 0xff, 0xff,
  0xce, 0xf0, 0xf2, 0xff, 0x4f, 0xc8, 0xd3, 0xff, 0x1e, 0xb8, 0xc8, 0xff, 0x1d, 0xb7, 0xc9, 0xff,
  0x1c, 0xb6, 0xca, 0xff, 0x1c, 0xb6, 0xcc, 0xff, 0x1b, 0xb5, 0xcd, 0xff, 0xff, 0xff, 0xff, 0xff,
  0xff, 0xff, 0xff, 0xff, 0xff, 0xff, 0xff, 0xff, 0x21, 0xb5, 0xd2, 0xff, 0x19, 0xb2, 0xd2, 0xff,
  0x19, 0xb2, 0xd3, 0xff, 0x18, 0xb1, 0xd4, 0xff, 0x18, 0xb1, 0xd5, 0xff, 0x15, 0x9b, 0xbd, 0x90,
  0x00, 0x00, 0x00, 0x00, 0x00, 0x00, 0x00, 0x00, 0x00, 0x00, 0x00, 0x00, 0x00, 0x00, 0x00, 0x00,
  0x00, 0x00, 0x00, 0x00, 0x00, 0x00, 0x00, 0x00, 0x00, 0x00, 0x00, 0x00, 0x00, 0x00, 0x00, 0x00,
  0x00, 0x00, 0x00, 0x00, 0x00, 0x00, 0x00, 0x00, 0x00, 0x00, 0x00, 0x00, 0x00, 0x00, 0x00, 0x00,
  0x00, 0x00, 0x00, 0x00, 0x00, 0x00, 0x00, 0x00, 0x00, 0x00, 0x00, 0x00, 0x00, 0x00, 0x00, 0x00,
  0x00, 0x00, 0x00, 0x00, 0x00, 0x00, 0x00, 0x00, 0x00, 0x00, 0x00, 0x00, 0x00, 0x00, 0x00, 0x00,
  0x00, 0x00, 0x00, 0x00, 0x00, 0x00, 0x00, 0x00, 0xdf, 0xed, 0xfe, 0x58, 0xe1, 0xee, 0xff, 0xff,
  0xe1, 0xee, 0xff, 0xff, 0xe1, 0xee, 0xff, 0xff, 0xe1, 0xee, 0xff, 0xff, 0xe1, 0xee, 0xff, 0xff,
  0xe1, 0xee, 0xff, 0xff, 0xe1, 0xee, 0xff, 0xff, 0xe1, 0xee, 0xff, 0xff, 0xe1, 0xee, 0xff, 0xff,
  0xe4, 0xc9, 0xd6, 0xff, 0xe8, 0x99, 0xa1, 0xff, 0xe8, 0x99, 0xa1, 0xff, 0xe4, 0xbe, 0xca, 0xff,
  0xe1, 0xee, 0xff, 0xff, 0xe1, 0xee, 0xff, 0xff, 0xe1, 0xee, 0xff, 0xff, 0xe1, 0xee, 0xff, 0xff,
  0xe1, 0xee, 0xff, 0xff, 0xe1, 0xee, 0xff, 0xff, 0xe1, 0xee, 0xff, 0xff, 0xe1, 0xee, 0xff, 0xff,
  0xe1, 0xee, 0xff, 0xff, 0xe1, 0xee, 0xff, 0xff, 0xe1, 0xee, 0xff, 0xff, 0xe1, 0xee, 0xff, 0xff,
  0xe1, 0xee, 0xff, 0xff, 0xe1, 0xee, 0xff, 0xff, 0xe1, 0xee, 0xff, 0xff, 0xe1, 0xee, 0xff, 0xff,
  0xe1, 0xee, 0xff, 0xff, 0xe1, 0xee, 0xff, 0xff, 0xe1, 0xee, 0xff, 0xff, 0xe1, 0xee, 0xff, 0xff,
  0xe1, 0xee, 0xff, 0xff, 0xe1, 0xee, 0xff, 0xff, 0xe1, 0xee, 0xff, 0xff, 0xe1, 0xee, 0xff, 0xff,
  0xe1, 0xee, 0xff, 0xff, 0xe1, 0xee, 0xff, 0xff, 0xe1, 0xee, 0xff, 0xff, 0xe1, 0xee, 0xff, 0xff,
  0xe1, 0xee, 0xff, 0xff, 0xe1, 0xee, 0xff, 0xff, 0xe1, 0xee, 0xff, 0xff, 0xe1, 0xee, 0xff, 0xff,
  0xe1, 0xee, 0xff, 0xff, 0xe1, 0xee, 0xff, 0xff, 0xe1, 0xee, 0xff, 0xff, 0xe1, 0xee, 0xff, 0xff,
  0xe1, 0xee, 0xff, 0xff, 0xb4, 0xe4, 0xeb, 0xff, 0x29, 0xc6, 0xb0, 0xff, 0x28, 0xc5, 0xb1, 0xff,
  0x28, 0xc5, 0xb2, 0xff, 0x27, 0xc4, 0xb3, 0xff, 0x27, 0xc4, 0xb4, 0xff, 0xc2, 0xee, 0xea, 0xff,
  0xff, 0xff, 0xff, 0xff, 0xff, 0xff, 0xff, 0xff, 0x63, 0xd3, 0xcd, 0xff, 0x24, 0xc0, 0xba, 0xff,
  0x24, 0xc0, 0xbb, 0xff, 0x23, 0xbf, 0xbc, 0xff, 0x23, 0xbf, 0xbd, 0xff, 0x22, 0xbe, 0xbe, 0xff,
  0x22, 0xbd, 0xbf, 0xff, 0x21, 0xbd, 0xc0, 0xff, 0x21, 0xbc, 0xc1, 0xff, 0x21, 0xbb, 0xc2, 0xff,
  0x5f, 0xce, 0xd4, 0xff, 0xdc, 0xf4, 0xf6, 0xff, 0xff, 0xff, 0xff, 0xff, 0xff, 0xff, 0xff, 0xff,
  0xff, 0xff, 0xff, 0xff, 0xff, 0xff, 0xff, 0xff, 0xb1, 0xe6, 0xec, 0xff, 0x31, 0xbd, 0xcf, 0xff,
  0x1c, 0xb6, 0xcc, 0xff, 0x1b, 0xb5, 0xcd, 0xff, 0x30, 0xbb, 0xd3, 0xff, 0xff, 0xff, 0xff, 0xff,
  0xff, 0xff, 0xff, 0xff, 0xe9, 0xf8, 0xfb, 0xff, 0x19, 0xb2, 0xd2, 0xff, 0x19, 0xb2, 0xd3, 0xff,
  0x18, 0xb1, 0xd4, 0xff, 0x18, 0xb1, 0xd5, 0xff, 0x17, 0xb0, 0xd6, 0xff, 0x13, 0x91, 0xb2, 0x74,
  0x00, 0x00, 0x00, 0x00, 0x00, 0x00, 0x00, 0x00, 0x00, 0x00, 0x00, 0x00, 0x00, 0x00, 0x00, 0x00,
  0x00, 0x00, 0x00, 0x00, 0x00, 0x00, 0x00, 0x00, 0x00, 0x00, 0x00, 0x00, 0x00, 0x00, 0x00, 0x00,
  0x00, 0x00, 0x00, 0x00, 0x00, 0x00, 0x00, 0x00, 0x00, 0x00, 0x00, 0x00, 0x00, 0x00, 0x00, 0x00,
  0x00, 0x00, 0x00, 0x00, 0x00, 0x00, 0x00, 0x00, 0x00, 0x00, 0x00, 0x00, 0x00, 0x00, 0x00, 0x00,
  0x00, 0x00, 0x00, 0x00, 0x00, 0x00, 0x00, 0x00, 0x00, 0x00, 0x00, 0x00, 0x00, 0x00, 0x00, 0x00,
  0x00, 0x00, 0x00, 0x00, 0x00, 0x00, 0x00, 0x00, 0xdf, 0xef, 0xff, 0x40, 0xe1, 0xee, 0xff, 0xff,
  0xe1, 0xee, 0xff, 0xff, 0xe1, 0xee, 0xff, 0xff, 0xe1, 0xee, 0xff, 0xff, 0xe1, 0xee, 0xff, 0xff,
  0xe1, 0xee, 0xff, 0xff, 0xe1, 0xee, 0xff, 0xff, 0xe1, 0xee, 0xff, 0xff, 0xe1, 0xee, 0xff, 0xff,
  0xe1, 0xee, 0xff, 0xff, 0xe1, 0xee, 0xff, 0xff, 0xe1, 0xee, 0xff, 0xff, 0xe1, 0xee, 0xff, 0xff,
  0xe1, 0xee, 0xff, 0xff, 0xe1, 0xee, 0xff, 0xff, 0xe1, 0xee, 0xff, 0xff, 0xe1, 0xee, 0xff, 0xff,
  0xe1, 0xee, 0xff, 0xff, 0xe1, 0xee, 0xff, 0xff, 0xe1, 0xee, 0xff, 0xff, 0xe1, 0xee, 0xff, 0xff,
  0xe1, 0xee, 0xff, 0xff, 0xe1, 0xee, 0xff, 0xff, 0xe1, 0xee, 0xff, 0xff, 0xe1, 0xee, 0xff, 0xff,
  0xe1, 0xee, 0xff, 0xff, 0xe1, 0xee, 0xff, 0xff, 0xe1, 0xee, 0xff, 0xff, 0xe1, 0xee, 0xff, 0xff,
  0xe1, 0xee, 0xff, 0xff, 0xe1, 0xee, 0xff, 0xff, 0xe1, 0xee, 0xff, 0xff, 0xe1, 0xee, 0xff, 0xff,
  0xe1, 0xee, 0xff, 0xff, 0xe1, 0xee, 0xff, 0xff, 0xe1, 0xee, 0xff, 0xff, 0xe1, 0xee, 0xff, 0xff,
  0xe1, 0xee, 0xff, 0xff, 0xe1, 0xee, 0xff, 0xff, 0xe1, 0xee, 0xff, 0xff, 0xe1, 0xee, 0xff, 0xff,
  0xe1, 0xee, 0xff, 0xff, 0xe1, 0xee, 0xff, 0xff, 0xe1, 0xee, 0xff, 0xff, 0xe1, 0xee, 0xff, 0xff,
  0xe1, 0xee, 0xff, 0xff, 0xe1, 0xee, 0xff, 0xff, 0xe1, 0xee, 0xff, 0xff, 0xe1, 0xee, 0xff, 0xff,
  0xe1, 0xee, 0xff, 0xff, 0xc4, 0xe8, 0xf3, 0xff, 0x28, 0xc5, 0xb1, 0xff, 0x28, 0xc5, 0xb2, 0xff,
  0x27, 0xc4, 0xb3, 0xff, 0x27, 0xc4, 0xb4, 0xff, 0x27, 0xc3, 0xb5, 0xff, 0xa0, 0xe4, 0xdf, 0xff,
  0xff, 0xff, 0xff, 0xff, 0xff, 0xff, 0xff, 0xff, 0x92, 0xe0, 0xdd, 0xff, 0x24, 0xc0, 0xbb, 0xff,
  0x23, 0xbf, 0xbc, 0xff, 0x23, 0xbf, 0xbd, 0xff, 0x22, 0xbe, 0xbe, 0xff, 0x22, 0xbd, 0xbf, 0xff,
  0x21, 0xbd, 0xc0, 0xff, 0x21, 0xbc, 0xc1, 0xff, 0x21, 0xbb, 0xc2, 0xff, 0x20, 0xbb, 0xc3, 0xff,
  0x20, 0xba, 0xc4, 0xff, 0x1f, 0xb9, 0xc5, 0xff, 0x81, 0xd8, 0xdf, 0xff, 0xf1, 0xfb, 0xfb, 0xff,
  0xff, 0xff, 0xff, 0xff, 0xff, 0xff, 0xff, 0xff, 0xff, 0xff, 0xff, 0xff, 0xf8, 0xfd, 0xfd, 0xff,
  0x30, 0xbc, 0xd2, 0xff, 0x1b, 0xb4, 0xce, 0xff, 0x6a, 0xce, 0xe0, 0xff, 0xff, 0xff, 0xff, 0xff,
  0xff, 0xff, 0xff, 0xff, 0xc5, 0xec, 0xf4, 0xff, 0x19, 0xb2, 0xd3, 0xff, 0x18, 0xb1, 0xd4, 0xff,
  0x18, 0xb1, 0xd5, 0xff, 0x17, 0xb0, 0xd6, 0xff, 0x17, 0xb0, 0xd7, 0xff, 0x10, 0x83, 0xa3, 0x5f,
  0x00, 0x00, 0x00, 0x00, 0x00, 0x00, 0x00, 0x00, 0x00, 0x00, 0x00, 0x00, 0x00, 0x00, 0x00, 0x00,
  0x00, 0x00, 0x00, 0x00, 0x00, 0x00, 0x00, 0x00, 0x00, 0x00, 0x00, 0x00, 0x00, 0x00, 0x00, 0x00,
  0x00, 0x00, 0x00, 0x00, 0x00, 0x00, 0x00, 0x00, 0x00, 0x00, 0x00, 0x00, 0x00, 0x00, 0x00, 0x00,
  0x00, 0x00, 0x00, 0x00, 0x00, 0x00, 0x00, 0x00, 0x00, 0x00, 0x00, 0x00, 0x00, 0x00, 0x00, 0x00,
  0x00, 0x00, 0x00, 0x00, 0x00, 0x00, 0x00, 0x00, 0x00, 0x00, 0x00, 0x00, 0x00, 0x00, 0x00, 0x00,
  0x00, 0x00, 0x00, 0x00, 0x00, 0x00, 0x00, 0x00, 0xdf, 0xef, 0xff, 0x20, 0xe1, 0xee, 0xff, 0xff,
  0xe1, 0xee, 0xff, 0xff, 0xe1, 0xee, 0xff, 0xff, 0xe1, 0xee, 0xff, 0xff, 0xe1, 0xee, 0xff, 0xff,
  0xe1, 0xee, 0xff, 0xff, 0xe1, 0xee, 0xff, 0xff, 0xe1, 0xee, 0xff, 0xff, 0xe1, 0xee, 0xff, 0xff,
  0xe1, 0xee, 0xff, 0xff, 0xe1, 0xee, 0xff, 0xff, 0xe1, 0xee, 0xff, 0xff, 0xe1, 0xee, 0xff, 0xff,
  0xe1, 0xee, 0xff, 0xff, 0xe1, 0xee, 0xff, 0xff, 0xe1, 0xee, 0xff, 0xff, 0xe1, 0xee, 0xff, 0xff,
  0xe1, 0xee, 0xff, 0xff, 0xe1, 0xee, 0xff, 0xff, 0xe1, 0xee, 0xff, 0xff, 0xe1, 0xee, 0xff, 0xff,
  0xe1, 0xee, 0xff, 0xff, 0xe1, 0xee, 0xff, 0xff, 0xe1, 0xee, 0xff, 0xff, 0xe1, 0xee, 0xff, 0xff,
  0xe1, 0xee, 0xff, 0xff, 0xe1, 0xee, 0xff, 0xff, 0xe1, 0xee, 0xff, 0xff, 0xe1, 0xee, 0xff, 0xff,
  0xe1, 0xee, 0xff, 0xff, 0xe1, 0xee, 0xff, 0xff, 0xe1, 0xee, 0xff, 0xff, 0xe1, 0xee, 0xff, 0xff,
  0xe1, 0xee, 0xff, 0xff, 0xe1, 0xee, 0xff, 0xff, 0xe1, 0xee, 0xff, 0xff, 0xe1, 0xee, 0xff, 0xff,
  0xe1, 0xee, 0xff, 0xff, 0xe1, 0xee, 0xff, 0xff, 0xe1, 0xee, 0xff, 0xff, 0xe1, 0xee, 0xff, 0xff,
  0xe1, 0xee, 0xff, 0xff, 0xe1, 0xee, 0xff, 0xff, 0xe1, 0xee, 0xff, 0xff, 0xe1, 0xee, 0xff, 0xff,
  0xe1, 0xee, 0xff, 0xff, 0xe1, 0xee, 0xff, 0xff, 0xe1, 0xee, 0xff, 0xff, 0xe1, 0xee, 0xff, 0xff,
  0xe1, 0xee, 0xff, 0xff, 0xd6, 0xeb, 0xfa, 0xff, 0x2e, 0xc6, 0xb4, 0xff, 0x27, 0xc4, 0xb3, 0xff,
  0x27, 0xc4, 0xb4, 0xff, 0x27, 0xc3, 0xb5, 0xff, 0x26, 0xc2, 0xb6, 0xff, 0x63, 0xd3, 0xcc, 0xff,
  0xff, 0xff, 0xff, 0xff, 0xff, 0xff, 0xff, 0xff, 0xdd, 0xf5, 0xf4, 0xff, 0x23, 0xbf, 0xbc, 0xff,
  0x23, 0xbf, 0xbd, 0xff, 0x22, 0xbe, 0xbe, 0xff, 0x22, 0xbd, 0xbf, 0xff, 0x21, 0xbd, 0xc0, 0xff,
  0x21, 0xbc, 0xc1, 0xff, 0x21, 0xbb, 0xc2, 0xff, 0x20, 0xbb, 0xc3, 0xff, 0x20, 0xba, 0xc4, 0xff,
  0x1f, 0xb9, 0xc5, 0xff, 0x1f, 0xb9, 0xc6, 0xff, 0x1e, 0xb8, 0xc7, 0xff, 0x2c, 0xbc, 0xcb, 0xff,
  0x9c, 0xdf, 0xe7, 0xff, 0xff, 0xff, 0xff, 0xff, 0xff, 0xff, 0xff, 0xff, 0xb7, 0xe8, 0xef, 0xff,
  0x1b, 0xb4, 0xce, 0xff, 0x1b, 0xb4, 0xcf, 0xff, 0xb0, 0xe5, 0xef, 0xff, 0xff, 0xff, 0xff, 0xff,
  0xff, 0xff, 0xff, 0xff, 0x8c, 0xd9, 0xe9, 0xff, 0x18, 0xb1, 0xd4, 0xff, 0x18, 0xb1, 0xd5, 0xff,
  0x17, 0xb0, 0xd6, 0xff, 0x17, 0xb0, 0xd7, 0xff, 0x16, 0xaf, 0xd8, 0xff, 0x0b, 0x66, 0x81, 0x43,
  0x00, 0x00, 0x00, 0x00, 0x00, 0x00, 0x00, 0x00, 0x00, 0x00, 0x00, 0x00, 0x00, 0x00, 0x00, 0x00,
  0x00, 0x00, 0x00, 0x00, 0x00, 0x00, 0x00, 0x00, 0x00, 0x00, 0x00, 0x00, 0x00, 0x00, 0x00, 0x00,
  0x00, 0x00, 0x00, 0x00, 0x00, 0x00, 0x00, 0x00, 0x00, 0x00, 0x00, 0x00, 0x00, 0x00, 0x00, 0x00,
  0x00, 0x00, 0x00, 0x00, 0x00, 0x00, 0x00, 0x00, 0x00, 0x00, 0x00, 0x00, 0x00, 0x00, 0x00, 0x00,
  0x00, 0x00, 0x00, 0x00, 0x00, 0x00, 0x00, 0x00, 0x00, 0x00, 0x00, 0x00, 0x00, 0x00, 0x00, 0x00,
  0x00, 0x00, 0x00, 0x00, 0x00, 0x00, 0x00, 0x00, 0xdf, 0xdf, 0xff, 0x08, 0xe1, 0xee, 0xfe, 0xf7,
  0xe1, 0xee, 0xff, 0xff, 0xe1, 0xee, 0xff, 0xff, 0xe1, 0xee, 0xff, 0xff, 0xe1, 0xee, 0xff, 0xff,
  0xe1, 0xee, 0xff, 0xff, 0xe1, 0xee, 0xff, 0xff, 0xe1, 0xee, 0xff, 0xff, 0xe1, 0xee, 0xff, 0xff,
  0xe1, 0xee, 0xff, 0xff, 0xe1, 0xee, 0xff, 0xff, 0xe1, 0xee, 0xff, 0xff, 0xe1, 0xee, 0xff, 0xff,
  0xe1, 0xee, 0xff, 0xff, 0xe1, 0xee, 0xff, 0xff, 0xe1, 0xee, 0xff, 0xff, 0xe1, 0xee, 0xff, 0xff,
  0xe1, 0xee, 0xff, 0xff, 0xe1, 0xee, 0xff, 0xff, 0xe1, 0xee, 0xff, 0xff, 0xe1, 0xee, 0xff, 0xff,
  0xe1, 0xee, 0xff, 0xff, 0xe1, 0xee, 0xff, 0xff, 0xe1, 0xee, 0xff, 0xff, 0xe1, 0xee, 0xff, 0xff,
  0xe1, 0xee, 0xff, 0xff, 0xe1, 0xee, 0xff, 0xff, 0xe1, 0xee, 0xff, 0xff, 0xe1, 0xee, 0xff, 0xff,
  0xe1, 0xee, 0xff, 0xff, 0xe1, 0xee, 0xff, 0xff, 0xe1, 0xee, 0xff, 0xff, 0xe1, 0xee, 0xff, 0xff,
  0xe1, 0xee, 0xff, 0xff, 0xe1, 0xee, 0xff, 0xff, 0xe1, 0xee, 0xff, 0xff, 0xe1, 0xee, 0xff, 0xff,
  0xe1, 0xee, 0xff, 0xff, 0xe1, 0xee, 0xff, 0xff, 0xe1, 0xee, 0xff, 0xff, 0xe1, 0xee, 0xff, 0xff,
  0xe1, 0xee, 0xff, 0xff, 0xe1, 0xee, 0xff, 0xff, 0xe1, 0xee, 0xff, 0xff, 0xe1, 0xee, 0xff, 0xff,
  0xe1, 0xee, 0xff, 0xff, 0xe1, 0xee, 0xff, 0xff, 0xe1, 0xee, 0xff, 0xff, 0xe1, 0xee, 0xff, 0xff,
  0xe1, 0xee, 0xff, 0xff, 0xe1, 0xee, 0xff, 0xff, 0x55, 0xcf, 0xc6, 0xff, 0x27, 0xc4, 0xb4, 0xff,
  0x27, 0xc3, 0xb5, 0xff, 0x26, 0xc2, 0xb6, 0xff, 0x26, 0xc2, 0xb8, 0xff, 0x2c, 0xc3, 0xbb, 0xff,
  0xf8, 0xfd, 0xfd, 0xff, 0xff, 0xff, 0xff, 0xff, 0xff, 0xff, 0xff, 0xff, 0x68, 0xd3, 0xd2, 0xff,
  0x22, 0xbe, 0xbe, 0xff, 0x22, 0xbd, 0xbf, 0xff, 0x21, 0xbd, 0xc0, 0xff, 0x21, 0xbc, 0xc1, 0xff,
  0x21, 0xbb, 0xc2, 0xff, 0x20, 0xbb, 0xc3, 0xff, 0x20, 0xba, 0xc4, 0xff, 0x1f, 0xb9, 0xc5, 0xff,
  0x1f, 0xb9, 0xc6, 0xff, 0x1e, 0xb8, 0xc7, 0xff, 0x1e, 0xb8, 0xc8, 0xff, 0x1d, 0xb7, 0xc9, 0xff,
  0x1c, 0xb6, 0xca, 0xff, 0x40, 0xc1, 0xd4, 0xff, 0xb7, 0xe8, 0xef, 0xff, 0x3f, 0xc0, 0xd6, 0xff,
  0x1b, 0xb4, 0xcf, 0xff, 0x45, 0xc1, 0xd9, 0xff, 0xff, 0xff, 0xff, 0xff, 0xff, 0xff, 0xff, 0xff,
  0xff, 0xff, 0xff, 0xff, 0x43, 0xc0, 0xdc, 0xff, 0x18, 0xb1, 0xd5, 0xff, 0x17, 0xb0, 0xd6, 0xff,
  0x17, 0xb0, 0xd7, 0xff, 0x16, 0xaf, 0xd8, 0xff, 0x14, 0xa6, 0xcf, 0xe1, 0x00, 0x00, 0x00, 0x20,
  0x00, 0x00, 0x00, 0x00, 0x00, 0x00, 0x00, 0x00, 0x00, 0x00, 0x00, 0x00, 0x00, 0x00, 0x00, 0x00,
  0x00, 0x00, 0x00, 0x00, 0x00, 0x00, 0x00, 0x00, 0x00, 0x00, 0x00, 0x00, 0x00, 0x00, 0x00, 0x00,
  0x00, 0x00, 0x00, 0x00, 0x00, 0x00, 0x00, 0x00, 0x00, 0x00, 0x00, 0x00, 0x00, 0x00, 0x00, 0x00,
  0x00, 0x00, 0x00, 0x00, 0x00, 0x00, 0x00, 0x00, 0x00, 0x00, 0x00, 0x00, 0x00, 0x00, 0x00, 0x00,
  0x00, 0x00, 0x00, 0x00, 0x00, 0x00, 0x00, 0x00, 0x00, 0x00, 0x00, 0x00, 0x00, 0x00, 0x00, 0x00,
  0x00, 0x00, 0x00, 0x00, 0x00, 0x00, 0x00, 0x00, 0x00, 0x00, 0x00, 0x00, 0xe0, 0xee, 0xfe, 0xa7,
  0xe0, 0xed, 0xff, 0xff, 0xe0, 0xed, 0xff, 0xff, 0xe0, 0xed, 0xff, 0xff, 0xe0, 0xed, 0xff, 0xff,
  0xe0, 0xed, 0xff, 0xff, 0xe0, 0xed, 0xff, 0xff, 0xe0, 0xed, 0xff, 0xff, 0xe0, 0xed, 0xff, 0xff,
  0xe0, 0xed, 0xff, 0xff, 0xe0, 0xed, 0xff, 0xff, 0xe0, 0xed, 0xff, 0xff, 0xe0, 0xed, 0xff, 0xff,
  0xe0, 0xed, 0xff, 0xff, 0xe0, 0xed, 0xff, 0xff, 0xe0, 0xed, 0xff, 0xff, 0xe0, 0xed, 0xff, 0xff,
  0xe0, 0xed, 0xff, 0xff, 0xe0, 0xed, 0xff, 0xff, 0xe0, 0xed, 0xff, 0xff, 0xe0, 0xed, 0xff, 0xff,
  0xe0, 0xed, 0xff, 0xff, 0xe0, 0xed, 0xff, 0xff, 0xe0, 0xed, 0xff, 0xff, 0xe0, 0xed, 0xff, 0xff,
  0xe0, 0xed, 0xff, 0xff, 0xe0, 0xed, 0xff, 0xff, 0xe0, 0xed, 0xff, 0xff, 0xe0, 0xed, 0xff, 0xff,
  0xe0, 0xed, 0xff, 0xff, 0xe0, 0xed, 0xff, 0xff, 0xe0, 0xed, 0xff, 0xff, 0xe0, 0xed, 0xff, 0xff,
  0xe0, 0xed, 0xff, 0xff, 0xe0, 0xed, 0xff, 0xff, 0xe0, 0xed, 0xff, 0xff, 0xe0, 0xed, 0xff, 0xff,
  0xe0, 0xed, 0xff, 0xff, 0xe0, 0xed, 0xff, 0xff, 0xe0, 0xed, 0xff, 0xff, 0xe0, 0xed, 0xff, 0xff,
  0xe0, 0xed, 0xff, 0xff, 0xe0, 0xed, 0xff, 0xff, 0xe0, 0xed, 0xff, 0xff, 0xe0, 0xed, 0xff, 0xff,
  0xe0, 0xed, 0xff, 0xff, 0xe0, 0xed, 0xff, 0xff, 0xe0, 0xed, 0xff, 0xff, 0xe0, 0xed, 0xff, 0xff,
  0xe0, 0xed, 0xff, 0xff, 0xe0, 0xed, 0xff, 0xff, 0x95, 0xdc, 0xe0, 0xff, 0x27, 0xc3, 0xb5, 0xff,
  0x26, 0xc2, 0xb6, 0xff, 0x26, 0xc2, 0xb8, 0xff, 0x25, 0xc1, 0xb9, 0xff, 0x24, 0xc0, 0xba, 0xff,
  0x9f, 0xe3, 0xe1, 0xff, 0xff, 0xff, 0xff, 0xff, 0xff, 0xff, 0xff, 0xff, 0xea, 0xf9, 0xf9, 0xff,
  0x29, 0xbf, 0xc1, 0xff, 0x21, 0xbd, 0xc0, 0xff, 0x21, 0xbc, 0xc1, 0xff, 0x21, 0xbb, 0xc2, 0xff,
  0x20, 0xbb, 0xc3, 0xff, 0x20, 0xba, 0xc4, 0xff, 0x1f, 0xb9, 0xc5, 0xff, 0x1f, 0xb9, 0xc6, 0xff,
  0x1e, 0xb8, 0xc7, 0xff, 0x1e, 0xb8, 0xc8, 0xff, 0x1d, 0xb7, 0xc9, 0xff, 0x1c, 0xb6, 0xca, 0xff,
  0x1c, 0xb6, 0xcc, 0xff, 0x1b, 0xb5, 0xcd, 0xff, 0x1b, 0xb4, 0xce, 0xff, 0x1b, 0xb4, 0xcf, 0xff,
  0x1a, 0xb3, 0xd0, 0xff, 0xbe, 0xea, 0xf2, 0xff, 0xff, 0xff, 0xff, 0xff, 0xff, 0xff, 0xff, 0xff,
  0xc5, 0xeb, 0xf4, 0xff, 0x18, 0xb1, 0xd5, 0xff, 0x17, 0xb0, 0xd6, 0xff, 0x17, 0xb0, 0xd7, 0xff,
  0x16, 0xaf, 0xd8, 0xff, 0x15, 0xae, 0xd9, 0xff, 0x10, 0x8e, 0xb3, 0xa5, 0x00, 0x00, 0x00, 0x20,
  0x00, 0x00, 0x00, 0x00, 0x00, 0x00, 0x00, 0x00, 0x00, 0x00, 0x00, 0x00, 0x00, 0x00, 0x00, 0x00,
  0x00, 0x00, 0x00, 0x00, 0x00, 0x00, 0x00, 0x00, 0x00, 0x00, 0x00, 0x00, 0x00, 0x00, 0x00, 0x00,
  0x00, 0x00, 0x00, 0x00, 0x00, 0x00, 0x00, 0x00, 0x00, 0x00, 0x00, 0x00, 0x00, 0x00, 0x00, 0x00,
  0x00, 0x00, 0x00, 0x00, 0x00, 0x00, 0x00, 0x00, 0x00, 0x00, 0x00, 0x00, 0x00, 0x00, 0x00, 0x00,
  0x00, 0x00, 0x00, 0x00, 0x00, 0x00, 0x00, 0x00, 0x00, 0x00, 0x00, 0x00, 0x00, 0x00, 0x00, 0x00,
  0x00, 0x00, 0x00, 0x00, 0x00, 0x00, 0x00, 0x00, 0x00, 0x00, 0x00, 0x00, 0xdf, 0xec, 0xff, 0x60,
  0xe0, 0xed, 0xff, 0xff, 0xe0, 0xed, 0xff, 0xff, 0xe0, 0xed, 0xff, 0xff, 0xe0, 0xed, 0xff, 0xff,
  0xe0, 0xed, 0xff, 0xff, 0xe0, 0xed, 0xff, 0xff, 0xe0, 0xed, 0xff, 0xff, 0xe0, 0xed, 0xff, 0xff,
  0xe0, 0xed, 0xff, 0xff, 0xe0, 0xed, 0xff, 0xff, 0xe0, 0xed, 0xff, 0xff, 0xe0, 0xed, 0xff, 0xff,
  0xe0, 0xed, 0xff, 0xff, 0xe0, 0xed, 0xff, 0xff, 0xe0, 0xed, 0xff, 0xff, 0xe0, 0xed, 0xff, 0xff,
  0xe0, 0xed, 0xff, 0xff, 0xe0, 0xed, 0xff, 0xff, 0xe0, 0xed, 0xff, 0xff, 0xe0, 0xed, 0xff, 0xff,
  0xe0, 0xed, 0xff, 0xff, 0xe0, 0xed, 0xff, 0xff, 0xe0, 0xed, 0xff, 0xff, 0xe0, 0xed, 0xff, 0xff,
  0xe0, 0xed, 0xff, 0xff, 0xe0, 0xed, 0xff, 0xff, 0xe0, 0xed, 0xff, 0xff, 0xe0, 0xed, 0xff, 0xff,
  0xe0, 0xed, 0xff, 0xff, 0xe0, 0xed, 0xff, 0xff, 0xe0, 0xed, 0xff, 0xff, 0xe0, 0xed, 0xff, 0xff,
  0xe0, 0xed, 0xff, 0xff, 0xe0, 0xed, 0xff, 0xff, 0xe0, 0xed, 0xff, 0xff, 0xe0, 0xed, 0xff, 0xff,
  0xe0, 0xed, 0xff, 0xff, 0xe0, 0xed, 0xff, 0xff, 0xe0, 0xed, 0xff, 0xff, 0xe0, 0xed, 0xff, 0xff,
  0xe0, 0xed, 0xff, 0xff, 0xe0, 0xed, 0xff, 0xff, 0xe0, 0xed, 0xff, 0xff, 0xe0, 0xed, 0xff, 0xff,
  0xe0, 0xed, 0xff, 0xff, 0xe0, 0xed, 0xff, 0xff, 0xe0, 0xed, 0xff, 0xff, 0xe0, 0xed, 0xff, 0xff,
  0xe0, 0xed, 0xff, 0xff, 0xe0, 0xed, 0xff, 0xff, 0xcf, 0xe9, 0xf8, 0xff, 0x26, 0xc2, 0xb6, 0xff,
  0x26, 0xc2, 0xb8, 0xff, 0x25, 0xc1, 0xb9, 0xff, 0x24, 0xc0, 0xba, 0xff, 0x24, 0xc0, 0xbb, 0xff,
  0x38, 0xc5, 0xc2, 0xff, 0xf8, 0xfd, 0xfd, 0xff, 0xff, 0xff, 0xff, 0xff, 0xff, 0xff, 0xff, 0xff,
  0xb9, 0xea, 0xeb, 0xff, 0x21, 0xbc, 0xc1, 0xff, 0x21, 0xbb, 0xc2, 0xff, 0x20, 0xbb, 0xc3, 0xff,
  0x20, 0xba, 0xc4, 0xff, 0x1f, 0xb9, 0xc5, 0xff, 0x1f, 0xb9, 0xc6, 0xff, 0x1e, 0xb8, 0xc7, 0xff,
  0x1e, 0xb8, 0xc8, 0xff, 0x1d, 0xb7, 0xc9, 0xff, 0x1c, 0xb6, 0xca, 0xff, 0x1c, 0xb6, 0xcc, 0xff,
  0x1b, 0xb5, 0xcd, 0xff, 0x1b, 0xb4, 0xce, 0xff, 0x1b, 0xb4, 0xcf, 0xff, 0x1a, 0xb3, 0xd0, 0xff,
  0x8d, 0xd9, 0xe8, 0xff, 0xff, 0xff, 0xff, 0xff, 0xff, 0xff, 0xff, 0xff, 0xff, 0xff, 0xff, 0xff,
  0x43, 0xc0, 0xdd, 0xff, 0x17, 0xb0, 0xd6, 0xff, 0x17, 0xb0, 0xd7, 0xff, 0x16, 0xaf, 0xd8, 0xff,
  0x15, 0xae, 0xd9, 0xff, 0x15, 0xae, 0xda, 0xff, 0x09, 0x5b, 0x73, 0x6a, 0x00, 0x00, 0x00, 0x1e,
  0x00, 0x00, 0x00, 0x00, 0x00, 0x00, 0x00, 0x00, 0x00, 0x00, 0x00, 0x00, 0x00, 0x00, 0x00, 0x00,
  0x00, 0x00, 0x00, 0x00, 0x00, 0x00, 0x00, 0x00, 0x00, 0x00, 0x00, 0x00, 0x00, 0x00, 0x00, 0x00,
  0x00, 0x00, 0x00, 0x00, 0x00, 0x00, 0x00, 0x00, 0x00, 0x00, 0x00, 0x00, 0x00, 0x00, 0x00, 0x00,
  0x00, 0x00, 0x00, 0x00, 0x00, 0x00, 0x00, 0x00, 0x00, 0x00, 0x00, 0x00, 0x00, 0x00, 0x00, 0x00,
  0x00, 0x00, 0x00, 0x00, 0x00, 0x00, 0x00, 0x00, 0x00, 0x00, 0x00, 0x00, 0x00, 0x00, 0x00, 0x00,
  0x00, 0x00, 0x00, 0x00, 0x00, 0x00, 0x00, 0x00, 0x00, 0x00, 0x00, 0x00, 0xdf, 0xef, 0xff, 0x10,
  0xe0, 0xed, 0xfe, 0xf7, 0xe0, 0xed, 0xff, 0xff, 0xe0, 0xed, 0xff, 0xff, 0xe0, 0xed, 0xff, 0xff,
  0xe0, 0xed, 0xff, 0xff, 0xe0, 0xed, 0xff, 0xff, 0xe0, 0xed, 0xff, 0xff, 0xe0, 0xed, 0xff, 0xff,
  0xe0, 0xed, 0xff, 0xff, 0xe0, 0xed, 0xff, 0xff, 0xe0, 0xed, 0xff, 0xff, 0xe0, 0xed, 0xff, 0xff,
  0xe0, 0xed, 0xff, 0xff, 0xe0, 0xed, 0xff, 0xff, 0xe0, 0xed, 0xff, 0xff, 0xe0, 0xed, 0xff, 0xff,
  0xe0, 0xed, 0xff, 0xff, 0xe0, 0xed, 0xff, 0xff, 0xe0, 0xed, 0xff, 0xff, 0xe0, 0xed, 0xff, 0xff,
  0xe0, 0xed, 0xff, 0xff, 0xe0, 0xed, 0xff, 0xff, 0xe0, 0xed, 0xff, 0xff, 0xe0, 0xed, 0xff, 0xff,
  0xe0, 0xed, 0xff, 0xff, 0xe0, 0xed, 0xff, 0xff, 0xe0, 0xed, 0xff, 0xff, 0xe0, 0xed, 0xff, 0xff,
  0xe0, 0xed, 0xff, 0xff, 0xe0, 0xed, 0xff, 0xff, 0xe0, 0xed, 0xff, 0xff, 0xe0, 0xed, 0xff, 0xff,
  0xe0, 0xed, 0xff, 0xff, 0xe0, 0xed, 0xff, 0xff, 0xe0, 0xed, 0xff, 0xff, 0xe0, 0xed, 0xff, 0xff,
  0xe0, 0xed, 0xff, 0xff, 0xe0, 0xed, 0xff, 0xff, 0xe0, 0xed, 0xff, 0xff, 0xe0, 0xed, 0xff, 0xff,
  0xe0, 0xed, 0xff, 0xff, 0xe0, 0xed, 0xff, 0xff, 0xe0, 0xed, 0xff, 0xff, 0xe0, 0xed, 0xff, 0xff,
  0xe0, 0xed, 0xff, 0xff, 0xe0, 0xed, 0xff, 0xff, 0xe0, 0xed, 0xff, 0xff, 0xe0, 0xed, 0xff, 0xff,
  0xe0, 0xed, 0xff, 0xff, 0xe0, 0xed, 0xff, 0xff, 0xe0, 0xed, 0xff, 0xff, 0x60, 0xcf, 0xcf, 0xff,
  0x25, 0xc1, 0xb9, 0xff, 0x24, 0xc0, 0xba, 0xff, 0x24, 0xc0, 0xbb, 0xff, 0x23, 0xbf, 0xbc, 0xff,
  0x23, 0xbf, 0xbd, 0xff, 0x7c, 0xd9, 0xd9, 0xff, 0xff, 0xff, 0xff, 0xff, 0xff, 0xff, 0xff, 0xff,
  0xff, 0xff, 0xff, 0xff, 0xab, 0xe5, 0xe8, 0xff, 0x27, 0xbd, 0xc5, 0xff, 0x20, 0xba, 0xc4, 0xff,
  0x1f, 0xb9, 0xc5, 0xff, 0x1f, 0xb9, 0xc6, 0xff, 0x1e, 0xb8, 0xc7, 0xff, 0x1e, 0xb8, 0xc8, 0xff,
  0x1d, 0xb7, 0xc9, 0xff, 0x1c, 0xb6, 0xca, 0xff, 0x1c, 0xb6, 0xcc, 0xff, 0x1b, 0xb5, 0xcd, 0xff,
  0x1b, 0xb4, 0xce, 0xff, 0x1b, 0xb4, 0xcf, 0xff, 0x1a, 0xb3, 0xd0, 0xff, 0x8d, 0xd9, 0xe8, 0xff,
  0xff, 0xff, 0xff, 0xff, 0xff, 0xff, 0xff, 0xff, 0xff, 0xff, 0xff, 0xff, 0x9a, 0xdd, 0xed, 0xff,
  0x17, 0xb0, 0xd6, 0xff, 0x17, 0xb0, 0xd7, 0xff, 0x16, 0xaf, 0xd8, 0xff, 0x15, 0xae, 0xd9, 0xff,
  0x15, 0xae, 0xda, 0xff, 0x12, 0xa4, 0xcf, 0xdb, 0x00, 0x00, 0x00, 0x40, 0x00, 0x00, 0x00, 0x18,
  0x00, 0x00, 0x00, 0x00, 0x00, 0x00, 0x00, 0x00, 0x00, 0x00, 0x00, 0x00, 0x00, 0x00, 0x00, 0x00,
  0x00, 0x00, 0x00, 0x00, 0x00, 0x00, 0x00, 0x00, 0x00, 0x00, 0x00, 0x00, 0x00, 0x00, 0x00, 0x00,
  0x00, 0x00, 0x00, 0x00, 0x00, 0x00, 0x00, 0x00, 0x00, 0x00, 0x00, 0x00, 0x00, 0x00, 0x00, 0x00,
  0x00, 0x00, 0x00, 0x00, 0x00, 0x00, 0x00, 0x00, 0x00, 0x00, 0x00, 0x00, 0x00, 0x00, 0x00, 0x00,
  0x00, 0x00, 0x00, 0x00, 0x00, 0x00, 0x00, 0x00, 0x00, 0x00, 0x00, 0x00, 0x00, 0x00, 0x00, 0x00,
  0x00, 0x00, 0x00, 0x00, 0x00, 0x00, 0x00, 0x00, 0x00, 0x00, 0x00, 0x00, 0x00, 0x00, 0x00, 0x00,
  0xe0, 0xed, 0xfe, 0x8f, 0xe0, 0xed, 0xff, 0xff, 0xe0, 0xed, 0xff, 0xff, 0xe0, 0xed, 0xff, 0xff,
  0xe0, 0xed, 0xff, 0xff, 0xe0, 0xed, 0xff, 0xff, 0xe0, 0xed, 0xff, 0xff, 0xe0, 0xed, 0xff, 0xff,
  0xe0, 0xed, 0xff, 0xff, 0xe0, 0xed, 0xff, 0xff, 0xe0, 0xed, 0xff, 0xff, 0xe0, 0xed, 0xff, 0xff,
  0xe0, 0xed, 0xff, 0xff, 0xe0, 0xed, 0xff, 0xff, 0xe0, 0xed, 0xff, 0xff, 0xe0, 0xed, 0xff, 0xff,
  0xe0, 0xed, 0xff, 0xff, 0xe0, 0xed, 0xff, 0xff, 0xe0, 0xed, 0xff, 0xff, 0xe0, 0xed, 0xff, 0xff,
  0xe0, 0xed, 0xff, 0xff, 0xe0, 0xed, 0xff, 0xff, 0xe0, 0xed, 0xff, 0xff, 0xe0, 0xed, 0xff, 0xff,
  0xe0, 0xed, 0xff, 0xff, 0xe0, 0xed, 0xff, 0xff, 0xe0, 0xed, 0xff, 0xff, 0xe0, 0xed, 0xff, 0xff,
  0xe0, 0xed, 0xff, 0xff, 0xe0, 0xed, 0xff, 0xff, 0xe0, 0xed, 0xff, 0xff, 0xe0, 0xed, 0xff, 0xff,
  0xe0, 0xed, 0xff, 0xff, 0xe0, 0xed, 0xff, 0xff, 0xe0, 0xed, 0xff, 0xff, 0xe0, 0xed, 0xff, 0xff,
  0xe0, 0xed, 0xff, 0xff, 0xe0, 0xed, 0xff, 0xff, 0xe0, 0xed, 0xff, 0xff, 0xe0, 0xed, 0xff, 0xff,
  0xe0, 0xed, 0xff, 0xff, 0xe0, 0xed, 0xff, 0xff, 0xe0, 0xed, 0xff, 0xff, 0xe0, 0xed, 0xff, 0xff,
  0xe0, 0xed, 0xff, 0xff, 0xe0, 0xed, 0xff, 0xff, 0xe0, 0xed, 0xff, 0xff, 0xe0, 0xed, 0xff, 0xff,
  0xe0, 0xed, 0xff, 0xff, 0xe0, 0xed, 0xff, 0xff, 0xe0, 0xed, 0xff, 0xff, 0xbd, 0xe4, 0xf2, 0xff,
  0x2a, 0xc1, 0xbc, 0xff, 0x24, 0xc0, 0xbb, 0xff, 0x23, 0xbf, 0xbc, 0xff, 0x23, 0xbf, 0xbd, 0xff,
  0x22, 0xbe, 0xbe, 0xff, 0x22, 0xbd, 0xbf, 0xff, 0x9d, 0xe2, 0xe3, 0xff, 0xff, 0xff, 0xff, 0xff,
  0xff, 0xff, 0xff, 0xff, 0xff, 0xff, 0xff, 0xff, 0xce, 0xf0, 0xf2, 0xff, 0x49, 0xc6, 0xd0, 0xff,
  0x1f, 0xb9, 0xc6, 0xff, 0x1e, 0xb8, 0xc7, 0xff, 0x1e, 0xb8, 0xc8, 0xff, 0x1d, 0xb7, 0xc9, 0xff,
  0x1c, 0xb6, 0xca, 0xff, 0x1c, 0xb6, 0xcc, 0xff, 0x1b, 0xb5, 0xcd, 0xff, 0x1b, 0xb4, 0xce, 0xff,
  0x1b, 0xb4, 0xcf, 0xff, 0x3e, 0xbf, 0xd7, 0xff, 0xbe, 0xea, 0xf2, 0xff, 0xff, 0xff, 0xff, 0xff,
  0xff, 0xff, 0xff, 0xff, 0xff, 0xff, 0xff, 0xff, 0xc5, 0xeb, 0xf4, 0xff, 0x1e, 0xb2, 0xd7, 0xff,
  0x17, 0xb0, 0xd7, 0xff, 0x16, 0xaf, 0xd8, 0xff, 0x15, 0xae, 0xd9, 0xff, 0x15, 0xae, 0xda, 0xff,
  0x14, 0xad, 0xdb, 0xff, 0x0b, 0x61, 0x7d, 0x70, 0x00, 0x00, 0x00, 0x40, 0x00, 0x00, 0x00, 0x10,
  0x00, 0x00, 0x00, 0x00, 0x00, 0x00, 0x00, 0x00, 0x00, 0x00, 0x00, 0x00, 0x00, 0x00, 0x00, 0x00,
  0x00, 0x00, 0x00, 0x00, 0x00, 0x00, 0x00, 0x00, 0x00, 0x00, 0x00, 0x00, 0x00, 0x00, 0x00, 0x00,
  0x00, 0x00, 0x00, 0x00, 0x00, 0x00, 0x00, 0x00, 0x00, 0x00, 0x00, 0x00, 0x00, 0x00, 0x00, 0x00,
  0x00, 0x00, 0x00, 0x00, 0x00, 0x00, 0x00, 0x00, 0x00, 0x00, 0x00, 0x00, 0x00, 0x00, 0x00, 0x00,
  0x00, 0x00, 0x00, 0x00, 0x00, 0x00, 0x00, 0x00, 0x00, 0x00, 0x00, 0x00, 0x00, 0x00, 0x00, 0x00,
  0x00, 0x00, 0x00, 0x00, 0x00, 0x00, 0x00, 0x00, 0x00, 0x00, 0x00, 0x00, 0x00, 0x00, 0x00, 0x00,
  0xdf, 0xe9, 0xff, 0x18, 0xde, 0xed, 0xfe, 0xf7, 0xdf, 0xed, 0xff, 0xff, 0xdf, 0xed, 0xff, 0xff,
  0xdf, 0xed, 0xff, 0xff, 0xdf, 0xed, 0xff, 0xff, 0xdf, 0xed, 0xff, 0xff, 0xdf, 0xed, 0xff, 0xff,
  0xdf, 0xed, 0xff, 0xff, 0xdf, 0xed, 0xff, 0xff, 0xdf, 0xed, 0xff, 0xff, 0xdf, 0xed, 0xff, 0xff,
  0xdf, 0xed, 0xff, 0xff, 0xdf, 0xed, 0xff, 0xff, 0xdf, 0xed, 0xff, 0xff, 0xdf, 0xed, 0xff, 0xff,
  0xdf, 0xed, 0xff, 0xff, 0xdf, 0xed, 0xff, 0xff, 0xdf, 0xed, 0xff, 0xff, 0xdf, 0xed, 0xff, 0xff,
  0xdf, 0xed, 0xff, 0xff, 0xdf, 0xed, 0xff, 0xff, 0xdf, 0xed, 0xff, 0xff, 0xdf, 0xed, 0xff, 0xff,
  0xdf, 0xed, 0xff, 0xff, 0xdf, 0xed, 0xff, 0xff, 0xdf, 0xed, 0xff, 0xff, 0xdf, 0xed, 0xff, 0xff,
  0xdf, 0xed, 0xff, 0xff, 0xdf, 0xed, 0xff, 0xff, 0xdf, 0xed, 0xff, 0xff, 0xdf, 0xed, 0xff, 0xff,
  0xdf, 0xed, 0xff, 0xff, 0xdf, 0xed, 0xff, 0xff, 0xdf, 0xed, 0xff, 0xff, 0xdf, 0xed, 0xff, 0xff,
  0xdf, 0xed, 0xff, 0xff, 0xdf, 0xed, 0xff, 0xff, 0xdf, 0xed, 0xff, 0xff, 0xdf, 0xed, 0xff, 0xff,
  0xdf, 0xed, 0xff, 0xff, 0xdf, 0xed, 0xff, 0xff, 0xdf, 0xed, 0xff, 0xff, 0xdf, 0xed, 0xff, 0xff,
  0xdf, 0xed, 0xff, 0xff, 0xdf, 0xed, 0xff, 0xff, 0xdf, 0xed, 0xff, 0xff, 0xdf, 0xed, 0xff, 0xff,
  0xdf, 0xed, 0xff, 0xff, 0xdf, 0xed, 0xff, 0xff, 0xdf, 0xed, 0xff, 0xff, 0xdf, 0xed, 0xff, 0xff,
  0x76, 0xd4, 0xd9, 0xff, 0x23, 0xbf, 0xbc, 0xff, 0x23, 0xbf, 0xbd, 0xff, 0x22, 0xbe, 0xbe, 0xff,
  0x22, 0xbd, 0xbf, 0xff, 0x21, 0xbd, 0xc0, 0xff, 0x21, 0xbc, 0xc1, 0xff, 0xa4, 0xe3, 0xe6, 0xff,
  0xff, 0xff, 0xff, 0xff, 0xff, 0xff, 0xff, 0xff, 0xff, 0xff, 0xff, 0xff, 0xff, 0xff, 0xff, 0xff,
  0xb1, 0xe6, 0xec, 0xff, 0x6c, 0xd1, 0xdb, 0xff, 0x24, 0xb9, 0xcb, 0xff, 0x1c, 0xb6, 0xca, 0xff,
  0x1c, 0xb6, 0xcc, 0xff, 0x1b, 0xb5, 0xcd, 0xff, 0x1b, 0xb4, 0xce, 0xff, 0x63, 0xcc, 0xde, 0xff,
  0xa2, 0xe0, 0xec, 0xff, 0xff, 0xff, 0xff, 0xff, 0xff, 0xff, 0xff, 0xff, 0xff, 0xff, 0xff, 0xff,
  0xff, 0xff, 0xff, 0xff, 0xcc, 0xee, 0xf6, 0xff, 0x26, 0xb5, 0xd9, 0xff, 0x17, 0xb0, 0xd7, 0xff,
  0x16, 0xaf, 0xd8, 0xff, 0x15, 0xae, 0xd9, 0xff, 0x15, 0xae, 0xda, 0xff, 0x14, 0xad, 0xdb, 0xff,
  0x12, 0x9b, 0xc5, 0xc3, 0x00, 0x00, 0x00, 0x40, 0x00, 0x00, 0x00, 0x40, 0x00, 0x00, 0x00, 0x08,
  0x00, 0x00, 0x00, 0x00, 0x00, 0x00, 0x00, 0x00, 0x00, 0x00, 0x00, 0x00, 0x00, 0x00, 0x00, 0x00,
  0x00, 0x00, 0x00, 0x00, 0x00, 0x00, 0x00, 0x00, 0x00, 0x00, 0x00, 0x00, 0x00, 0x00, 0x00, 0x00,
  0x00, 0x00, 0x00, 0x00, 0x00, 0x00, 0x00, 0x00, 0x00, 0x00, 0x00, 0x00, 0x00, 0x00, 0x00, 0x00,
  0x00, 0x00, 0x00, 0x00, 0x00, 0x00, 0x00, 0x00, 0x00, 0x00, 0x00, 0x00, 0x00, 0x00, 0x00, 0x00,
  0x00, 0x00, 0x00, 0x00, 0x00, 0x00, 0x00, 0x00, 0x00, 0x00, 0x00, 0x00, 0x00, 0x00, 0x00, 0x00,
  0x00, 0x00, 0x00, 0x00, 0x00, 0x00, 0x00, 0x00, 0x00, 0x00, 0x00, 0x00, 0x00, 0x00, 0x00, 0x00,
  0x00, 0x00, 0x00, 0x00, 0xdf, 0xea, 0xfe, 0x70, 0xdf, 0xec, 0xff, 0xff, 0xdf, 0xec, 0xff, 0xff,
  0xdf, 0xec, 0xff, 0xff, 0xdf, 0xec, 0xff, 0xff, 0xdf, 0xec, 0xff, 0xff, 0xdf, 0xec, 0xff, 0xff,
  0xdf, 0xec, 0xff, 0xff, 0xdf, 0xec, 0xff, 0xff, 0xdf, 0xec, 0xff, 0xff, 0xdf, 0xec, 0xff, 0xff,
  0xdf, 0xec, 0xff, 0xff, 0xdf, 0xec, 0xff, 0xff, 0xdf, 0xec, 0xff, 0xff, 0xdf, 0xec, 0xff, 0xff,
  0xdf, 0xec, 0xff, 0xff, 0xdf, 0xec, 0xff, 0xff, 0xdf, 0xec, 0xff, 0xff, 0xdf, 0xec, 0xff, 0xff,
  0xdf, 0xec, 0xff, 0xff, 0xdf, 0xec, 0xff, 0xff, 0xdf, 0xec, 0xff, 0xff, 0xdf, 0xec, 0xff, 0xff,
  0xdf, 0xec, 0xff, 0xff, 0xdf, 0xec, 0xff, 0xff, 0xdf, 0xec, 0xff, 0xff, 0xdf, 0xec, 0xff, 0xff,
  0xdf, 0xec, 0xff, 0xff, 0xdf, 0xec, 0xff, 0xff, 0xdf, 0xec, 0xff, 0xff, 0xdf, 0xec, 0xff, 0xff,
  0xdf, 0xec, 0xff, 0xff, 0xdf, 0xec, 0xff, 0xff, 0xdf, 0xec, 0xff, 0xff, 0xdf, 0xec, 0xff, 0xff,
  0xdf, 0xec, 0xff, 0xff, 0xdf, 0xec, 0xff, 0xff, 0xdf, 0xec, 0xff, 0xff, 0xdf, 0xec, 0xff, 0xff,
  0xdf, 0xec, 0xff, 0xff, 0xdf, 0xec, 0xff, 0xff, 0xdf, 0xec, 0xff, 0xff, 0xdf, 0xec, 0xff, 0xff,
  0xdf, 0xec, 0xff, 0xff, 0xdf, 0xec, 0xff, 0xff, 0xdf, 0xec, 0xff, 0xff, 0xdf, 0xec, 0xff, 0xff,
  0xdf, 0xec, 0xff, 0xff, 0xdf, 0xec, 0xff, 0xff, 0xdf, 0xec, 0xff, 0xff, 0xdf, 0xec, 0xff, 0xff,
  0xcd, 0xe8, 0xf9, 0xff, 0x3b, 0xc5, 0xc5, 0xff, 0x22, 0xbe, 0xbe, 0xff, 0x22, 0xbd, 0xbf, 0xff,
  0x21, 0xbd, 0xc0, 0xff, 0x21, 0xbc, 0xc1, 0xff, 0x21, 0xbb, 0xc2, 0xff, 0x20, 0xbb, 0xc3, 0xff,
  0x74, 0xd4, 0xda, 0xff, 0xf8, 0xfd, 0xfd, 0xff, 0xff, 0xff, 0xff, 0xff, 0xff, 0xff, 0xff, 0xff,
  0xff, 0xff, 0xff, 0xff, 0xff, 0xff, 0xff, 0xff, 0xff, 0xff, 0xff, 0xff, 0xff, 0xff, 0xff, 0xff,
  0xcd, 0xef, 0xf4, 0xff, 0xff, 0xff, 0xff, 0xff, 0xff, 0xff, 0xff, 0xff, 0xff, 0xff, 0xff, 0xff,
  0xff, 0xff, 0xff, 0xff, 0xff, 0xff, 0xff, 0xff, 0xff, 0xff, 0xff, 0xff, 0xff, 0xff, 0xff, 0xff,
  0x9a, 0xdd, 0xed, 0xff, 0x1e, 0xb2, 0xd7, 0xff, 0x17, 0xb0, 0xd7, 0xff, 0x16, 0xaf, 0xd8, 0xff,
  0x15, 0xae, 0xd9, 0xff, 0x15, 0xae, 0xda, 0xff, 0x14, 0xad, 0xdb, 0xff, 0x13, 0xa9, 0xd8, 0xf3,
  0x08, 0x49, 0x5e, 0x5e, 0x00, 0x00, 0x00, 0x40, 0x00, 0x00, 0x00, 0x34, 0x00, 0x00, 0x00, 0x00,
  0x00, 0x00, 0x00, 0x00, 0x00, 0x00, 0x00, 0x00, 0x00, 0x00, 0x00, 0x00, 0x00, 0x00, 0x00, 0x00,
  0x00, 0x00, 0x00, 0x00, 0x00, 0x00, 0x00, 0x00, 0x00, 0x00, 0x00, 0x00, 0x00, 0x00, 0x00, 0x00,
  0x00, 0x00, 0x00, 0x00, 0x00, 0x00, 0x00, 0x00, 0x00, 0x00, 0x00, 0x00, 0x00, 0x00, 0x00, 0x00,
  0x00, 0x00, 0x00, 0x00, 0x00, 0x00, 0x00, 0x00, 0x00, 0x00, 0x00, 0x00, 0x00, 0x00, 0x00, 0x00,
  0x00, 0x00, 0x00, 0x00, 0x00, 0x00, 0x00, 0x00, 0x00, 0x00, 0x00, 0x00, 0x00, 0x00, 0x00, 0x00,
  0x00, 0x00, 0x00, 0x00, 0x00, 0x00, 0x00, 0x00, 0x00, 0x00, 0x00, 0x00, 0x00, 0x00, 0x00, 0x00,
  0x00, 0x00, 0x00, 0x00, 0x00, 0x00, 0x00, 0x00, 0xd6, 0xe4, 0xf5, 0xbe, 0xdf, 0xec, 0xff, 0xff,
  0xdf, 0xec, 0xff, 0xff, 0xdf, 0xec, 0xff, 0xff, 0xdf, 0xec, 0xff, 0xff, 0xdf, 0xec, 0xff, 0xff,
  0xdf, 0xec, 0xff, 0xff, 0xdf, 0xec, 0xff, 0xff, 0xdf, 0xec, 0xff, 0xff, 0xdf, 0xec, 0xff, 0xff,
  0xdf, 0xec, 0xff, 0xff, 0xdf, 0xec, 0xff, 0xff, 0xdf, 0xec, 0xff, 0xff, 0xdf, 0xec, 0xff, 0xff,
  0xdf, 0xec, 0xff, 0xff, 0xdf, 0xec, 0xff, 0xff, 0xdf, 0xec, 0xff, 0xff, 0xdf, 0xec, 0xff, 0xff,
  0xdf, 0xec, 0xff, 0xff, 0xdf, 0xec, 0xff, 0xff, 0xdf, 0xec, 0xff, 0xff, 0xdf, 0xec, 0xff, 0xff,
  0xdf, 0xec, 0xff, 0xff, 0xdf, 0xec, 0xff, 0xff, 0xdf, 0xec, 0xff, 0xff, 0xdf, 0xec, 0xff, 0xff,
  0xdf, 0xec, 0xff, 0xff, 0xdf, 0xec, 0xff, 0xff, 0xdf, 0xec, 0xff, 0xff, 0xdf, 0xec, 0xff, 0xff,
  0xdf, 0xec, 0xff, 0xff, 0xdf, 0xec, 0xff, 0xff, 0xdf, 0xec, 0xff, 0xff, 0xdf, 0xec, 0xff, 0xff,
  0xdf, 0xec, 0xff, 0xff, 0xdf, 0xec, 0xff, 0xff, 0xdf, 0xec, 0xff, 0xff, 0xdf, 0xec, 0xff, 0xff,
  0xdf, 0xec, 0xff, 0xff, 0xdf, 0xec, 0xff, 0xff, 0xdf, 0xec, 0xff, 0xff, 0xdf, 0xec, 0xff, 0xff,
  0xdf, 0xec, 0xff, 0xff, 0xdf, 0xec, 0xff, 0xff, 0xdf, 0xec, 0xff, 0xff, 0xdf, 0xec, 0xff, 0xff,
  0xdf, 0xec, 0xff, 0xff, 0xdf, 0xec, 0xff, 0xff, 0xdf, 0xec, 0xff, 0xff, 0xdf, 0xec, 0xff, 0xff,
  0xdf, 0xec, 0xff, 0xff, 0xbb, 0xe4, 0xf3, 0xff, 0x28, 0xbe, 0xc1, 0xff, 0x21, 0xbd, 0xc0, 0xff,
  0x21, 0xbc, 0xc1, 0xff, 0x21, 0xbb, 0xc2, 0xff, 0x20, 0xbb, 0xc3, 0xff, 0x20, 0xba, 0xc4, 0xff,
  0x1f, 0xb9, 0xc5, 0xff, 0x34, 0xc0, 0xcb, 0xff, 0xb1, 0xe6, 0xec, 0xff, 0xff, 0xff, 0xff, 0xff,
  0xff, 0xff, 0xff, 0xff, 0xff, 0xff, 0xff, 0xff, 0xff, 0xff, 0xff, 0xff, 0xff, 0xff, 0xff, 0xff,
  0xff, 0xff, 0xff, 0xff, 0xff, 0xff, 0xff, 0xff, 0xff, 0xff, 0xff, 0xff, 0xff, 0xff, 0xff, 0xff,
  0xff, 0xff, 0xff, 0xff, 0xff, 0xff, 0xff, 0xff, 0xcc, 0xee, 0xf6, 0xff, 0x4b, 0xc2, 0xde, 0xff,
  0x17, 0xb0, 0xd6, 0xff, 0x17, 0xb0, 0xd7, 0xff, 0x16, 0xaf, 0xd8, 0xff, 0x15, 0xae, 0xd9, 0xff,
  0x15, 0xae, 0xda, 0xff, 0x14, 0xad, 0xdb, 0xff, 0x14, 0xad, 0xdc, 0xff, 0x0c, 0x67, 0x85, 0x76,
  0x00, 0x00, 0x00, 0x40, 0x00, 0x00, 0x00, 0x40, 0x00, 0x00, 0x00, 0x22, 0x00, 0x00, 0x00, 0x00,
  0x00, 0x00, 0x00, 0x00, 0x00, 0x00, 0x00, 0x00, 0x00, 0x00, 0x00, 0x00, 0x00, 0x00, 0x00, 0x00,
  0x00, 0x00, 0x00, 0x00, 0x00, 0x00, 0x00, 0x00, 0x00, 0x00, 0x00, 0x00, 0x00, 0x00, 0x00, 0x00,
  0x00, 0x00, 0x00, 0x00, 0x00, 0x00, 0x00, 0x00, 0x00, 0x00, 0x00, 0x00, 0x00, 0x00, 0x00, 0x00,
  0x00, 0x00, 0x00, 0x00, 0x00, 0x00, 0x00, 0x00, 0x00, 0x00, 0x00, 0x00, 0x00, 0x00, 0x00, 0x00,
  0x00, 0x00, 0x00, 0x00, 0x00, 0x00, 0x00, 0x00, 0x00, 0x00, 0x00, 0x00, 0x00, 0x00, 0x00, 0x00,
  0x00, 0x00, 0x00, 0x00, 0x00, 0x00, 0x00, 0x00, 0x00, 0x00, 0x00, 0x00, 0x00, 0x00, 0x00, 0x00,
  0x00, 0x00, 0x00, 0x00, 0x00, 0x00, 0x00, 0x00, 0xb2, 0xbf, 0xcc, 0x14, 0xd3, 0xe1, 0xf3, 0xe1,
  0xde, 0xec, 0xff, 0xff, 0xde, 0xec, 0xff, 0xff, 0xde, 0xec, 0xff, 0xff, 0xde, 0xec, 0xff, 0xff,
  0xde, 0xec, 0xff, 0xff, 0xde, 0xec, 0xff, 0xff, 0xde, 0xec, 0xff, 0xff, 0xde, 0xec, 0xff, 0xff,
  0xde, 0xec, 0xff, 0xff, 0xde, 0xec, 0xff, 0xff, 0xde, 0xec, 0xff, 0xff, 0xde, 0xec, 0xff, 0xff,
  0xde, 0xec, 0xff, 0xff, 0xde, 0xec, 0xff, 0xff, 0xde, 0xec, 0xff, 0xff, 0xde, 0xec, 0xff, 0xff,
  0xde, 0xec, 0xff, 0xff, 0xde, 0xec, 0xff, 0xff, 0xde, 0xec, 0xff, 0xff, 0xde, 0xec, 0xff, 0xff,
  0xde, 0xec, 0xff, 0xff, 0xde, 0xec, 0xff, 0xff, 0xde, 0xec, 0xff, 0xff, 0xde, 0xec, 0xff, 0xff,
  0xde, 0xec, 0xff, 0xff, 0xde, 0xec, 0xff, 0xff, 0xde, 0xec, 0xff, 0xff, 0xde, 0xec, 0xff, 0xff,
  0xde, 0xec, 0xff, 0xff, 0xde, 0xec, 0xff, 0xff, 0xde, 0xec, 0xff, 0xff, 0xde, 0xec, 0xff, 0xff,
  0xde, 0xec, 0xff, 0xff, 0xde, 0xec, 0xff, 0xff, 0xde, 0xec, 0xff, 0xff, 0xde, 0xec, 0xff, 0xff,
  0xde, 0xec, 0xff, 0xff, 0xde, 0xec, 0xff, 0xff, 0xde, 0xec, 0xff, 0xff, 0xde, 0xec, 0xff, 0xff,
  0xde, 0xec, 0xff, 0xff, 0xde, 0xec, 0xff, 0xff, 0xde, 0xec, 0xff, 0xff, 0xde, 0xec, 0xff, 0xff,
  0xde, 0xec, 0xff, 0xff, 0xde, 0xec, 0xff, 0xff, 0xde, 0xec, 0xff, 0xff, 0xde, 0xec, 0xff, 0xff,
  0xde, 0xec, 0xff, 0xff, 0xde, 0xec, 0xff, 0xff, 0x9c, 0xdc, 0xe9, 0xff, 0x21, 0xbc, 0xc1, 0xff,
  0x21, 0xbb, 0xc2, 0xff, 0x20, 0xbb, 0xc3, 0xff, 0x20, 0xba, 0xc4, 0xff, 0x1f, 0xb9, 0xc5, 0xff,
  0x1f, 0xb9, 0xc6, 0xff, 0x1e, 0xb8, 0xc7, 0xff, 0x1e, 0xb8, 0xc8, 0xff, 0x48, 0xc5, 0xd3, 0xff,
  0x87, 0xd8, 0xe3, 0xff, 0xcd, 0xef, 0xf4, 0xff, 0xff, 0xff, 0xff, 0xff, 0xff, 0xff, 0xff, 0xff,
  0xff, 0xff, 0xff, 0xff, 0xff, 0xff, 0xff, 0xff, 0xff, 0xff, 0xff, 0xff, 0xd4, 0xf1, 0xf7, 0xff,
  0x93, 0xdb, 0xea, 0xff, 0x4b, 0xc2, 0xdd, 0xff, 0x18, 0xb1, 0xd5, 0xff, 0x17, 0xb0, 0xd6, 0xff,
  0x17, 0xb0, 0xd7, 0xff, 0x16, 0xaf, 0xd8, 0xff, 0x15, 0xae, 0xd9, 0xff, 0x15, 0xae, 0xda, 0xff,
  0x14, 0xad, 0xdb, 0xff, 0x14, 0xad, 0xdc, 0xff, 0x0e, 0x86, 0xac, 0x9a, 0x00, 0x00, 0x00, 0x40,
  0x00, 0x00, 0x00, 0x40, 0x00, 0x00, 0x00, 0x40, 0x00, 0x00, 0x00, 0x10, 0x00, 0x00, 0x00, 0x00,
  0x00, 0x00, 0x00, 0x00, 0x00, 0x00, 0x00, 0x00, 0x00, 0x00, 0x00, 0x00, 0x00, 0x00, 0x00, 0x00,
  0x00, 0x00, 0x00, 0x00, 0x00, 0x00, 0x00, 0x00, 0x00, 0x00, 0x00, 0x00, 0x00, 0x00, 0x00, 0x00,
  0x00, 0x00, 0x00, 0x00, 0x00, 0x00, 0x00, 0x00, 0x00, 0x00, 0x00, 0x00, 0x00, 0x00, 0x00, 0x00,
  0x00, 0x00, 0x00, 0x00, 0x00, 0x00, 0x00, 0x00, 0x00, 0x00, 0x00, 0x00, 0x00, 0x00, 0x00, 0x00,
  0x00, 0x00, 0x00, 0x00, 0x00, 0x00, 0x00, 0x00, 0x00, 0x00, 0x00, 0x00, 0x00, 0x00, 0x00, 0x00,
  0x00, 0x00, 0x00, 0x00, 0x00, 0x00, 0x00, 0x00, 0x00, 0x00, 0x00, 0x00, 0x00, 0x00, 0x00, 0x00,
  0x00, 0x00, 0x00, 0x00, 0x00, 0x00, 0x00, 0x00, 0x00, 0x00, 0x00, 0x00, 0x7f, 0x86, 0x91, 0x46,
  0xd6, 0xe4, 0xf6, 0xe7, 0xde, 0xec, 0xff, 0xff, 0xde, 0xec, 0xff, 0xff, 0xde, 0xec, 0xff, 0xff,
  0xde, 0xec, 0xff, 0xff, 0xde, 0xec, 0xff, 0xff, 0xde, 0xec, 0xff, 0xff, 0xde, 0xec, 0xff, 0xff,
  0xde, 0xec, 0xff, 0xff, 0xde, 0xec, 0xff, 0xff, 0xde, 0xec, 0xff, 0xff, 0xde, 0xec, 0xff, 0xff,
  0xde, 0xec, 0xff, 0xff, 0xde, 0xec, 0xff, 0xff, 0xde, 0xec, 0xff, 0xff, 0xde, 0xec, 0xff, 0xff,
  0xde, 0xec, 0xff, 0xff, 0xde, 0xec, 0xff, 0xff, 0xde, 0xec, 0xff, 0xff, 0xde, 0xec, 0xff, 0xff,
  0xde, 0xec, 0xff, 0xff, 0xde, 0xec, 0xff, 0xff, 0xde, 0xec, 0xff, 0xff, 0xde, 0xec, 0xff, 0xff,
  0xde, 0xec, 0xff, 0xff, 0xde, 0xec, 0xff, 0xff, 0xde, 0xec, 0xff, 0xff, 0xde, 0xec, 0xff, 0xff,
  0xde, 0xec, 0xff, 0xff, 0xde, 0xec, 0xff, 0xff, 0xde, 0xec, 0xff, 0xff, 0xde, 0xec, 0xff, 0xff,
  0xde, 0xec, 0xff, 0xff, 0xde, 0xec, 0xff, 0xff, 0xde, 0xec, 0xff, 0xff, 0xde, 0xec, 0xff, 0xff,
  0xde, 0xec, 0xff, 0xff, 0xde, 0xec, 0xff, 0xff, 0xde, 0xec, 0xff, 0xff, 0xde, 0xec, 0xff, 0xff,
  0xde, 0xec, 0xff, 0xff, 0xde, 0xec, 0xff, 0xff, 0xde, 0xec, 0xff, 0xff, 0xde, 0xec, 0xff, 0xff,
  0xde, 0xec, 0xff, 0xff, 0xde, 0xec, 0xff, 0xff, 0xde, 0xec, 0xff, 0xff, 0xde, 0xec, 0xff, 0xff,
  0xde, 0xec, 0xff, 0xff, 0xde, 0xec, 0xff, 0xff, 0xde, 0xec, 0xff, 0xff, 0x96, 0xd9, 0xe8, 0xff,
  0x26, 0xbc, 0xc5, 0xff, 0x20, 0xba, 0xc4, 0xff, 0x1f, 0xb9, 0xc5, 0xff, 0x1f, 0xb9, 0xc6, 0xff,
  0x1e, 0xb8, 0xc7, 0xff, 0x1e, 0xb8, 0xc8, 0xff, 0x1d, 0xb7, 0xc9, 0xff, 0x1c, 0xb6, 0xca, 0xff,
  0x1c, 0xb6, 0xcc, 0xff, 0x1b, 0xb5, 0xcd, 0xff, 0x1b, 0xb4, 0xce, 0xff, 0x1b, 0xb4, 0xcf, 0xff,
  0x53, 0xc6, 0xdc, 0xff, 0x21, 0xb5, 0xd2, 0xff, 0x19, 0xb2, 0xd2, 0xff, 0x19, 0xb2, 0xd3, 0xff,
  0x18, 0xb1, 0xd4, 0xff, 0x18, 0xb1, 0xd5, 0xff, 0x17, 0xb0, 0xd6, 0xff, 0x17, 0xb0, 0xd7, 0xff,
  0x16, 0xaf, 0xd8, 0xff, 0x15, 0xae, 0xd9, 0xff, 0x15, 0xae, 0xda, 0xff, 0x14, 0xad, 0xdb, 0xff,
  0x14, 0xad, 0xdc, 0xff, 0x0e, 0x86, 0xac, 0x9a, 0x00, 0x00, 0x00, 0x40, 0x00, 0x00, 0x00, 0x40,
  0x00, 0x00, 0x00, 0x40, 0x00, 0x00, 0x00, 0x2e, 0x00, 0x00, 0x00, 0x00, 0x00, 0x00, 0x00, 0x00,
  0x00, 0x00, 0x00, 0x00, 0x00, 0x00, 0x00, 0x00, 0x00, 0x00, 0x00, 0x00, 0x00, 0x00, 0x00, 0x00,
  0x00, 0x00, 0x00, 0x00, 0x00, 0x00, 0x00, 0x00, 0x00, 0x00, 0x00, 0x00, 0x00, 0x00, 0x00, 0x00,
  0x00, 0x00, 0x00, 0x00, 0x00, 0x00, 0x00, 0x00, 0x00, 0x00, 0x00, 0x00, 0x00, 0x00, 0x00, 0x00,
  0x00, 0x00, 0x00, 0x00, 0x00, 0x00, 0x00, 0x00, 0x00, 0x00, 0x00, 0x00, 0x00, 0x00, 0x00, 0x00,
  0x00, 0x00, 0x00, 0x00, 0x00, 0x00, 0x00, 0x00, 0x00, 0x00, 0x00, 0x00, 0x00, 0x00, 0x00, 0x00,
  0x00, 0x00, 0x00, 0x00, 0x00, 0x00, 0x00, 0x00, 0x00, 0x00, 0x00, 0x00, 0x00, 0x00, 0x00, 0x00,
  0x00, 0x00, 0x00, 0x00, 0x00, 0x00, 0x00, 0x00, 0x00, 0x00, 0x00, 0x00, 0x00, 0x00, 0x00, 0x06,
  0x30, 0x33, 0x37, 0x4a, 0xcc, 0xda, 0xeb, 0xcf, 0xdd, 0xec, 0xff, 0xff, 0xdd, 0xec, 0xff, 0xff,
  0xdd, 0xec, 0xff, 0xff, 0xdd, 0xec, 0xff, 0xff, 0xdd, 0xec, 0xff, 0xff, 0xdd, 0xec, 0xff, 0xff,
  0xdd, 0xec, 0xff, 0xff, 0xdd, 0xec, 0xff, 0xff, 0xdd, 0xec, 0xff, 0xff, 0xdd, 0xec, 0xff, 0xff,
  0xdd, 0xec, 0xff, 0xff, 0xdd, 0xec, 0xff, 0xff, 0xdd, 0xec, 0xff, 0xff, 0xdd, 0xec, 0xff, 0xff,
  0xdd, 0xec, 0xff, 0xff, 0xdd, 0xec, 0xff, 0xff, 0xdd, 0xec, 0xff, 0xff, 0xdd, 0xec, 0xff, 0xff,
  0xdd, 0xec, 0xff, 0xff, 0xdd, 0xec, 0xff, 0xff, 0xdd, 0xec, 0xff, 0xff, 0xdd, 0xec, 0xff, 0xff,
  0xdd, 0xec, 0xff, 0xff, 0xdd, 0xec, 0xff, 0xff, 0xdd, 0xec, 0xff, 0xff, 0xdd, 0xec, 0xff, 0xff,
  0xdd, 0xec, 0xff, 0xff, 0xdd, 0xec, 0xff, 0xff, 0xdd, 0xec, 0xff, 0xff, 0xdd, 0xec, 0xff, 0xff,
  0xdd, 0xec, 0xff, 0xff, 0xdd, 0xec, 0xff, 0xff, 0xdd, 0xec, 0xff, 0xff, 0xdd, 0xec, 0xff, 0xff,
  0xdd, 0xec, 0xff, 0xff, 0xdd, 0xec, 0xff, 0xff, 0xdd, 0xec, 0xff, 0xff, 0xdd, 0xec, 0xff, 0xff,
  0xdd, 0xec, 0xff, 0xff, 0xdd, 0xec, 0xff, 0xff, 0xdd, 0xec, 0xff, 0xff, 0xdd, 0xec, 0xff, 0xff,
  0xdd, 0xec, 0xff, 0xff, 0xdd, 0xec, 0xff, 0xff, 0xdd, 0xec, 0xff, 0xff, 0xdd, 0xec, 0xff, 0xff,
  0xdd, 0xec, 0xff, 0xff, 0xdd, 0xec, 0xff, 0xff, 0xdd, 0xec, 0xff, 0xff, 0xdd, 0xec, 0xff, 0xff,
  0xb3, 0xe1, 0xf2, 0xff, 0x31, 0xbe, 0xcb, 0xff, 0x1f, 0xb9, 0xc6, 0xff, 0x1e, 0xb8, 0xc7, 0xff,
  0x1e, 0xb8, 0xc8, 0xff, 0x1d, 0xb7, 0xc9, 0xff, 0x1c, 0xb6, 0xca, 0xff, 0x1c, 0xb6, 0xcc, 0xff,
  0x1b, 0xb5, 0xcd, 0xff, 0x1b, 0xb4, 0xce, 0xff, 0x1b, 0xb4, 0xcf, 0xff, 0x1a, 0xb3, 0xd0, 0xff,
  0x1a, 0xb3, 0xd1, 0xff, 0x19, 0xb2, 0xd2, 0xff, 0x19, 0xb2, 0xd3, 0xff, 0x18, 0xb1, 0xd4, 0xff,
  0x18, 0xb1, 0xd5, 0xff, 0x17, 0xb0, 0xd6, 0xff, 0x17, 0xb0, 0xd7, 0xff, 0x16, 0xaf, 0xd8, 0xff,
  0x15, 0xae, 0xd9, 0xff, 0x15, 0xae, 0xda, 0xff, 0x14, 0xad, 0xdb, 0xff, 0x13, 0xa9, 0xd8, 0xf3,
  0x0c, 0x6f, 0x8d, 0x7c, 0x00, 0x00, 0x00, 0x40, 0x00, 0x00, 0x00, 0x40, 0x00, 0x00, 0x00, 0x40,
  0x00, 0x00, 0x00, 0x40, 0x00, 0x00, 0x00, 0x0c, 0x00, 0x00, 0x00, 0x00, 0x00, 0x00, 0x00, 0x00,
  0x00, 0x00, 0x00, 0x00, 0x00, 0x00, 0x00, 0x00, 0x00, 0x00, 0x00, 0x00, 0x00, 0x00, 0x00, 0x00,
  0x00, 0x00, 0x00, 0x00, 0x00, 0x00, 0x00, 0x00, 0x00, 0x00, 0x00, 0x00, 0x00, 0x00, 0x00, 0x00,
  0x00, 0x00, 0x00, 0x00, 0x00, 0x00, 0x00, 0x00, 0x00, 0x00, 0x00, 0x00, 0x00, 0x00, 0x00, 0x00,
  0x00, 0x00, 0x00, 0x00, 0x00, 0x00, 0x00, 0x00, 0x00, 0x00, 0x00, 0x00, 0x00, 0x00, 0x00, 0x00,
  0x00, 0x00, 0x00, 0x00, 0x00, 0x00, 0x00, 0x00, 0x00, 0x00, 0x00, 0x00, 0x00, 0x00, 0x00, 0x00,
  0x00, 0x00, 0x00, 0x00, 0x00, 0x00, 0x00, 0x00, 0x00, 0x00, 0x00, 0x00, 0x00, 0x00, 0x00, 0x00,
  0x00, 0x00, 0x00, 0x00, 0x00, 0x00, 0x00, 0x00, 0x00, 0x00, 0x00, 0x00, 0x00, 0x00, 0x00, 0x00,
  0x00, 0x00, 0x00, 0x1c, 0x00, 0x00, 0x00, 0x40, 0xb4, 0xc1, 0xd0, 0xa5, 0xdb, 0xea, 0xfc, 0xf9,
  0xdd, 0xec, 0xff, 0xff, 0xdd, 0xec, 0xff, 0xff, 0xdd, 0xec, 0xff, 0xff, 0xdd, 0xec, 0xff, 0xff,
  0xdd, 0xec, 0xff, 0xff, 0xdd, 0xec, 0xff, 0xff, 0xdd, 0xec, 0xff, 0xff, 0xdd, 0xec, 0xff, 0xff,
  0xdd, 0xec, 0xff, 0xff, 0xdd, 0xec, 0xff, 0xff, 0xdd, 0xec, 0xff, 0xff, 0xdd, 0xec, 0xff, 0xff,
  0xdd, 0xec, 0xff, 0xff, 0xdd, 0xec, 0xff, 0xff, 0xdd, 0xec, 0xff, 0xff, 0xdd, 0xec, 0xff, 0xff,
  0xdd, 0xec, 0xff, 0xff, 0xdd, 0xec, 0xff, 0xff, 0xdd, 0xec, 0xff, 0xff, 0xdd, 0xec, 0xff, 0xff,
  0xdd, 0xec, 0xff, 0xff, 0xdd, 0xec, 0xff, 0xff, 0xdd, 0xec, 0xff, 0xff, 0xdd, 0xec, 0xff, 0xff,
  0xdd, 0xec, 0xff, 0xff, 0xdd, 0xec, 0xff, 0xff, 0xdd, 0xec, 0xff, 0xff, 0xdd, 0xec, 0xff, 0xff,
  0xdd, 0xec, 0xff, 0xff, 0xdd, 0xec, 0xff, 0xff, 0xdd, 0xec, 0xff, 0xff, 0xdd, 0xec, 0xff, 0xff,
  0xdd, 0xec, 0xff, 0xff, 0xdd, 0xec, 0xff, 0xff, 0xdd, 0xec, 0xff, 0xff, 0xdd, 0xec, 0xff, 0xff,
  0xdd, 0xec, 0xff, 0xff, 0xdd, 0xec, 0xff, 0xff, 0xdd, 0xec, 0xff, 0xff, 0xdd, 0xec, 0xff, 0xff,
  0xdd, 0xec, 0xff, 0xff, 0xdd, 0xec, 0xff, 0xff, 0xdd, 0xec, 0xff, 0xff, 0xdd, 0xec, 0xff, 0xff,
  0xdd, 0xec, 0xff, 0xff, 0xdd, 0xec, 0xff, 0xff, 0xdd, 0xec, 0xff, 0xff, 0xdd, 0xec, 0xff, 0xff,
  0xdd, 0xec, 0xff, 0xff, 0xc5, 0xe5, 0xf8, 0xff, 0x5a, 0xc9, 0xd9, 0xff, 0x1e, 0xb8, 0xc8, 0xff,
  0x1d, 0xb7, 0xc9, 0xff, 0x1c, 0xb6, 0xca, 0xff, 0x1c, 0xb6, 0xcc, 0xff, 0x1b, 0xb5, 0xcd, 0xff,
  0x1b, 0xb4, 0xce, 0xff, 0x1b, 0xb4, 0xcf, 0xff, 0x1a, 0xb3, 0xd0, 0xff, 0x1a, 0xb3, 0xd1, 0xff,
  0x19, 0xb2, 0xd2, 0xff, 0x19, 0xb2, 0xd3, 0xff, 0x18, 0xb1, 0xd4, 0xff, 0x18, 0xb1, 0xd5, 0xff,
  0x17, 0xb0, 0xd6, 0xff, 0x17, 0xb0, 0xd7, 0xff, 0x16, 0xaf, 0xd8, 0xff, 0x15, 0xae, 0xd9, 0xff,
  0x15, 0xae, 0xda, 0xff, 0x14, 0xad, 0xdb, 0xff, 0x12, 0xa0, 0xcb, 0xcf, 0x08, 0x49, 0x5e, 0x5e,
  0x00, 0x00, 0x00, 0x40, 0x00, 0x00, 0x00, 0x40, 0x00, 0x00, 0x00, 0x40, 0x00, 0x00, 0x00, 0x40,
  0x00, 0x00, 0x00, 0x26, 0x00, 0x00, 0x00, 0x00, 0x00, 0x00, 0x00, 0x00, 0x00, 0x00, 0x00, 0x00,
  0x00, 0x00, 0x00, 0x00, 0x00, 0x00, 0x00, 0x00, 0x00, 0x00, 0x00, 0x00, 0x00, 0x00, 0x00, 0x00,
  0x00, 0x00, 0x00, 0x00, 0x00, 0x00, 0x00, 0x00, 0x00, 0x00, 0x00, 0x00, 0x00, 0x00, 0x00, 0x00,
  0x00, 0x00, 0x00, 0x00, 0x00, 0x00, 0x00, 0x00, 0x00, 0x00, 0x00, 0x00, 0x00, 0x00, 0x00, 0x00,
  0x00, 0x00, 0x00, 0x00, 0x00, 0x00, 0x00, 0x00, 0x00, 0x00, 0x00, 0x00, 0x00, 0x00, 0x00, 0x00,
  0x00, 0x00, 0x00, 0x00, 0x00, 0x00, 0x00, 0x00, 0x00, 0x00, 0x00, 0x00, 0x00, 0x00, 0x00, 0x00,
  0x00, 0x00, 0x00, 0x00, 0x00, 0x00, 0x00, 0x00, 0x00, 0x00, 0x00, 0x00, 0x00, 0x00, 0x00, 0x00,
  0x00, 0x00, 0x00, 0x00, 0x00, 0x00, 0x00, 0x00, 0x00, 0x00, 0x00, 0x00, 0x00, 0x00, 0x00, 0x00,
  0x00, 0x00, 0x00, 0x00, 0x00, 0x00, 0x00, 0x2e, 0x00, 0x00, 0x00, 0x40, 0x51, 0x54, 0x5c, 0x58,
  0xc6, 0xd3, 0xe4, 0xc3, 0xdd, 0xeb, 0xff, 0xff, 0xdd, 0xeb, 0xff, 0xff, 0xdd, 0xeb, 0xff, 0xff,
  0xdd, 0xeb, 0xff, 0xff, 0xdd, 0xeb, 0xff, 0xff, 0xdd, 0xeb, 0xff, 0xff, 0xdd, 0xeb, 0xff, 0xff,
  0xdd, 0xeb, 0xff, 0xff, 0xdd, 0xeb, 0xff, 0xff, 0xdd, 0xeb, 0xff, 0xff, 0xdd, 0xeb, 0xff, 0xff,
  0xdd, 0xeb, 0xff, 0xff, 0xdd, 0xeb, 0xff, 0xff, 0xdd, 0xeb, 0xff, 0xff, 0xdd, 0xeb, 0xff, 0xff,
  0xdd, 0xeb, 0xff, 0xff, 0xdd, 0xeb, 0xff, 0xff, 0xdd, 0xeb, 0xff, 0xff, 0xdd, 0xeb, 0xff, 0xff,
  0xdd, 0xeb, 0xff, 0xff, 0xdd, 0xeb, 0xff, 0xff, 0xdd, 0xeb, 0xff, 0xff, 0xdd, 0xeb, 0xff, 0xff,
  0xdd, 0xeb, 0xff, 0xff, 0xdd, 0xeb, 0xff, 0xff, 0xdd, 0xeb, 0xff, 0xff, 0xdd, 0xeb, 0xff, 0xff,
  0xdd, 0xeb, 0xff, 0xff, 0xdd, 0xeb, 0xff, 0xff, 0xdd, 0xeb, 0xff, 0xff, 0xdd, 0xeb, 0xff, 0xff,
  0xdd, 0xeb, 0xff, 0xff, 0xdd, 0xeb, 0xff, 0xff, 0xdd, 0xeb, 0xff, 0xff, 0xdd, 0xeb, 0xff, 0xff,
  0xdd, 0xeb, 0xff, 0xff, 0xdd, 0xeb, 0xff, 0xff, 0xdd, 0xeb, 0xff, 0xff, 0xdd, 0xeb, 0xff, 0xff,
  0xdd, 0xeb, 0xff, 0xff, 0xdd, 0xeb, 0xff, 0xff, 0xdd, 0xeb, 0xff, 0xff, 0xdd, 0xeb, 0xff, 0xff,
  0xdd, 0xeb, 0xff, 0xff, 0xdd, 0xeb, 0xff, 0xff, 0xdd, 0xeb, 0xff, 0xff, 0xdd, 0xeb, 0xff, 0xff,
  0xdd, 0xeb, 0xff, 0xff, 0xdd, 0xeb, 0xff, 0xff, 0xdd, 0xeb, 0xff, 0xff, 0xb2, 0xdf, 0xf3, 0xff,
  0x4c, 0xc4, 0xd8, 0xff, 0x1c, 0xb6, 0xcc, 0xff, 0x1b, 0xb5, 0xcd, 0xff, 0x1b, 0xb4, 0xce, 0xff,
  0x1b, 0xb4, 0xcf, 0xff, 0x1a, 0xb3, 0xd0, 0xff, 0x1a, 0xb3, 0xd1, 0xff, 0x19, 0xb2, 0xd2, 0xff,
  0x19, 0xb2, 0xd3, 0xff, 0x18, 0xb1, 0xd4, 0xff, 0x18, 0xb1, 0xd5, 0xff, 0x17, 0xb0, 0xd6, 0xff,
  0x17, 0xb0, 0xd7, 0xff, 0x16, 0xaf, 0xd8, 0xff, 0x15, 0xae, 0xd9, 0xff, 0x15, 0xae, 0xda, 0xff,
  0x12, 0xa4, 0xcf, 0xdb, 0x0c, 0x69, 0x85, 0x76, 0x00, 0x00, 0x00, 0x40, 0x00, 0x00, 0x00, 0x40,
  0x00, 0x00, 0x00, 0x40, 0x00, 0x00, 0x00, 0x40, 0x00, 0x00, 0x00, 0x40, 0x00, 0x00, 0x00, 0x34,
  0x00, 0x00, 0x00, 0x02, 0x00, 0x00, 0x00, 0x00, 0x00, 0x00, 0x00, 0x00, 0x00, 0x00, 0x00, 0x00,
  0x00, 0x00, 0x00, 0x00, 0x00, 0x00, 0x00, 0x00, 0x00, 0x00, 0x00, 0x00, 0x00, 0x00, 0x00, 0x00,
  0x00, 0x00, 0x00, 0x00, 0x00, 0x00, 0x00, 0x00, 0x00, 0x00, 0x00, 0x00, 0x00, 0x00, 0x00, 0x00,
  0x00, 0x00, 0x00, 0x00, 0x00, 0x00, 0x00, 0x00, 0x00, 0x00, 0x00, 0x00, 0x00, 0x00, 0x00, 0x00,
  0x00, 0x00, 0x00, 0x00, 0x00, 0x00, 0x00, 0x00, 0x00, 0x00, 0x00, 0x00, 0x00, 0x00, 0x00, 0x00,
  0x00, 0x00, 0x00, 0x00, 0x00, 0x00, 0x00, 0x00, 0x00, 0x00, 0x00, 0x00, 0x00, 0x00, 0x00, 0x00,
  0x00, 0x00, 0x00, 0x00, 0x00, 0x00, 0x00, 0x00, 0x00, 0x00, 0x00, 0x00, 0x00, 0x00, 0x00, 0x00,
  0x00, 0x00, 0x00, 0x00, 0x00, 0x00, 0x00, 0x00, 0x00, 0x00, 0x00, 0x00, 0x00, 0x00, 0x00, 0x00,
  0x00, 0x00, 0x00, 0x00, 0x00, 0x00, 0x00, 0x04, 0x00, 0x00, 0x00, 0x36, 0x00, 0x00, 0x00, 0x40,
  0x00, 0x00, 0x00, 0x40, 0x5c, 0x64, 0x6c, 0x5e, 0xb4, 0xc1, 0xd0, 0xa5, 0xd2, 0xe0, 0xf3, 0xe1,
  0xdc, 0xeb, 0xff, 0xff, 0xdc, 0xeb, 0xff, 0xff, 0xdc, 0xeb, 0xff, 0xff, 0xdc, 0xeb, 0xff, 0xff,
  0xdc, 0xeb, 0xff, 0xff, 0xdc, 0xeb, 0xff, 0xff, 0xdc, 0xeb, 0xff, 0xff, 0xdc, 0xeb, 0xff, 0xff,
  0xdc, 0xeb, 0xff, 0xff, 0xdc, 0xeb, 0xff, 0xff, 0xdc, 0xeb, 0xff, 0xff, 0xdc, 0xeb, 0xff, 0xff,
  0xdc, 0xeb, 0xff, 0xff, 0xdc, 0xeb, 0xff, 0xff, 0xdc, 0xeb, 0xff, 0xff, 0xdc, 0xeb, 0xff, 0xff,
  0xdc, 0xeb, 0xff, 0xff, 0xdc, 0xeb, 0xff, 0xff, 0xdc, 0xeb, 0xff, 0xff, 0xdc, 0xeb, 0xff, 0xff,
  0xdc, 0xeb, 0xff, 0xff, 0xdc, 0xeb, 0xff, 0xff, 0xdc, 0xeb, 0xff, 0xff, 0xdc, 0xeb, 0xff, 0xff,
  0xdc, 0xeb, 0xff, 0xff, 0xdc, 0xeb, 0xff, 0xff, 0xdc, 0xeb, 0xff, 0xff, 0xdc, 0xeb, 0xff, 0xff,
  0xdc, 0xeb, 0xff, 0xff, 0xdc, 0xeb, 0xff, 0xff, 0xdc, 0xeb, 0xff, 0xff, 0xdc, 0xeb, 0xff, 0xff,
  0xdc, 0xeb, 0xff, 0xff, 0xdc, 0xeb, 0xff, 0xff, 0xdc, 0xeb, 0xff, 0xff, 0xdc, 0xeb, 0xff, 0xff,
  0xdc, 0xeb, 0xff, 0xff, 0xdc, 0xeb, 0xff, 0xff, 0xdc, 0xeb, 0xff, 0xff, 0xdc, 0xeb, 0xff, 0xff,
  0xdc, 0xeb, 0xff, 0xff, 0xdc, 0xeb, 0xff, 0xff, 0xdc, 0xeb, 0xff, 0xff, 0xdc, 0xeb, 0xff, 0xff,
  0xdc, 0xeb, 0xff, 0xff, 0xdc, 0xeb, 0xff, 0xff, 0xdc, 0xeb, 0xff, 0xff, 0xdc, 0xeb, 0xff, 0xff,
  0xdc, 0xeb, 0xff, 0xff, 0xb2, 0xdf, 0xf4, 0xff, 0x70, 0xcc, 0xe4, 0xff, 0x34, 0xbb, 0xd5, 0xff,
  0x1a, 0xb3, 0xd0, 0xff, 0x1a, 0xb3, 0xd1, 0xff, 0x19, 0xb2, 0xd2, 0xff, 0x19, 0xb2, 0xd3, 0xff,
  0x18, 0xb1, 0xd4, 0xff, 0x18, 0xb1, 0xd5, 0xff, 0x17, 0xb0, 0xd6, 0xff, 0x17, 0xb0, 0xd7, 0xff,
  0x16, 0xaf, 0xd8, 0xff, 0x1b, 0xab, 0xd5, 0xee, 0x11, 0x94, 0xb9, 0xb1, 0x0b, 0x61, 0x7d, 0x70,
  0x00, 0x00, 0x00, 0x40, 0x00, 0x00, 0x00, 0x40, 0x00, 0x00, 0x00, 0x40, 0x00, 0x00, 0x00, 0x40,
  0x00, 0x00, 0x00, 0x40, 0x00, 0x00, 0x00, 0x40, 0x00, 0x00, 0x00, 0x3a, 0x00, 0x00, 0x00, 0x08,
  0x00, 0x00, 0x00, 0x00, 0x00, 0x00, 0x00, 0x00, 0x00, 0x00, 0x00, 0x00, 0x00, 0x00, 0x00, 0x00,
  0x00, 0x00, 0x00, 0x00, 0x00, 0x00, 0x00, 0x00, 0x00, 0x00, 0x00, 0x00, 0x00, 0x00, 0x00, 0x00,
  0x00, 0x00, 0x00, 0x00, 0x00, 0x00, 0x00, 0x00, 0x00, 0x00, 0x00, 0x00, 0x00, 0x00, 0x00, 0x00,
  0x00, 0x00, 0x00, 0x00, 0x00, 0x00, 0x00, 0x00, 0x00, 0x00, 0x00, 0x00, 0x00, 0x00, 0x00, 0x00,
  0x00, 0x00, 0x00, 0x00, 0x00, 0x00, 0x00, 0x00, 0x00, 0x00, 0x00, 0x00, 0x00, 0x00, 0x00, 0x00,
  0x00, 0x00, 0x00, 0x00, 0x00, 0x00, 0x00, 0x00, 0x00, 0x00, 0x00, 0x00, 0x00, 0x00, 0x00, 0x00,
  0x00, 0x00, 0x00, 0x00, 0x00, 0x00, 0x00, 0x00, 0x00, 0x00, 0x00, 0x00, 0x00, 0x00, 0x00, 0x00,
  0x00, 0x00, 0x00, 0x00, 0x00, 0x00, 0x00, 0x00, 0x00, 0x00, 0x00, 0x00, 0x00, 0x00, 0x00, 0x00,
  0x00, 0x00, 0x00, 0x00, 0x00, 0x00, 0x00, 0x00, 0x00, 0x00, 0x00, 0x0a, 0x00, 0x00, 0x00, 0x38,
  0x00, 0x00, 0x00, 0x40, 0x00, 0x00, 0x00, 0x40, 0x00, 0x00, 0x00, 0x40, 0x00, 0x00, 0x00, 0x40,
  0x59, 0x59, 0x5c, 0x58, 0x8d, 0x8f, 0x91, 0x70, 0xc0, 0xc3, 0xc6, 0x9a, 0xc5, 0xc8, 0xcc, 0xa0,
  0xc5, 0xc8, 0xcc, 0xa0, 0xc5, 0xc8, 0xcc, 0xa0, 0xc5, 0xc8, 0xcc, 0xa0, 0xc5, 0xc8, 0xcc, 0xa0,
  0xc5, 0xc8, 0xcc, 0xa0, 0xc5, 0xc8, 0xcc, 0xa0, 0xc5, 0xc8, 0xcc, 0xa0, 0xc5, 0xc8, 0xcc, 0xa0,
  0xc5, 0xc8, 0xcc, 0xa0, 0xc5, 0xc8, 0xcc, 0xa0, 0xc5, 0xc8, 0xcc, 0xa0, 0xc5, 0xc8, 0xcc, 0xa0,
  0xc5, 0xc8, 0xcc, 0xa0, 0xc5, 0xc8, 0xcc, 0xa0, 0xc5, 0xc8, 0xcc, 0xa0, 0xc5, 0xc8, 0xcc, 0xa0,
  0xc5, 0xc8, 0xcc, 0xa0, 0xc5, 0xc8, 0xcc, 0xa0, 0xc5, 0xc8, 0xcc, 0xa0, 0xc5, 0xc8, 0xcc, 0xa0,
  0xc5, 0xc8, 0xcc, 0xa0, 0xc5, 0xc8, 0xcc, 0xa0, 0xc5, 0xc8, 0xcc, 0xa0, 0xc5, 0xc8, 0xcc, 0xa0,
  0xc5, 0xc8, 0xcc, 0xa0, 0xc5, 0xc8, 0xcc, 0xa0, 0xc5, 0xc8, 0xcc, 0xa0, 0xc5, 0xc8, 0xcc, 0xa0,
  0xc5, 0xc8, 0xcc, 0xa0, 0xc5, 0xc8, 0xcc, 0xa0, 0xc5, 0xc8, 0xcc, 0xa0, 0xc5, 0xc8, 0xcc, 0xa0,
  0xc5, 0xc8, 0xcc, 0xa0, 0xc5, 0xc8, 0xcc, 0xa0, 0xc5, 0xc8, 0xcc, 0xa0, 0xc5, 0xc8, 0xcc, 0xa0,
  0xc5, 0xc8, 0xcc, 0xa0, 0xc5, 0xc8, 0xcc, 0xa0, 0xc5, 0xc8, 0xcc, 0xa0, 0xc5, 0xc8, 0xcc, 0xa0,
  0xc5, 0xc8, 0xcc, 0xa0, 0xc5, 0xc8, 0xcc, 0xa0, 0xc5, 0xc8, 0xcc, 0xa0, 0xc5, 0xc8, 0xcc, 0xa0,
  0xc5, 0xc8, 0xcc, 0xa0, 0xc5, 0xc8, 0xcc, 0xa0, 0xc5, 0xc8, 0xcc, 0xa0, 0xc5, 0xc8, 0xcc, 0xa0,
  0x9e, 0xc1, 0xcd, 0xaf, 0x89, 0xc0, 0xce, 0xb8, 0x5b, 0xb9, 0xd0, 0xd0, 0x5a, 0xb9, 0xd0, 0xd0,
  0x5a, 0xb9, 0xd1, 0xd0, 0x3b, 0xa4, 0xc0, 0xb8, 0x2d, 0x9b, 0xba, 0xaf, 0x0c, 0x69, 0x83, 0x76,
  0x0a, 0x54, 0x68, 0x64, 0x00, 0x00, 0x00, 0x40, 0x00, 0x00, 0x00, 0x40, 0x00, 0x00, 0x00, 0x40,
  0x00, 0x00, 0x00, 0x40, 0x00, 0x00, 0x00, 0x40, 0x00, 0x00, 0x00, 0x40, 0x00, 0x00, 0x00, 0x40,
  0x00, 0x00, 0x00, 0x40, 0x00, 0x00, 0x00, 0x3c, 0x00, 0x00, 0x00, 0x0c, 0x00, 0x00, 0x00, 0x00,
  0x00, 0x00, 0x00, 0x00, 0x00, 0x00, 0x00, 0x00, 0x00, 0x00, 0x00, 0x00, 0x00, 0x00, 0x00, 0x00,
  0x00, 0x00, 0x00, 0x00, 0x00, 0x00, 0x00, 0x00, 0x00, 0x00, 0x00, 0x00, 0x00, 0x00, 0x00, 0x00,
  0x00, 0x00, 0x00, 0x00, 0x00, 0x00, 0x00, 0x00, 0x00, 0x00, 0x00, 0x00, 0x00, 0x00, 0x00, 0x00,
  0x00, 0x00, 0x00, 0x00, 0x00, 0x00, 0x00, 0x00, 0x00, 0x00, 0x00, 0x00, 0x00, 0x00, 0x00, 0x00,
  0x00, 0x00, 0x00, 0x00, 0x00, 0x00, 0x00, 0x00, 0x00, 0x00, 0x00, 0x00, 0x00, 0x00, 0x00, 0x00,
  0x00, 0x00, 0x00, 0x00, 0x00, 0x00, 0x00, 0x00, 0x00, 0x00, 0x00, 0x00, 0x00, 0x00, 0x00, 0x00,
  0x00, 0x00, 0x00, 0x00, 0x00, 0x00, 0x00, 0x00, 0x00, 0x00, 0x00, 0x00, 0x00, 0x00, 0x00, 0x00,
  0x00, 0x00, 0x00, 0x00, 0x00, 0x00, 0x00, 0x00, 0x00, 0x00, 0x00, 0x00, 0x00, 0x00, 0x00, 0x00,
  0x00, 0x00, 0x00, 0x00, 0x00, 0x00, 0x00, 0x00, 0x00, 0x00, 0x00, 0x00, 0x00, 0x00, 0x00, 0x04,
  0x00, 0x00, 0x00, 0x30, 0x00, 0x00, 0x00, 0x40, 0x00, 0x00, 0x00, 0x40, 0x00, 0x00, 0x00, 0x40,
  0x00, 0x00, 0x00, 0x40, 0x00, 0x00, 0x00, 0x40, 0x00, 0x00, 0x00, 0x40, 0x00, 0x00, 0x00, 0x40,
  0x00, 0x00, 0x00, 0x40, 0x00, 0x00, 0x00, 0x40, 0x00, 0x00, 0x00, 0x40, 0x00, 0x00, 0x00, 0x40,
  0x00, 0x00, 0x00, 0x40, 0x00, 0x00, 0x00, 0x40, 0x00, 0x00, 0x00, 0x40, 0x00, 0x00, 0x00, 0x40,
  0x00, 0x00, 0x00, 0x40, 0x00, 0x00, 0x00, 0x40, 0x00, 0x00, 0x00, 0x40, 0x00, 0x00, 0x00, 0x40,
  0x00, 0x00, 0x00, 0x40, 0x00, 0x00, 0x00, 0x40, 0x00, 0x00, 0x00, 0x40, 0x00, 0x00, 0x00, 0x40,
  0x00, 0x00, 0x00, 0x40, 0x00, 0x00, 0x00, 0x40, 0x00, 0x00, 0x00, 0x40, 0x00, 0x00, 0x00, 0x40,
  0x00, 0x00, 0x00, 0x40, 0x00, 0x00, 0x00, 0x40, 0x00, 0x00, 0x00, 0x40, 0x00, 0x00, 0x00, 0x40,
  0x00, 0x00, 0x00, 0x40, 0x00, 0x00, 0x00, 0x40, 0x00, 0x00, 0x00, 0x40, 0x00, 0x00, 0x00, 0x40,
  0x00, 0x00, 0x00, 0x40, 0x00, 0x00, 0x00, 0x40, 0x00, 0x00, 0x00, 0x40, 0x00, 0x00, 0x00, 0x40,
  0x00, 0x00, 0x00, 0x40, 0x00, 0x00, 0x00, 0x40, 0x00, 0x00, 0x00, 0x40, 0x00, 0x00, 0x00, 0x40,
  0x00, 0x00, 0x00, 0x40, 0x00, 0x00, 0x00, 0x40, 0x00, 0x00, 0x00, 0x40, 0x00, 0x00, 0x00, 0x40,
  0x00, 0x00, 0x00, 0x40, 0x00, 0x00, 0x00, 0x40, 0x00, 0x00, 0x00, 0x40, 0x00, 0x00, 0x00, 0x40,
  0x00, 0x00, 0x00, 0x40, 0x00, 0x00, 0x00, 0x40, 0x00, 0x00, 0x00, 0x40, 0x00, 0x00, 0x00, 0x40,
  0x00, 0x00, 0x00, 0x40, 0x00, 0x00, 0x00, 0x40, 0x00, 0x00, 0x00, 0x40, 0x00, 0x00, 0x00, 0x40,
  0x00, 0x00, 0x00, 0x40, 0x00, 0x00, 0x00, 0x40, 0x00, 0x00, 0x00, 0x40, 0x00, 0x00, 0x00, 0x40,
  0x00, 0x00, 0x00, 0x40, 0x00, 0x00, 0x00, 0x40, 0x00, 0x00, 0x00, 0x40, 0x00, 0x00, 0x00, 0x40,
  0x00, 0x00, 0x00, 0x40, 0x00, 0x00, 0x00, 0x40, 0x00, 0x00, 0x00, 0x40, 0x00, 0x00, 0x00, 0x40,
  0x00, 0x00, 0x00, 0x34, 0x00, 0x00, 0x00, 0x08, 0x00, 0x00, 0x00, 0x00, 0x00, 0x00, 0x00, 0x00,
  0x00, 0x00, 0x00, 0x00, 0x00, 0x00, 0x00, 0x00, 0x00, 0x00, 0x00, 0x00, 0x00, 0x00, 0x00, 0x00,
  0x00, 0x00, 0x00, 0x00, 0x00, 0x00, 0x00, 0x00, 0x00, 0x00, 0x00, 0x00, 0x00, 0x00, 0x00, 0x00,
  0x00, 0x00, 0x00, 0x00, 0x00, 0x00, 0x00, 0x00, 0x00, 0x00, 0x00, 0x00, 0x00, 0x00, 0x00, 0x00,
  0x00, 0x00, 0x00, 0x00, 0x00, 0x00, 0x00, 0x00, 0x00, 0x00, 0x00, 0x00, 0x00, 0x00, 0x00, 0x00,
  0x00, 0x00, 0x00, 0x00, 0x00, 0x00, 0x00, 0x00, 0x00, 0x00, 0x00, 0x00, 0x00, 0x00, 0x00, 0x00,
  0x00, 0x00, 0x00, 0x00, 0x00, 0x00, 0x00, 0x00, 0x00, 0x00, 0x00, 0x00, 0x00, 0x00, 0x00, 0x00,
  0x00, 0x00, 0x00, 0x00, 0x00, 0x00, 0x00, 0x00, 0x00, 0x00, 0x00, 0x00, 0x00, 0x00, 0x00, 0x00,
  0x00, 0x00, 0x00, 0x00, 0x00, 0x00, 0x00, 0x00, 0x00, 0x00, 0x00, 0x00, 0x00, 0x00, 0x00, 0x00,
  0x00, 0x00, 0x00, 0x00, 0x00, 0x00, 0x00, 0x00, 0x00, 0x00, 0x00, 0x00, 0x00, 0x00, 0x00, 0x00,
  0x00, 0x00, 0x00, 0x00, 0x00, 0x00, 0x00, 0x22, 0x00, 0x00, 0x00, 0x3e, 0x00, 0x00, 0x00, 0x40,
  0x00, 0x00, 0x00, 0x40, 0x00, 0x00, 0x00, 0x40, 0x00, 0x00, 0x00, 0x40, 0x00, 0x00, 0x00, 0x40,
  0x00, 0x00, 0x00, 0x40, 0x00, 0x00, 0x00, 0x40, 0x00, 0x00, 0x00, 0x40, 0x00, 0x00, 0x00, 0x40,
  0x00, 0x00, 0x00, 0x40, 0x00, 0x00, 0x00, 0x40, 0x00, 0x00, 0x00, 0x40, 0x00, 0x00, 0x00, 0x40,
  0x00, 0x00, 0x00, 0x40, 0x00, 0x00, 0x00, 0x40, 0x00, 0x00, 0x00, 0x40, 0x00, 0x00, 0x00, 0x40,
  0x00, 0x00, 0x00, 0x40, 0x00, 0x00, 0x00, 0x40, 0x00, 0x00, 0x00, 0x40, 0x00, 0x00, 0x00, 0x40,
  0x00, 0x00, 0x00, 0x40, 0x00, 0x00, 0x00, 0x40, 0x00, 0x00, 0x00, 0x40, 0x00, 0x00, 0x00, 0x40,
  0x00, 0x00, 0x00, 0x40, 0x00, 0x00, 0x00, 0x40, 0x00, 0x00, 0x00, 0x40, 0x00, 0x00, 0x00, 0x40,
  0x00, 0x00, 0x00, 0x40, 0x00, 0x00, 0x00, 0x40, 0x00, 0x00, 0x00, 0x40, 0x00, 0x00, 0x00, 0x40,
  0x00, 0x00, 0x00, 0x40, 0x00, 0x00, 0x00, 0x40, 0x00, 0x00, 0x00, 0x40, 0x00, 0x00, 0x00, 0x40,
  0x00, 0x00, 0x00, 0x40, 0x00, 0x00, 0x00, 0x40, 0x00, 0x00, 0x00, 0x40, 0x00, 0x00, 0x00, 0x40,
  0x00, 0x00, 0x00, 0x40, 0x00, 0x00, 0x00, 0x40, 0x00, 0x00, 0x00, 0x40, 0x00, 0x00, 0x00, 0x40,
  0x00, 0x00, 0x00, 0x40, 0x00, 0x00, 0x00, 0x40, 0x00, 0x00, 0x00, 0x40, 0x00, 0x00, 0x00, 0x40,
  0x00, 0x00, 0x00, 0x40, 0x00, 0x00, 0x00, 0x40, 0x00, 0x00, 0x00, 0x40, 0x00, 0x00, 0x00, 0x40,
  0x00, 0x00, 0x00, 0x40, 0x00, 0x00, 0x00, 0x40, 0x00, 0x00, 0x00, 0x40, 0x00, 0x00, 0x00, 0x40,
  0x00, 0x00, 0x00, 0x40, 0x00, 0x00, 0x00, 0x40, 0x00, 0x00, 0x00, 0x40, 0x00, 0x00, 0x00, 0x40,
  0x00, 0x00, 0x00, 0x40, 0x00, 0x00, 0x00, 0x40, 0x00, 0x00, 0x00, 0x40, 0x00, 0x00, 0x00, 0x40,
  0x00, 0x00, 0x00, 0x40, 0x00, 0x00, 0x00, 0x40, 0x00, 0x00, 0x00, 0x40, 0x00, 0x00, 0x00, 0x28,
  0x00, 0x00, 0x00, 0x02, 0x00, 0x00, 0x00, 0x00, 0x00, 0x00, 0x00, 0x00, 0x00, 0x00, 0x00, 0x00,
  0x00, 0x00, 0x00, 0x00, 0x00, 0x00, 0x00, 0x00, 0x00, 0x00, 0x00, 0x00, 0x00, 0x00, 0x00, 0x00,
  0x00, 0x00, 0x00, 0x00, 0x00, 0x00, 0x00, 0x00, 0x00, 0x00, 0x00, 0x00, 0x00, 0x00, 0x00, 0x00,
  0x00, 0x00, 0x00, 0x00, 0x00, 0x00, 0x00, 0x00, 0x00, 0x00, 0x00, 0x00, 0x00, 0x00, 0x00, 0x00,
  0x00, 0x00, 0x00, 0x00, 0x00, 0x00, 0x00, 0x00, 0x00, 0x00, 0x00, 0x00, 0x00, 0x00, 0x00, 0x00,
  0x00, 0x00, 0x00, 0x00, 0x00, 0x00, 0x00, 0x00, 0x00, 0x00, 0x00, 0x00, 0x00, 0x00, 0x00, 0x00,
  0x00, 0x00, 0x00, 0x00, 0x00, 0x00, 0x00, 0x00, 0x00, 0x00, 0x00, 0x00, 0x00, 0x00, 0x00, 0x00,
  0x00, 0x00, 0x00, 0x00, 0x00, 0x00, 0x00, 0x00, 0x00, 0x00, 0x00, 0x00, 0x00, 0x00, 0x00, 0x00,
  0x00, 0x00, 0x00, 0x00, 0x00, 0x00, 0x00, 0x00, 0x00, 0x00, 0x00, 0x00, 0x00, 0x00, 0x00, 0x00,
  0x00, 0x00, 0x00, 0x00, 0x00, 0x00, 0x00, 0x00, 0x00, 0x00, 0x00, 0x00, 0x00, 0x00, 0x00, 0x00,
  0x00, 0x00, 0x00, 0x00, 0x00, 0x00, 0x00, 0x00, 0x00, 0x00, 0x00, 0x08, 0x00, 0x00, 0x00, 0x2c,
  0x00, 0x00, 0x00, 0x40, 0x00, 0x00, 0x00, 0x40, 0x00, 0x00, 0x00, 0x40, 0x00, 0x00, 0x00, 0x40,
  0x00, 0x00, 0x00, 0x40, 0x00, 0x00, 0x00, 0x40, 0x00, 0x00, 0x00, 0x40, 0x00, 0x00, 0x00, 0x40,
  0x00, 0x00, 0x00, 0x40, 0x00, 0x00, 0x00, 0x40, 0x00, 0x00, 0x00, 0x40, 0x00, 0x00, 0x00, 0x40,
  0x00, 0x00, 0x00, 0x40, 0x00, 0x00, 0x00, 0x40, 0x00, 0x00, 0x00, 0x40, 0x00, 0x00, 0x00, 0x40,
  0x00, 0x00, 0x00, 0x40, 0x00, 0x00, 0x00, 0x40, 0x00, 0x00, 0x00, 0x40, 0x00, 0x00, 0x00, 0x40,
  0x00, 0x00, 0x00, 0x40, 0x00, 0x00, 0x00, 0x40, 0x00, 0x00, 0x00, 0x40, 0x00, 0x00, 0x00, 0x40,
  0x00, 0x00, 0x00, 0x40, 0x00, 0x00, 0x00, 0x40, 0x00, 0x00, 0x00, 0x40, 0x00, 0x00, 0x00, 0x40,
  0x00, 0x00, 0x00, 0x40, 0x00, 0x00, 0x00, 0x40, 0x00, 0x00, 0x00, 0x40, 0x00, 0x00, 0x00, 0x40,
  0x00, 0x00, 0x00, 0x40, 0x00, 0x00, 0x00, 0x40, 0x00, 0x00, 0x00, 0x40, 0x00, 0x00, 0x00, 0x40,
  0x00, 0x00, 0x00, 0x40, 0x00, 0x00, 0x00, 0x40, 0x00, 0x00, 0x00, 0x40, 0x00, 0x00, 0x00, 0x40,
  0x00, 0x00, 0x00, 0x40, 0x00, 0x00, 0x00, 0x40, 0x00, 0x00, 0x00, 0x40, 0x00, 0x00, 0x00, 0x40,
  0x00, 0x00, 0x00, 0x40, 0x00, 0x00, 0x00, 0x40, 0x00, 0x00, 0x00, 0x40, 0x00, 0x00, 0x00, 0x40,
  0x00, 0x00, 0x00, 0x40, 0x00, 0x00, 0x00, 0x40, 0x00, 0x00, 0x00, 0x40, 0x00, 0x00, 0x00, 0x40,
  0x00, 0x00, 0x00, 0x40, 0x00, 0x00, 0x00, 0x40, 0x00, 0x00, 0x00, 0x40, 0x00, 0x00, 0x00, 0x40,
  0x00, 0x00, 0x00, 0x40, 0x00, 0x00, 0x00, 0x40, 0x00, 0x00, 0x00, 0x40, 0x00, 0x00, 0x00, 0x40,
  0x00, 0x00, 0x00, 0x40, 0x00, 0x00, 0x00, 0x40, 0x00, 0x00, 0x00, 0x40, 0x00, 0x00, 0x00, 0x40,
  0x00, 0x00, 0x00, 0x40, 0x00, 0x00, 0x00, 0x30, 0x00, 0x00, 0x00, 0x0c, 0x00, 0x00, 0x00, 0x00,
  0x00, 0x00, 0x00, 0x00, 0x00, 0x00, 0x00, 0x00, 0x00, 0x00, 0x00, 0x00, 0x00, 0x00, 0x00, 0x00,
  0x00, 0x00, 0x00, 0x00, 0x00, 0x00, 0x00, 0x00, 0x00, 0x00, 0x00, 0x00, 0x00, 0x00, 0x00, 0x00,
  0x00, 0x00, 0x00, 0x00, 0x00, 0x00, 0x00, 0x00, 0x00, 0x00, 0x00, 0x00, 0x00, 0x00, 0x00, 0x00,
  0x00, 0x00, 0x00, 0x00, 0x00, 0x00, 0x00, 0x00, 0x00, 0x00, 0x00, 0x00, 0x00, 0x00, 0x00, 0x00,
  0x00, 0x00, 0x00, 0x00, 0x00, 0x00, 0x00, 0x00, 0x00, 0x00, 0x00, 0x00, 0x00, 0x00, 0x00, 0x00,
  0x00, 0x00, 0x00, 0x00, 0x00, 0x00, 0x00, 0x00, 0x00, 0x00, 0x00, 0x00, 0x00, 0x00, 0x00, 0x00,
  0x00, 0x00, 0x00, 0x00, 0x00, 0x00, 0x00, 0x00, 0x00, 0x00, 0x00, 0x00, 0x00, 0x00, 0x00, 0x00,
  0x00, 0x00, 0x00, 0x00, 0x00, 0x00, 0x00, 0x00, 0x00, 0x00, 0x00, 0x00, 0x00, 0x00, 0x00, 0x00,
  0x00, 0x00, 0x00, 0x00, 0x00, 0x00, 0x00, 0x00, 0x00, 0x00, 0x00, 0x00, 0x00, 0x00, 0x00, 0x00,
  0x00, 0x00, 0x00, 0x00, 0x00, 0x00, 0x00, 0x00, 0x00, 0x00, 0x00, 0x00, 0x00, 0x00, 0x00, 0x00,
  0x00, 0x00, 0x00, 0x00, 0x00, 0x00, 0x00, 0x00, 0x00, 0x00, 0x00, 0x00, 0x00, 0x00, 0x00, 0x00,
  0x00, 0x00, 0x00, 0x0a, 0x00, 0x00, 0x00, 0x22, 0x00, 0x00, 0x00, 0x36, 0x00, 0x00, 0x00, 0x40,
  0x00, 0x00, 0x00, 0x40, 0x00, 0x00, 0x00, 0x40, 0x00, 0x00, 0x00, 0x40, 0x00, 0x00, 0x00, 0x40,
  0x00, 0x00, 0x00, 0x40, 0x00, 0x00, 0x00, 0x40, 0x00, 0x00, 0x00, 0x40, 0x00, 0x00, 0x00, 0x40,
  0x00, 0x00, 0x00, 0x40, 0x00, 0x00, 0x00, 0x40, 0x00, 0x00, 0x00, 0x40, 0x00, 0x00, 0x00, 0x40,
  0x00, 0x00, 0x00, 0x40, 0x00, 0x00, 0x00, 0x40, 0x00, 0x00, 0x00, 0x40, 0x00, 0x00, 0x00, 0x40,
  0x00, 0x00, 0x00, 0x40, 0x00, 0x00, 0x00, 0x40, 0x00, 0x00, 0x00, 0x40, 0x00, 0x00, 0x00, 0x40,
  0x00, 0x00, 0x00, 0x40, 0x00, 0x00, 0x00, 0x40, 0x00, 0x00, 0x00, 0x40, 0x00, 0x00, 0x00, 0x40,
  0x00, 0x00, 0x00, 0x40, 0x00, 0x00, 0x00, 0x40, 0x00, 0x00, 0x00, 0x40, 0x00, 0x00, 0x00, 0x40,
  0x00, 0x00, 0x00, 0x40, 0x00, 0x00, 0x00, 0x40, 0x00, 0x00, 0x00, 0x40, 0x00, 0x00, 0x00, 0x40,
  0x00, 0x00, 0x00, 0x40, 0x00, 0x00, 0x00, 0x40, 0x00, 0x00, 0x00, 0x40, 0x00, 0x00, 0x00, 0x40,
  0x00, 0x00, 0x00, 0x40, 0x00, 0x00, 0x00, 0x40, 0x00, 0x00, 0x00, 0x40, 0x00, 0x00, 0x00, 0x40,
  0x00, 0x00, 0x00, 0x40, 0x00, 0x00, 0x00, 0x40, 0x00, 0x00, 0x00, 0x40, 0x00, 0x00, 0x00, 0x40,
  0x00, 0x00, 0x00, 0x40, 0x00, 0x00, 0x00, 0x40, 0x00, 0x00, 0x00, 0x40, 0x00, 0x00, 0x00, 0x40,
  0x00, 0x00, 0x00, 0x40, 0x00, 0x00, 0x00, 0x40, 0x00, 0x00, 0x00, 0x40, 0x00, 0x00, 0x00, 0x40,
  0x00, 0x00, 0x00, 0x40, 0x00, 0x00, 0x00, 0x40, 0x00, 0x00, 0x00, 0x40, 0x00, 0x00, 0x00, 0x40,
  0x00, 0x00, 0x00, 0x40, 0x00, 0x00, 0x00, 0x40, 0x00, 0x00, 0x00, 0x38, 0x00, 0x00, 0x00, 0x26,
  0x00, 0x00, 0x00, 0x12, 0x00, 0x00, 0x00, 0x00, 0x00, 0x00, 0x00, 0x00, 0x00, 0x00, 0x00, 0x00,
  0x00, 0x00, 0x00, 0x00, 0x00, 0x00, 0x00, 0x00, 0x00, 0x00, 0x00, 0x00, 0x00, 0x00, 0x00, 0x00,
  0x00, 0x00, 0x00, 0x00, 0x00, 0x00, 0x00, 0x00, 0x00, 0x00, 0x00, 0x00, 0x00, 0x00, 0x00, 0x00,
  0x00, 0x00, 0x00, 0x00, 0x00, 0x00, 0x00, 0x00, 0x00, 0x00, 0x00, 0x00, 0x00, 0x00, 0x00, 0x00,
  0x00, 0x00, 0x00, 0x00, 0x00, 0x00, 0x00, 0x00, 0x00, 0x00, 0x00, 0x00, 0x00, 0x00, 0x00, 0x00,
  0x00, 0x00, 0x00, 0x00, 0x00, 0x00, 0x00, 0x00, 0x00, 0x00, 0x00, 0x00, 0x00, 0x00, 0x00, 0x00,
  0x00, 0x00, 0x00, 0x00, 0x00, 0x00, 0x00, 0x00, 0x00, 0x00, 0x00, 0x00, 0x00, 0x00, 0x00, 0x00,
  0x00, 0x00, 0x00, 0x00, 0x00, 0x00, 0x00, 0x00, 0x00, 0x00, 0x00, 0x00, 0x00, 0x00, 0x00, 0x00,
  0x00, 0x00, 0x00, 0x00, 0x00, 0x00, 0x00, 0x00, 0x00, 0x00, 0x00, 0x00, 0x00, 0x00, 0x00, 0x00,
  0x00, 0x00, 0x00, 0x00, 0x00, 0x00, 0x00, 0x00, 0x00, 0x00, 0x00, 0x00, 0x00, 0x00, 0x00, 0x00,
  0x00, 0x00, 0x00, 0x00, 0x00, 0x00, 0x00, 0x00, 0x00, 0x00, 0x00, 0x00, 0x00, 0x00, 0x00, 0x00,
  0x00, 0x00, 0x00, 0x00, 0x00, 0x00, 0x00, 0x00, 0x00, 0x00, 0x00, 0x00, 0x00, 0x00, 0x00, 0x00,
  0x00, 0x00, 0x00, 0x00, 0x00, 0x00, 0x00, 0x00, 0x00, 0x00, 0x00, 0x00, 0x00, 0x00, 0x00, 0x08,
  0x00, 0x00, 0x00, 0x10, 0x00, 0x00, 0x00, 0x1e, 0x00, 0x00, 0x00, 0x20, 0x00, 0x00, 0x00, 0x20,
  0x00, 0x00, 0x00, 0x20, 0x00, 0x00, 0x00, 0x20, 0x00, 0x00, 0x00, 0x20, 0x00, 0x00, 0x00, 0x20,
  0x00, 0x00, 0x00, 0x20, 0x00, 0x00, 0x00, 0x20, 0x00, 0x00, 0x00, 0x20, 0x00, 0x00, 0x00, 0x20,
  0x00, 0x00, 0x00, 0x20, 0x00, 0x00, 0x00, 0x20, 0x00, 0x00, 0x00, 0x20, 0x00, 0x00, 0x00, 0x20,
  0x00, 0x00, 0x00, 0x20, 0x00, 0x00, 0x00, 0x20, 0x00, 0x00, 0x00, 0x20, 0x00, 0x00, 0x00, 0x20,
  0x00, 0x00, 0x00, 0x20, 0x00, 0x00, 0x00, 0x20, 0x00, 0x00, 0x00, 0x20, 0x00, 0x00, 0x00, 0x20,
  0x00, 0x00, 0x00, 0x20, 0x00, 0x00, 0x00, 0x20, 0x00, 0x00, 0x00, 0x20, 0x00, 0x00, 0x00, 0x20,
  0x00, 0x00, 0x00, 0x20, 0x00, 0x00, 0x00, 0x20, 0x00, 0x00, 0x00, 0x20, 0x00, 0x00, 0x00, 0x20,
  0x00, 0x00, 0x00, 0x20, 0x00, 0x00, 0x00, 0x20, 0x00, 0x00, 0x00, 0x20, 0x00, 0x00, 0x00, 0x20,
  0x00, 0x00, 0x00, 0x20, 0x00, 0x00, 0x00, 0x20, 0x00, 0x00, 0x00, 0x20, 0x00, 0x00, 0x00, 0x20,
  0x00, 0x00, 0x00, 0x20, 0x00, 0x00, 0x00, 0x20, 0x00, 0x00, 0x00, 0x20, 0x00, 0x00, 0x00, 0x20,
  0x00, 0x00, 0x00, 0x20, 0x00, 0x00, 0x00, 0x20, 0x00, 0x00, 0x00, 0x20, 0x00, 0x00, 0x00, 0x20,
  0x00, 0x00, 0x00, 0x20, 0x00, 0x00, 0x00, 0x20, 0x00, 0x00, 0x00, 0x20, 0x00, 0x00, 0x00, 0x20,
  0x00, 0x00, 0x00, 0x20, 0x00, 0x00, 0x00, 0x20, 0x00, 0x00, 0x00, 0x20, 0x00, 0x00, 0x00, 0x20,
  0x00, 0x00, 0x00, 0x10, 0x00, 0x00, 0x00, 0x0a, 0x00, 0x00, 0x00, 0x00, 0x00, 0x00, 0x00, 0x00,
  0x00, 0x00, 0x00, 0x00, 0x00, 0x00, 0x00, 0x00, 0x00, 0x00, 0x00, 0x00, 0x00, 0x00, 0x00, 0x00,
  0x00, 0x00, 0x00, 0x00, 0x00, 0x00, 0x00, 0x00, 0x00, 0x00, 0x00, 0x00, 0x00, 0x00, 0x00, 0x00,
  0x00, 0x00, 0x00, 0x00, 0x00, 0x00, 0x00, 0x00, 0x00, 0x00, 0x00, 0x00, 0x00, 0x00, 0x00, 0x00,
  0x00, 0x00, 0x00, 0x00, 0x00, 0x00, 0x00, 0x00, 0x00, 0x00, 0x00, 0x00, 0x00, 0x00, 0x00, 0x00,
  0x00, 0x00, 0x00, 0x00, 0x00, 0x00, 0x00, 0x00, 0x00, 0x00, 0x00, 0x00, 0x00, 0x00, 0x00, 0x00,
  0x00, 0x00, 0x00, 0x00, 0x00, 0x00, 0x00, 0x00, 0x00, 0x00, 0x00, 0x00, 0x00, 0x00, 0x00, 0x00,
  0x00, 0x00, 0x00, 0x00, 0x00, 0x00, 0x00, 0x00, 0x00, 0x00, 0x00, 0x00, 0x00, 0x00, 0x00, 0x00,
  0x00, 0x00, 0x00, 0x00, 0x00, 0x00, 0x00, 0x00, 0x00, 0x00, 0x00, 0x00, 0x00, 0x00, 0x00, 0x00,
  0x00, 0x00, 0x00, 0x00, 0x00, 0x00, 0x00, 0x00, 0x00, 0x00, 0x00, 0x00, 0x00, 0x00, 0x00, 0x00,
  0x00, 0x00, 0x00, 0x00, 0x00, 0x00, 0x00, 0x00, 0x00, 0x00, 0x00, 0x00, 0x00, 0x00, 0x00, 0x00,
  0x00, 0x00, 0x00, 0x00, 0x00, 0x00, 0x00, 0x00, 0x00, 0x00, 0x00, 0x00, 0x00, 0x00, 0x00, 0x00,
  0x00, 0x00, 0x00, 0x00, 0x00, 0x00, 0x00, 0x00, 0x00, 0x00, 0x00, 0x00, 0x00, 0x00, 0x00, 0x00,
  0x00, 0x00, 0x00, 0x00, 0x00, 0x00, 0x00, 0x00, 0x00, 0x00, 0x00, 0x00, 0x00, 0x00, 0x00, 0x00,
  0x00, 0x00, 0x00, 0x00, 0x00, 0x00, 0x00, 0x00, 0x00, 0x00, 0x00, 0x00, 0x00, 0x00, 0x00, 0x00,
  0x00, 0x00, 0x00, 0x00, 0x00, 0x00, 0x00, 0x00, 0x00, 0x00, 0x00, 0x00, 0x00, 0x00, 0x00, 0x00,
  0x00, 0x00, 0x00, 0x00, 0x00, 0x00, 0x00, 0x00, 0x00, 0x00, 0x00, 0x00, 0x00, 0x00, 0x00, 0x00,
  0x00, 0x00, 0x00, 0x00, 0x00, 0x00, 0x00, 0x00, 0x00, 0x00, 0x00, 0x00, 0x00, 0x00, 0x00, 0x00,
  0x00, 0x00, 0x00, 0x00, 0x00, 0x00, 0x00, 0x00, 0x00, 0x00, 0x00, 0x00, 0x00, 0x00, 0x00, 0x00,
  0x00, 0x00, 0x00, 0x00, 0x00, 0x00, 0x00, 0x00, 0x00, 0x00, 0x00, 0x00, 0x00, 0x00, 0x00, 0x00,
  0x00, 0x00, 0x00, 0x00, 0x00, 0x00, 0x00, 0x00, 0x00, 0x00, 0x00, 0x00, 0x00, 0x00, 0x00, 0x00,
  0x00, 0x00, 0x00, 0x00, 0x00, 0x00, 0x00, 0x00, 0x00, 0x00, 0x00, 0x00, 0x00, 0x00, 0x00, 0x00,
  0x00, 0x00, 0x00, 0x00, 0x00, 0x00, 0x00, 0x00, 0x00, 0x00, 0x00, 0x00, 0x00, 0x00, 0x00, 0x00,
  0x00, 0x00, 0x00, 0x00, 0x00, 0x00, 0x00, 0x00, 0x00, 0x00, 0x00, 0x00, 0x00, 0x00, 0x00, 0x00,
  0x00, 0x00, 0x00, 0x00, 0x00, 0x00, 0x00, 0x00, 0x00, 0x00, 0x00, 0x00, 0x00, 0x00, 0x00, 0x00,
  0x00, 0x00, 0x00, 0x00, 0x00, 0x00, 0x00, 0x00, 0x00, 0x00, 0x00, 0x00, 0x00, 0x00, 0x00, 0x00,
  0x00, 0x00, 0x00, 0x00, 0x00, 0x00, 0x00, 0x00, 0x00, 0x00, 0x00, 0x00, 0x00, 0x00, 0x00, 0x00,
  0x00, 0x00, 0x00, 0x00, 0x00, 0x00, 0x00, 0x00, 0x00, 0x00, 0x00, 0x00, 0x00, 0x00, 0x00, 0x00,
  0x00, 0x00, 0x00, 0x00, 0x00, 0x00, 0x00, 0x00, 0x00, 0x00, 0x00, 0x00, 0x00, 0x00, 0x00, 0x00,
  0x00, 0x00, 0x00, 0x00, 0x00, 0x00, 0x00, 0x00, 0x00, 0x00, 0x00, 0x00, 0x00, 0x00, 0x00, 0x00,
  0x00, 0x00, 0x00, 0x00, 0x00, 0x00, 0x00, 0x00, 0x00, 0x00, 0x00, 0x00, 0x00, 0x00, 0x00, 0x00,
  0x00, 0x00, 0x00, 0x00, 0x00, 0x00, 0x00, 0x00, 0x00, 0x00, 0x00, 0x00, 0x00, 0x00, 0x00, 0x00,
  0x00, 0x00, 0x00, 0x00, 0x00, 0x00, 0x00, 0x00, 0x00, 0x00, 0x00, 0x00, 0x00, 0x00, 0x00, 0x00,
  0x00, 0x00, 0x00, 0x00, 0x00, 0x00, 0x00, 0x00, 0x00, 0x00, 0x00, 0x00, 0x00, 0x00, 0x00, 0x00,
  0x00, 0x00, 0x00, 0x00, 0x00, 0x00, 0x00, 0x00, 0x00, 0x00, 0x00, 0x00, 0x00, 0x00, 0x00, 0x00,
  0x00, 0x00, 0x00, 0x00, 0x00, 0x00, 0x00, 0x00, 0x00, 0x00, 0x00, 0x00, 0x00, 0x00, 0x00, 0x00,
  0x00, 0x00, 0x00, 0x00, 0x00, 0x00, 0x00, 0x00, 0x00, 0x00, 0x00, 0x00, 0x00, 0x00, 0x00, 0x00,
  0x00, 0x00, 0x00, 0x00, 0x00, 0x00, 0x00, 0x00, 0x00, 0x00, 0x00, 0x00, 0x00, 0x00, 0x00, 0x00,
  0x00, 0x00, 0x00, 0x00, 0x00, 0x00, 0x00, 0x00, 0x00, 0x00, 0x00, 0x00, 0x00, 0x00, 0x00, 0x00,
  0x00, 0x00, 0x00, 0x00, 0x00, 0x00, 0x00, 0x00, 0x00, 0x00, 0x00, 0x00, 0x00, 0x00, 0x00, 0x00,
  0x00, 0x00, 0x00, 0x00, 0x00, 0x00, 0x00, 0x00, 0x00, 0x00, 0x00, 0x00, 0x00, 0x00, 0x00, 0x00,
  0x00, 0x00, 0x00, 0x00, 0x00, 0x00, 0x00, 0x00, 0x00, 0x00, 0x00, 0x00, 0x00, 0x00, 0x00, 0x00,
  0x00, 0x00, 0x00, 0x00, 0x00, 0x00, 0x00, 0x00, 0x00, 0x00, 0x00, 0x00, 0x00, 0x00, 0x00, 0x00,
  0x00, 0x00, 0x00, 0x00, 0x00, 0x00, 0x00, 0x00, 0x00, 0x00, 0x00, 0x00, 0x00, 0x00, 0x00, 0x00,
  0x00, 0x00, 0x00, 0x00, 0x00, 0x00, 0x00, 0x00, 0x00, 0x00, 0x00, 0x00, 0x00, 0x00, 0x00, 0x00,
  0x00, 0x00, 0x00, 0x00, 0x00, 0x00, 0x00, 0x00, 0x00, 0x00, 0x00, 0x00, 0x00, 0x00, 0x00, 0x00,
  0x00, 0x00, 0x00, 0x00, 0x00, 0x00, 0x00, 0x00, 0x00, 0x00, 0x00, 0x00, 0x00, 0x00, 0x00, 0x00,
  0x00, 0x00, 0x00, 0x00, 0x00, 0x00, 0x00, 0x00, 0x00, 0x00, 0x00, 0x00, 0x00, 0x00, 0x00, 0x00,
  0x00, 0x00, 0x00, 0x00, 0x00, 0x00, 0x00, 0x00, 0x00, 0x00, 0x00, 0x00, 0x00, 0x00, 0x00, 0x00,
  0x00, 0x00, 0x00, 0x00, 0x00, 0x00, 0x00, 0x00, 0x00, 0x00, 0x00, 0x00, 0x00, 0x00, 0x00, 0x00,
  0x00, 0x00, 0x00, 0x00, 0x00, 0x00, 0x00, 0x00, 0x00, 0x00, 0x00, 0x00, 0x00, 0x00, 0x00, 0x00,
  0x00, 0x00, 0x00, 0x00, 0x00, 0x00, 0x00, 0x00, 0x00, 0x00, 0x00, 0x00, 0x00, 0x00, 0x00, 0x00,
  0x00, 0x00, 0x00, 0x00, 0x00, 0x00, 0x00, 0x00, 0x00, 0x00, 0x00, 0x00, 0x00, 0x00, 0x00, 0x00,
  0x00, 0x00, 0x00, 0x00, 0x00, 0x00, 0x00, 0x00, 0x00, 0x00, 0x00, 0x00, 0x00, 0x00, 0x00, 0x00,
  0x00, 0x00, 0x00, 0x00, 0x00, 0x00, 0x00, 0x00, 0x00, 0x00, 0x00, 0x00, 0x00, 0x00, 0x00, 0x00,
  0x00, 0x00, 0x00, 0x00, 0x00, 0x00, 0x00, 0x00, 0x00, 0x00, 0x00, 0x00, 0x00, 0x00, 0x00, 0x00,
  0x00, 0x00, 0x00, 0x00, 0x00, 0x00, 0x00, 0x00, 0x00, 0x00, 0x00, 0x00, 0x00, 0x00, 0x00, 0x00,
  0x00, 0x00, 0x00, 0x00, 0x00, 0x00, 0x00, 0x00, 0x00, 0x00, 0x00, 0x00, 0x00, 0x00, 0x00, 0x00,
  0x00, 0x00, 0x00, 0x00, 0x00, 0x00, 0x00, 0x00, 0x00, 0x00, 0x00, 0x00, 0x00, 0x00, 0x00, 0x00,
  0x00, 0x00, 0x00, 0x00, 0x00, 0x00, 0x00, 0x00, 0x00, 0x00, 0x00, 0x00, 0x00, 0x00, 0x00, 0x00,
  0x00, 0x00, 0x00, 0x00, 0x00, 0x00, 0x00, 0x00, 0x00, 0x00, 0x00, 0x00, 0x00, 0x00, 0x00, 0x00,
  0x00, 0x00, 0x00, 0x00, 0x00, 0x00, 0x00, 0x00, 0x00, 0x00, 0x00, 0x00, 0x00, 0x00, 0x00, 0x00,
  0x00, 0x00, 0x00, 0x00, 0x00, 0x00, 0x00, 0x00, 0x00, 0x00, 0x00, 0x00, 0x00, 0x00, 0x00, 0x00,
  0x00, 0x00, 0x00, 0x00, 0x00, 0x00, 0x00, 0x00, 0x00, 0x00, 0x00, 0x00, 0x00, 0x00, 0x00, 0x00,
  0x00, 0x00, 0x00, 0x00, 0x00, 0x00, 0x00, 0x00, 0x00, 0x00, 0x00, 0x00, 0x00, 0x00, 0x00, 0x00,
  0x00, 0x00, 0x00, 0x00, 0x00, 0x00, 0x00, 0x00, 0x00, 0x00, 0x00, 0x00, 0x00, 0x00, 0x00, 0x00,
  0x00, 0x00, 0x00, 0x00, 0x00, 0x00, 0x00, 0x00, 0x00, 0x00, 0x00, 0x00, 0x00, 0x00, 0x00, 0x00,
  0x00, 0x00, 0x00, 0x00, 0x00, 0x00, 0x00, 0x00, 0x00, 0x00, 0x00, 0x00, 0x00, 0x00, 0x00, 0x00,
  0x00, 0x00, 0x00, 0x00, 0x00, 0x00, 0x00, 0x00, 0x00, 0x00, 0x00, 0x00, 0x00, 0x00, 0x00, 0x00,
  0x00, 0x00, 0x00, 0x00, 0x00, 0x00, 0x00, 0x00, 0x00, 0x00, 0x00, 0x00, 0x00, 0x00, 0x00, 0x00,
  0x00, 0x00, 0x00, 0x00, 0x00, 0x00, 0x00, 0x00, 0x00, 0x00, 0x00, 0x00, 0x00, 0x00, 0x00, 0x00,
  0x00, 0x00, 0x00, 0x00, 0x00, 0x00, 0x00, 0x00, 0x00, 0x00, 0x00, 0x00, 0x00, 0x00, 0x00, 0x00,
  0x00, 0x00, 0x00, 0x00, 0x00, 0x00, 0x00, 0x00, 0x00, 0x00, 0x00, 0x00, 0x00, 0x00, 0x00, 0x00,
  0x00, 0x00, 0x00, 0x00, 0x00, 0x00, 0x00, 0x00, 0x00, 0x00, 0x00, 0x00, 0x00, 0x00, 0x00, 0x00,
  0x00, 0x00, 0x00, 0x00, 0x00, 0x00, 0x00, 0x00, 0x00, 0x00, 0x00, 0x00, 0x00, 0x00, 0x00, 0x00,
  0x00, 0x00, 0x00, 0x00, 0x00, 0x00, 0x00, 0x00, 0x00, 0x00, 0x00, 0x00, 0x00, 0x00, 0x00, 0x00,
  0x00, 0x00, 0x00, 0x00, 0x00, 0x00, 0x00, 0x00, 0x00, 0x00, 0x00, 0x00, 0x00, 0x00, 0x00, 0x00,
  0x00, 0x00, 0x00, 0x00, 0x00, 0x00, 0x00, 0x00, 0x00, 0x00, 0x00, 0x00, 0x00, 0x00, 0x00, 0x00,
  0x00, 0x00, 0x00, 0x00, 0x00, 0x00, 0x00, 0x00, 0x00, 0x00, 0x00, 0x00, 0x00, 0x00, 0x00, 0x00,
  0x00, 0x00, 0x00, 0x00, 0x00, 0x00, 0x00, 0x00, 0x00, 0x00, 0x00, 0x00, 0x00, 0x00, 0x00, 0x00,
  0x00, 0x00, 0x00, 0x00, 0x00, 0x00, 0x00, 0x00, 0x00, 0x00, 0x00, 0x00, 0x00, 0x00, 0x00, 0x00,
  0x00, 0x00, 0x00, 0x00, 0x00, 0x00, 0x00, 0x00, 0x00, 0x00, 0x00, 0x00, 0x00, 0x00, 0x00, 0x00,
  0x00, 0x00, 0x00, 0x00, 0x00, 0x00, 0x00, 0x00, 0x00, 0x00, 0x00, 0x00, 0x00, 0x00, 0x00, 0x00,
  0x00, 0x00, 0x00, 0x00, 0x00, 0x00, 0x00, 0x00, 0x00, 0x00, 0x00, 0x00, 0x00, 0x00, 0x00, 0x00,
  0x00, 0x00, 0x00, 0x00, 0x00, 0x00, 0x00, 0x00, 0x00, 0x00, 0x00, 0x00, 0x00, 0x00, 0x00, 0x00,
  0x00, 0x00, 0x00, 0x00, 0x00, 0x00, 0x00, 0x00, 0x00, 0x00, 0x00, 0x00, 0x00, 0x00, 0x00, 0x00,
  0x00, 0x00, 0x00, 0x00, 0x00, 0x00, 0x00, 0x00, 0x00, 0x00, 0x00, 0x00, 0x00, 0x00, 0x00, 0x00,
  0x00, 0x00, 0x00, 0x00, 0x00, 0x00, 0x00, 0x00, 0x00, 0x00, 0x00, 0x00, 0x00, 0x00, 0x00, 0x00,
  0x00, 0x00, 0x00, 0x00, 0x00, 0x00, 0x00, 0x00, 0x00, 0x00, 0x00, 0x00, 0x00, 0x00, 0x00, 0x00,
  0x00, 0x00, 0x00, 0x00, 0x00, 0x00, 0x00, 0x00, 0x00, 0x00, 0x00, 0x00, 0x00, 0x00, 0x00, 0x00,
  0x00, 0x00, 0x00, 0x00, 0x00, 0x00, 0x00, 0x00, 0x00, 0x00, 0x00, 0x00, 0x00, 0x00, 0x00, 0x00,
  0x00, 0x00, 0x00, 0x00, 0x00, 0x00, 0x00, 0x00, 0x00, 0x00, 0x00, 0x00, 0x00, 0x00, 0x00, 0x00,
  0x00, 0x00, 0x00, 0x00, 0x00, 0x00, 0x00, 0x00, 0x00, 0x00, 0x00, 0x00, 0x00, 0x00, 0x00, 0x00,
  0x00, 0x00, 0x00, 0x00, 0x00, 0x00, 0x00, 0x00, 0x00, 0x00, 0x00, 0x00, 0x00, 0x00, 0x00, 0x00,
  0x00, 0x00, 0x00, 0x00, 0x00, 0x00, 0x00, 0x00, 0x00, 0x00, 0x00, 0x00, 0x00, 0x00, 0x00, 0x00,
  0x00, 0x00, 0x00, 0x00, 0x00, 0x00, 0x00, 0x00, 0x00, 0x00, 0x00, 0x00, 0x00, 0x00, 0x00, 0x00,
  0x00, 0x00, 0x00, 0x00, 0x00, 0x00, 0x00, 0x00, 0x00, 0x00, 0x00, 0x00, 0x00, 0x00, 0x00, 0x00,
  0x00, 0x00, 0x00, 0x00, 0x00, 0x00, 0x00, 0x00, 0x00, 0x00, 0x00, 0x00, 0x00, 0x00, 0x00, 0x00,
  0x00, 0x00, 0x00, 0x00, 0x00, 0x00, 0x00, 0x00, 0x00, 0x00, 0x00, 0x00, 0x00, 0x00, 0x00, 0x00,
  0x00, 0x00, 0x00, 0x00, 0x00, 0x00, 0x00, 0x00, 0x00, 0x00, 0x00, 0x00, 0x00, 0x00, 0x00, 0x00,
  0x00, 0x00, 0x00, 0x00, 0x00, 0x00, 0x00, 0x00, 0x00, 0x00, 0x00, 0x00, 0x00, 0x00, 0x00, 0x00,
  0x00, 0x00, 0x00, 0x00, 0x00, 0x00, 0x00, 0x00, 0x00, 0x00, 0x00, 0x00, 0x00, 0x00, 0x00, 0x00,
  0x00, 0x00, 0x00, 0x00, 0x00, 0x00, 0x00, 0x00, 0x00, 0x00, 0x00, 0x00, 0x00, 0x00, 0x00, 0x00,
  0x00, 0x00, 0x00, 0x00, 0x00, 0x00, 0x00, 0x00, 0x00, 0x00, 0x00, 0x00, 0x00, 0x00, 0x00, 0x00,
  0x00, 0x00, 0x00, 0x00, 0x00, 0x00, 0x00, 0x00, 0x00, 0x00, 0x00, 0x00, 0x00, 0x00, 0x00, 0x00,
  0x00, 0x00, 0x00, 0x00, 0x00, 0x00, 0x00, 0x00, 0x00, 0x00, 0x00, 0x00, 0x00, 0x00, 0x00, 0x00,
  0x00, 0x00, 0x00, 0x00, 0x00, 0x00, 0x00, 0x00, 0x00, 0x00, 0x00, 0x00, 0x00, 0x00, 0x00, 0x00,
  0x00, 0x00, 0x00, 0x00, 0x00, 0x00, 0x00, 0x00, 0x00, 0x00, 0x00, 0x00, 0x00, 0x00, 0x00, 0x00,
  0x00, 0x00, 0x00, 0x00, 0x00, 0x00, 0x00, 0x00, 0x00, 0x00, 0x00, 0x00, 0x00, 0x00, 0x00, 0x00,
  0x00, 0x00, 0x00, 0x00, 0x00, 0x00, 0x00, 0x00, 0x00, 0x00, 0x00, 0x00, 0x00, 0x00, 0x00, 0x00,
  0x00, 0x00, 0x00, 0x00, 0x00, 0x00, 0x00, 0x00, 0x00, 0x00, 0x00, 0x00, 0x00, 0x00, 0x00, 0x00,
  0x00, 0x00, 0x00, 0x00, 0x00, 0x00, 0x00, 0x00, 0x00, 0x00, 0x00, 0x00, 0x00, 0x00, 0x00, 0x00,
  0x00, 0x00, 0x00, 0x00, 0x00, 0x00, 0x00, 0x00, 0x00, 0x00, 0x00, 0x00, 0x00, 0x00, 0x00, 0x00,
  0x00, 0x00, 0x00, 0x00, 0x00, 0x00, 0x00, 0x00, 0x00, 0x00, 0x00, 0x00, 0x00, 0x00, 0x00, 0x00,
  0x00, 0x00, 0x00, 0x00, 0x00, 0x00, 0x00, 0x00, 0x00, 0x00, 0x00, 0x00, 0x00, 0x00, 0x00, 0x00,
  0x00, 0x00, 0x00, 0x00, 0x00, 0x00, 0x00, 0x00, 0x00, 0x00, 0x00, 0x00, 0x00, 0x00, 0x00, 0x00,
  0x00, 0x00, 0x00, 0x00, 0x00, 0x00, 0x00, 0x00, 0x00, 0x00, 0x00, 0x00, 0x00, 0x00, 0x00, 0x00,
  0x00, 0x00, 0x00, 0x00, 0x00, 0x00, 0x00, 0x00, 0x00, 0x00, 0x00, 0x00, 0x00, 0x00, 0x00, 0x00,
  0x00, 0x00, 0x00, 0x00, 0x00, 0x00, 0x00, 0x00, 0x00, 0x00, 0x00, 0x00, 0x00, 0x00, 0x00, 0x00,
  0x00, 0x00, 0x00, 0x00, 0x00, 0x00, 0x00, 0x00, 0x00, 0x00, 0x00, 0x00, 0x00, 0x00, 0x00, 0x00,
  0x00, 0x00, 0x00, 0x00, 0x00, 0x00, 0x00, 0x00, 0x00, 0x00, 0x00, 0x00, 0x00, 0x00, 0x00, 0x00,
  0x00, 0x00, 0x00, 0x00, 0x00, 0x00, 0x00, 0x00, 0x00, 0x00, 0x00, 0x00, 0x00, 0x00, 0x00, 0x00,
  0x00, 0x00, 0x00, 0x00, 0x00, 0x00, 0x00, 0x00, 0x00, 0x00, 0x00, 0x00, 0x00, 0x00, 0x00, 0x00,
  0x00, 0x00, 0x00, 0x00, 0x00, 0x00, 0x00, 0x00, 0x00, 0x00, 0x00, 0x00, 0x00, 0x00, 0x00, 0x00,
  0x00, 0x00, 0x00, 0x00, 0x00, 0x00, 0x00, 0x00, 0x00, 0x00, 0x00, 0x00, 0x00, 0x00, 0x00, 0x00,
  0x00, 0x00, 0x00, 0x00, 0x00, 0x00, 0x00, 0x00, 0x00, 0x00, 0x00, 0x00, 0x00, 0x00, 0x00, 0x00,
  0x00, 0x00, 0x00, 0x00, 0x00, 0x00, 0x00, 0x00, 0x00, 0x00, 0x00, 0x00, 0x00, 0x00, 0x00, 0x00,
  0x00, 0x00, 0x00, 0x00, 0x00, 0x00, 0x00, 0x00, 0x00, 0x00, 0x00, 0x00, 0x00, 0x00, 0x00, 0x00,
  0x00, 0x00, 0x00, 0x00, 0x00, 0x00, 0x00, 0x00, 0x00, 0x00, 0x00, 0x00, 0x00, 0x00, 0x00, 0x00,
  0x00, 0x00, 0x00, 0x00, 0x00, 0x00, 0x00, 0x00, 0x00, 0x00, 0x00, 0x00, 0x00, 0x00, 0x00, 0x00,
  0x00, 0x00, 0x00, 0x00, 0x00, 0x00, 0x00, 0x00, 0x00, 0x00, 0x00, 0x00, 0x00, 0x00, 0x00, 0x00,
  0x00, 0x00, 0x00, 0x00, 0x00, 0x00, 0x00, 0x00, 0x00, 0x00, 0x00, 0x00, 0x00, 0x00, 0x00, 0x00,
  0x00, 0x00, 0x00, 0x00, 0x00, 0x00, 0x00, 0x00, 0x00, 0x00, 0x00, 0x00, 0x00, 0x00, 0x00, 0x00,
  0x00, 0x00, 0x00, 0x00, 0x00, 0x00, 0x00, 0x00, 0x00, 0x00, 0x00, 0x00, 0x00, 0x00, 0x00, 0x00,
  0x00, 0x00, 0x00, 0x00, 0x00, 0x00, 0x00, 0x00, 0x00, 0x00, 0x00, 0x00, 0x00, 0x00, 0x00, 0x00,
  0x00, 0x00, 0x00, 0x00, 0x00, 0x00, 0x00, 0x00, 0x00, 0x00, 0x00, 0x00, 0x00, 0x00, 0x00, 0x00,
  0x00, 0x00, 0x00, 0x00, 0x00, 0x00, 0x00, 0x00, 0x00, 0x00, 0x00, 0x00, 0x00, 0x00, 0x00, 0x00,
  0x00, 0x00, 0x00, 0x00, 0x00, 0x00, 0x00, 0x00, 0x00, 0x00, 0x00, 0x00, 0x00, 0x00, 0x00, 0x00,
  0x00, 0x00, 0x00, 0x00, 0x00, 0x00, 0x00, 0x00, 0x00, 0x00, 0x00, 0x00, 0x00, 0x00, 0x00, 0x00,
  0x00, 0x00, 0x00, 0x00, 0x00, 0x00, 0x00, 0x00, 0x00, 0x00, 0x00, 0x00, 0x00, 0x00, 0x00, 0x00,
  0x00, 0x00, 0x00, 0x00, 0x00, 0x00, 0x00, 0x00, 0x00, 0x00, 0x00, 0x00, 0x00, 0x00, 0x00, 0x00,
  0x00, 0x00, 0x00, 0x00, 0x00, 0x00, 0x00, 0x00, 0x00, 0x00, 0x00, 0x00, 0x00, 0x00, 0x00, 0x00,
  0x00, 0x00, 0x00, 0x00, 0x00, 0x00, 0x00, 0x00, 0x00, 0x00, 0x00, 0x00, 0x00, 0x00, 0x00, 0x00,
  0x00, 0x00, 0x00, 0x00, 0x00, 0x00, 0x00, 0x00, 0x00, 0x00, 0x00, 0x00, 0x00, 0x00, 0x00, 0x00,
  0x00, 0x00, 0x00, 0x00, 0x00, 0x00, 0x00, 0x00, 0x00, 0x00, 0x00, 0x00, 0x00, 0x00, 0x00, 0x00,
  0x00, 0x00, 0x00, 0x00, 0x00, 0x00, 0x00, 0x00, 0x00, 0x00, 0x00, 0x00, 0x00, 0x00, 0x00, 0x00,
  0x00, 0x00, 0x00, 0x00, 0x00, 0x00, 0x00, 0x00, 0x00, 0x00, 0x00, 0x00, 0x00, 0x00, 0x00, 0x00,
  0x00, 0x00, 0x00, 0x00, 0x00, 0x00, 0x00, 0x00, 0x00, 0x00, 0x00, 0x00, 0x00, 0x00, 0x00, 0x00,
  0x00, 0x00, 0x00, 0x00, 0x00, 0x00, 0x00, 0x00, 0x00, 0x00, 0x00, 0x00, 0x00, 0x00, 0x00, 0x00,
  0x00, 0x00, 0x00, 0x00, 0x00, 0x00, 0x00, 0x00, 0x00, 0x00, 0x00, 0x00, 0x00, 0x00, 0x00, 0x00,
  0x00, 0x00, 0x00, 0x00, 0x00, 0x00, 0x00, 0x00, 0x00, 0x00, 0x00, 0x00, 0x00, 0x00, 0x00, 0x00,
  0x00, 0x00, 0x00, 0x00, 0x00, 0x00, 0x00, 0x00, 0x00, 0x00, 0x00, 0x00, 0x00, 0x00, 0x00, 0x00,
  0x00, 0x00, 0x00, 0x00, 0x00, 0x00, 0x00, 0x00, 0x00, 0x00, 0x00, 0x00, 0x00, 0x00, 0x00, 0x00,
  0x00, 0x00, 0x00, 0x00, 0x00, 0x00, 0x00, 0x00, 0x00, 0x00, 0x00, 0x00, 0x00, 0x00, 0x00, 0x00,
  0x00, 0x00, 0x00, 0x00, 0x00, 0x00, 0x00, 0x00, 0x00, 0x00, 0x00, 0x00, 0x00, 0x00, 0x00, 0x00,
  0x00, 0x00, 0x00, 0x00, 0x00, 0x00, 0x00, 0x00, 0x00, 0x00, 0x00, 0x00, 0x00, 0x00, 0x00, 0x00,
  0x00, 0x00, 0x00, 0x00, 0x00, 0x00, 0x00, 0x00, 0x00, 0x00, 0x00, 0x00, 0x00, 0x00, 0x00, 0x00,
  0x00, 0x00, 0x00, 0x00, 0x00, 0x00, 0x00, 0x00, 0x00, 0x00, 0x00, 0x00, 0x00, 0x00, 0x00, 0x00,
  0x00, 0x00, 0x00, 0x00, 0x00, 0x00, 0x00, 0x00, 0x00, 0x00, 0x00, 0x00, 0x00, 0x00, 0x00, 0x00,
  0x00, 0x00, 0x00, 0x00, 0x00, 0x00, 0x00, 0x00, 0x00, 0x00, 0x00, 0x00, 0x00, 0x00, 0x00, 0x00,
  0x00, 0x00, 0x00, 0x00, 0x00, 0x00, 0x00, 0x00, 0x00, 0x00, 0x00, 0x00, 0x00, 0x00, 0x00, 0x00,
  0x00, 0x00, 0x00, 0x00, 0x00, 0x00, 0x00, 0x00, 0x00, 0x00, 0x00, 0x00, 0x00, 0x00, 0x00, 0x00,
  0x00, 0x00, 0x00, 0x00, 0x00, 0x00, 0x00, 0x00, 0x00, 0x00, 0x00, 0x00, 0x00, 0x00, 0x00, 0x00,
  0x00, 0x00, 0x00, 0x00, 0x00, 0x00, 0x00, 0x00, 0x00, 0x00, 0x00, 0x00, 0x00, 0x00, 0x00, 0x00,
  0x00, 0x00, 0x00, 0x00, 0x00, 0x00, 0x00, 0x00, 0x00, 0x00, 0x00, 0x00, 0x00, 0x00, 0x00, 0x00,
  0x00, 0x00, 0x00, 0x00, 0x00, 0x00, 0x00, 0x00, 0x00, 0x00, 0x00, 0x00, 0x00, 0x00, 0x00, 0x00,
  0x00, 0x00, 0x00, 0x00, 0x00, 0x00, 0x00, 0x00, 0x00, 0x00, 0x00, 0x00, 0x00, 0x00, 0x00, 0x00,
  0x00, 0x00, 0x00, 0x00, 0x00, 0x00, 0x00, 0x00, 0x00, 0x00, 0x00, 0x00, 0x00, 0x00, 0x00, 0x00,
  0x00, 0x00, 0x00, 0x00, 0x00, 0x00, 0x00, 0x00, 0x00, 0x00, 0x00, 0x00, 0x00, 0x00, 0x00, 0x00,
  0x00, 0x00, 0x00, 0x00, 0x00, 0x00, 0x00, 0x00, 0x00, 0x00, 0x00, 0x00, 0x00, 0x00, 0x00, 0x00,
  0x00, 0x00, 0x00, 0x00, 0x00, 0x00, 0x00, 0x00, 0x00, 0x00, 0x00, 0x00, 0x00, 0x00, 0x00, 0x00,
  0x00, 0x00, 0x00, 0x00, 0x00, 0x00, 0x00, 0x00, 0x00, 0x00, 0x00, 0x00, 0x00, 0x00, 0x00, 0x00,
  0x00, 0x00, 0x00, 0x00, 0x00, 0x00, 0x00, 0x00, 0x00, 0x00, 0x00, 0x00, 0x00, 0x00, 0x00, 0x00,
  0x00, 0x00, 0x00, 0x00, 0x00, 0x00, 0x00, 0x00, 0x00, 0x00, 0x00, 0x00, 0x00, 0x00, 0x00, 0x00,
  0x00, 0x00, 0x00, 0x00, 0x00, 0x00, 0x00, 0x00, 0x00, 0x00, 0x00, 0x00, 0x00, 0x00, 0x00, 0x00,
  0x00, 0x00, 0x00, 0x00, 0x00, 0x00, 0x00, 0x00, 0x00, 0x00, 0x00, 0x00, 0x00, 0x00, 0x00, 0x00,
  0x00, 0x00, 0x00, 0x00, 0x00, 0x00, 0x00, 0x00, 0x00, 0x00, 0x00, 0x00, 0x00, 0x00, 0x00, 0x00,
  0x00, 0x00, 0x00, 0x00, 0x00, 0x00, 0x00, 0x00, 0x00, 0x00, 0x00, 0x00, 0x00, 0x00, 0x00, 0x00,
  0x00, 0x00, 0x00, 0x00, 0x00, 0x00, 0x00, 0x00, 0x00, 0x00, 0x00, 0x00, 0x00, 0x00, 0x00, 0x00,
  0x00, 0x00, 0x00, 0x00, 0x00, 0x00, 0x00, 0x00, 0x00, 0x00, 0x00, 0x00, 0x00, 0x00, 0x00, 0x00,
  0x00, 0x00, 0x00, 0x00, 0x00, 0x00, 0x00, 0x00, 0x00, 0x00, 0x00, 0x00, 0x00, 0x00, 0x00, 0x00,
  0x00, 0x00, 0x00, 0x00, 0x00, 0x00, 0x00, 0x00, 0x00, 0x00, 0x00, 0x00, 0x00, 0x00, 0x00, 0x00,
  0x00, 0x00, 0x00, 0x00, 0x00, 0x00, 0x00, 0x00, 0x00, 0x00, 0x00, 0x00, 0x00, 0x00, 0x00, 0x00,
  0x00, 0x00, 0x00, 0x00, 0x00, 0x00, 0x00, 0x00, 0x00, 0x00, 0x00, 0x00, 0x00, 0x00, 0x00, 0x00,
  0x00, 0x00, 0x00, 0x00, 0x00, 0x00, 0x00, 0x00, 0x00, 0x00, 0x00, 0x00, 0x00, 0x00, 0x00, 0x00,
  0x00, 0x00, 0x00, 0x00, 0x00, 0x00, 0x00, 0x00, 0x00, 0x00, 0x00, 0x00, 0x00, 0x00, 0x00, 0x00,
  0x00, 0x00, 0x00, 0x00, 0x00, 0x00, 0x00, 0x00, 0x00, 0x00, 0x00, 0x00, 0x00, 0x00, 0x00, 0x00,
  0x00, 0x00, 0x00, 0x00, 0x00, 0x00, 0x00, 0x00, 0x00, 0x00, 0x00, 0x00, 0x00, 0x00, 0x00, 0x00,
  0x00, 0x00, 0x00, 0x00, 0x00, 0x00, 0x00, 0x00, 0x00, 0x00, 0x00, 0x00, 0x00, 0x00, 0x00, 0x00,
  0x00, 0x00, 0x00, 0x00, 0x00, 0x00, 0x00, 0x00, 0x00, 0x00, 0x00, 0x00, 0x00, 0x00, 0x00, 0x00,
  0x00, 0x00, 0x00, 0x00, 0x00, 0x00, 0x00, 0x00, 0x00, 0x00, 0x00, 0x00, 0x00, 0x00, 0x00, 0x00,
  0x00, 0x00, 0x00, 0x00, 0x00, 0x00, 0x00, 0x00, 0x00, 0x00, 0x00, 0x00, 0x00, 0x00, 0x00, 0x00,
  0x00, 0x00, 0x00, 0x00, 0x00, 0x00, 0x00, 0x00, 0x00, 0x00, 0x00, 0x00, 0x00, 0x00, 0x00, 0x00,
  0x00, 0x00, 0x00, 0x00, 0x00, 0x00, 0x00, 0x00, 0x00, 0x00, 0x00, 0x00, 0x00, 0x00, 0x00, 0x00,
  0x00, 0x00, 0x00, 0x00, 0x00, 0x00, 0x00, 0x00, 0x00, 0x00, 0x00, 0x00, 0x00, 0x00, 0x00, 0x00,
  0x00, 0x00, 0x00, 0x00, 0x00, 0x00, 0x00, 0x00, 0x00, 0x00, 0x00, 0x00, 0x00, 0x00, 0x00, 0x00,
  0x00, 0x00, 0x00, 0x00, 0x00, 0x00, 0x00, 0x00, 0x00, 0x00, 0x00, 0x00, 0x00, 0x00, 0x00, 0x00,
  0x00, 0x00, 0x00, 0x00, 0x00, 0x00, 0x00, 0x00, 0x00, 0x00, 0x00, 0x00, 0x00, 0x00, 0x00, 0x00,
  0x00, 0x00, 0x00, 0x00, 0x00, 0x00, 0x00, 0x00, 0x00, 0x00, 0x00, 0x00, 0x00, 0x00, 0x00, 0x00,
  0x00, 0x00, 0x00, 0x00, 0x00, 0x00, 0x00, 0x00, 0x00, 0x00, 0x00, 0x00, 0x00, 0x00, 0x00, 0x00,
  0x00, 0x00, 0x00, 0x00, 0x00, 0x00, 0x00, 0x00, 0x00, 0x00, 0x00, 0x00, 0x00, 0x00, 0x00, 0x00,
  0x00, 0x00, 0x00, 0x00, 0x00, 0x00, 0x00, 0x00, 0x00, 0x00, 0x00, 0x00, 0x00, 0x00, 0x00, 0x00,
  0x00, 0x00, 0x00, 0x00, 0x00, 0x00, 0x00, 0x00, 0x00, 0x00, 0x00, 0x00, 0x00, 0x00, 0x00, 0x00,
  0x00, 0x00, 0x00, 0x00, 0x00, 0x00, 0x00, 0x00, 0x00, 0x00, 0x00, 0x00, 0x00, 0x00, 0x00, 0x00,
  0x00, 0x00, 0x00, 0x00, 0x00, 0x00, 0x00, 0x00, 0x00, 0x00, 0x00, 0x00, 0x00, 0x00, 0x00, 0x00,
  0x00, 0x00, 0x00, 0x00, 0x00, 0x00, 0x00, 0x00, 0x00, 0x00, 0x00, 0x00, 0x00, 0x00, 0x00, 0x00,
  0x00, 0x00, 0x00, 0x00, 0x00, 0x00, 0x00, 0x00, 0x00, 0x00, 0x00, 0x00, 0x00, 0x00, 0x00, 0x00,
  0x00, 0x00, 0x00, 0x00, 0x00, 0x00, 0x00, 0x00, 0x00, 0x00, 0x00, 0x00, 0x00, 0x00, 0x00, 0x00,
  0x00, 0x00, 0x00, 0x00, 0x00, 0x00, 0x00, 0x00, 0x00, 0x00, 0x00, 0x00, 0x00, 0x00, 0x00, 0x00,
  0x00, 0x00, 0x00, 0x00, 0x00, 0x00, 0x00, 0x00, 0x00, 0x00, 0x00, 0x00, 0x00, 0x00, 0x00, 0x00,
  0x00, 0x00, 0x00, 0x00, 0x00, 0x00, 0x00, 0x00, 0x00, 0x00, 0x00, 0x00, 0x00, 0x00, 0x00, 0x00,
  0x00, 0x00, 0x00, 0x00, 0x00, 0x00, 0x00, 0x00, 0x00, 0x00, 0x00, 0x00, 0x00, 0x00, 0x00, 0x00,
  0x00, 0x00, 0x00, 0x00, 0x00, 0x00, 0x00, 0x00, 0x00, 0x00, 0x00, 0x00, 0x00, 0x00, 0x00, 0x00,
  0x00, 0x00, 0x00, 0x00, 0x00, 0x00, 0x00, 0x00, 0x00, 0x00, 0x00, 0x00, 0x00, 0x00, 0x00, 0x00,
  0x00, 0x00, 0x00, 0x00, 0x00, 0x00, 0x00, 0x00, 0x00, 0x00, 0x00, 0x00, 0x00, 0x00, 0x00, 0x00,
  0x00, 0x00, 0x00, 0x00, 0x00, 0x00, 0x00, 0x00, 0x00, 0x00, 0x00, 0x00, 0x00, 0x00, 0x00, 0x00,
  0x00, 0x00, 0x00, 0x00, 0x00, 0x00, 0x00, 0x00, 0x00, 0x00, 0x00, 0x00, 0x00, 0x00, 0x00, 0x00,
  0x00, 0x00, 0x00, 0x00, 0x00, 0x00, 0x00, 0x00, 0x00, 0x00, 0x00, 0x00, 0x00, 0x00, 0x00, 0x00,
  0x00, 0x00, 0x00, 0x00, 0x00, 0x00, 0x00, 0x00, 0x00, 0x00, 0x00, 0x00, 0x00, 0x00, 0x00, 0x00,
  0x00, 0x00, 0x00, 0x00, 0x00, 0x00, 0x00, 0x00, 0x00, 0x00, 0x00, 0x00, 0x00, 0x00, 0x00, 0x00,
  0x00, 0x00, 0x00, 0x00, 0x00, 0x00, 0x00, 0x00, 0x00, 0x00, 0x00, 0x00, 0x00, 0x00, 0x00, 0x00,
  0x00, 0x00, 0x00, 0x00, 0x00, 0x00, 0x00, 0x00, 0x00, 0x00, 0x00, 0x00, 0x00, 0x00, 0x00, 0x00,
  0x00, 0x00, 0x00, 0x00, 0x00, 0x00, 0x00, 0x00, 0x00, 0x00, 0x00, 0x00, 0x00, 0x00, 0x00, 0x00,
  0x00, 0x00, 0x00, 0x00, 0x00, 0x00, 0x00, 0x00, 0x00, 0x00, 0x00, 0x00, 0x00, 0x00, 0x00, 0x00,
  0x00, 0x00, 0x00, 0x00, 0x00, 0x00, 0x00, 0x00, 0x00, 0x00, 0x00, 0x00, 0x00, 0x00, 0x00, 0x00,
  0x00, 0x00, 0x00, 0x00, 0x00, 0x00, 0x00, 0x00, 0x00, 0x00, 0x00, 0x00, 0x00, 0x00, 0x00, 0x00,
  0x00, 0x00, 0x00, 0x00, 0x00, 0x00, 0x00, 0x00, 0x00, 0x00, 0x00, 0x00, 0x00, 0x00, 0x00, 0x00,
  0x00, 0x00, 0x00, 0x00, 0x00, 0x00, 0x00, 0x00, 0x00, 0x00, 0x00, 0x00, 0x00, 0x00, 0x00, 0x00,
  0x00, 0x00, 0x00, 0x00, 0x00, 0x00, 0x00, 0x00, 0x00, 0x00, 0x00, 0x00, 0x00, 0x00, 0x00, 0x00,
  0x00, 0x00, 0x00, 0x00, 0x00, 0x00, 0x00, 0x00, 0x00, 0x00, 0x00, 0x00, 0x00, 0x00, 0x00, 0x00,
  0x00, 0x00, 0x00, 0x00, 0x00, 0x00, 0x00, 0x00, 0x00, 0x00, 0x00, 0x00, 0x00, 0x00, 0x00, 0x00,
  0x00, 0x00, 0x00, 0x00, 0x00, 0x00, 0x00, 0x00, 0x00, 0x00, 0x00, 0x00, 0x00, 0x00, 0x00, 0x00,
  0x00, 0x00, 0x00, 0x00, 0x00, 0x00, 0x00, 0x00, 0x00, 0x00, 0x00, 0x00, 0x00, 0x00, 0x00, 0x00,
  0x00, 0x00, 0x00, 0x00, 0x00, 0x00, 0x00, 0x00, 0x00, 0x00, 0x00, 0x00, 0x00, 0x00, 0x00, 0x00,
  0x00, 0x00, 0x00, 0x00, 0x00, 0x00, 0x00, 0x00, 0x00, 0x00, 0x00, 0x00, 0x00, 0x00, 0x00, 0x00,
  0x00, 0x00, 0x00, 0x00, 0x00, 0x00, 0x00, 0x00, 0x00, 0x00, 0x00, 0x00, 0x00, 0x00, 0x00, 0x00,
  0x00, 0x00, 0x00, 0x00, 0x00, 0x00, 0x00, 0x00, 0x00, 0x00, 0x00, 0x00, 0x00, 0x00, 0x00, 0x00,
  0x00, 0x00, 0x00, 0x00, 0x00, 0x00, 0x00, 0x00, 0x00, 0x00, 0x00, 0x00, 0x00, 0x00, 0x00, 0x00,
  0x00, 0x00, 0x00, 0x00, 0x00, 0x00, 0x00, 0x00, 0x00, 0x00, 0x00, 0x00, 0x00, 0x00, 0x00, 0x00,
  0x00, 0x00, 0x00, 0x00, 0x00, 0x00, 0x00, 0x00, 0x00, 0x00, 0x00, 0x00, 0x00, 0x00, 0x00, 0x00,
  0x00, 0x00, 0x00, 0x00, 0x00, 0x00, 0x00, 0x00, 0x00, 0x00, 0x00, 0x00, 0x00, 0x00, 0x00, 0x00,
  0x00, 0x00, 0x00, 0x00, 0x00, 0x00, 0x00, 0x00, 0x00, 0x00, 0x00, 0x00, 0x00, 0x00, 0x00, 0x00,
  0x00, 0x00, 0x00, 0x00, 0x00, 0x00, 0x00, 0x00, 0x00, 0x00, 0x00, 0x00, 0x00, 0x00, 0x00, 0x00,
  0x00, 0x00, 0x00, 0x00, 0x00, 0x00, 0x00, 0x00, 0x00, 0x00, 0x00, 0x00, 0x00, 0x00, 0x00, 0x00,
  0x00, 0x00, 0x00, 0x00, 0x00, 0x00, 0x00, 0x00, 0x00, 0x00, 0x00, 0x00, 0x00, 0x00, 0x00, 0x00,
  0x00, 0x00, 0x00, 0x00, 0x00, 0x00, 0x00, 0x00, 0x00, 0x00, 0x00, 0x00, 0x00, 0x00, 0x00, 0x00,
  0x00, 0x00, 0x00, 0x00, 0x00, 0x00, 0x00, 0x00, 0x00, 0x00, 0x00, 0x00, 0x00, 0x00, 0x00, 0x00,
  0x00, 0x00, 0x00, 0x00, 0x00, 0x00, 0x00, 0x00, 0x00, 0x00, 0x00, 0x00, 0x00, 0x00, 0x00, 0x00,
  0x00, 0x00, 0x00, 0x00, 0x00, 0x00, 0x00, 0x00, 0x00, 0x00, 0x00, 0x00, 0x00, 0x00, 0x00, 0x00,
  0x00, 0x00, 0x00, 0x00, 0x00, 0x00, 0x00, 0x00, 0x00, 0x00, 0x00, 0x00, 0x00, 0x00, 0x00, 0x00,
  0x00, 0x00, 0x00, 0x00, 0x00, 0x00, 0x00, 0x00, 0x00, 0x00, 0x00, 0x00, 0x00, 0x00, 0x00, 0x00,
  0x00, 0x00, 0x00, 0x00, 0x00, 0x00, 0x00, 0x00, 0x00, 0x00, 0x00, 0x00, 0x00, 0x00, 0x00, 0x00,
  0x00, 0x00, 0x00, 0x00, 0x00, 0x00, 0x00, 0x00, 0x00, 0x00, 0x00, 0x00, 0x00, 0x00, 0x00, 0x00,
  0x00, 0x00, 0x00, 0x00, 0x00, 0x00, 0x00, 0x00, 0x00, 0x00, 0x00, 0x00, 0x00, 0x00, 0x00, 0x00,
  0x00, 0x00, 0x00, 0x00, 0x00, 0x00, 0x00, 0x00, 0x00, 0x00, 0x00, 0x00, 0x00, 0x00, 0x00, 0x00,
  0x00, 0x00, 0x00, 0x00, 0x00, 0x00, 0x00, 0x00, 0x00, 0x00, 0x00, 0x00, 0x00, 0x00, 0x00, 0x00,
  0x00, 0x00, 0x00, 0x00, 0x00, 0x00, 0x00, 0x00, 0x00, 0x00, 0x00, 0x00, 0x00, 0x00, 0x00, 0x00,
  0x00, 0x00, 0x00, 0x00, 0x00, 0x00, 0x00, 0x00, 0x00, 0x00, 0x00, 0x00, 0x00, 0x00, 0x00, 0x00,
  0x00, 0x00, 0x00, 0x00, 0x00, 0x00, 0x00, 0x00, 0x00, 0x00, 0x00, 0x00, 0x00, 0x00, 0x00, 0x00,
  0x00, 0x00, 0x00, 0x00, 0x00, 0x00, 0x00, 0x00, 0x00, 0x00, 0x00, 0x00, 0x00, 0x00, 0x00, 0x00,
  0x00, 0x00, 0x00, 0x00, 0x00, 0x00, 0x00, 0x00, 0x00, 0x00, 0x00, 0x00, 0x00, 0x00, 0x00, 0x00,
  0x00, 0x00, 0x00, 0x00, 0x00, 0x00, 0x00, 0x00, 0x00, 0x00, 0x00, 0x00, 0x00, 0x00, 0x00, 0x00,
  0x00, 0x00, 0x00, 0x00, 0x00, 0x00, 0x00, 0x00, 0x00, 0x00, 0x00, 0x00, 0x00, 0x00, 0x00, 0x00,
  0x00, 0x00, 0x00, 0x00, 0x00, 0x00, 0x00, 0x00, 0x00, 0x00, 0x00, 0x00, 0x00, 0x00, 0x00, 0x00,
  0x00, 0x00, 0x00, 0x00, 0x00, 0x00, 0x00, 0x00, 0x00, 0x00, 0x00, 0x00, 0x00, 0x00, 0x00, 0x00,
  0x00, 0x00, 0x00, 0x00, 0x00, 0x00, 0x00, 0x00, 0x00, 0x00, 0x00, 0x00, 0x00, 0x00, 0x00, 0x00,
  0x00, 0x00, 0x00, 0x00, 0x00, 0x00, 0x00, 0x00, 0x00, 0x00, 0x00, 0x00, 0x00, 0x00, 0x00, 0x00,
  0x00, 0x00, 0x00, 0x00, 0x00, 0x00, 0x00, 0x00, 0x00, 0x00, 0x00, 0x00, 0x00, 0x00, 0x00, 0x00,
  0x00, 0x00, 0x00, 0x00, 0x00, 0x00, 0x00, 0x00, 0x00, 0x00, 0x00, 0x00, 0x00, 0x00, 0x00, 0x00,
  0x00, 0x00, 0x00, 0x00, 0x00, 0x00, 0x00, 0x00, 0x00, 0x00, 0x00, 0x00, 0x00, 0x00, 0x00, 0x00,
  0x00, 0x00, 0x00, 0x00, 0x00, 0x00, 0x00, 0x00, 0x00, 0x00, 0x00, 0x00, 0x00, 0x00, 0x00, 0x00,
  0x00, 0x00, 0x00, 0x00, 0x00, 0x00, 0x00, 0x00, 0x00, 0x00, 0x00, 0x00, 0x00, 0x00, 0x00, 0x00,
  0x00, 0x00, 0x00, 0x00, 0x00, 0x00, 0x00, 0x00, 0x00, 0x00, 0x00, 0x00, 0x00, 0x00, 0x00, 0x00,
  0x00, 0x00, 0x00, 0x00, 0x00, 0x00, 0x00, 0x00, 0x00, 0x00, 0x00, 0x00, 0x00, 0x00, 0x00, 0x00,
  0x00, 0x00, 0x00, 0x00, 0x00, 0x00, 0x00, 0x00, 0x00, 0x00, 0x00, 0x00, 0x00, 0x00, 0x00, 0x00,
  0x00, 0x00, 0x00, 0x00, 0x00, 0x00, 0x00, 0x00, 0x00, 0x00, 0x00, 0x00, 0x00, 0x00, 0x00, 0x00,
  0x00, 0x00, 0x00, 0x00, 0x00, 0x00, 0x00, 0x00, 0x00, 0x00, 0x00, 0x00, 0x00, 0x00, 0x00, 0x00,
  0x00, 0x00, 0x00, 0x00, 0x00, 0x00, 0x00, 0x00, 0x00, 0x00, 0x00, 0x00, 0x00, 0x00, 0x00, 0x00,
  0x00, 0x00, 0x00, 0x00, 0x00, 0x00, 0x00, 0x00, 0x00, 0x00, 0x00, 0x00, 0x00, 0x00, 0x00, 0x00,
  0x00, 0x00, 0x00, 0x00, 0x00, 0x00, 0x00, 0x00, 0x00, 0x00, 0x00, 0x00, 0x00, 0x00, 0x00, 0x00,
  0x00, 0x00, 0x00, 0x00, 0x00, 0x00, 0x00, 0x00, 0x00, 0x00, 0x00, 0x00, 0x00, 0x00, 0x00, 0x00,
  0x00, 0x00, 0x00, 0x00, 0x00, 0x00, 0x00, 0x00, 0x00, 0x00, 0x00, 0x00, 0x00, 0x00, 0x00, 0x00,
  0x00, 0x00, 0x00, 0x00, 0x00, 0x00, 0x00, 0x00, 0x00, 0x00, 0x00, 0x00, 0x00, 0x00, 0x00, 0x00,
  0x00, 0x00, 0x00, 0x00, 0x00, 0x00, 0x00, 0x00, 0x00, 0x00, 0x00, 0x00, 0x00, 0x00, 0x00, 0x00,
  0x00, 0x00, 0x00, 0x00, 0x00, 0x00, 0x00, 0x00, 0x00, 0x00, 0x00, 0x00, 0x00, 0x00, 0x00, 0x00,
  0x00, 0x00, 0x00, 0x00, 0x00, 0x00, 0x00, 0x00, 0x00, 0x00, 0x00, 0x00, 0x00, 0x00, 0x00, 0x00,
  0x00, 0x00, 0x00, 0x00, 0x00, 0x00, 0x00, 0x00, 0x00, 0x00, 0x00, 0x00, 0x00, 0x00, 0x00, 0x00,
#else
  #error "img_app_classroom_schedule supports LV_COLOR_DEPTH 16 or 32"
#endif
};

const lv_img_dsc_t img_app_classroom_schedule = {
  .header.cf = LV_IMG_CF_TRUE_COLOR_ALPHA,
  .header.always_zero = 0,
  .header.reserved = 0,
  .header.w = 112,
  .header.h = 112,
  .data_size = 12544 * LV_IMG_PX_SIZE_ALPHA_BYTE,
  .data = img_app_classroom_schedule_map,
};
