#ifdef __has_include
    #if __has_include("lvgl.h")
        #ifndef LV_LVGL_H_INCLUDE_SIMPLE
            #define LV_LVGL_H_INCLUDE_SIMPLE
        #endif
    #endif
#endif

#if defined(LV_LVGL_H_INCLUDE_SIMPLE)
    #include "lvgl.h"
#else
    #include "lvgl/lvgl.h"
#endif

#ifndef LV_ATTRIBUTE_MEM_ALIGN
#define LV_ATTRIBUTE_MEM_ALIGN
#endif

#ifndef LV_ATTRIBUTE_IMG_IMG_APP_FINGERPRINT
#define LV_ATTRIBUTE_IMG_IMG_APP_FINGERPRINT
#endif

const LV_ATTRIBUTE_MEM_ALIGN LV_ATTRIBUTE_LARGE_CONST LV_ATTRIBUTE_IMG_IMG_APP_FINGERPRINT uint8_t img_app_fingerprint_map[] = {
#if LV_COLOR_DEPTH == 16
  /*Pixel format: Red: 5 bit, Green: 6 bit, Blue: 5 bit + Alpha 8 bit*/
  0x00, 0x00, 0x00, 0x00, 0x00, 0x00, 0x00, 0x00, 0x00, 0x00, 0x00, 0x00, 0x00, 0x00, 0x00, 0x00,
  0x00, 0x00, 0x00, 0x00, 0x00, 0x00, 0x00, 0x00, 0x00, 0x00, 0x00, 0x00, 0x00, 0x00, 0x00, 0x00,
  0x00, 0x00, 0x00, 0x00, 0x00, 0x00, 0x00, 0x00, 0x00, 0x00, 0x00, 0x00, 0x00, 0x00, 0x00, 0x00,
  0x00, 0x00, 0x00, 0x00, 0x00, 0x00, 0x00, 0x00, 0x00, 0x00, 0x00, 0x00, 0x00, 0x00, 0x00, 0x00,
  0x00, 0x00, 0xff, 0x07, 0x01, 0xff, 0x7f, 0x02, 0xff, 0x7f, 0x02, 0xff, 0xff, 0x01, 0x00, 0x00,
  0x00, 0x00, 0x00, 0x00, 0x00, 0x00, 0x00, 0x00, 0x00, 0x00, 0x00, 0x00, 0x00, 0x00, 0x00, 0x00,
  0x00, 0x00, 0x00, 0x00, 0x00, 0x00, 0x00, 0x00, 0x00, 0x00, 0x00, 0x00, 0x00, 0x00, 0x00, 0x00,
  0x00, 0x00, 0x00, 0x00, 0x00, 0x00, 0x00, 0x00, 0x00, 0x00, 0x00, 0x00, 0x00, 0x00, 0x00, 0x00,
  0x00, 0x00, 0x00, 0x00, 0x00, 0x00, 0x00, 0x00, 0x00, 0x00, 0x00, 0x00, 0x00, 0x00, 0x00, 0x00,
  0x00, 0x00, 0x00, 0x00, 0x00, 0x00, 0x00, 0x00, 0x00, 0x00, 0x00, 0x00, 0x00, 0x00, 0x00, 0x00,
  0x00, 0x00, 0x00, 0x00, 0x00, 0x00, 0x00, 0x00, 0x00, 0x00, 0x00, 0x00, 0x00, 0x00, 0x00, 0x00,
  0x00, 0x00, 0x00, 0x00, 0x00, 0x00, 0x00, 0x00, 0x00, 0x00, 0x00, 0x00, 0x00, 0x00, 0x00, 0x00,
  0x00, 0x00, 0x00, 0x00, 0x00, 0x00, 0x00, 0x00, 0x00, 0x00, 0x00, 0x00, 0x00, 0x00, 0x00, 0x00,
  0x00, 0x00, 0x00, 0x00, 0x00, 0x00, 0x00, 0x00, 0x00, 0x00, 0x00, 0x00, 0x00, 0x00, 0x00, 0x00,
  0x00, 0x00, 0x00, 0x00, 0x00, 0x00, 0x00, 0x00, 0x00, 0x00, 0x00, 0x00, 0x00, 0x00, 0x00, 0x00,
  0x00, 0x00, 0x00, 0x00, 0x00, 0x00, 0x00, 0x00, 0x00, 0x00, 0x00, 0x00, 0x00, 0x00, 0x00, 0x00,
  0x00, 0x00, 0xff, 0x07, 0x01, 0xff, 0x7f, 0x02, 0xff, 0x7f, 0x02, 0xef, 0x7b, 0x02, 0x00, 0x00,
  0x00, 0x00, 0x00, 0x00, 0x00, 0x00, 0x00, 0x00, 0x00, 0x00, 0x00, 0x00, 0x00, 0x00, 0x00, 0x00,
  0x00, 0x00, 0x00, 0x00, 0x00, 0x00, 0x00, 0x00, 0x00, 0x00, 0x00, 0x00, 0x00, 0x00, 0x00, 0x00,
  0x00, 0x00, 0x00, 0x00, 0x00, 0x00, 0x00, 0x00, 0x00, 0x00, 0x00, 0x00, 0x00, 0x00, 0x00, 0x00,
  0x00, 0x00, 0x00, 0x00, 0x00, 0x00, 0x00, 0x00, 0x00, 0x00, 0x00, 0x00, 0x00, 0x00, 0x00, 0x00,
  0x00, 0x00, 0x00, 0x00, 0x00, 0x00, 0x00, 0x00, 0x00, 0x00, 0x00, 0x00, 0x00, 0x00, 0x00, 0x00,
  0x00, 0x00, 0x00, 0x00, 0x00, 0x00, 0x00, 0x00, 0x00, 0x00, 0x00, 0x00, 0x00, 0x00, 0x00, 0x00,
  0x00, 0x00, 0x00, 0x00, 0x00, 0x00, 0x00, 0x00, 0x00, 0x00, 0x00, 0x00, 0x00, 0x00, 0x00, 0x00,
  0x00, 0x00, 0x00, 0x00, 0x00, 0x00, 0x00, 0x00, 0x00, 0xff, 0x07, 0x01, 0xff, 0x7f, 0x02, 0x00,
  0x00, 0x00, 0x00, 0x00, 0x00, 0x00, 0x00, 0x00, 0x00, 0x00, 0x00, 0x00, 0x00, 0x00, 0x00, 0x00,
  0x00, 0x39, 0x4f, 0x0a, 0x1c, 0x57, 0x09, 0x1c, 0x57, 0x09, 0x1c, 0x57, 0x09, 0x1c, 0x57, 0x09,
  0x1c, 0x57, 0x09, 0x1c, 0x57, 0x09, 0x1c, 0x57, 0x09, 0x1c, 0x57, 0x09, 0x1c, 0x57, 0x09, 0x1c,
  0x57, 0x09, 0x1c, 0x57, 0x09, 0x1c, 0x57, 0x09, 0x1c, 0x57, 0x09, 0x1c, 0x57, 0x09, 0x1c, 0x57,
  0x09, 0x1c, 0x57, 0x09, 0x1c, 0x57, 0x09, 0x1c, 0x57, 0x09, 0x1c, 0x57, 0x09, 0x1c, 0x57, 0x09,
  0x1c, 0x57, 0x09, 0x1c, 0x57, 0x09, 0x1c, 0x57, 0x09, 0x1c, 0x57, 0x09, 0x1c, 0x57, 0x09, 0x1c,
  0x57, 0x09, 0x1c, 0x57, 0x09, 0x1c, 0x57, 0x09, 0x1c, 0x57, 0x09, 0x1c, 0x57, 0x09, 0x1c, 0x57,
  0x09, 0x1c, 0x57, 0x09, 0x1c, 0x57, 0x09, 0x1c, 0x57, 0x09, 0x1c, 0x57, 0x09, 0x1c, 0x57, 0x09,
  0x1c, 0x57, 0x09, 0x1c, 0x57, 0x09, 0x1c, 0x57, 0x09, 0x1c, 0x57, 0x09, 0x1c, 0x57, 0x09, 0x1c,
  0x57, 0x09, 0x1c, 0x57, 0x09, 0x1c, 0x57, 0x09, 0x1c, 0x57, 0x09, 0x1c, 0x57, 0x09, 0x1c, 0x57,
  0x09, 0x1c, 0x57, 0x09, 0x1c, 0x57, 0x09, 0x1c, 0x57, 0x09, 0x1c, 0x57, 0x09, 0x1c, 0x57, 0x09,
  0x1c, 0x57, 0x09, 0x1c, 0x57, 0x09, 0x1c, 0x57, 0x09, 0x18, 0x57, 0x09, 0x9a, 0x5e, 0x0b, 0xef,
  0x03, 0x02, 0x00, 0x00, 0x00, 0x00, 0x00, 0x00, 0x00, 0x00, 0x00, 0x00, 0x00, 0x00, 0x00, 0x00,
  0x00, 0xff, 0x7f, 0x02, 0xff, 0x07, 0x01, 0x00, 0x00, 0x00, 0x00, 0x00, 0x00, 0x00, 0x00, 0x00,
  0x00, 0x00, 0x00, 0x00, 0x00, 0x00, 0x00, 0x00, 0x00, 0x00, 0x00, 0x00, 0x00, 0x00, 0x00, 0x00,
  0x00, 0x00, 0x00, 0x00, 0x00, 0x00, 0x00, 0x00, 0x00, 0x00, 0x00, 0x00, 0x00, 0x00, 0x00, 0x00,
  0x00, 0x00, 0x00, 0x00, 0x00, 0x00, 0x00, 0x00, 0x00, 0x00, 0x00, 0x00, 0x00, 0x00, 0x00, 0x00,
  0x00, 0x00, 0x00, 0x00, 0x00, 0x00, 0x00, 0x00, 0x00, 0x00, 0x00, 0x00, 0x00, 0x00, 0x00, 0x00,
  0x00, 0x00, 0x00, 0x00, 0x00, 0x00, 0x00, 0x00, 0x00, 0x00, 0x00, 0x00, 0x00, 0x00, 0x00, 0x00,
  0x00, 0x00, 0x00, 0x00, 0x00, 0x00, 0x00, 0x00, 0x00, 0x00, 0x00, 0x00, 0x00, 0x00, 0x00, 0x00,
  0x00, 0x00, 0x00, 0xff, 0x07, 0x01, 0xef, 0x7b, 0x02, 0x00, 0x00, 0x00, 0x00, 0x00, 0x00, 0x00,
  0x00, 0x00, 0xfa, 0x5e, 0x18, 0xda, 0x5e, 0x39, 0xda, 0x5e, 0x54, 0xfa, 0x5e, 0x6b, 0xfa, 0x5e,
  0x70, 0xfa, 0x5e, 0x83, 0xfa, 0x66, 0x81, 0xfa, 0x66, 0x82, 0xfa, 0x66, 0x82, 0xfa, 0x66, 0x82,
  0xfa, 0x66, 0x82, 0xfa, 0x66, 0x82, 0xfa, 0x66, 0x82, 0xfa, 0x66, 0x82, 0xfa, 0x66, 0x82, 0xfa,
  0x66, 0x82, 0xfa, 0x66, 0x82, 0xfa, 0x66, 0x82, 0xfa, 0x66, 0x82, 0xfa, 0x66, 0x82, 0xfa, 0x66,
  0x82, 0xfa, 0x66, 0x82, 0xfa, 0x66, 0x82, 0xfa, 0x66, 0x82, 0xfa, 0x66, 0x82, 0xfa, 0x66, 0x82,
  0xfa, 0x66, 0x82, 0xfa, 0x66, 0x82, 0xfa, 0x66, 0x82, 0xfa, 0x66, 0x82, 0xfa, 0x66, 0x82, 0xfa,
  0x66, 0x82, 0xfa, 0x66, 0x82, 0xfa, 0x66, 0x82, 0xfa, 0x66, 0x82, 0xfa, 0x66, 0x82, 0xfa, 0x66,
  0x82, 0xfa, 0x66, 0x82, 0xfa, 0x66, 0x82, 0xfa, 0x66, 0x82, 0xfa, 0x66, 0x82, 0xfa, 0x66, 0x82,
  0xfa, 0x66, 0x82, 0xfa, 0x66, 0x82, 0xfa, 0x66, 0x82, 0xfa, 0x66, 0x82, 0xfa, 0x66, 0x82, 0xfa,
  0x66, 0x82, 0xfa, 0x66, 0x82, 0xfa, 0x66, 0x82, 0xfa, 0x66, 0x82, 0xfa, 0x66, 0x82, 0xfa, 0x66,
  0x82, 0xfa, 0x66, 0x82, 0xfa, 0x66, 0x82, 0xfa, 0x66, 0x82, 0xfa, 0x66, 0x82, 0xfa, 0x66, 0x82,
  0xfa, 0x66, 0x82, 0xfa, 0x66, 0x82, 0xfa, 0x66, 0x82, 0xfa, 0x66, 0x81, 0xfa, 0x66, 0x84, 0xfa,
  0x5e, 0x75, 0xfa, 0x5e, 0x6c, 0xfa, 0x5e, 0x5b, 0xd9, 0x5e, 0x41, 0xb9, 0x56, 0x20, 0xff, 0x7f,
  0x02, 0x00, 0x00, 0x00, 0x00, 0x00, 0x00, 0xff, 0x07, 0x01, 0xef, 0x7b, 0x02, 0x00, 0x00, 0x00,
  0x00, 0x00, 0x00, 0x00, 0x00, 0x00, 0x00, 0x00, 0x00, 0x00, 0x00, 0x00, 0x00, 0x00, 0x00, 0x00,
  0x00, 0x00, 0x00, 0x00, 0x00, 0x00, 0x00, 0x00, 0x00, 0x00, 0x00, 0x00, 0x00, 0x00, 0x00, 0x00,
  0x00, 0x00, 0x00, 0x00, 0x00, 0x00, 0x00, 0x00, 0x00, 0x00, 0x00, 0x00, 0x00, 0x00, 0x00, 0x00,
  0x00, 0x00, 0x00, 0x00, 0x00, 0x00, 0x00, 0x00, 0x00, 0x00, 0x00, 0x00, 0x00, 0x00, 0x00, 0x00,
  0x00, 0x00, 0x00, 0x00, 0x00, 0x00, 0x00, 0x00, 0x00, 0x00, 0x00, 0x00, 0x00, 0x00, 0x00, 0x00,
  0x00, 0x00, 0x00, 0x00, 0x00, 0x00, 0x00, 0x00, 0x00, 0x00, 0x00, 0x00, 0x00, 0xff, 0x07, 0x01,
  0xef, 0x7b, 0x02, 0x00, 0x00, 0x00, 0x00, 0x00, 0x00, 0xf9, 0x5e, 0x10, 0xfa, 0x5e, 0x43, 0xfa,
  0x5e, 0x70, 0xfa, 0x66, 0x89, 0x1a, 0x67, 0x8e, 0x1a, 0x67, 0x8e, 0x1a, 0x67, 0x8d, 0xfa, 0x5e,
  0x90, 0xd9, 0x5e, 0x96, 0xd9, 0x5e, 0x96, 0xd9, 0x5e, 0x96, 0xd9, 0x5e, 0x96, 0xd9, 0x5e, 0x96,
  0xd9, 0x5e, 0x96, 0xd9, 0x5e, 0x96, 0xd9, 0x5e, 0x96, 0xd9, 0x5e, 0x96, 0xd9, 0x5e, 0x96, 0xd9,
  0x5e, 0x96, 0xd9, 0x5e, 0x96, 0xd9, 0x5e, 0x96, 0xd9, 0x5e, 0x96, 0xd9, 0x5e, 0x96, 0xd9, 0x5e,
  0x96, 0xd9, 0x5e, 0x96, 0xd9, 0x5e, 0x96, 0xd9, 0x5e, 0x96, 0xd9, 0x5e, 0x96, 0xd9, 0x5e, 0x96,
  0xd9, 0x5e, 0x96, 0xd9, 0x5e, 0x96, 0xd9, 0x5e, 0x96, 0xd9, 0x5e, 0x96, 0xd9, 0x5e, 0x96, 0xd9,
  0x5e, 0x96, 0xd9, 0x5e, 0x96, 0xd9, 0x5e, 0x96, 0xd9, 0x5e, 0x96, 0xd9, 0x5e, 0x96, 0xd9, 0x5e,
  0x96, 0xd9, 0x5e, 0x96, 0xd9, 0x5e, 0x96, 0xd9, 0x5e, 0x96, 0xd9, 0x5e, 0x96, 0xd9, 0x5e, 0x96,
  0xd9, 0x5e, 0x96, 0xd9, 0x5e, 0x96, 0xd9, 0x5e, 0x96, 0xd9, 0x5e, 0x96, 0xd9, 0x5e, 0x96, 0xd9,
  0x5e, 0x96, 0xd9, 0x5e, 0x96, 0xd9, 0x5e, 0x96, 0xd9, 0x5e, 0x96, 0xd9, 0x5e, 0x96, 0xd9, 0x5e,
  0x96, 0xd9, 0x5e, 0x96, 0xd9, 0x5e, 0x96, 0xd9, 0x5e, 0x96, 0xd9, 0x5e, 0x96, 0xd9, 0x5e, 0x96,
  0xd9, 0x5e, 0x96, 0xd9, 0x5e, 0x96, 0xd9, 0x5e, 0x96, 0xd9, 0x5e, 0x96, 0xfa, 0x5e, 0x95, 0xfa,
  0x5e, 0x92, 0x1a, 0x67, 0x8d, 0x1a, 0x67, 0x8e, 0x1a, 0x67, 0x8e, 0x1a, 0x67, 0x8c, 0xfa, 0x5e,
  0x78, 0xfa, 0x5e, 0x50, 0xd9, 0x5e, 0x1b, 0x00, 0x00, 0x00, 0x00, 0x00, 0x00, 0xff, 0x07, 0x01,
  0xff, 0x07, 0x01, 0x00, 0x00, 0x00, 0x00, 0x00, 0x00, 0x00, 0x00, 0x00, 0x00, 0x00, 0x00, 0x00,
  0x00, 0x00, 0x00, 0x00, 0x00, 0x00, 0x00, 0x00, 0x00, 0x00, 0x00, 0x00, 0x00, 0x00, 0x00, 0x00,
  0x00, 0x00, 0x00, 0x00, 0x00, 0x00, 0x00, 0x00, 0x00, 0x00, 0x00, 0x00, 0x00, 0x00, 0x00, 0x00,
  0x00, 0x00, 0x00, 0x00, 0x00, 0x00, 0x00, 0x00, 0x00, 0x00, 0x00, 0x00, 0x00, 0x00, 0x00, 0x00,
  0x00, 0x00, 0x00, 0x00, 0x00, 0x00, 0x00, 0x00, 0x00, 0x00, 0x00, 0x00, 0x00, 0x00, 0x00, 0x00,
  0x00, 0x00, 0x00, 0x00, 0x00, 0x00, 0x00, 0x00, 0x00, 0x00, 0xef, 0x7b, 0x02, 0x00, 0x00, 0x00,
  0x00, 0x00, 0x00, 0xfa, 0x5e, 0x18, 0xfa, 0x5e, 0x5b, 0xfa, 0x66, 0x87, 0x1a, 0x67, 0x8e, 0x1a,
  0x67, 0x8c, 0xd9, 0x56, 0x97, 0x98, 0x46, 0xae, 0x77, 0x3e, 0xc5, 0x37, 0x36, 0xdd, 0x37, 0x2e,
  0xe6, 0x36, 0x2e, 0xf7, 0x36, 0x2e, 0xf7, 0x36, 0x2e, 0xf7, 0x36, 0x2e, 0xf7, 0x36, 0x2e, 0xf7,
  0x36, 0x2e, 0xf7, 0x36, 0x2e, 0xf7, 0x36, 0x2e, 0xf7, 0x36, 0x2e, 0xf7, 0x36, 0x2e, 0xf7, 0x36,
  0x2e, 0xf7, 0x36, 0x2e, 0xf7, 0x36, 0x2e, 0xf7, 0x36, 0x2e, 0xf7, 0x36, 0x2e, 0xf7, 0x36, 0x2e,
  0xf7, 0x36, 0x2e, 0xf7, 0x36, 0x2e, 0xf7, 0x36, 0x2e, 0xf7, 0x36, 0x2e, 0xf7, 0x36, 0x2e, 0xf7,
  0x36, 0x2e, 0xf7, 0x36, 0x2e, 0xf7, 0x36, 0x2e, 0xf7, 0x36, 0x2e, 0xf7, 0x36, 0x2e, 0xf7, 0x36,
  0x2e, 0xf7, 0x36, 0x2e, 0xf7, 0x36, 0x2e, 0xf7, 0x36, 0x2e, 0xf7, 0x36, 0x2e, 0xf7, 0x36, 0x2e,
  0xf7, 0x36, 0x2e, 0xf7, 0x36, 0x2e, 0xf7, 0x36, 0x2e, 0xf7, 0x36, 0x2e, 0xf7, 0x36, 0x2e, 0xf7,
  0x36, 0x2e, 0xf7, 0x36, 0x2e, 0xf7, 0x36, 0x2e, 0xf7, 0x36, 0x2e, 0xf7, 0x36, 0x2e, 0xf7, 0x36,
  0x2e, 0xf7, 0x36, 0x2e, 0xf7, 0x36, 0x2e, 0xf7, 0x36, 0x2e, 0xf7, 0x36, 0x2e, 0xf7, 0x36, 0x2e,
  0xf7, 0x36, 0x2e, 0xf7, 0x36, 0x2e, 0xf7, 0x36, 0x2e, 0xf7, 0x36, 0x2e, 0xf7, 0x36, 0x2e, 0xf7,
  0x36, 0x2e, 0xf7, 0x36, 0x2e, 0xf7, 0x36, 0x2e, 0xf7, 0x36, 0x2e, 0xf7, 0x36, 0x2e, 0xf7, 0x36,
  0x2e, 0xeb, 0x57, 0x36, 0xde, 0x77, 0x3e, 0xcb, 0x98, 0x46, 0xb4, 0xb9, 0x56, 0x9c, 0x1a, 0x67,
  0x8d, 0x1a, 0x67, 0x8e, 0xfa, 0x66, 0x8b, 0xfa, 0x5e, 0x6b, 0xda, 0x5e, 0x28, 0x00, 0x00, 0x00,
  0x00, 0x00, 0x00, 0xef, 0x7b, 0x02, 0x00, 0x00, 0x00, 0x00, 0x00, 0x00, 0x00, 0x00, 0x00, 0x00,
  0x00, 0x00, 0x00, 0x00, 0x00, 0x00, 0x00, 0x00, 0x00, 0x00, 0x00, 0x00, 0x00, 0x00, 0x00, 0x00,
  0x00, 0x00, 0x00, 0x00, 0x00, 0x00, 0x00, 0x00, 0x00, 0x00, 0x00, 0x00, 0x00, 0x00, 0x00, 0x00,
  0x00, 0x00, 0x00, 0x00, 0x00, 0x00, 0x00, 0x00, 0x00, 0x00, 0x00, 0x00, 0x00, 0x00, 0x00, 0x00,
  0x00, 0x00, 0x00, 0x00, 0x00, 0x00, 0x00, 0x00, 0x00, 0x00, 0x00, 0x00, 0x00, 0x00, 0x00, 0x00,
  0x00, 0x00, 0x00, 0x00, 0x00, 0x00, 0x00, 0xff, 0x7f, 0x02, 0x00, 0x00, 0x00, 0x3c, 0x5f, 0x0b,
  0xfa, 0x5e, 0x54, 0xfa, 0x5e, 0x8d, 0x1a, 0x67, 0x8d, 0xfa, 0x5e, 0x8e, 0x98, 0x46, 0xb3, 0x57,
  0x36, 0xd9, 0x36, 0x2e, 0xf8, 0x57, 0x2e, 0xff, 0x57, 0x2e, 0xff, 0x57, 0x2e, 0xff, 0x37, 0x2e,
  0xff, 0x36, 0x2e, 0xff, 0x36, 0x2e, 0xff, 0x36, 0x2e, 0xff, 0x36, 0x2e, 0xff, 0x36, 0x2e, 0xff,
  0x36, 0x2e, 0xff, 0x36, 0x2e, 0xff, 0x36, 0x2e, 0xff, 0x36, 0x2e, 0xff, 0x36, 0x2e, 0xff, 0x36,
  0x2e, 0xff, 0x36, 0x2e, 0xff, 0x36, 0x2e, 0xff, 0x36, 0x2e, 0xff, 0x36, 0x2e, 0xff, 0x36, 0x2e,
  0xff, 0x36, 0x2e, 0xff, 0x36, 0x2e, 0xff, 0x36, 0x2e, 0xff, 0x36, 0x2e, 0xff, 0x36, 0x2e, 0xff,
  0x36, 0x2e, 0xff, 0x36, 0x2e, 0xff, 0x36, 0x2e, 0xff, 0x36, 0x2e, 0xff, 0x36, 0x2e, 0xff, 0x36,
  0x2e, 0xff, 0x36, 0x2e, 0xff, 0x36, 0x2e, 0xff, 0x36, 0x2e, 0xff, 0x36, 0x2e, 0xff, 0x36, 0x2e,
  0xff, 0x36, 0x2e, 0xff, 0x36, 0x2e, 0xff, 0x36, 0x2e, 0xff, 0x36, 0x2e, 0xff, 0x36, 0x2e, 0xff,
  0x36, 0x2e, 0xff, 0x36, 0x2e, 0xff, 0x36, 0x2e, 0xff, 0x36, 0x2e, 0xff, 0x36, 0x2e, 0xff, 0x36,
  0x2e, 0xff, 0x36, 0x2e, 0xff, 0x36, 0x2e, 0xff, 0x36, 0x2e, 0xff, 0x36, 0x2e, 0xff, 0x36, 0x2e,
  0xff, 0x36, 0x2e, 0xff, 0x36, 0x2e, 0xff, 0x36, 0x2e, 0xff, 0x36, 0x2e, 0xff, 0x36, 0x2e, 0xff,
  0x36, 0x2e, 0xff, 0x36, 0x2e, 0xff, 0x36, 0x2e, 0xff, 0x36, 0x2e, 0xff, 0x36, 0x2e, 0xff, 0x36,
  0x2e, 0xff, 0x57, 0x2e, 0xff, 0x57, 0x2e, 0xff, 0x57, 0x2e, 0xff, 0x36, 0x2e, 0xfd, 0x57, 0x36,
  0xe3, 0x78, 0x3e, 0xbd, 0xfa, 0x56, 0x94, 0x1a, 0x67, 0x8b, 0xfa, 0x66, 0x90, 0xfa, 0x5e, 0x68,
  0xfa, 0x5e, 0x18, 0x00, 0x00, 0x00, 0xff, 0x07, 0x01, 0xff, 0x07, 0x01, 0x00, 0x00, 0x00, 0x00,
  0x00, 0x00, 0x00, 0x00, 0x00, 0x00, 0x00, 0x00, 0x00, 0x00, 0x00, 0x00, 0x00, 0x00, 0x00, 0x00,
  0x00, 0x00, 0x00, 0x00, 0x00, 0x00, 0x00, 0x00, 0x00, 0x00, 0x00, 0x00, 0x00, 0x00, 0x00, 0x00,
  0x00, 0x00, 0x00, 0x00, 0x00, 0x00, 0x00, 0x00, 0x00, 0x00, 0x00, 0x00, 0x00, 0x00, 0x00, 0x00,
  0x00, 0x00, 0x00, 0x00, 0x00, 0x00, 0x00, 0x00, 0x00, 0x00, 0x00, 0x00, 0x00, 0x00, 0x00, 0x00,
  0x00, 0x00, 0x00, 0x00, 0xff, 0x07, 0x01, 0x00, 0x00, 0x00, 0xfa, 0x5e, 0x27, 0xda, 0x5e, 0x83,
  0xfa, 0x66, 0x90, 0xfa, 0x5e, 0x8c, 0x98, 0x46, 0xb4, 0x37, 0x2e, 0xeb, 0x57, 0x2e, 0xff, 0x57,
  0x2e, 0xff, 0x36, 0x2e, 0xff, 0x16, 0x2e, 0xfe, 0x36, 0x2e, 0xfd, 0x16, 0x2e, 0xfe, 0x16, 0x2e,
  0xfe, 0x36, 0x2e, 0xfe, 0x36, 0x2e, 0xfe, 0x36, 0x2e, 0xfe, 0x36, 0x2e, 0xfe, 0x36, 0x2e, 0xfe,
  0x36, 0x2e, 0xfe, 0x36, 0x2e, 0xfe, 0x36, 0x2e, 0xfe, 0x36, 0x2e, 0xfe, 0x36, 0x2e, 0xfe, 0x36,
  0x2e, 0xfe, 0x36, 0x2e, 0xfe, 0x36, 0x2e, 0xfe, 0x36, 0x2e, 0xfe, 0x36, 0x2e, 0xfe, 0x36, 0x2e,
  0xfe, 0x36, 0x2e, 0xfe, 0x36, 0x2e, 0xfe, 0x36, 0x2e, 0xfe, 0x36, 0x2e, 0xfe, 0x36, 0x2e, 0xfe,
  0x36, 0x2e, 0xfe, 0x36, 0x2e, 0xfe, 0x36, 0x2e, 0xfe, 0x36, 0x2e, 0xfe, 0x36, 0x2e, 0xfe, 0x36,
  0x2e, 0xfe, 0x36, 0x2e, 0xfe, 0x36, 0x2e, 0xfe, 0x36, 0x2e, 0xfe, 0x36, 0x2e, 0xfe, 0x36, 0x2e,
  0xfe, 0x36, 0x2e, 0xfe, 0x36, 0x2e, 0xfe, 0x36, 0x2e, 0xfe, 0x36, 0x2e, 0xfe, 0x36, 0x2e, 0xfe,
  0x36, 0x2e, 0xfe, 0x36, 0x2e, 0xfe, 0x36, 0x2e, 0xfe, 0x36, 0x2e, 0xfe, 0x36, 0x2e, 0xfe, 0x36,
  0x2e, 0xfe, 0x36, 0x2e, 0xfe, 0x36, 0x2e, 0xfe, 0x36, 0x2e, 0xfe, 0x36, 0x2e, 0xfe, 0x36, 0x2e,
  0xfe, 0x36, 0x2e, 0xfe, 0x36, 0x2e, 0xfe, 0x36, 0x2e, 0xfe, 0x36, 0x2e, 0xfe, 0x36, 0x2e, 0xfe,
  0x36, 0x2e, 0xfe, 0x36, 0x2e, 0xfe, 0x36, 0x2e, 0xfe, 0x36, 0x2e, 0xfe, 0x36, 0x2e, 0xfe, 0x16,
  0x2e, 0xfe, 0x16, 0x2e, 0xfe, 0x36, 0x2e, 0xfd, 0x36, 0x2e, 0xfd, 0x36, 0x2e, 0xff, 0x37, 0x2e,
  0xff, 0x57, 0x2e, 0xff, 0x37, 0x2e, 0xf5, 0x78, 0x3e, 0xc2, 0xf9, 0x5e, 0x92, 0x1a, 0x67, 0x8c,
  0xfa, 0x5e, 0x8e, 0xda, 0x5e, 0x40, 0x00, 0x00, 0x00, 0x00, 0x00, 0x00, 0xff, 0x07, 0x01, 0x00,
  0x00, 0x00, 0x00, 0x00, 0x00, 0x00, 0x00, 0x00, 0x00, 0x00, 0x00, 0x00, 0x00, 0x00, 0x00, 0x00,
  0x00, 0x00, 0x00, 0x00, 0x00, 0x00, 0x00, 0x00, 0x00, 0x00, 0x00, 0x00, 0x00, 0x00, 0x00, 0x00,
  0x00, 0x00, 0x00, 0x00, 0x00, 0x00, 0x00, 0x00, 0x00, 0x00, 0x00, 0x00, 0x00, 0x00, 0x00, 0x00,
  0x00, 0x00, 0x00, 0x00, 0x00, 0x00, 0x00, 0x00, 0x00, 0x00, 0x00, 0x00, 0x00, 0x00, 0xff, 0x07,
  0x01, 0xff, 0x07, 0x01, 0x00, 0x00, 0x00, 0xda, 0x5e, 0x48, 0xfa, 0x5e, 0x91, 0x1a, 0x67, 0x88,
  0x98, 0x4e, 0xa8, 0x57, 0x2e, 0xeb, 0x57, 0x2e, 0xff, 0x36, 0x2e, 0xff, 0x36, 0x2e, 0xfd, 0x16,
  0x2e, 0xfe, 0x36, 0x2e, 0xff, 0x36, 0x2e, 0xff, 0x36, 0x2e, 0xff, 0x36, 0x2e, 0xff, 0x36, 0x2e,
  0xff, 0x36, 0x2e, 0xff, 0x36, 0x2e, 0xff, 0x36, 0x2e, 0xff, 0x36, 0x2e, 0xff, 0x36, 0x2e, 0xff,
  0x36, 0x2e, 0xff, 0x36, 0x2e, 0xff, 0x36, 0x2e, 0xff, 0x36, 0x2e, 0xff, 0x36, 0x2e, 0xff, 0x36,
  0x2e, 0xff, 0x36, 0x2e, 0xff, 0x36, 0x2e, 0xff, 0x36, 0x2e, 0xff, 0x36, 0x2e, 0xff, 0x36, 0x2e,
  0xff, 0x36, 0x2e, 0xff, 0x36, 0x2e, 0xff, 0x36, 0x2e, 0xff, 0x36, 0x2e, 0xff, 0x36, 0x2e, 0xff,
  0x36, 0x2e, 0xff, 0x36, 0x2e, 0xff, 0x36, 0x2e, 0xff, 0x36, 0x2e, 0xff, 0x36, 0x2e, 0xff, 0x36,
  0x2e, 0xff, 0x36, 0x2e, 0xff, 0x36, 0x2e, 0xff, 0x36, 0x2e, 0xff, 0x36, 0x2e, 0xff, 0x36, 0x2e,
  0xff, 0x36, 0x2e, 0xff, 0x36, 0x2e, 0xff, 0x36, 0x2e, 0xff, 0x36, 0x2e, 0xff, 0x36, 0x2e, 0xff,
  0x36, 0x2e, 0xff, 0x36, 0x2e, 0xff, 0x36, 0x2e, 0xff, 0x36, 0x2e, 0xff, 0x36, 0x2e, 0xff, 0x36,
  0x2e, 0xff, 0x36, 0x2e, 0xff, 0x36, 0x2e, 0xff, 0x36, 0x2e, 0xff, 0x36, 0x2e, 0xff, 0x36, 0x2e,
  0xff, 0x36, 0x2e, 0xff, 0x36, 0x2e, 0xff, 0x36, 0x2e, 0xff, 0x36, 0x2e, 0xff, 0x36, 0x2e, 0xff,
  0x36, 0x2e, 0xff, 0x36, 0x2e, 0xff, 0x36, 0x2e, 0xff, 0x36, 0x2e, 0xff, 0x36, 0x2e, 0xff, 0x36,
  0x2e, 0xff, 0x36, 0x2e, 0xff, 0x36, 0x2e, 0xff, 0x36, 0x2e, 0xff, 0x36, 0x2e, 0xff, 0x16, 0x2e,
  0xfe, 0x36, 0x2e, 0xfd, 0x36, 0x2e, 0xff, 0x57, 0x2e, 0xff, 0x37, 0x2e, 0xf5, 0x78, 0x46, 0xba,
  0xfa, 0x66, 0x88, 0xfa, 0x66, 0x93, 0xfa, 0x5e, 0x61, 0x1c, 0x57, 0x09, 0x00, 0x00, 0x00, 0xef,
  0x7b, 0x02, 0x00, 0x00, 0x00, 0x00, 0x00, 0x00, 0x00, 0x00, 0x00, 0x00, 0x00, 0x00, 0x00, 0x00,
  0x00, 0x00, 0x00, 0x00, 0x00, 0x00, 0x00, 0x00, 0x00, 0x00, 0x00, 0x00, 0x00, 0x00, 0x00, 0x00,
  0x00, 0x00, 0x00, 0x00, 0x00, 0x00, 0x00, 0x00, 0x00, 0x00, 0x00, 0x00, 0x00, 0x00, 0x00, 0x00,
  0x00, 0x00, 0x00, 0x00, 0x00, 0x00, 0x00, 0x00, 0x00, 0x00, 0x00, 0xff, 0x07, 0x01, 0xef, 0x7b,
  0x02, 0x00, 0x00, 0x00, 0xda, 0x5e, 0x57, 0xfa, 0x66, 0x97, 0xfa, 0x66, 0x89, 0x77, 0x3e, 0xcb,
  0x57, 0x2e, 0xff, 0x37, 0x2e, 0xff, 0x36, 0x2e, 0xfd, 0x16, 0x2e, 0xfe, 0x36, 0x2e, 0xff, 0x36,
  0x2e, 0xff, 0x36, 0x2e, 0xff, 0x36, 0x2e, 0xff, 0x36, 0x2e, 0xff, 0x36, 0x2e, 0xff, 0x36, 0x2e,
  0xff, 0x36, 0x2e, 0xff, 0x36, 0x2e, 0xff, 0x36, 0x2e, 0xff, 0x36, 0x2e, 0xff, 0x36, 0x2e, 0xff,
  0x36, 0x2e, 0xff, 0x36, 0x2e, 0xff, 0x36, 0x2e, 0xff, 0x36, 0x2e, 0xff, 0x36, 0x2e, 0xff, 0x36,
  0x2e, 0xff, 0x36, 0x2e, 0xff, 0x36, 0x2e, 0xff, 0x36, 0x2e, 0xff, 0x36, 0x2e, 0xff, 0x36, 0x2e,
  0xff, 0x36, 0x2e, 0xff, 0x36, 0x2e, 0xff, 0x36, 0x2e, 0xff, 0x36, 0x2e, 0xff, 0x36, 0x2e, 0xff,
  0x36, 0x2e, 0xff, 0x36, 0x2e, 0xff, 0x36, 0x2e, 0xff, 0x36, 0x2e, 0xff, 0x36, 0x2e, 0xff, 0x36,
  0x2e, 0xff, 0x36, 0x2e, 0xff, 0x36, 0x2e, 0xff, 0x36, 0x2e, 0xff, 0x36, 0x2e, 0xff, 0x36, 0x2e,
  0xff, 0x36, 0x2e, 0xff, 0x36, 0x2e, 0xff, 0x36, 0x2e, 0xff, 0x36, 0x2e, 0xff, 0x36, 0x2e, 0xff,
  0x36, 0x2e, 0xff, 0x36, 0x2e, 0xff, 0x36, 0x2e, 0xff, 0x36, 0x2e, 0xff, 0x36, 0x2e, 0xff, 0x36,
  0x2e, 0xff, 0x36, 0x2e, 0xff, 0x36, 0x2e, 0xff, 0x36, 0x2e, 0xff, 0x36, 0x2e, 0xff, 0x36, 0x2e,
  0xff, 0x36, 0x2e, 0xff, 0x36, 0x2e, 0xff, 0x36, 0x2e, 0xff, 0x36, 0x2e, 0xff, 0x36, 0x2e, 0xff,
  0x36, 0x2e, 0xff, 0x36, 0x2e, 0xff, 0x36, 0x2e, 0xff, 0x36, 0x2e, 0xff, 0x36, 0x2e, 0xff, 0x36,
  0x2e, 0xff, 0x36, 0x2e, 0xff, 0x36, 0x2e, 0xff, 0x36, 0x2e, 0xff, 0x36, 0x2e, 0xff, 0x36, 0x2e,
  0xff, 0x36, 0x2e, 0xff, 0x36, 0x2e, 0xfe, 0x36, 0x2e, 0xfd, 0x36, 0x2e, 0xff, 0x57, 0x2e, 0xff,
  0x57, 0x36, 0xdf, 0xd9, 0x56, 0x92, 0x1a, 0x67, 0x92, 0xda, 0x5e, 0x74, 0x18, 0x57, 0x09, 0x00,
  0x00, 0x00, 0xef, 0x7b, 0x02, 0x00, 0x00, 0x00, 0x00, 0x00, 0x00, 0x00, 0x00, 0x00, 0x00, 0x00,
  0x00, 0x00, 0x00, 0x00, 0x00, 0x00, 0x00, 0x00, 0x00, 0x00, 0x00, 0x00, 0x00, 0x00, 0x00, 0x00,
  0x00, 0x00, 0x00, 0x00, 0x00, 0x00, 0x00, 0x00, 0x00, 0x00, 0x00, 0x00, 0x00, 0x00, 0x00, 0x00,
  0x00, 0x00, 0x00, 0x00, 0x00, 0x00, 0x00, 0x00, 0x00, 0x00, 0x01, 0xff, 0x07, 0x01, 0x00, 0x00,
  0x00, 0xda, 0x5e, 0x57, 0x1a, 0x67, 0x92, 0xfa, 0x5e, 0x8d, 0x57, 0x36, 0xe4, 0x57, 0x2e, 0xff,
  0x16, 0x2e, 0xfe, 0x16, 0x2e, 0xfe, 0x36, 0x2e, 0xff, 0x36, 0x2e, 0xff, 0x36, 0x2e, 0xff, 0x36,
  0x2e, 0xff, 0x36, 0x2e, 0xff, 0x36, 0x2e, 0xff, 0x36, 0x2e, 0xff, 0x36, 0x2e, 0xff, 0x36, 0x2e,
  0xff, 0x36, 0x2e, 0xff, 0x36, 0x2e, 0xff, 0x36, 0x2e, 0xff, 0x36, 0x2e, 0xff, 0x36, 0x2e, 0xff,
  0x36, 0x2e, 0xff, 0x36, 0x2e, 0xff, 0x36, 0x2e, 0xff, 0x36, 0x2e, 0xff, 0x36, 0x2e, 0xff, 0x36,
  0x2e, 0xff, 0x36, 0x2e, 0xff, 0x36, 0x2e, 0xff, 0x36, 0x2e, 0xff, 0x36, 0x2e, 0xff, 0x36, 0x2e,
  0xff, 0x36, 0x2e, 0xff, 0x36, 0x2e, 0xff, 0x36, 0x2e, 0xff, 0x36, 0x2e, 0xff, 0x36, 0x2e, 0xff,
  0x36, 0x2e, 0xff, 0x36, 0x2e, 0xff, 0x36, 0x2e, 0xff, 0x36, 0x2e, 0xff, 0x36, 0x2e, 0xff, 0x36,
  0x2e, 0xff, 0x36, 0x2e, 0xff, 0x36, 0x2e, 0xff, 0x36, 0x2e, 0xff, 0x36, 0x2e, 0xff, 0x36, 0x2e,
  0xff, 0x36, 0x2e, 0xff, 0x36, 0x2e, 0xff, 0x36, 0x2e, 0xff, 0x36, 0x2e, 0xff, 0x36, 0x2e, 0xff,
  0x36, 0x2e, 0xff, 0x36, 0x2e, 0xff, 0x36, 0x2e, 0xff, 0x36, 0x2e, 0xff, 0x36, 0x2e, 0xff, 0x36,
  0x2e, 0xff, 0x36, 0x2e, 0xff, 0x36, 0x2e, 0xff, 0x36, 0x2e, 0xff, 0x36, 0x2e, 0xff, 0x36, 0x2e,
  0xff, 0x36, 0x2e, 0xff, 0x36, 0x2e, 0xff, 0x36, 0x2e, 0xff, 0x36, 0x2e, 0xff, 0x36, 0x2e, 0xff,
  0x36, 0x2e, 0xff, 0x36, 0x2e, 0xff, 0x36, 0x2e, 0xff, 0x36, 0x2e, 0xff, 0x36, 0x2e, 0xff, 0x36,
  0x2e, 0xff, 0x36, 0x2e, 0xff, 0x36, 0x2e, 0xff, 0x36, 0x2e, 0xff, 0x36, 0x2e, 0xff, 0x36, 0x2e,
  0xff, 0x36, 0x2e, 0xff, 0x36, 0x2e, 0xff, 0x36, 0x2e, 0xff, 0x36, 0x2e, 0xfe, 0x36, 0x2e, 0xfd,
  0x57, 0x2e, 0xff, 0x37, 0x2e, 0xf4, 0xb9, 0x4e, 0x9f, 0x1a, 0x67, 0x8c, 0xda, 0x5e, 0x74, 0x18,
  0x57, 0x09, 0x00, 0x00, 0x00, 0xff, 0x07, 0x01, 0x00, 0x00, 0x00, 0x00, 0x00, 0x00, 0x00, 0x00,
  0x00, 0x00, 0x00, 0x00, 0x00, 0x00, 0x00, 0x00, 0x00, 0x00, 0x00, 0x00, 0x00, 0x00, 0x00, 0x00,
  0x00, 0x00, 0x00, 0x00, 0x00, 0x00, 0x00, 0x00, 0x00, 0x00, 0x00, 0x00, 0x00, 0x00, 0x00, 0x00,
  0x00, 0x00, 0x00, 0x00, 0x00, 0x00, 0x00, 0x00, 0xff, 0x7f, 0x02, 0x00, 0x00, 0x00, 0xda, 0x5e,
  0x57, 0x1a, 0x67, 0x92, 0xd9, 0x56, 0x98, 0x57, 0x36, 0xe9, 0x57, 0x2e, 0xff, 0x16, 0x2e, 0xfd,
  0x36, 0x2e, 0xff, 0x36, 0x2e, 0xff, 0x36, 0x2e, 0xff, 0x36, 0x2e, 0xff, 0x36, 0x2e, 0xff, 0x36,
  0x2e, 0xff, 0x36, 0x2e, 0xff, 0x36, 0x2e, 0xff, 0x36, 0x2e, 0xff, 0x36, 0x2e, 0xff, 0x36, 0x2e,
  0xff, 0x36, 0x2e, 0xff, 0x36, 0x2e, 0xff, 0x36, 0x2e, 0xff, 0x36, 0x2e, 0xff, 0x36, 0x2e, 0xff,
  0x36, 0x2e, 0xff, 0x36, 0x2e, 0xff, 0x36, 0x2e, 0xff, 0x36, 0x2e, 0xff, 0x36, 0x2e, 0xff, 0x36,
  0x2e, 0xff, 0x36, 0x2e, 0xff, 0x36, 0x2e, 0xff, 0x36, 0x2e, 0xff, 0x36, 0x2e, 0xff, 0x36, 0x2e,
  0xff, 0x36, 0x2e, 0xff, 0x36, 0x2e, 0xff, 0x36, 0x2e, 0xff, 0x36, 0x2e, 0xff, 0x36, 0x2e, 0xff,
  0x36, 0x2e, 0xff, 0x36, 0x2e, 0xff, 0x36, 0x2e, 0xff, 0x36, 0x2e, 0xff, 0x36, 0x2e, 0xff, 0x36,
  0x2e, 0xff, 0x36, 0x2e, 0xff, 0x36, 0x2e, 0xff, 0x36, 0x2e, 0xff, 0x36, 0x2e, 0xff, 0x36, 0x2e,
  0xff, 0x36, 0x2e, 0xff, 0x36, 0x2e, 0xff, 0x36, 0x2e, 0xff, 0x36, 0x2e, 0xff, 0x36, 0x2e, 0xff,
  0x36, 0x2e, 0xff, 0x36, 0x2e, 0xff, 0x36, 0x2e, 0xff, 0x36, 0x2e, 0xff, 0x36, 0x2e, 0xff, 0x36,
  0x2e, 0xff, 0x36, 0x2e, 0xff, 0x36, 0x2e, 0xff, 0x36, 0x2e, 0xff, 0x36, 0x2e, 0xff, 0x36, 0x2e,
  0xff, 0x36, 0x2e, 0xff, 0x36, 0x2e, 0xff, 0x36, 0x2e, 0xff, 0x36, 0x2e, 0xff, 0x36, 0x2e, 0xff,
  0x36, 0x2e, 0xff, 0x36, 0x2e, 0xff, 0x36, 0x2e, 0xff, 0x36, 0x2e, 0xff, 0x36, 0x2e, 0xff, 0x36,
  0x2e, 0xff, 0x36, 0x2e, 0xff, 0x36, 0x2e, 0xff, 0x36, 0x2e, 0xff, 0x36, 0x2e, 0xff, 0x36, 0x2e,
  0xff, 0x36, 0x2e, 0xff, 0x36, 0x2e, 0xff, 0x36, 0x2e, 0xff, 0x36, 0x2e, 0xff, 0x36, 0x2e, 0xff,
  0x36, 0x2e, 0xfd, 0x36, 0x2e, 0xff, 0x37, 0x2e, 0xf8, 0x98, 0x46, 0xab, 0x1a, 0x67, 0x8e, 0xfa,
  0x5e, 0x73, 0x39, 0x67, 0x0a, 0xff, 0x07, 0x01, 0xff, 0x07, 0x01, 0x00, 0x00, 0x00, 0x00, 0x00,
  0x00, 0x00, 0x00, 0x00, 0x00, 0x00, 0x00, 0x00, 0x00, 0x00, 0x00, 0x00, 0x00, 0x00, 0x00, 0x00,
  0x00, 0x00, 0x00, 0x00, 0x00, 0x00, 0x00, 0x00, 0x00, 0x00, 0x00, 0x00, 0x00, 0x00, 0x00, 0x00,
  0x00, 0x00, 0x00, 0x00, 0x00, 0xff, 0x7f, 0x02, 0x00, 0x00, 0x00, 0xfa, 0x5e, 0x46, 0xfa, 0x5e,
  0x98, 0xfa, 0x5e, 0x8d, 0x57, 0x2e, 0xeb, 0x57, 0x2e, 0xff, 0x16, 0x2e, 0xfd, 0x36, 0x2e, 0xff,
  0x36, 0x2e, 0xff, 0x36, 0x2e, 0xff, 0x36, 0x2e, 0xff, 0x36, 0x2e, 0xff, 0x36, 0x2e, 0xff, 0x36,
  0x2e, 0xff, 0x36, 0x2e, 0xff, 0x36, 0x2e, 0xff, 0x36, 0x2e, 0xff, 0x36, 0x2e, 0xff, 0x36, 0x2e,
  0xff, 0x36, 0x2e, 0xff, 0x36, 0x2e, 0xff, 0x36, 0x2e, 0xff, 0x36, 0x2e, 0xff, 0x36, 0x2e, 0xff,
  0x36, 0x2e, 0xff, 0x36, 0x2e, 0xff, 0x36, 0x2e, 0xff, 0x36, 0x2e, 0xff, 0x36, 0x2e, 0xff, 0x36,
  0x2e, 0xff, 0x36, 0x2e, 0xff, 0x36, 0x2e, 0xff, 0x36, 0x2e, 0xff, 0x36, 0x2e, 0xff, 0x36, 0x2e,
  0xff, 0x36, 0x2e, 0xff, 0x36, 0x2e, 0xff, 0x36, 0x2e, 0xff, 0x36, 0x2e, 0xff, 0x36, 0x2e, 0xff,
  0x36, 0x2e, 0xff, 0x36, 0x2e, 0xff, 0x36, 0x2e, 0xff, 0x36, 0x2e, 0xff, 0x36, 0x2e, 0xff, 0x36,
  0x2e, 0xff, 0x36, 0x2e, 0xff, 0x36, 0x2e, 0xff, 0x36, 0x2e, 0xff, 0x36, 0x2e, 0xff, 0x36, 0x2e,
  0xff, 0x36, 0x2e, 0xff, 0x36, 0x2e, 0xff, 0x36, 0x2e, 0xff, 0x36, 0x2e, 0xff, 0x36, 0x2e, 0xff,
  0x36, 0x2e, 0xff, 0x36, 0x2e, 0xff, 0x36, 0x2e, 0xff, 0x36, 0x2e, 0xff, 0x36, 0x2e, 0xff, 0x36,
  0x2e, 0xff, 0x36, 0x2e, 0xff, 0x36, 0x2e, 0xff, 0x36, 0x2e, 0xff, 0x36, 0x2e, 0xff, 0x36, 0x2e,
  0xff, 0x36, 0x2e, 0xff, 0x36, 0x2e, 0xff, 0x36, 0x2e, 0xff, 0x36, 0x2e, 0xff, 0x36, 0x2e, 0xff,
  0x36, 0x2e, 0xff, 0x36, 0x2e, 0xff, 0x36, 0x2e, 0xff, 0x36, 0x2e, 0xff, 0x36, 0x2e, 0xff, 0x36,
  0x2e, 0xff, 0x36, 0x2e, 0xff, 0x36, 0x2e, 0xff, 0x36, 0x2e, 0xff, 0x36, 0x2e, 0xff, 0x36, 0x2e,
  0xff, 0x36, 0x2e, 0xff, 0x36, 0x2e, 0xff, 0x36, 0x2e, 0xff, 0x36, 0x2e, 0xff, 0x36, 0x2e, 0xff,
  0x36, 0x2e, 0xff, 0x16, 0x2e, 0xfe, 0x36, 0x2e, 0xff, 0x36, 0x2e, 0xfc, 0xb9, 0x4e, 0x9f, 0xfa,
  0x66, 0x92, 0xfa, 0x5e, 0x69, 0x00, 0x00, 0x00, 0xef, 0x7b, 0x02, 0x00, 0x00, 0x00, 0x00, 0x00,
  0x00, 0x00, 0x00, 0x00, 0x00, 0x00, 0x00, 0x00, 0x00, 0x00, 0x00, 0x00, 0x00, 0x00, 0x00, 0x00,
  0x00, 0x00, 0x00, 0x00, 0x00, 0x00, 0x00, 0x00, 0x00, 0x00, 0x00, 0x00, 0x00, 0x00, 0x00, 0x00,
  0x00, 0x00, 0xef, 0x7b, 0x02, 0x00, 0x00, 0x00, 0xfa, 0x5e, 0x26, 0xfa, 0x5e, 0x91, 0x1a, 0x67,
  0x88, 0x37, 0x36, 0xe6, 0x57, 0x2e, 0xff, 0x16, 0x2e, 0xfd, 0x36, 0x2e, 0xff, 0x36, 0x2e, 0xff,
  0x36, 0x2e, 0xff, 0x36, 0x2e, 0xff, 0x36, 0x2e, 0xff, 0x36, 0x2e, 0xff, 0x36, 0x2e, 0xff, 0x36,
  0x2e, 0xff, 0x36, 0x2e, 0xff, 0x36, 0x2e, 0xff, 0x36, 0x2e, 0xff, 0x36, 0x2e, 0xff, 0x36, 0x2e,
  0xff, 0x36, 0x2e, 0xff, 0x36, 0x2e, 0xff, 0x36, 0x2e, 0xff, 0x36, 0x2e, 0xff, 0x36, 0x2e, 0xff,
  0x36, 0x2e, 0xff, 0x36, 0x2e, 0xff, 0x36, 0x2e, 0xff, 0x36, 0x2e, 0xff, 0x36, 0x2e, 0xff, 0x36,
  0x2e, 0xff, 0x36, 0x2e, 0xff, 0x36, 0x2e, 0xff, 0x36, 0x2e, 0xff, 0x36, 0x2e, 0xff, 0x36, 0x2e,
  0xff, 0x36, 0x2e, 0xff, 0x36, 0x2e, 0xff, 0x36, 0x2e, 0xff, 0x36, 0x2e, 0xff, 0x36, 0x2e, 0xff,
  0x36, 0x2e, 0xff, 0x36, 0x2e, 0xff, 0x36, 0x2e, 0xff, 0x36, 0x2e, 0xff, 0x36, 0x2e, 0xff, 0x36,
  0x2e, 0xff, 0x36, 0x2e, 0xff, 0x36, 0x2e, 0xff, 0x36, 0x2e, 0xff, 0x36, 0x2e, 0xff, 0x36, 0x2e,
  0xff, 0x36, 0x2e, 0xff, 0x36, 0x2e, 0xff, 0x36, 0x2e, 0xff, 0x36, 0x2e, 0xff, 0x36, 0x2e, 0xff,
  0x36, 0x2e, 0xff, 0x36, 0x2e, 0xff, 0x36, 0x2e, 0xff, 0x36, 0x2e, 0xff, 0x36, 0x2e, 0xff, 0x36,
  0x2e, 0xff, 0x36, 0x2e, 0xff, 0x36, 0x2e, 0xff, 0x36, 0x2e, 0xff, 0x36, 0x2e, 0xff, 0x36, 0x2e,
  0xff, 0x36, 0x2e, 0xff, 0x36, 0x2e, 0xff, 0x36, 0x2e, 0xff, 0x36, 0x2e, 0xff, 0x36, 0x2e, 0xff,
  0x36, 0x2e, 0xff, 0x36, 0x2e, 0xff, 0x36, 0x2e, 0xff, 0x36, 0x2e, 0xff, 0x36, 0x2e, 0xff, 0x36,
  0x2e, 0xff, 0x36, 0x2e, 0xff, 0x36, 0x2e, 0xff, 0x36, 0x2e, 0xff, 0x36, 0x2e, 0xff, 0x36, 0x2e,
  0xff, 0x36, 0x2e, 0xff, 0x36, 0x2e, 0xff, 0x36, 0x2e, 0xff, 0x36, 0x2e, 0xff, 0x36, 0x2e, 0xff,
  0x36, 0x2e, 0xff, 0x36, 0x2e, 0xff, 0x16, 0x2e, 0xfe, 0x36, 0x2e, 0xff, 0x37, 0x2e, 0xf8, 0xd9,
  0x56, 0x96, 0xfa, 0x66, 0x93, 0xda, 0x5e, 0x47, 0x00, 0x00, 0x00, 0xff, 0x7f, 0x02, 0x00, 0x00,
  0x00, 0x00, 0x00, 0x00, 0x00, 0x00, 0x00, 0x00, 0x00, 0x00, 0x00, 0x00, 0x00, 0x00, 0x00, 0x00,
  0x00, 0x00, 0x00, 0x00, 0x00, 0x00, 0x00, 0x00, 0x00, 0x00, 0x00, 0x00, 0x00, 0x00, 0x00, 0xff,
  0x07, 0x01, 0xff, 0x07, 0x01, 0x1c, 0x57, 0x09, 0xda, 0x5e, 0x83, 0x1a, 0x67, 0x88, 0x57, 0x3e,
  0xcc, 0x57, 0x2e, 0xff, 0x16, 0x2e, 0xfd, 0x36, 0x2e, 0xff, 0x36, 0x2e, 0xff, 0x36, 0x2e, 0xff,
  0x36, 0x2e, 0xff, 0x36, 0x2e, 0xff, 0x36, 0x2e, 0xff, 0x36, 0x2e, 0xff, 0x36, 0x2e, 0xff, 0x36,
  0x2e, 0xff, 0x36, 0x2e, 0xff, 0x36, 0x2e, 0xff, 0x36, 0x2e, 0xff, 0x36, 0x2e, 0xff, 0x36, 0x2e,
  0xff, 0x36, 0x2e, 0xff, 0x36, 0x2e, 0xff, 0x36, 0x2e, 0xff, 0x36, 0x2e, 0xff, 0x36, 0x2e, 0xff,
  0x36, 0x2e, 0xff, 0x36, 0x2e, 0xff, 0x36, 0x2e, 0xff, 0x36, 0x2e, 0xff, 0x36, 0x2e, 0xff, 0x36,
  0x2e, 0xff, 0x36, 0x2e, 0xff, 0x36, 0x2e, 0xff, 0x36, 0x2e, 0xff, 0x36, 0x2e, 0xff, 0x36, 0x2e,
  0xff, 0x36, 0x2e, 0xff, 0x36, 0x2e, 0xff, 0x36, 0x2e, 0xff, 0x36, 0x2e, 0xff, 0x36, 0x2e, 0xff,
  0x36, 0x2e, 0xff, 0x36, 0x2e, 0xff, 0x36, 0x2e, 0xff, 0x36, 0x2e, 0xff, 0x36, 0x2e, 0xff, 0x36,
  0x2e, 0xff, 0x36, 0x2e, 0xff, 0x36, 0x2e, 0xff, 0x36, 0x2e, 0xff, 0x36, 0x2e, 0xff, 0x36, 0x2e,
  0xff, 0x36, 0x2e, 0xff, 0x36, 0x2e, 0xff, 0x36, 0x2e, 0xff, 0x36, 0x2e, 0xff, 0x36, 0x2e, 0xff,
  0x36, 0x2e, 0xff, 0x36, 0x2e, 0xff, 0x36, 0x2e, 0xff, 0x36, 0x2e, 0xff, 0x36, 0x2e, 0xff, 0x36,
  0x2e, 0xff, 0x36, 0x2e, 0xff, 0x36, 0x2e, 0xff, 0x36, 0x2e, 0xff, 0x36, 0x2e, 0xff, 0x36, 0x2e,
  0xff, 0x36, 0x2e, 0xff, 0x36, 0x2e, 0xff, 0x36, 0x2e, 0xff, 0x36, 0x2e, 0xff, 0x36, 0x2e, 0xff,
  0x36, 0x2e, 0xff, 0x36, 0x2e, 0xff, 0x36, 0x2e, 0xff, 0x36, 0x2e, 0xff, 0x36, 0x2e, 0xff, 0x36,
  0x2e, 0xff, 0x36, 0x2e, 0xff, 0x36, 0x2e, 0xff, 0x36, 0x2e, 0xff, 0x36, 0x2e, 0xff, 0x36, 0x2e,
  0xff, 0x36, 0x2e, 0xff, 0x36, 0x2e, 0xff, 0x36, 0x2e, 0xff, 0x36, 0x2e, 0xff, 0x36, 0x2e, 0xff,
  0x36, 0x2e, 0xff, 0x36, 0x2e, 0xff, 0x36, 0x2e, 0xff, 0x36, 0x2e, 0xfd, 0x57, 0x2e, 0xff, 0x37,
  0x36, 0xe6, 0x1a, 0x67, 0x89, 0xfa, 0x5e, 0x92, 0xda, 0x5e, 0x22, 0x00, 0x00, 0x00, 0xef, 0x7b,
  0x02, 0x00, 0x00, 0x00, 0x00, 0x00, 0x00, 0x00, 0x00, 0x00, 0x00, 0x00, 0x00, 0x00, 0x00, 0x00,
  0x00, 0x00, 0x00, 0x00, 0x00, 0x00, 0x00, 0x00, 0x00, 0x00, 0x00, 0x00, 0x00, 0x00, 0x00, 0xef,
  0x7b, 0x02, 0x00, 0x00, 0x00, 0xfa, 0x5e, 0x52, 0x1a, 0x67, 0x90, 0xb8, 0x4e, 0xa8, 0x37, 0x2e,
  0xff, 0x36, 0x2e, 0xfd, 0x36, 0x2e, 0xff, 0x36, 0x2e, 0xff, 0x36, 0x2e, 0xff, 0x36, 0x2e, 0xff,
  0x36, 0x2e, 0xff, 0x36, 0x2e, 0xff, 0x36, 0x2e, 0xff, 0x36, 0x2e, 0xff, 0x36, 0x2e, 0xff, 0x36,
  0x2e, 0xff, 0x36, 0x2e, 0xff, 0x36, 0x2e, 0xff, 0x36, 0x2e, 0xff, 0x36, 0x2e, 0xff, 0x36, 0x2e,
  0xff, 0x36, 0x2e, 0xff, 0x36, 0x2e, 0xff, 0x36, 0x2e, 0xff, 0x36, 0x2e, 0xff, 0x36, 0x2e, 0xff,
  0x36, 0x2e, 0xff, 0x36, 0x2e, 0xff, 0x36, 0x2e, 0xff, 0x36, 0x2e, 0xff, 0x36, 0x2e, 0xff, 0x36,
  0x2e, 0xff, 0x36, 0x2e, 0xff, 0x36, 0x2e, 0xff, 0x36, 0x2e, 0xff, 0x36, 0x2e, 0xff, 0x36, 0x2e,
  0xff, 0x36, 0x2e, 0xff, 0x36, 0x2e, 0xff, 0x36, 0x2e, 0xff, 0x36, 0x2e, 0xff, 0x36, 0x2e, 0xff,
  0x36, 0x2e, 0xff, 0x36, 0x2e, 0xff, 0x36, 0x2e, 0xff, 0x36, 0x2e, 0xff, 0x36, 0x2e, 0xff, 0x36,
  0x2e, 0xff, 0x36, 0x2e, 0xff, 0x36, 0x2e, 0xff, 0x36, 0x2e, 0xff, 0x36, 0x2e, 0xff, 0x36, 0x2e,
  0xff, 0x36, 0x2e, 0xff, 0x36, 0x2e, 0xff, 0x36, 0x2e, 0xff, 0x36, 0x2e, 0xff, 0x36, 0x2e, 0xff,
  0x36, 0x2e, 0xff, 0x36, 0x2e, 0xff, 0x36, 0x2e, 0xff, 0x36, 0x2e, 0xff, 0x36, 0x2e, 0xff, 0x36,
  0x2e, 0xff, 0x36, 0x2e, 0xff, 0x36, 0x2e, 0xff, 0x36, 0x2e, 0xff, 0x36, 0x2e, 0xff, 0x36, 0x2e,
  0xff, 0x36, 0x2e, 0xff, 0x36, 0x2e, 0xff, 0x36, 0x2e, 0xff, 0x36, 0x2e, 0xff, 0x36, 0x2e, 0xff,
  0x36, 0x2e, 0xff, 0x36, 0x2e, 0xff, 0x36, 0x2e, 0xff, 0x36, 0x2e, 0xff, 0x36, 0x2e, 0xff, 0x36,
  0x2e, 0xff, 0x36, 0x2e, 0xff, 0x36, 0x2e, 0xff, 0x36, 0x2e, 0xff, 0x36, 0x2e, 0xff, 0x36, 0x2e,
  0xff, 0x36, 0x2e, 0xff, 0x36, 0x2e, 0xff, 0x36, 0x2e, 0xff, 0x36, 0x2e, 0xff, 0x36, 0x2e, 0xff,
  0x36, 0x2e, 0xff, 0x36, 0x2e, 0xff, 0x36, 0x2e, 0xff, 0x36, 0x2e, 0xff, 0x36, 0x2e, 0xfd, 0x57,
  0x2e, 0xff, 0x77, 0x3e, 0xc4, 0x1b, 0x67, 0x8a, 0xfa, 0x5e, 0x72, 0xf7, 0x3d, 0x04, 0xff, 0x07,
  0x01, 0x00, 0x00, 0x01, 0x00, 0x00, 0x00, 0x00, 0x00, 0x00, 0x00, 0x00, 0x00, 0x00, 0x00, 0x00,
  0x00, 0x00, 0x00, 0x00, 0x00, 0x00, 0x00, 0x00, 0x00, 0x00, 0x00, 0x00, 0xef, 0x7b, 0x02, 0x00,
  0x00, 0x00, 0x3b, 0x67, 0x15, 0xfa, 0x5e, 0x8d, 0xfa, 0x5e, 0x8c, 0x36, 0x2e, 0xed, 0x37, 0x2e,
  0xff, 0x16, 0x2e, 0xfe, 0x36, 0x2e, 0xff, 0x36, 0x2e, 0xff, 0x36, 0x2e, 0xff, 0x36, 0x2e, 0xff,
  0x36, 0x2e, 0xff, 0x36, 0x2e, 0xff, 0x36, 0x2e, 0xff, 0x36, 0x2e, 0xff, 0x36, 0x2e, 0xff, 0x36,
  0x2e, 0xff, 0x36, 0x2e, 0xff, 0x36, 0x2e, 0xff, 0x36, 0x2e, 0xff, 0x36, 0x2e, 0xff, 0x36, 0x2e,
  0xff, 0x36, 0x2e, 0xff, 0x36, 0x2e, 0xff, 0x36, 0x2e, 0xff, 0x36, 0x2e, 0xff, 0x36, 0x2e, 0xff,
  0x36, 0x2e, 0xff, 0x36, 0x2e, 0xff, 0x36, 0x2e, 0xff, 0x36, 0x2e, 0xff, 0x36, 0x2e, 0xff, 0x36,
  0x2e, 0xff, 0x36, 0x2e, 0xff, 0x36, 0x2e, 0xff, 0x36, 0x2e, 0xff, 0x36, 0x2e, 0xff, 0x36, 0x2e,
  0xff, 0x36, 0x2e, 0xff, 0x36, 0x2e, 0xff, 0x36, 0x2e, 0xff, 0x36, 0x2e, 0xff, 0x36, 0x2e, 0xff,
  0x36, 0x2e, 0xff, 0x36, 0x2e, 0xff, 0x36, 0x2e, 0xff, 0x36, 0x2e, 0xff, 0x36, 0x2e, 0xff, 0x36,
  0x2e, 0xff, 0x36, 0x2e, 0xff, 0x36, 0x2e, 0xff, 0x36, 0x2e, 0xff, 0x36, 0x2e, 0xff, 0x36, 0x2e,
  0xff, 0x36, 0x2e, 0xff, 0x36, 0x2e, 0xff, 0x36, 0x2e, 0xff, 0x36, 0x2e, 0xff, 0x36, 0x2e, 0xff,
  0x36, 0x2e, 0xff, 0x36, 0x2e, 0xff, 0x36, 0x2e, 0xff, 0x36, 0x2e, 0xff, 0x36, 0x2e, 0xff, 0x36,
  0x2e, 0xff, 0x36, 0x2e, 0xff, 0x36, 0x2e, 0xff, 0x36, 0x2e, 0xff, 0x36, 0x2e, 0xff, 0x36, 0x2e,
  0xff, 0x36, 0x2e, 0xff, 0x36, 0x2e, 0xff, 0x36, 0x2e, 0xff, 0x36, 0x2e, 0xff, 0x36, 0x2e, 0xff,
  0x36, 0x2e, 0xff, 0x36, 0x2e, 0xff, 0x36, 0x2e, 0xff, 0x36, 0x2e, 0xff, 0x36, 0x2e, 0xff, 0x36,
  0x2e, 0xff, 0x36, 0x2e, 0xff, 0x36, 0x2e, 0xff, 0x36, 0x2e, 0xff, 0x36, 0x2e, 0xff, 0x36, 0x2e,
  0xff, 0x36, 0x2e, 0xff, 0x36, 0x2e, 0xff, 0x36, 0x2e, 0xff, 0x36, 0x2e, 0xff, 0x36, 0x2e, 0xff,
  0x36, 0x2e, 0xff, 0x36, 0x2e, 0xff, 0x36, 0x2e, 0xff, 0x36, 0x2e, 0xff, 0x36, 0x2e, 0xfe, 0x36,
  0x2e, 0xfe, 0x36, 0x2e, 0xfd, 0xd9, 0x56, 0x9a, 0xfa, 0x66, 0x93, 0xfa, 0x5e, 0x35, 0x00, 0x00,
  0x00, 0xff, 0x7f, 0x02, 0x00, 0x00, 0x00, 0x00, 0x00, 0x00, 0x00, 0x00, 0x00, 0x00, 0x00, 0x00,
  0x00, 0x00, 0x00, 0x00, 0x00, 0x00, 0x00, 0x00, 0x00, 0x00, 0x00, 0x00, 0xef, 0x7b, 0x02, 0x00,
  0x00, 0x00, 0xfa, 0x5e, 0x5a, 0x1a, 0x67, 0x8d, 0x98, 0x46, 0xb5, 0x57, 0x2e, 0xff, 0x36, 0x2e,
  0xfd, 0x36, 0x2e, 0xff, 0x36, 0x2e, 0xff, 0x36, 0x2e, 0xff, 0x36, 0x2e, 0xff, 0x36, 0x2e, 0xff,
  0x36, 0x2e, 0xff, 0x36, 0x2e, 0xff, 0x36, 0x2e, 0xff, 0x36, 0x2e, 0xff, 0x36, 0x2e, 0xff, 0x36,
  0x2e, 0xff, 0x36, 0x2e, 0xff, 0x36, 0x2e, 0xff, 0x36, 0x2e, 0xff, 0x36, 0x2e, 0xff, 0x36, 0x2e,
  0xff, 0x36, 0x2e, 0xff, 0x36, 0x2e, 0xff, 0x36, 0x2e, 0xff, 0x36, 0x2e, 0xff, 0x36, 0x2e, 0xff,
  0x36, 0x2e, 0xff, 0x36, 0x2e, 0xff, 0x36, 0x2e, 0xff, 0x36, 0x2e, 0xff, 0x36, 0x2e, 0xff, 0x36,
  0x2e, 0xff, 0x36, 0x2e, 0xff, 0x36, 0x2e, 0xff, 0x36, 0x2e, 0xff, 0x36, 0x2e, 0xff, 0x36, 0x2e,
  0xff, 0x36, 0x2e, 0xff, 0x36, 0x2e, 0xff, 0x36, 0x2e, 0xff, 0x36, 0x2e, 0xff, 0x36, 0x2e, 0xff,
  0x36, 0x2e, 0xff, 0x36, 0x2e, 0xff, 0x36, 0x2e, 0xff, 0x36, 0x2e, 0xff, 0x36, 0x2e, 0xff, 0x36,
  0x2e, 0xff, 0x36, 0x2e, 0xff, 0x16, 0x26, 0xff, 0x16, 0x26, 0xff, 0x16, 0x2e, 0xff, 0x36, 0x2e,
  0xff, 0x36, 0x2e, 0xff, 0x36, 0x2e, 0xff, 0x36, 0x2e, 0xff, 0x36, 0x2e, 0xff, 0x36, 0x2e, 0xff,
  0x36, 0x2e, 0xff, 0x36, 0x2e, 0xff, 0x36, 0x2e, 0xff, 0x36, 0x2e, 0xff, 0x36, 0x2e, 0xff, 0x36,
  0x2e, 0xff, 0x36, 0x2e, 0xff, 0x36, 0x2e, 0xff, 0x36, 0x2e, 0xff, 0x36, 0x2e, 0xff, 0x36, 0x2e,
  0xff, 0x36, 0x2e, 0xff, 0x36, 0x2e, 0xff, 0x36, 0x2e, 0xff, 0x36, 0x2e, 0xff, 0x36, 0x2e, 0xff,
  0x36, 0x2e, 0xff, 0x36, 0x2e, 0xff, 0x36, 0x2e, 0xff, 0x36, 0x2e, 0xff, 0x36, 0x2e, 0xff, 0x36,
  0x2e, 0xff, 0x36, 0x2e, 0xff, 0x36, 0x2e, 0xff, 0x36, 0x2e, 0xff, 0x36, 0x2e, 0xff, 0x36, 0x2e,
  0xff, 0x36, 0x2e, 0xff, 0x36, 0x2e, 0xff, 0x36, 0x2e, 0xff, 0x36, 0x2e, 0xff, 0x36, 0x2e, 0xff,
  0x36, 0x2e, 0xff, 0x36, 0x2e, 0xff, 0x36, 0x2e, 0xff, 0x36, 0x2e, 0xff, 0x36, 0x2e, 0xff, 0x36,
  0x2e, 0xfd, 0x57, 0x2e, 0xff, 0x57, 0x36, 0xd3, 0x1a, 0x67, 0x89, 0xfa, 0x5e, 0x79, 0x79, 0x66,
  0x05, 0xff, 0x07, 0x01, 0x00, 0x00, 0x01, 0x00, 0x00, 0x00, 0x00, 0x00, 0x00, 0x00, 0x00, 0x00,
  0x00, 0x00, 0x00, 0x00, 0x00, 0x00, 0x00, 0x00, 0x00, 0xff, 0x07, 0x01, 0x00, 0x00, 0x00, 0xdb,
  0x5e, 0x0e, 0xfa, 0x66, 0x87, 0xfa, 0x5e, 0x8e, 0x36, 0x2e, 0xed, 0x36, 0x2e, 0xff, 0x36, 0x2e,
  0xfe, 0x36, 0x2e, 0xff, 0x36, 0x2e, 0xff, 0x36, 0x2e, 0xff, 0x36, 0x2e, 0xff, 0x36, 0x2e, 0xff,
  0x36, 0x2e, 0xff, 0x36, 0x2e, 0xff, 0x36, 0x2e, 0xff, 0x36, 0x2e, 0xff, 0x36, 0x2e, 0xff, 0x36,
  0x2e, 0xff, 0x36, 0x2e, 0xff, 0x36, 0x2e, 0xff, 0x36, 0x2e, 0xff, 0x36, 0x2e, 0xff, 0x36, 0x2e,
  0xff, 0x36, 0x2e, 0xff, 0x36, 0x2e, 0xff, 0x36, 0x2e, 0xff, 0x36, 0x2e, 0xff, 0x36, 0x2e, 0xff,
  0x36, 0x2e, 0xff, 0x36, 0x2e, 0xff, 0x36, 0x2e, 0xff, 0x36, 0x2e, 0xff, 0x36, 0x2e, 0xff, 0x36,
  0x2e, 0xff, 0x36, 0x2e, 0xff, 0x36, 0x2e, 0xff, 0x36, 0x2e, 0xff, 0x36, 0x2e, 0xff, 0x36, 0x2e,
  0xff, 0x36, 0x2e, 0xff, 0x36, 0x2e, 0xff, 0x36, 0x2e, 0xff, 0x36, 0x2e, 0xff, 0x36, 0x2e, 0xff,
  0x36, 0x2e, 0xff, 0x36, 0x2e, 0xff, 0x36, 0x2e, 0xff, 0x16, 0x26, 0xff, 0x16, 0x1e, 0xff, 0x16,
  0x26, 0xff, 0x36, 0x36, 0xfe, 0x37, 0x36, 0xfe, 0x37, 0x36, 0xfe, 0x37, 0x36, 0xfe, 0x16, 0x26,
  0xff, 0x16, 0x26, 0xff, 0x16, 0x1e, 0xff, 0x16, 0x26, 0xff, 0x36, 0x2e, 0xff, 0x36, 0x2e, 0xff,
  0x36, 0x2e, 0xff, 0x36, 0x2e, 0xff, 0x36, 0x2e, 0xff, 0x36, 0x2e, 0xff, 0x36, 0x2e, 0xff, 0x36,
  0x2e, 0xff, 0x36, 0x2e, 0xff, 0x36, 0x2e, 0xff, 0x36, 0x2e, 0xff, 0x36, 0x2e, 0xff, 0x36, 0x2e,
  0xff, 0x36, 0x2e, 0xff, 0x36, 0x2e, 0xff, 0x36, 0x2e, 0xff, 0x36, 0x2e, 0xff, 0x36, 0x2e, 0xff,
  0x36, 0x2e, 0xff, 0x36, 0x2e, 0xff, 0x36, 0x2e, 0xff, 0x36, 0x2e, 0xff, 0x36, 0x2e, 0xff, 0x36,
  0x2e, 0xff, 0x36, 0x2e, 0xff, 0x36, 0x2e, 0xff, 0x36, 0x2e, 0xff, 0x36, 0x2e, 0xff, 0x36, 0x2e,
  0xff, 0x36, 0x2e, 0xff, 0x36, 0x2e, 0xff, 0x36, 0x2e, 0xff, 0x36, 0x2e, 0xff, 0x36, 0x2e, 0xff,
  0x36, 0x2e, 0xff, 0x36, 0x2e, 0xff, 0x36, 0x2e, 0xff, 0x36, 0x2e, 0xff, 0x36, 0x2e, 0xff, 0x36,
  0x2e, 0xff, 0x36, 0x2e, 0xfe, 0x36, 0x2e, 0xfc, 0xb9, 0x56, 0x9c, 0x1a, 0x67, 0x90, 0x1a, 0x5f,
  0x2a, 0x00, 0x00, 0x00, 0xef, 0x7b, 0x02, 0x00, 0x00, 0x00, 0x00, 0x00, 0x00, 0x00, 0x00, 0x00,
  0x00, 0x00, 0x00, 0x00, 0x00, 0x00, 0x00, 0x00, 0x00, 0xff, 0x7f, 0x02, 0x00, 0x00, 0x00, 0xda,
  0x5e, 0x41, 0x1a, 0x67, 0x8e, 0x98, 0x46, 0xb3, 0x57, 0x2e, 0xff, 0x36, 0x2e, 0xfd, 0x36, 0x2e,
  0xff, 0x36, 0x2e, 0xff, 0x36, 0x2e, 0xff, 0x36, 0x2e, 0xff, 0x36, 0x2e, 0xff, 0x36, 0x2e, 0xff,
  0x36, 0x2e, 0xff, 0x36, 0x2e, 0xff, 0x36, 0x2e, 0xff, 0x36, 0x2e, 0xff, 0x36, 0x2e, 0xff, 0x36,
  0x2e, 0xff, 0x36, 0x2e, 0xff, 0x36, 0x2e, 0xff, 0x36, 0x2e, 0xff, 0x36, 0x2e, 0xff, 0x36, 0x2e,
  0xff, 0x36, 0x2e, 0xff, 0x36, 0x2e, 0xff, 0x36, 0x2e, 0xff, 0x36, 0x2e, 0xff, 0x36, 0x2e, 0xff,
  0x36, 0x2e, 0xff, 0x36, 0x2e, 0xff, 0x36, 0x2e, 0xff, 0x36, 0x2e, 0xff, 0x36, 0x2e, 0xff, 0x36,
  0x2e, 0xff, 0x36, 0x2e, 0xff, 0x36, 0x2e, 0xff, 0x36, 0x2e, 0xff, 0x36, 0x2e, 0xff, 0x36, 0x2e,
  0xff, 0x36, 0x2e, 0xff, 0x36, 0x2e, 0xff, 0x36, 0x2e, 0xff, 0x36, 0x2e, 0xff, 0x36, 0x2e, 0xff,
  0x16, 0x26, 0xff, 0x16, 0x1e, 0xff, 0x36, 0x36, 0xfe, 0xb9, 0x5e, 0xf9, 0x3b, 0x8f, 0xf4, 0x7c,
  0xaf, 0xf0, 0xde, 0xcf, 0xed, 0xde, 0xd7, 0xec, 0xde, 0xd7, 0xec, 0xde, 0xcf, 0xec, 0x9d, 0xb7,
  0xef, 0x5b, 0x9f, 0xf2, 0xd9, 0x6e, 0xf7, 0x57, 0x3e, 0xfd, 0x16, 0x26, 0xff, 0x16, 0x26, 0xff,
  0x36, 0x2e, 0xff, 0x36, 0x2e, 0xff, 0x36, 0x2e, 0xff, 0x36, 0x2e, 0xff, 0x36, 0x2e, 0xff, 0x36,
  0x2e, 0xff, 0x36, 0x2e, 0xff, 0x36, 0x2e, 0xff, 0x36, 0x2e, 0xff, 0x36, 0x2e, 0xff, 0x36, 0x2e,
  0xff, 0x36, 0x2e, 0xff, 0x36, 0x2e, 0xff, 0x36, 0x2e, 0xff, 0x36, 0x2e, 0xff, 0x36, 0x2e, 0xff,
  0x36, 0x2e, 0xff, 0x36, 0x2e, 0xff, 0x36, 0x2e, 0xff, 0x36, 0x2e, 0xff, 0x36, 0x2e, 0xff, 0x36,
  0x2e, 0xff, 0x36, 0x2e, 0xff, 0x36, 0x2e, 0xff, 0x36, 0x2e, 0xff, 0x36, 0x2e, 0xff, 0x36, 0x2e,
  0xff, 0x36, 0x2e, 0xff, 0x36, 0x2e, 0xff, 0x36, 0x2e, 0xff, 0x36, 0x2e, 0xff, 0x36, 0x2e, 0xff,
  0x36, 0x2e, 0xff, 0x36, 0x2e, 0xff, 0x36, 0x2e, 0xff, 0x36, 0x2e, 0xff, 0x36, 0x2e, 0xff, 0x36,
  0x2e, 0xff, 0x36, 0x2e, 0xfd, 0x57, 0x2e, 0xff, 0x57, 0x36, 0xd1, 0x1a, 0x67, 0x8c, 0xda, 0x5e,
  0x64, 0x00, 0x00, 0x00, 0xff, 0x07, 0x01, 0x00, 0x00, 0x00, 0x00, 0x00, 0x00, 0x00, 0x00, 0x00,
  0x00, 0x00, 0x00, 0x00, 0x00, 0x00, 0x00, 0x00, 0x00, 0xff, 0x07, 0x01, 0xff, 0x07, 0x01, 0xfa,
  0x5e, 0x6f, 0x1a, 0x67, 0x8c, 0x57, 0x36, 0xdc, 0x57, 0x2e, 0xff, 0x16, 0x2e, 0xfe, 0x36, 0x2e,
  0xff, 0x36, 0x2e, 0xff, 0x36, 0x2e, 0xff, 0x36, 0x2e, 0xff, 0x36, 0x2e, 0xff, 0x36, 0x2e, 0xff,
  0x36, 0x2e, 0xff, 0x36, 0x2e, 0xff, 0x36, 0x2e, 0xff, 0x36, 0x2e, 0xff, 0x36, 0x2e, 0xff, 0x36,
  0x2e, 0xff, 0x36, 0x2e, 0xff, 0x36, 0x2e, 0xff, 0x36, 0x2e, 0xff, 0x36, 0x2e, 0xff, 0x36, 0x2e,
  0xff, 0x36, 0x2e, 0xff, 0x36, 0x2e, 0xff, 0x36, 0x2e, 0xff, 0x36, 0x2e, 0xff, 0x36, 0x2e, 0xff,
  0x36, 0x2e, 0xff, 0x36, 0x2e, 0xff, 0x36, 0x2e, 0xff, 0x36, 0x2e, 0xff, 0x36, 0x2e, 0xff, 0x36,
  0x2e, 0xff, 0x36, 0x2e, 0xff, 0x36, 0x2e, 0xff, 0x36, 0x2e, 0xff, 0x36, 0x2e, 0xff, 0x36, 0x2e,
  0xff, 0x36, 0x2e, 0xff, 0x36, 0x2e, 0xff, 0x36, 0x2e, 0xff, 0x36, 0x2e, 0xff, 0x16, 0x1e, 0xff,
  0x37, 0x36, 0xfd, 0x1a, 0x87, 0xf5, 0xde, 0xcf, 0xed, 0xff, 0xef, 0xea, 0xff, 0xef, 0xea, 0xff,
  0xef, 0xea, 0xff, 0xe7, 0xea, 0xff, 0xe7, 0xeb, 0xff, 0xe7, 0xeb, 0xff, 0xe7, 0xeb, 0xff, 0xef,
  0xea, 0xff, 0xef, 0xea, 0xff, 0xef, 0xea, 0xff, 0xd7, 0xeb, 0x5b, 0x9f, 0xf2, 0x77, 0x46, 0xfc,
  0x16, 0x26, 0xff, 0x36, 0x2e, 0xff, 0x36, 0x2e, 0xff, 0x36, 0x2e, 0xff, 0x36, 0x2e, 0xff, 0x36,
  0x2e, 0xff, 0x36, 0x2e, 0xff, 0x36, 0x2e, 0xff, 0x36, 0x2e, 0xff, 0x36, 0x2e, 0xff, 0x36, 0x2e,
  0xff, 0x36, 0x2e, 0xff, 0x36, 0x2e, 0xff, 0x36, 0x2e, 0xff, 0x36, 0x2e, 0xff, 0x36, 0x2e, 0xff,
  0x36, 0x2e, 0xff, 0x36, 0x2e, 0xff, 0x36, 0x2e, 0xff, 0x36, 0x2e, 0xff, 0x36, 0x2e, 0xff, 0x36,
  0x2e, 0xff, 0x36, 0x2e, 0xff, 0x36, 0x2e, 0xff, 0x36, 0x2e, 0xff, 0x36, 0x2e, 0xff, 0x36, 0x2e,
  0xff, 0x36, 0x2e, 0xff, 0x36, 0x2e, 0xff, 0x36, 0x2e, 0xff, 0x36, 0x2e, 0xff, 0x36, 0x2e, 0xff,
  0x36, 0x2e, 0xff, 0x36, 0x2e, 0xff, 0x36, 0x2e, 0xff, 0x36, 0x2e, 0xff, 0x36, 0x2e, 0xff, 0x36,
  0x2e, 0xff, 0x36, 0x2e, 0xfe, 0x36, 0x2e, 0xff, 0x36, 0x2e, 0xf4, 0xfa, 0x5e, 0x92, 0xfa, 0x5e,
  0x85, 0xdb, 0x5e, 0x0e, 0x00, 0x00, 0x00, 0xff, 0x07, 0x01, 0x00, 0x00, 0x00, 0x00, 0x00, 0x00,
  0x00, 0x00, 0x00, 0x00, 0x00, 0x00, 0xef, 0x03, 0x02, 0x00, 0x00, 0x00, 0xdb, 0x56, 0x15, 0xfa,
  0x66, 0x89, 0xd9, 0x56, 0x97, 0x36, 0x2e, 0xf9, 0x36, 0x2e, 0xff, 0x36, 0x2e, 0xfe, 0x36, 0x2e,
  0xff, 0x36, 0x2e, 0xff, 0x36, 0x2e, 0xff, 0x36, 0x2e, 0xff, 0x36, 0x2e, 0xff, 0x36, 0x2e, 0xff,
  0x36, 0x2e, 0xff, 0x36, 0x2e, 0xff, 0x36, 0x2e, 0xff, 0x36, 0x2e, 0xff, 0x36, 0x2e, 0xff, 0x36,
  0x2e, 0xff, 0x36, 0x2e, 0xff, 0x36, 0x2e, 0xff, 0x36, 0x2e, 0xff, 0x36, 0x2e, 0xff, 0x36, 0x2e,
  0xff, 0x36, 0x2e, 0xff, 0x36, 0x2e, 0xff, 0x36, 0x2e, 0xff, 0x36, 0x2e, 0xff, 0x36, 0x2e, 0xff,
  0x36, 0x2e, 0xff, 0x36, 0x2e, 0xff, 0x36, 0x2e, 0xff, 0x36, 0x2e, 0xff, 0x36, 0x2e, 0xff, 0x36,
  0x2e, 0xff, 0x36, 0x2e, 0xff, 0x36, 0x2e, 0xff, 0x36, 0x2e, 0xff, 0x36, 0x2e, 0xff, 0x36, 0x2e,
  0xff, 0x36, 0x2e, 0xff, 0x36, 0x2e, 0xff, 0x16, 0x2e, 0xff, 0x16, 0x26, 0xff, 0xda, 0x76, 0xf6,
  0xde, 0xd7, 0xec, 0xff, 0xef, 0xe9, 0xff, 0xe7, 0xea, 0xff, 0xdf, 0xeb, 0xff, 0xdf, 0xeb, 0xff,
  0xdf, 0xeb, 0xff, 0xdf, 0xeb, 0xff, 0xdf, 0xeb, 0xff, 0xdf, 0xeb, 0xff, 0xdf, 0xeb, 0xff, 0xdf,
  0xeb, 0xff, 0xdf, 0xeb, 0xff, 0xdf, 0xeb, 0xff, 0xdf, 0xeb, 0xff, 0xef, 0xea, 0xff, 0xdf, 0xeb,
  0x3b, 0x8f, 0xf3, 0x36, 0x2e, 0xfe, 0x16, 0x26, 0xff, 0x36, 0x2e, 0xff, 0x36, 0x2e, 0xff, 0x36,
  0x2e, 0xff, 0x36, 0x2e, 0xff, 0x36, 0x2e, 0xff, 0x36, 0x2e, 0xff, 0x36, 0x2e, 0xff, 0x36, 0x2e,
  0xff, 0x36, 0x2e, 0xff, 0x36, 0x2e, 0xff, 0x36, 0x2e, 0xff, 0x36, 0x2e, 0xff, 0x36, 0x2e, 0xff,
  0x36, 0x2e, 0xff, 0x36, 0x2e, 0xff, 0x36, 0x2e, 0xff, 0x36, 0x2e, 0xff, 0x36, 0x2e, 0xff, 0x36,
  0x2e, 0xff, 0x36, 0x2e, 0xff, 0x36, 0x2e, 0xff, 0x36, 0x2e, 0xff, 0x36, 0x2e, 0xff, 0x36, 0x2e,
  0xff, 0x36, 0x2e, 0xff, 0x36, 0x2e, 0xff, 0x36, 0x2e, 0xff, 0x36, 0x2e, 0xff, 0x36, 0x2e, 0xff,
  0x36, 0x2e, 0xff, 0x36, 0x2e, 0xff, 0x36, 0x2e, 0xff, 0x36, 0x2e, 0xff, 0x36, 0x2e, 0xff, 0x36,
  0x2e, 0xff, 0x36, 0x2e, 0xff, 0x16, 0x2e, 0xfe, 0x57, 0x2e, 0xff, 0x98, 0x46, 0xac, 0x1a, 0x67,
  0x8e, 0xfa, 0x5e, 0x35, 0x00, 0x00, 0x00, 0xff, 0x7f, 0x02, 0x00, 0x00, 0x00, 0x00, 0x00, 0x00,
  0x00, 0x00, 0x00, 0x00, 0x00, 0x00, 0xff, 0x7f, 0x02, 0x00, 0x00, 0x00, 0xfa, 0x5e, 0x36, 0x1a,
  0x67, 0x8e, 0x98, 0x46, 0xaf, 0x57, 0x2e, 0xff, 0x16, 0x2e, 0xfe, 0x36, 0x2e, 0xff, 0x36, 0x2e,
  0xff, 0x36, 0x2e, 0xff, 0x36, 0x2e, 0xff, 0x36, 0x2e, 0xff, 0x36, 0x2e, 0xff, 0x36, 0x2e, 0xff,
  0x36, 0x2e, 0xff, 0x36, 0x2e, 0xff, 0x36, 0x2e, 0xff, 0x36, 0x2e, 0xff, 0x36, 0x2e, 0xff, 0x36,
  0x2e, 0xff, 0x36, 0x2e, 0xff, 0x36, 0x2e, 0xff, 0x36, 0x2e, 0xff, 0x36, 0x2e, 0xff, 0x36, 0x2e,
  0xff, 0x36, 0x2e, 0xff, 0x36, 0x2e, 0xff, 0x36, 0x2e, 0xff, 0x36, 0x2e, 0xff, 0x36, 0x2e, 0xff,
  0x36, 0x2e, 0xff, 0x36, 0x2e, 0xff, 0x36, 0x2e, 0xff, 0x36, 0x2e, 0xff, 0x36, 0x2e, 0xff, 0x36,
  0x2e, 0xff, 0x36, 0x2e, 0xff, 0x36, 0x2e, 0xff, 0x36, 0x2e, 0xff, 0x36, 0x2e, 0xff, 0x36, 0x2e,
  0xff, 0x36, 0x2e, 0xff, 0x16, 0x26, 0xff, 0x36, 0x36, 0xfe, 0x7c, 0xaf, 0xf0, 0xff, 0xef, 0xea,
  0xff, 0xe7, 0xeb, 0xff, 0xdf, 0xeb, 0xff, 0xdf, 0xeb, 0xff, 0xdf, 0xeb, 0xff, 0xdf, 0xeb, 0xff,
  0xdf, 0xeb, 0xff, 0xe7, 0xeb, 0xff, 0xe7, 0xeb, 0xff, 0xe7, 0xeb, 0xff, 0xe7, 0xeb, 0xff, 0xdf,
  0xeb, 0xff, 0xdf, 0xeb, 0xff, 0xdf, 0xeb, 0xff, 0xdf, 0xeb, 0xff, 0xdf, 0xeb, 0xff, 0xdf, 0xeb,
  0xff, 0xef, 0xe9, 0xde, 0xcf, 0xed, 0x78, 0x4e, 0xfb, 0x16, 0x1e, 0xff, 0x36, 0x2e, 0xff, 0x36,
  0x2e, 0xff, 0x36, 0x2e, 0xff, 0x36, 0x2e, 0xff, 0x36, 0x2e, 0xff, 0x36, 0x2e, 0xff, 0x36, 0x2e,
  0xff, 0x36, 0x2e, 0xff, 0x36, 0x2e, 0xff, 0x36, 0x2e, 0xff, 0x36, 0x2e, 0xff, 0x36, 0x2e, 0xff,
  0x36, 0x2e, 0xff, 0x36, 0x2e, 0xff, 0x36, 0x2e, 0xff, 0x36, 0x2e, 0xff, 0x36, 0x2e, 0xff, 0x36,
  0x2e, 0xff, 0x36, 0x2e, 0xff, 0x36, 0x2e, 0xff, 0x36, 0x2e, 0xff, 0x36, 0x2e, 0xff, 0x36, 0x2e,
  0xff, 0x36, 0x2e, 0xff, 0x36, 0x2e, 0xff, 0x36, 0x2e, 0xff, 0x36, 0x2e, 0xff, 0x36, 0x2e, 0xff,
  0x36, 0x2e, 0xff, 0x36, 0x2e, 0xff, 0x36, 0x2e, 0xff, 0x36, 0x2e, 0xff, 0x36, 0x2e, 0xff, 0x36,
  0x2e, 0xff, 0x36, 0x2e, 0xff, 0x36, 0x2e, 0xfd, 0x57, 0x2e, 0xff, 0x57, 0x3e, 0xcc, 0x1a, 0x67,
  0x8d, 0xda, 0x5e, 0x5a, 0x00, 0x00, 0x00, 0xff, 0x07, 0x02, 0x00, 0x00, 0x00, 0x00, 0x00, 0x00,
  0x00, 0x00, 0x00, 0x00, 0x00, 0x00, 0xff, 0x7f, 0x02, 0x00, 0x00, 0x00, 0xfa, 0x5e, 0x53, 0x1a,
  0x67, 0x8e, 0x77, 0x3e, 0xc6, 0x57, 0x2e, 0xff, 0x36, 0x2e, 0xfd, 0x36, 0x2e, 0xff, 0x36, 0x2e,
  0xff, 0x36, 0x2e, 0xff, 0x36, 0x2e, 0xff, 0x36, 0x2e, 0xff, 0x36, 0x2e, 0xff, 0x36, 0x2e, 0xff,
  0x36, 0x2e, 0xff, 0x36, 0x2e, 0xff, 0x36, 0x2e, 0xff, 0x36, 0x2e, 0xff, 0x36, 0x2e, 0xff, 0x36,
  0x2e, 0xff, 0x36, 0x2e, 0xff, 0x36, 0x2e, 0xff, 0x36, 0x2e, 0xff, 0x36, 0x2e, 0xff, 0x36, 0x2e,
  0xff, 0x36, 0x2e, 0xff, 0x36, 0x2e, 0xff, 0x36, 0x2e, 0xff, 0x36, 0x2e, 0xff, 0x36, 0x2e, 0xff,
  0x36, 0x2e, 0xff, 0x36, 0x2e, 0xff, 0x36, 0x2e, 0xff, 0x36, 0x2e, 0xff, 0x36, 0x2e, 0xff, 0x36,
  0x2e, 0xff, 0x36, 0x2e, 0xff, 0x36, 0x2e, 0xff, 0x36, 0x2e, 0xff, 0x36, 0x2e, 0xff, 0x36, 0x2e,
  0xff, 0x16, 0x26, 0xff, 0x78, 0x46, 0xfb, 0xbd, 0xbf, 0xee, 0xff, 0xef, 0xe9, 0xff, 0xdf, 0xeb,
  0xff, 0xdf, 0xeb, 0xff, 0xdf, 0xeb, 0xff, 0xdf, 0xeb, 0xff, 0xe7, 0xea, 0xff, 0xef, 0xea, 0xff,
  0xef, 0xea, 0xfe, 0xd7, 0xeb, 0xde, 0xcf, 0xec, 0xde, 0xcf, 0xec, 0xde, 0xd7, 0xec, 0xff, 0xef,
  0xea, 0xff, 0xef, 0xea, 0xff, 0xef, 0xea, 0xff, 0xdf, 0xeb, 0xff, 0xdf, 0xeb, 0xff, 0xdf, 0xeb,
  0xff, 0xdf, 0xeb, 0xff, 0xef, 0xea, 0xfe, 0xdf, 0xec, 0xb9, 0x5e, 0xf8, 0x16, 0x26, 0xff, 0x36,
  0x2e, 0xff, 0x36, 0x2e, 0xff, 0x36, 0x2e, 0xff, 0x36, 0x2e, 0xff, 0x36, 0x2e, 0xff, 0x36, 0x2e,
  0xff, 0x36, 0x2e, 0xff, 0x36, 0x2e, 0xff, 0x36, 0x2e, 0xff, 0x36, 0x2e, 0xff, 0x36, 0x2e, 0xff,
  0x36, 0x2e, 0xff, 0x36, 0x2e, 0xff, 0x36, 0x2e, 0xff, 0x36, 0x2e, 0xff, 0x36, 0x2e, 0xff, 0x36,
  0x2e, 0xff, 0x36, 0x2e, 0xff, 0x36, 0x2e, 0xff, 0x36, 0x2e, 0xff, 0x36, 0x2e, 0xff, 0x36, 0x2e,
  0xff, 0x36, 0x2e, 0xff, 0x36, 0x2e, 0xff, 0x36, 0x2e, 0xff, 0x36, 0x2e, 0xff, 0x36, 0x2e, 0xff,
  0x36, 0x2e, 0xff, 0x36, 0x2e, 0xff, 0x36, 0x2e, 0xff, 0x36, 0x2e, 0xff, 0x36, 0x2e, 0xff, 0x36,
  0x2e, 0xff, 0x36, 0x2e, 0xff, 0x16, 0x2e, 0xfe, 0x57, 0x2e, 0xff, 0x37, 0x36, 0xe3, 0xfa, 0x66,
  0x8e, 0xfa, 0x5e, 0x72, 0x55, 0x55, 0x03, 0xff, 0x07, 0x01, 0x00, 0x00, 0x00, 0x00, 0x00, 0x00,
  0x00, 0x00, 0x00, 0x00, 0x00, 0x00, 0xff, 0x07, 0x01, 0x00, 0x00, 0x00, 0xfa, 0x5e, 0x69, 0x1a,
  0x67, 0x8d, 0x57, 0x36, 0xdd, 0x57, 0x2e, 0xff, 0x16, 0x2e, 0xfe, 0x36, 0x2e, 0xff, 0x36, 0x2e,
  0xff, 0x36, 0x2e, 0xff, 0x36, 0x2e, 0xff, 0x36, 0x2e, 0xff, 0x36, 0x2e, 0xff, 0x36, 0x2e, 0xff,
  0x36, 0x2e, 0xff, 0x36, 0x2e, 0xff, 0x36, 0x2e, 0xff, 0x36, 0x2e, 0xff, 0x36, 0x2e, 0xff, 0x36,
  0x2e, 0xff, 0x36, 0x2e, 0xff, 0x36, 0x2e, 0xff, 0x36, 0x2e, 0xff, 0x36, 0x2e, 0xff, 0x36, 0x2e,
  0xff, 0x36, 0x2e, 0xff, 0x36, 0x2e, 0xff, 0x36, 0x2e, 0xff, 0x36, 0x2e, 0xff, 0x36, 0x2e, 0xff,
  0x36, 0x2e, 0xff, 0x36, 0x2e, 0xff, 0x36, 0x2e, 0xff, 0x36, 0x2e, 0xff, 0x36, 0x2e, 0xff, 0x36,
  0x2e, 0xff, 0x36, 0x2e, 0xff, 0x36, 0x2e, 0xff, 0x36, 0x2e, 0xff, 0x36, 0x2e, 0xff, 0x16, 0x26,
  0xff, 0x57, 0x3e, 0xfd, 0xfe, 0xdf, 0xec, 0xff, 0xef, 0xea, 0xff, 0xdf, 0xeb, 0xff, 0xdf, 0xeb,
  0xff, 0xdf, 0xeb, 0xff, 0xdf, 0xeb, 0xff, 0xe7, 0xea, 0xbd, 0xbf, 0xed, 0x1b, 0x8f, 0xf3, 0xb9,
  0x5e, 0xf8, 0x98, 0x56, 0xfb, 0x57, 0x46, 0xfd, 0x57, 0x46, 0xfd, 0x78, 0x4e, 0xfc, 0x98, 0x5e,
  0xf9, 0xfa, 0x7e, 0xf4, 0x9d, 0xb7, 0xef, 0xff, 0xdf, 0xea, 0xff, 0xdf, 0xeb, 0xff, 0xdf, 0xeb,
  0xff, 0xdf, 0xeb, 0xff, 0xdf, 0xeb, 0xff, 0xe7, 0xeb, 0xff, 0xef, 0xe9, 0xb9, 0x66, 0xf9, 0x16,
  0x1e, 0xff, 0x36, 0x2e, 0xff, 0x36, 0x2e, 0xff, 0x36, 0x2e, 0xff, 0x36, 0x2e, 0xff, 0x36, 0x2e,
  0xff, 0x36, 0x2e, 0xff, 0x36, 0x2e, 0xff, 0x36, 0x2e, 0xff, 0x36, 0x2e, 0xff, 0x36, 0x2e, 0xff,
  0x36, 0x2e, 0xff, 0x36, 0x2e, 0xff, 0x36, 0x2e, 0xff, 0x36, 0x2e, 0xff, 0x36, 0x2e, 0xff, 0x36,
  0x2e, 0xff, 0x36, 0x2e, 0xff, 0x36, 0x2e, 0xff, 0x36, 0x2e, 0xff, 0x36, 0x2e, 0xff, 0x36, 0x2e,
  0xff, 0x36, 0x2e, 0xff, 0x36, 0x2e, 0xff, 0x36, 0x2e, 0xff, 0x36, 0x2e, 0xff, 0x36, 0x2e, 0xff,
  0x36, 0x2e, 0xff, 0x36, 0x2e, 0xff, 0x36, 0x2e, 0xff, 0x36, 0x2e, 0xff, 0x36, 0x2e, 0xff, 0x36,
  0x2e, 0xff, 0x36, 0x2e, 0xff, 0x36, 0x2e, 0xfe, 0x36, 0x2e, 0xff, 0x36, 0x2e, 0xf5, 0xfa, 0x5e,
  0x94, 0xfa, 0x66, 0x81, 0x38, 0x56, 0x09, 0x00, 0x00, 0x00, 0xe0, 0x07, 0x01, 0x00, 0x00, 0x00,
  0x00, 0x00, 0x00, 0x00, 0x00, 0x00, 0xff, 0x07, 0x01, 0x55, 0x55, 0x03, 0xfa, 0x5e, 0x6f, 0xfa,
  0x5e, 0x90, 0x37, 0x2e, 0xe6, 0x37, 0x2e, 0xff, 0x16, 0x2e, 0xfe, 0x36, 0x2e, 0xff, 0x36, 0x2e,
  0xff, 0x36, 0x2e, 0xff, 0x36, 0x2e, 0xff, 0x36, 0x2e, 0xff, 0x36, 0x2e, 0xff, 0x36, 0x2e, 0xff,
  0x36, 0x2e, 0xff, 0x36, 0x2e, 0xff, 0x36, 0x2e, 0xff, 0x36, 0x2e, 0xff, 0x36, 0x2e, 0xff, 0x36,
  0x2e, 0xff, 0x36, 0x2e, 0xff, 0x36, 0x2e, 0xff, 0x36, 0x2e, 0xff, 0x36, 0x2e, 0xff, 0x36, 0x2e,
  0xff, 0x36, 0x2e, 0xff, 0x36, 0x2e, 0xff, 0x36, 0x2e, 0xff, 0x36, 0x2e, 0xff, 0x36, 0x2e, 0xff,
  0x36, 0x2e, 0xff, 0x36, 0x2e, 0xff, 0x36, 0x2e, 0xff, 0x36, 0x2e, 0xff, 0x36, 0x2e, 0xff, 0x36,
  0x2e, 0xff, 0x36, 0x2e, 0xff, 0x36, 0x2e, 0xff, 0x36, 0x2e, 0xff, 0x16, 0x26, 0xff, 0x36, 0x36,
  0xfe, 0x9d, 0xbf, 0xef, 0xff, 0xe7, 0xea, 0xff, 0xdf, 0xeb, 0xff, 0xdf, 0xeb, 0xff, 0xdf, 0xeb,
  0xff, 0xdf, 0xeb, 0xff, 0xe7, 0xeb, 0x9d, 0xbf, 0xf2, 0x1b, 0x9f, 0xf9, 0x3c, 0xaf, 0xf9, 0x7d,
  0xcf, 0xf8, 0xdf, 0xef, 0xf6, 0xdf, 0xef, 0xf6, 0xdf, 0xef, 0xf6, 0xdf, 0xef, 0xf6, 0x9d, 0xd7,
  0xf8, 0x5c, 0xb7, 0xf9, 0x1b, 0x9f, 0xfa, 0x7c, 0xb7, 0xf4, 0xff, 0xdf, 0xec, 0xff, 0xdf, 0xea,
  0xff, 0xdf, 0xeb, 0xff, 0xdf, 0xeb, 0xff, 0xdf, 0xeb, 0xff, 0xe7, 0xeb, 0xfe, 0xdf, 0xeb, 0x78,
  0x4e, 0xfb, 0x16, 0x26, 0xff, 0x36, 0x2e, 0xff, 0x36, 0x2e, 0xff, 0x36, 0x2e, 0xff, 0x36, 0x2e,
  0xff, 0x36, 0x2e, 0xff, 0x36, 0x2e, 0xff, 0x36, 0x2e, 0xff, 0x36, 0x2e, 0xff, 0x36, 0x2e, 0xff,
  0x36, 0x2e, 0xff, 0x36, 0x2e, 0xff, 0x36, 0x2e, 0xff, 0x36, 0x2e, 0xff, 0x36, 0x2e, 0xff, 0x36,
  0x2e, 0xff, 0x36, 0x2e, 0xff, 0x36, 0x2e, 0xff, 0x36, 0x2e, 0xff, 0x36, 0x2e, 0xff, 0x36, 0x2e,
  0xff, 0x36, 0x2e, 0xff, 0x36, 0x2e, 0xff, 0x36, 0x2e, 0xff, 0x36, 0x2e, 0xff, 0x36, 0x2e, 0xff,
  0x36, 0x2e, 0xff, 0x36, 0x2e, 0xff, 0x36, 0x2e, 0xff, 0x36, 0x2e, 0xff, 0x36, 0x2e, 0xff, 0x36,
  0x2e, 0xff, 0x36, 0x2e, 0xff, 0x36, 0x2e, 0xfe, 0x36, 0x2e, 0xff, 0x36, 0x2e, 0xf9, 0xd9, 0x56,
  0x9b, 0xfa, 0x66, 0x84, 0x9a, 0x5e, 0x11, 0x00, 0x00, 0x00, 0xe0, 0x07, 0x01, 0x00, 0x00, 0x00,
  0x00, 0x00, 0x00, 0xe0, 0x07, 0x01, 0x00, 0x00, 0x00, 0x79, 0x4e, 0x0a, 0xfa, 0x66, 0x82, 0xd9,
  0x5e, 0x96, 0x36, 0x2e, 0xf8, 0x36, 0x2e, 0xff, 0x36, 0x2e, 0xfe, 0x36, 0x2e, 0xff, 0x36, 0x2e,
  0xff, 0x36, 0x2e, 0xff, 0x36, 0x2e, 0xff, 0x36, 0x2e, 0xff, 0x36, 0x2e, 0xff, 0x36, 0x2e, 0xff,
  0x36, 0x2e, 0xff, 0x36, 0x2e, 0xff, 0x36, 0x2e, 0xff, 0x36, 0x2e, 0xff, 0x36, 0x2e, 0xff, 0x36,
  0x2e, 0xff, 0x36, 0x2e, 0xff, 0x36, 0x2e, 0xff, 0x36, 0x2e, 0xff, 0x36, 0x2e, 0xff, 0x36, 0x2e,
  0xff, 0x36, 0x2e, 0xff, 0x36, 0x2e, 0xff, 0x36, 0x2e, 0xff, 0x36, 0x2e, 0xff, 0x36, 0x2e, 0xff,
  0x36, 0x2e, 0xff, 0x36, 0x2e, 0xff, 0x36, 0x2e, 0xff, 0x36, 0x2e, 0xff, 0x36, 0x2e, 0xff, 0x36,
  0x2e, 0xff, 0x36, 0x2e, 0xff, 0x36, 0x2e, 0xff, 0x36, 0x2e, 0xff, 0x16, 0x26, 0xff, 0x5c, 0xa7,
  0xf1, 0xff, 0xef, 0xe9, 0xff, 0xdf, 0xeb, 0xff, 0xdf, 0xeb, 0xff, 0xdf, 0xeb, 0xff, 0xdf, 0xeb,
  0xff, 0xe7, 0xec, 0xff, 0xff, 0xf3, 0xff, 0xff, 0xf6, 0xff, 0xff, 0xf5, 0xff, 0xff, 0xf4, 0xff,
  0xff, 0xf4, 0xff, 0xff, 0xf5, 0xff, 0xff, 0xf5, 0xff, 0xff, 0xf5, 0xff, 0xff, 0xf5, 0xff, 0xff,
  0xf4, 0xff, 0xff, 0xf4, 0xff, 0xff, 0xf4, 0xff, 0xff, 0xf6, 0xff, 0xff, 0xf4, 0xff, 0xe7, 0xee,
  0xff, 0xdf, 0xea, 0xff, 0xdf, 0xeb, 0xff, 0xdf, 0xeb, 0xff, 0xdf, 0xeb, 0xff, 0xef, 0xea, 0xde,
  0xcf, 0xed, 0x37, 0x36, 0xfe, 0x16, 0x2e, 0xff, 0x36, 0x2e, 0xff, 0x36, 0x2e, 0xff, 0x36, 0x2e,
  0xff, 0x36, 0x2e, 0xff, 0x36, 0x2e, 0xff, 0x36, 0x2e, 0xff, 0x36, 0x2e, 0xff, 0x36, 0x2e, 0xff,
  0x36, 0x2e, 0xff, 0x36, 0x2e, 0xff, 0x36, 0x2e, 0xff, 0x36, 0x2e, 0xff, 0x36, 0x2e, 0xff, 0x36,
  0x2e, 0xff, 0x36, 0x2e, 0xff, 0x36, 0x2e, 0xff, 0x36, 0x2e, 0xff, 0x36, 0x2e, 0xff, 0x36, 0x2e,
  0xff, 0x36, 0x2e, 0xff, 0x36, 0x2e, 0xff, 0x36, 0x2e, 0xff, 0x36, 0x2e, 0xff, 0x36, 0x2e, 0xff,
  0x36, 0x2e, 0xff, 0x36, 0x2e, 0xff, 0x36, 0x2e, 0xff, 0x36, 0x2e, 0xff, 0x36, 0x2e, 0xff, 0x36,
  0x2e, 0xff, 0x36, 0x2e, 0xff, 0x36, 0x2e, 0xff, 0x16, 0x2e, 0xfe, 0x37, 0x2e, 0xff, 0x98, 0x4e,
  0xa9, 0x1a, 0x67, 0x8c, 0xfa, 0x56, 0x26, 0x00, 0x00, 0x00, 0xef, 0x7b, 0x02, 0x00, 0x00, 0x00,
  0x00, 0x00, 0x00, 0xe0, 0x07, 0x01, 0x00, 0x00, 0x00, 0x79, 0x4e, 0x0a, 0xfa, 0x66, 0x81, 0xd9,
  0x5e, 0x96, 0x36, 0x2e, 0xf7, 0x36, 0x2e, 0xff, 0x36, 0x2e, 0xfe, 0x36, 0x2e, 0xff, 0x36, 0x2e,
  0xff, 0x36, 0x2e, 0xff, 0x36, 0x2e, 0xff, 0x36, 0x2e, 0xff, 0x36, 0x2e, 0xff, 0x36, 0x2e, 0xff,
  0x36, 0x2e, 0xff, 0x36, 0x2e, 0xff, 0x36, 0x2e, 0xff, 0x36, 0x2e, 0xff, 0x36, 0x2e, 0xff, 0x36,
  0x2e, 0xff, 0x36, 0x2e, 0xff, 0x36, 0x2e, 0xff, 0x36, 0x2e, 0xff, 0x36, 0x2e, 0xff, 0x36, 0x2e,
  0xff, 0x36, 0x2e, 0xff, 0x36, 0x2e, 0xff, 0x36, 0x2e, 0xff, 0x36, 0x2e, 0xff, 0x36, 0x2e, 0xff,
  0x36, 0x2e, 0xff, 0x36, 0x2e, 0xff, 0x36, 0x2e, 0xff, 0x36, 0x2e, 0xff, 0x36, 0x2e, 0xff, 0x36,
  0x2e, 0xff, 0x36, 0x2e, 0xff, 0x36, 0x2e, 0xff, 0x16, 0x1e, 0xff, 0xd9, 0x6e, 0xf8, 0xff, 0xef,
  0xe9, 0xff, 0xdf, 0xeb, 0xff, 0xdf, 0xeb, 0xff, 0xdf, 0xeb, 0xff, 0xdf, 0xea, 0xff, 0xe7, 0xed,
  0xff, 0xff, 0xf4, 0xff, 0xff, 0xf6, 0xff, 0xff, 0xf5, 0xff, 0xff, 0xf5, 0xff, 0xff, 0xf5, 0xff,
  0xff, 0xf5, 0xff, 0xff, 0xf5, 0xff, 0xff, 0xf5, 0xff, 0xff, 0xf5, 0xff, 0xff, 0xf5, 0xff, 0xff,
  0xf5, 0xff, 0xff, 0xf5, 0xff, 0xff, 0xf5, 0xff, 0xff, 0xf5, 0xff, 0xff, 0xf5, 0xff, 0xff, 0xf5,
  0xff, 0xef, 0xef, 0xff, 0xdf, 0xea, 0xff, 0xdf, 0xeb, 0xff, 0xdf, 0xeb, 0xff, 0xdf, 0xeb, 0xff,
  0xef, 0xe9, 0x5b, 0x9f, 0xf2, 0x16, 0x1e, 0xff, 0x36, 0x2e, 0xff, 0x36, 0x2e, 0xff, 0x36, 0x2e,
  0xff, 0x36, 0x2e, 0xff, 0x36, 0x2e, 0xff, 0x36, 0x2e, 0xff, 0x36, 0x2e, 0xff, 0x36, 0x2e, 0xff,
  0x36, 0x2e, 0xff, 0x36, 0x2e, 0xff, 0x36, 0x2e, 0xff, 0x36, 0x2e, 0xff, 0x36, 0x2e, 0xff, 0x36,
  0x2e, 0xff, 0x36, 0x2e, 0xff, 0x36, 0x2e, 0xff, 0x36, 0x2e, 0xff, 0x36, 0x2e, 0xff, 0x36, 0x2e,
  0xff, 0x36, 0x2e, 0xff, 0x36, 0x2e, 0xff, 0x36, 0x2e, 0xff, 0x36, 0x2e, 0xff, 0x36, 0x2e, 0xff,
  0x36, 0x2e, 0xff, 0x36, 0x2e, 0xff, 0x36, 0x2e, 0xff, 0x36, 0x2e, 0xff, 0x36, 0x2e, 0xff, 0x36,
  0x2e, 0xff, 0x36, 0x2e, 0xff, 0x36, 0x2e, 0xff, 0x16, 0x2e, 0xfe, 0x37, 0x2e, 0xff, 0xb9, 0x4e,
  0xa8, 0x1a, 0x67, 0x8c, 0xfa, 0x5e, 0x25, 0x00, 0x00, 0x00, 0xef, 0x7b, 0x02, 0x00, 0x00, 0x00,
  0x00, 0x00, 0x00, 0xe0, 0x07, 0x01, 0x00, 0x00, 0x00, 0x79, 0x4e, 0x0a, 0xfa, 0x66, 0x81, 0xd9,
  0x5e, 0x96, 0x36, 0x2e, 0xf7, 0x36, 0x2e, 0xff, 0x36, 0x2e, 0xfe, 0x36, 0x2e, 0xff, 0x36, 0x2e,
  0xff, 0x36, 0x2e, 0xff, 0x36, 0x2e, 0xff, 0x36, 0x2e, 0xff, 0x36, 0x2e, 0xff, 0x36, 0x2e, 0xff,
  0x36, 0x2e, 0xff, 0x36, 0x2e, 0xff, 0x36, 0x2e, 0xff, 0x36, 0x2e, 0xff, 0x36, 0x2e, 0xff, 0x36,
  0x2e, 0xff, 0x36, 0x2e, 0xff, 0x36, 0x2e, 0xff, 0x36, 0x2e, 0xff, 0x36, 0x2e, 0xff, 0x36, 0x2e,
  0xff, 0x36, 0x2e, 0xff, 0x36, 0x2e, 0xff, 0x36, 0x2e, 0xff, 0x36, 0x2e, 0xff, 0x36, 0x2e, 0xff,
  0x36, 0x2e, 0xff, 0x36, 0x2e, 0xff, 0x36, 0x2e, 0xff, 0x36, 0x2e, 0xff, 0x36, 0x2e, 0xff, 0x36,
  0x2e, 0xff, 0x36, 0x2e, 0xff, 0x16, 0x26, 0xff, 0x37, 0x36, 0xfe, 0xde, 0xcf, 0xec, 0xff, 0xe7,
  0xeb, 0xff, 0xdf, 0xeb, 0xff, 0xdf, 0xeb, 0xff, 0xdf, 0xeb, 0xff, 0xe7, 0xec, 0xff, 0xff, 0xf4,
  0xff, 0xff, 0xf5, 0xff, 0xff, 0xf5, 0xff, 0xff, 0xf5, 0xff, 0xff, 0xf5, 0xff, 0xff, 0xf5, 0xff,
  0xff, 0xf5, 0xff, 0xff, 0xf5, 0xff, 0xff, 0xf5, 0xff, 0xff, 0xf5, 0xff, 0xff, 0xf5, 0xff, 0xff,
  0xf5, 0xff, 0xff, 0xf5, 0xff, 0xff, 0xf5, 0xff, 0xff, 0xf5, 0xff, 0xff, 0xf5, 0xff, 0xff, 0xf5,
  0xff, 0xff, 0xf5, 0xff, 0xe7, 0xee, 0xff, 0xdf, 0xea, 0xff, 0xdf, 0xeb, 0xff, 0xdf, 0xeb, 0xff,
  0xdf, 0xeb, 0xff, 0xe7, 0xea, 0x98, 0x56, 0xfa, 0x16, 0x26, 0xff, 0x36, 0x2e, 0xff, 0x36, 0x2e,
  0xff, 0x36, 0x2e, 0xff, 0x36, 0x2e, 0xff, 0x36, 0x2e, 0xff, 0x36, 0x2e, 0xff, 0x36, 0x2e, 0xff,
  0x36, 0x2e, 0xff, 0x36, 0x2e, 0xff, 0x36, 0x2e, 0xff, 0x36, 0x2e, 0xff, 0x36, 0x2e, 0xff, 0x36,
  0x2e, 0xff, 0x36, 0x2e, 0xff, 0x36, 0x2e, 0xff, 0x36, 0x2e, 0xff, 0x36, 0x2e, 0xff, 0x36, 0x2e,
  0xff, 0x36, 0x2e, 0xff, 0x36, 0x2e, 0xff, 0x36, 0x2e, 0xff, 0x36, 0x2e, 0xff, 0x36, 0x2e, 0xff,
  0x36, 0x2e, 0xff, 0x36, 0x2e, 0xff, 0x36, 0x2e, 0xff, 0x36, 0x2e, 0xff, 0x36, 0x2e, 0xff, 0x36,
  0x2e, 0xff, 0x36, 0x2e, 0xff, 0x36, 0x2e, 0xff, 0x16, 0x2e, 0xfe, 0x37, 0x2e, 0xff, 0xb9, 0x4e,
  0xa8, 0x1a, 0x67, 0x8c, 0xfa, 0x5e, 0x25, 0x00, 0x00, 0x00, 0xef, 0x7b, 0x02, 0x00, 0x00, 0x00,
  0x00, 0x00, 0x00, 0xe0, 0x07, 0x01, 0x00, 0x00, 0x00, 0x79, 0x4e, 0x0a, 0xfa, 0x66, 0x81, 0xd9,
  0x5e, 0x96, 0x36, 0x2e, 0xf7, 0x36, 0x2e, 0xff, 0x36, 0x2e, 0xfe, 0x36, 0x2e, 0xff, 0x36, 0x2e,
  0xff, 0x36, 0x2e, 0xff, 0x36, 0x2e, 0xff, 0x36, 0x2e, 0xff, 0x36, 0x2e, 0xff, 0x36, 0x2e, 0xff,
  0x36, 0x2e, 0xff, 0x36, 0x2e, 0xff, 0x36, 0x2e, 0xff, 0x36, 0x2e, 0xff, 0x36, 0x2e, 0xff, 0x36,
  0x2e, 0xff, 0x36, 0x2e, 0xff, 0x36, 0x2e, 0xff, 0x36, 0x2e, 0xff, 0x36, 0x2e, 0xff, 0x36, 0x2e,
  0xff, 0x36, 0x2e, 0xff, 0x36, 0x2e, 0xff, 0x36, 0x2e, 0xff, 0x36, 0x2e, 0xff, 0x36, 0x2e, 0xff,
  0x36, 0x2e, 0xff, 0x36, 0x2e, 0xff, 0x36, 0x2e, 0xff, 0x36, 0x2e, 0xff, 0x36, 0x2e, 0xff, 0x36,
  0x2e, 0xff, 0x36, 0x2e, 0xff, 0x16, 0x1e, 0xff, 0x1a, 0x87, 0xf5, 0xff, 0xef, 0xe9, 0xff, 0xdf,
  0xeb, 0xff, 0xdf, 0xeb, 0xff, 0xdf, 0xeb, 0xff, 0xdf, 0xeb, 0xff, 0xf7, 0xf2, 0xff, 0xff, 0xf6,
  0xff, 0xff, 0xf5, 0xff, 0xff, 0xf5, 0xff, 0xff, 0xf5, 0xff, 0xff, 0xf5, 0xff, 0xff, 0xf5, 0xff,
  0xff, 0xf5, 0xff, 0xff, 0xf5, 0xff, 0xff, 0xf5, 0xff, 0xff, 0xf5, 0xff, 0xff, 0xf5, 0xff, 0xff,
  0xf5, 0xff, 0xff, 0xf5, 0xff, 0xff, 0xf5, 0xff, 0xff, 0xf5, 0xff, 0xff, 0xf5, 0xff, 0xff, 0xf5,
  0xff, 0xff, 0xf5, 0xff, 0xff, 0xf4, 0xff, 0xe7, 0xec, 0xff, 0xdf, 0xeb, 0xff, 0xdf, 0xeb, 0xff,
  0xdf, 0xeb, 0xff, 0xef, 0xea, 0x7c, 0xaf, 0xf0, 0x16, 0x26, 0xff, 0x36, 0x2e, 0xff, 0x36, 0x2e,
  0xff, 0x36, 0x2e, 0xff, 0x36, 0x2e, 0xff, 0x36, 0x2e, 0xff, 0x36, 0x2e, 0xff, 0x36, 0x2e, 0xff,
  0x36, 0x2e, 0xff, 0x36, 0x2e, 0xff, 0x36, 0x2e, 0xff, 0x36, 0x2e, 0xff, 0x36, 0x2e, 0xff, 0x36,
  0x2e, 0xff, 0x36, 0x2e, 0xff, 0x36, 0x2e, 0xff, 0x36, 0x2e, 0xff, 0x36, 0x2e, 0xff, 0x36, 0x2e,
  0xff, 0x36, 0x2e, 0xff, 0x36, 0x2e, 0xff, 0x36, 0x2e, 0xff, 0x36, 0x2e, 0xff, 0x36, 0x2e, 0xff,
  0x36, 0x2e, 0xff, 0x36, 0x2e, 0xff, 0x36, 0x2e, 0xff, 0x36, 0x2e, 0xff, 0x36, 0x2e, 0xff, 0x36,
  0x2e, 0xff, 0x36, 0x2e, 0xff, 0x36, 0x2e, 0xff, 0x16, 0x2e, 0xfe, 0x37, 0x2e, 0xff, 0xb9, 0x4e,
  0xa8, 0x1a, 0x67, 0x8c, 0xba, 0x56, 0x26, 0x00, 0x00, 0x00, 0xef, 0x7b, 0x02, 0x00, 0x00, 0x00,
  0x00, 0x00, 0x00, 0xe0, 0x07, 0x01, 0x00, 0x00, 0x00, 0x79, 0x4e, 0x0a, 0xfa, 0x66, 0x81, 0xd9,
  0x5e, 0x96, 0x36, 0x2e, 0xf7, 0x36, 0x2e, 0xff, 0x36, 0x2e, 0xfe, 0x36, 0x2e, 0xff, 0x36, 0x2e,
  0xff, 0x36, 0x2e, 0xff, 0x36, 0x2e, 0xff, 0x36, 0x2e, 0xff, 0x36, 0x2e, 0xff, 0x36, 0x2e, 0xff,
  0x36, 0x2e, 0xff, 0x36, 0x2e, 0xff, 0x36, 0x2e, 0xff, 0x36, 0x2e, 0xff, 0x36, 0x2e, 0xff, 0x36,
  0x2e, 0xff, 0x36, 0x2e, 0xff, 0x36, 0x2e, 0xff, 0x36, 0x2e, 0xff, 0x36, 0x2e, 0xff, 0x36, 0x2e,
  0xff, 0x36, 0x2e, 0xff, 0x36, 0x2e, 0xff, 0x36, 0x2e, 0xff, 0x36, 0x2e, 0xff, 0x36, 0x2e, 0xff,
  0x36, 0x2e, 0xff, 0x36, 0x2e, 0xff, 0x36, 0x2e, 0xff, 0x36, 0x2e, 0xff, 0x36, 0x2e, 0xff, 0x36,
  0x2e, 0xff, 0x16, 0x26, 0xff, 0x37, 0x36, 0xfe, 0xde, 0xd7, 0xec, 0xff, 0xe7, 0xeb, 0xff, 0xdf,
  0xeb, 0xff, 0xdf, 0xeb, 0xff, 0xdf, 0xea, 0xff, 0xef, 0xef, 0xff, 0xff, 0xf6, 0xff, 0xff, 0xf5,
  0xff, 0xff, 0xf5, 0xff, 0xff, 0xf5, 0xff, 0xff, 0xf5, 0xff, 0xff, 0xf4, 0xff, 0xff, 0xf4, 0xff,
  0xff, 0xf5, 0xff, 0xf7, 0xf5, 0xdf, 0xf7, 0xf6, 0xdf, 0xf7, 0xf6, 0xdf, 0xf7, 0xf5, 0xff, 0xff,
  0xf5, 0xff, 0xff, 0xf4, 0xff, 0xff, 0xf4, 0xff, 0xff, 0xf5, 0xff, 0xff, 0xf5, 0xff, 0xff, 0xf5,
  0xff, 0xff, 0xf5, 0xff, 0xff, 0xf6, 0xff, 0xf7, 0xf1, 0xff, 0xdf, 0xeb, 0xff, 0xdf, 0xeb, 0xff,
  0xdf, 0xeb, 0xff, 0xdf, 0xeb, 0xff, 0xe7, 0xea, 0x98, 0x56, 0xfa, 0x16, 0x26, 0xff, 0x36, 0x2e,
  0xff, 0x36, 0x2e, 0xff, 0x36, 0x2e, 0xff, 0x36, 0x2e, 0xff, 0x36, 0x2e, 0xff, 0x36, 0x2e, 0xff,
  0x36, 0x2e, 0xff, 0x36, 0x2e, 0xff, 0x36, 0x2e, 0xff, 0x36, 0x2e, 0xff, 0x36, 0x2e, 0xff, 0x36,
  0x2e, 0xff, 0x36, 0x2e, 0xff, 0x36, 0x2e, 0xff, 0x36, 0x2e, 0xff, 0x36, 0x2e, 0xff, 0x36, 0x2e,
  0xff, 0x36, 0x2e, 0xff, 0x36, 0x2e, 0xff, 0x36, 0x2e, 0xff, 0x36, 0x2e, 0xff, 0x36, 0x2e, 0xff,
  0x36, 0x2e, 0xff, 0x36, 0x2e, 0xff, 0x36, 0x2e, 0xff, 0x36, 0x2e, 0xff, 0x36, 0x2e, 0xff, 0x36,
  0x2e, 0xff, 0x36, 0x2e, 0xff, 0x36, 0x2e, 0xff, 0x16, 0x2e, 0xfe, 0x37, 0x2e, 0xff, 0xb9, 0x4e,
  0xa8, 0x1a, 0x67, 0x8c, 0xba, 0x56, 0x26, 0x00, 0x00, 0x00, 0xef, 0x7b, 0x02, 0x00, 0x00, 0x00,
  0x00, 0x00, 0x00, 0xe0, 0x07, 0x01, 0x00, 0x00, 0x00, 0xd7, 0x45, 0x0b, 0xfa, 0x66, 0x81, 0xd9,
  0x5e, 0x96, 0x36, 0x2e, 0xf7, 0x36, 0x2e, 0xff, 0x36, 0x2e, 0xfe, 0x36, 0x2e, 0xff, 0x36, 0x2e,
  0xff, 0x36, 0x2e, 0xff, 0x36, 0x2e, 0xff, 0x36, 0x2e, 0xff, 0x36, 0x2e, 0xff, 0x36, 0x2e, 0xff,
  0x36, 0x2e, 0xff, 0x36, 0x2e, 0xff, 0x36, 0x2e, 0xff, 0x36, 0x2e, 0xff, 0x36, 0x2e, 0xff, 0x36,
  0x2e, 0xff, 0x36, 0x2e, 0xff, 0x36, 0x2e, 0xff, 0x36, 0x2e, 0xff, 0x36, 0x2e, 0xff, 0x36, 0x2e,
  0xff, 0x36, 0x2e, 0xff, 0x36, 0x2e, 0xff, 0x36, 0x2e, 0xff, 0x36, 0x2e, 0xff, 0x36, 0x2e, 0xff,
  0x36, 0x2e, 0xff, 0x36, 0x2e, 0xff, 0x36, 0x2e, 0xff, 0x36, 0x2e, 0xff, 0x36, 0x2e, 0xff, 0x36,
  0x2e, 0xff, 0x16, 0x1e, 0xff, 0xd9, 0x6e, 0xf7, 0xff, 0xef, 0xe9, 0xff, 0xdf, 0xeb, 0xff, 0xdf,
  0xeb, 0xff, 0xdf, 0xeb, 0xff, 0xe7, 0xec, 0xff, 0xff, 0xf4, 0xff, 0xff, 0xf5, 0xff, 0xff, 0xf5,
  0xff, 0xff, 0xf5, 0xff, 0xff, 0xf4, 0xff, 0xf7, 0xf5, 0x7d, 0xbf, 0xf8, 0xfa, 0x86, 0xfb, 0x99,
  0x66, 0xfc, 0x57, 0x3e, 0xfe, 0x36, 0x36, 0xff, 0x37, 0x36, 0xff, 0x37, 0x36, 0xfe, 0x98, 0x5e,
  0xfd, 0xda, 0x7e, 0xfb, 0x5c, 0xaf, 0xf8, 0xde, 0xef, 0xf6, 0xff, 0xff, 0xf4, 0xff, 0xff, 0xf5,
  0xff, 0xff, 0xf5, 0xff, 0xff, 0xf5, 0xff, 0xff, 0xf5, 0xff, 0xe7, 0xee, 0xff, 0xdf, 0xea, 0xff,
  0xdf, 0xeb, 0xff, 0xdf, 0xeb, 0xff, 0xef, 0xea, 0x5c, 0x9f, 0xf2, 0x16, 0x26, 0xff, 0x36, 0x2e,
  0xff, 0x36, 0x2e, 0xff, 0x36, 0x2e, 0xff, 0x36, 0x2e, 0xff, 0x36, 0x2e, 0xff, 0x36, 0x2e, 0xff,
  0x36, 0x2e, 0xff, 0x36, 0x2e, 0xff, 0x36, 0x2e, 0xff, 0x36, 0x2e, 0xff, 0x36, 0x2e, 0xff, 0x36,
  0x2e, 0xff, 0x36, 0x2e, 0xff, 0x36, 0x2e, 0xff, 0x36, 0x2e, 0xff, 0x36, 0x2e, 0xff, 0x36, 0x2e,
  0xff, 0x36, 0x2e, 0xff, 0x36, 0x2e, 0xff, 0x36, 0x2e, 0xff, 0x36, 0x2e, 0xff, 0x36, 0x2e, 0xff,
  0x36, 0x2e, 0xff, 0x36, 0x2e, 0xff, 0x36, 0x2e, 0xff, 0x36, 0x2e, 0xff, 0x36, 0x2e, 0xff, 0x36,
  0x2e, 0xff, 0x36, 0x2e, 0xff, 0x36, 0x2e, 0xff, 0x16, 0x2e, 0xfe, 0x37, 0x2e, 0xff, 0xb9, 0x4e,
  0xa8, 0x1a, 0x67, 0x8c, 0xba, 0x56, 0x26, 0x00, 0x00, 0x00, 0xef, 0x7b, 0x02, 0x00, 0x00, 0x00,
  0x00, 0x00, 0x00, 0xe0, 0x07, 0x01, 0x00, 0x00, 0x00, 0xd7, 0x45, 0x0b, 0xfa, 0x66, 0x81, 0xd9,
  0x5e, 0x96, 0x36, 0x2e, 0xf7, 0x36, 0x2e, 0xff, 0x36, 0x2e, 0xfe, 0x36, 0x2e, 0xff, 0x36, 0x2e,
  0xff, 0x36, 0x2e, 0xff, 0x36, 0x2e, 0xff, 0x36, 0x2e, 0xff, 0x36, 0x2e, 0xff, 0x36, 0x2e, 0xff,
  0x36, 0x2e, 0xff, 0x36, 0x2e, 0xff, 0x36, 0x2e, 0xff, 0x36, 0x2e, 0xff, 0x36, 0x2e, 0xff, 0x36,
  0x2e, 0xff, 0x36, 0x2e, 0xff, 0x36, 0x2e, 0xff, 0x36, 0x2e, 0xff, 0x36, 0x2e, 0xff, 0x36, 0x2e,
  0xff, 0x36, 0x2e, 0xff, 0x36, 0x2e, 0xff, 0x36, 0x2e, 0xff, 0x36, 0x2e, 0xff, 0x36, 0x2e, 0xff,
  0x36, 0x2e, 0xff, 0x36, 0x2e, 0xff, 0x36, 0x2e, 0xff, 0x36, 0x2e, 0xff, 0x36, 0x2e, 0xff, 0x36,
  0x2e, 0xff, 0x16, 0x26, 0xff, 0x9d, 0xb7, 0xee, 0xff, 0xe7, 0xea, 0xff, 0xdf, 0xeb, 0xff, 0xdf,
  0xeb, 0xff, 0xdf, 0xea, 0xff, 0xef, 0xf0, 0xff, 0xff, 0xf6, 0xff, 0xff, 0xf5, 0xff, 0xff, 0xf4,
  0xbe, 0xe7, 0xf6, 0xfa, 0x8e, 0xfa, 0x57, 0x3e, 0xfe, 0xf5, 0x15, 0xff, 0xf5, 0x0d, 0xff, 0xf5,
  0x15, 0xff, 0x36, 0x2e, 0xff, 0x37, 0x36, 0xff, 0x37, 0x36, 0xff, 0x36, 0x36, 0xff, 0x16, 0x1e,
  0xff, 0xf5, 0x0d, 0xff, 0xf5, 0x15, 0xff, 0x36, 0x36, 0xff, 0xd9, 0x76, 0xfb, 0x9d, 0xcf, 0xf7,
  0xff, 0xff, 0xf4, 0xff, 0xff, 0xf5, 0xff, 0xff, 0xf6, 0xff, 0xf7, 0xf2, 0xff, 0xdf, 0xeb, 0xff,
  0xdf, 0xeb, 0xff, 0xdf, 0xeb, 0xff, 0xdf, 0xeb, 0xfe, 0xd7, 0xeb, 0x57, 0x3e, 0xfd, 0x16, 0x26,
  0xff, 0x36, 0x2e, 0xff, 0x36, 0x2e, 0xff, 0x36, 0x2e, 0xff, 0x36, 0x2e, 0xff, 0x36, 0x2e, 0xff,
  0x36, 0x2e, 0xff, 0x36, 0x2e, 0xff, 0x36, 0x2e, 0xff, 0x36, 0x2e, 0xff, 0x36, 0x2e, 0xff, 0x36,
  0x2e, 0xff, 0x36, 0x2e, 0xff, 0x36, 0x2e, 0xff, 0x36, 0x2e, 0xff, 0x36, 0x2e, 0xff, 0x36, 0x2e,
  0xff, 0x36, 0x2e, 0xff, 0x36, 0x2e, 0xff, 0x36, 0x2e, 0xff, 0x36, 0x2e, 0xff, 0x36, 0x2e, 0xff,
  0x36, 0x2e, 0xff, 0x36, 0x2e, 0xff, 0x36, 0x2e, 0xff, 0x36, 0x2e, 0xff, 0x36, 0x2e, 0xff, 0x36,
  0x2e, 0xff, 0x36, 0x2e, 0xff, 0x36, 0x2e, 0xff, 0x16, 0x2e, 0xfe, 0x37, 0x2e, 0xff, 0xb9, 0x4e,
  0xa8, 0x1a, 0x67, 0x8c, 0x99, 0x56, 0x27, 0x00, 0x00, 0x00, 0xef, 0x7b, 0x02, 0x00, 0x00, 0x00,
  0x00, 0x00, 0x00, 0xe0, 0x07, 0x01, 0x00, 0x00, 0x00, 0xd7, 0x45, 0x0b, 0xfa, 0x66, 0x81, 0xd9,
  0x5e, 0x96, 0x36, 0x2e, 0xf7, 0x36, 0x2e, 0xff, 0x36, 0x2e, 0xfe, 0x36, 0x2e, 0xff, 0x36, 0x2e,
  0xff, 0x36, 0x2e, 0xff, 0x36, 0x2e, 0xff, 0x36, 0x2e, 0xff, 0x36, 0x2e, 0xff, 0x36, 0x2e, 0xff,
  0x36, 0x2e, 0xff, 0x36, 0x2e, 0xff, 0x36, 0x2e, 0xff, 0x36, 0x2e, 0xff, 0x36, 0x2e, 0xff, 0x36,
  0x2e, 0xff, 0x36, 0x2e, 0xff, 0x36, 0x2e, 0xff, 0x36, 0x2e, 0xff, 0x36, 0x2e, 0xff, 0x36, 0x2e,
  0xff, 0x36, 0x2e, 0xff, 0x36, 0x2e, 0xff, 0x36, 0x2e, 0xff, 0x36, 0x2e, 0xff, 0x36, 0x2e, 0xff,
  0x36, 0x2e, 0xff, 0x36, 0x2e, 0xff, 0x36, 0x2e, 0xff, 0x36, 0x2e, 0xff, 0x36, 0x2e, 0xff, 0x15,
  0x1e, 0xff, 0x3b, 0x9f, 0xf9, 0xff, 0xf7, 0xed, 0xff, 0xdf, 0xeb, 0xff, 0xdf, 0xea, 0xff, 0xdf,
  0xea, 0xff, 0xdf, 0xeb, 0xff, 0xf7, 0xf3, 0xff, 0xff, 0xf5, 0xff, 0xff, 0xf5, 0x1b, 0x97, 0xfa,
  0x37, 0x36, 0xfe, 0xf5, 0x0d, 0xff, 0x16, 0x1e, 0xff, 0x98, 0x5e, 0xfd, 0x1b, 0x97, 0xfa, 0x7d,
  0xc7, 0xf8, 0xde, 0xef, 0xf6, 0xdf, 0xf7, 0xf6, 0xdf, 0xf7, 0xf6, 0xdf, 0xef, 0xf6, 0x9d, 0xcf,
  0xf7, 0x3b, 0xa7, 0xf9, 0xb9, 0x6e, 0xfc, 0x36, 0x2e, 0xff, 0xf5, 0x0d, 0xff, 0x16, 0x26, 0xff,
  0xda, 0x7e, 0xfb, 0xdf, 0xef, 0xf6, 0xff, 0xff, 0xf4, 0xff, 0xff, 0xf5, 0xff, 0xe7, 0xed, 0xff,
  0xdf, 0xea, 0xff, 0xdf, 0xea, 0xff, 0xdf, 0xeb, 0xff, 0xef, 0xec, 0x9d, 0xcf, 0xf5, 0x16, 0x26,
  0xff, 0x16, 0x2e, 0xff, 0x36, 0x2e, 0xff, 0x36, 0x2e, 0xff, 0x36, 0x2e, 0xff, 0x36, 0x2e, 0xff,
  0x36, 0x2e, 0xff, 0x36, 0x2e, 0xff, 0x36, 0x2e, 0xff, 0x36, 0x2e, 0xff, 0x36, 0x2e, 0xff, 0x36,
  0x2e, 0xff, 0x36, 0x2e, 0xff, 0x36, 0x2e, 0xff, 0x36, 0x2e, 0xff, 0x36, 0x2e, 0xff, 0x36, 0x2e,
  0xff, 0x36, 0x2e, 0xff, 0x36, 0x2e, 0xff, 0x36, 0x2e, 0xff, 0x36, 0x2e, 0xff, 0x36, 0x2e, 0xff,
  0x36, 0x2e, 0xff, 0x36, 0x2e, 0xff, 0x36, 0x2e, 0xff, 0x36, 0x2e, 0xff, 0x36, 0x2e, 0xff, 0x36,
  0x2e, 0xff, 0x36, 0x2e, 0xff, 0x36, 0x2e, 0xff, 0x16, 0x2e, 0xfe, 0x37, 0x2e, 0xff, 0xb9, 0x4e,
  0xa8, 0x1a, 0x67, 0x8c, 0x99, 0x56, 0x27, 0x00, 0x00, 0x00, 0xef, 0x7b, 0x02, 0x00, 0x00, 0x00,
  0x00, 0x00, 0x00, 0xe0, 0x07, 0x01, 0x00, 0x00, 0x00, 0xd7, 0x45, 0x0b, 0xfa, 0x66, 0x81, 0xd9,
  0x5e, 0x96, 0x36, 0x2e, 0xf7, 0x36, 0x2e, 0xff, 0x36, 0x2e, 0xfe, 0x36, 0x2e, 0xff, 0x36, 0x2e,
  0xff, 0x36, 0x2e, 0xff, 0x36, 0x2e, 0xff, 0x36, 0x2e, 0xff, 0x36, 0x2e, 0xff, 0x36, 0x2e, 0xff,
  0x36, 0x2e, 0xff, 0x36, 0x2e, 0xff, 0x36, 0x2e, 0xff, 0x36, 0x2e, 0xff, 0x36, 0x2e, 0xff, 0x36,
  0x2e, 0xff, 0x36, 0x2e, 0xff, 0x36, 0x2e, 0xff, 0x36, 0x2e, 0xff, 0x36, 0x2e, 0xff, 0x36, 0x2e,
  0xff, 0x36, 0x2e, 0xff, 0x36, 0x2e, 0xff, 0x36, 0x2e, 0xff, 0x36, 0x2e, 0xff, 0x36, 0x2e, 0xff,
  0x36, 0x2e, 0xff, 0x36, 0x2e, 0xff, 0x36, 0x2e, 0xff, 0x36, 0x2e, 0xff, 0x16, 0x1e, 0xff, 0xda,
  0x7e, 0xfb, 0xff, 0xff, 0xf4, 0xff, 0xff, 0xf5, 0xff, 0xff, 0xf4, 0xff, 0xf7, 0xf1, 0xff, 0xe7,
  0xee, 0xff, 0xe7, 0xee, 0xff, 0xff, 0xf5, 0xbe, 0xdf, 0xf6, 0x78, 0x56, 0xfd, 0xf5, 0x15, 0xff,
  0x16, 0x1e, 0xff, 0xd9, 0x76, 0xfb, 0x9d, 0xd7, 0xf7, 0xff, 0xff, 0xf5, 0xff, 0xff, 0xf4, 0xff,
  0xff, 0xf4, 0xff, 0xff, 0xf5, 0xff, 0xff, 0xf5, 0xff, 0xff, 0xf5, 0xff, 0xff, 0xf5, 0xff, 0xff,
  0xf4, 0xff, 0xff, 0xf4, 0xff, 0xff, 0xf4, 0xbe, 0xe7, 0xf6, 0x1b, 0x97, 0xfa, 0x36, 0x2e, 0xff,
  0xf5, 0x15, 0xff, 0x57, 0x3e, 0xfe, 0x7c, 0xbf, 0xf8, 0xff, 0xff, 0xf5, 0xff, 0xef, 0xf1, 0xff,
  0xe7, 0xee, 0xff, 0xf7, 0xf1, 0xff, 0xff, 0xf3, 0xff, 0xff, 0xf5, 0xff, 0xff, 0xf4, 0x3c, 0xaf,
  0xf9, 0x16, 0x26, 0xff, 0x36, 0x2e, 0xff, 0x36, 0x2e, 0xff, 0x36, 0x2e, 0xff, 0x36, 0x2e, 0xff,
  0x36, 0x2e, 0xff, 0x36, 0x2e, 0xff, 0x36, 0x2e, 0xff, 0x36, 0x2e, 0xff, 0x36, 0x2e, 0xff, 0x36,
  0x2e, 0xff, 0x36, 0x2e, 0xff, 0x36, 0x2e, 0xff, 0x36, 0x2e, 0xff, 0x36, 0x2e, 0xff, 0x36, 0x2e,
  0xff, 0x36, 0x2e, 0xff, 0x36, 0x2e, 0xff, 0x36, 0x2e, 0xff, 0x36, 0x2e, 0xff, 0x36, 0x2e, 0xff,
  0x36, 0x2e, 0xff, 0x36, 0x2e, 0xff, 0x36, 0x2e, 0xff, 0x36, 0x2e, 0xff, 0x36, 0x2e, 0xff, 0x36,
  0x2e, 0xff, 0x36, 0x2e, 0xff, 0x36, 0x2e, 0xff, 0x16, 0x2e, 0xfe, 0x37, 0x2e, 0xff, 0xb9, 0x4e,
  0xa8, 0x1a, 0x67, 0x8c, 0x99, 0x56, 0x27, 0x00, 0x00, 0x00, 0xef, 0x7b, 0x02, 0x00, 0x00, 0x00,
  0x00, 0x00, 0x00, 0xe0, 0x07, 0x01, 0x00, 0x00, 0x00, 0xd7, 0x45, 0x0b, 0xfa, 0x66, 0x81, 0xd9,
  0x5e, 0x96, 0x36, 0x2e, 0xf7, 0x36, 0x2e, 0xff, 0x36, 0x2e, 0xfe, 0x36, 0x2e, 0xff, 0x36, 0x2e,
  0xff, 0x36, 0x2e, 0xff, 0x36, 0x2e, 0xff, 0x36, 0x2e, 0xff, 0x36, 0x2e, 0xff, 0x36, 0x2e, 0xff,
  0x36, 0x2e, 0xff, 0x36, 0x2e, 0xff, 0x36, 0x2e, 0xff, 0x36, 0x2e, 0xff, 0x36, 0x2e, 0xff, 0x36,
  0x2e, 0xff, 0x36, 0x2e, 0xff, 0x36, 0x2e, 0xff, 0x36, 0x2e, 0xff, 0x36, 0x2e, 0xff, 0x36, 0x2e,
  0xff, 0x36, 0x2e, 0xff, 0x36, 0x2e, 0xff, 0x36, 0x2e, 0xff, 0x36, 0x2e, 0xff, 0x36, 0x2e, 0xff,
  0x36, 0x2e, 0xff, 0x36, 0x2e, 0xff, 0x36, 0x2e, 0xff, 0x16, 0x26, 0xff, 0x78, 0x4e, 0xfd, 0xff,
  0xff, 0xf5, 0xff, 0xff, 0xf5, 0xff, 0xff, 0xf5, 0xff, 0xff, 0xf5, 0xff, 0xff, 0xf6, 0xff, 0xff,
  0xf6, 0xff, 0xff, 0xf4, 0x7d, 0xcf, 0xf8, 0x36, 0x2e, 0xfe, 0xf5, 0x0d, 0xff, 0x77, 0x4e, 0xfd,
  0x7d, 0xc7, 0xf8, 0xff, 0xff, 0xf5, 0xff, 0xff, 0xf4, 0xff, 0xff, 0xf5, 0xff, 0xff, 0xf5, 0xff,
  0xff, 0xf5, 0xff, 0xff, 0xf5, 0xff, 0xff, 0xf5, 0xff, 0xff, 0xf5, 0xff, 0xff, 0xf5, 0xff, 0xff,
  0xf5, 0xff, 0xff, 0xf5, 0xff, 0xff, 0xf5, 0xff, 0xff, 0xf5, 0xff, 0xff, 0xf4, 0xbe, 0xdf, 0xf7,
  0xb9, 0x66, 0xfc, 0xf5, 0x15, 0xff, 0x16, 0x1e, 0xff, 0x3b, 0xa7, 0xf9, 0xff, 0xff, 0xf5, 0xff,
  0xff, 0xf5, 0xff, 0xff, 0xf6, 0xff, 0xff, 0xf5, 0xff, 0xff, 0xf5, 0xff, 0xff, 0xf5, 0xff, 0xff,
  0xf4, 0xfa, 0x86, 0xfb, 0x16, 0x1e, 0xff, 0x36, 0x2e, 0xff, 0x36, 0x2e, 0xff, 0x36, 0x2e, 0xff,
  0x36, 0x2e, 0xff, 0x36, 0x2e, 0xff, 0x36, 0x2e, 0xff, 0x36, 0x2e, 0xff, 0x36, 0x2e, 0xff, 0x36,
  0x2e, 0xff, 0x36, 0x2e, 0xff, 0x36, 0x2e, 0xff, 0x36, 0x2e, 0xff, 0x36, 0x2e, 0xff, 0x36, 0x2e,
  0xff, 0x36, 0x2e, 0xff, 0x36, 0x2e, 0xff, 0x36, 0x2e, 0xff, 0x36, 0x2e, 0xff, 0x36, 0x2e, 0xff,
  0x36, 0x2e, 0xff, 0x36, 0x2e, 0xff, 0x36, 0x2e, 0xff, 0x36, 0x2e, 0xff, 0x36, 0x2e, 0xff, 0x36,
  0x2e, 0xff, 0x36, 0x2e, 0xff, 0x36, 0x2e, 0xff, 0x16, 0x2e, 0xfe, 0x37, 0x2e, 0xff, 0xb9, 0x4e,
  0xa8, 0x1a, 0x67, 0x8c, 0x99, 0x56, 0x27, 0x00, 0x00, 0x00, 0xef, 0x7b, 0x02, 0x00, 0x00, 0x00,
  0x00, 0x00, 0x00, 0xe0, 0x07, 0x01, 0x00, 0x00, 0x00, 0xd7, 0x45, 0x0b, 0xfa, 0x66, 0x81, 0xd9,
  0x5e, 0x96, 0x36, 0x2e, 0xf7, 0x36, 0x2e, 0xff, 0x36, 0x2e, 0xfe, 0x36, 0x2e, 0xff, 0x36, 0x2e,
  0xff, 0x36, 0x2e, 0xff, 0x36, 0x2e, 0xff, 0x36, 0x2e, 0xff, 0x36, 0x2e, 0xff, 0x36, 0x2e, 0xff,
  0x36, 0x2e, 0xff, 0x36, 0x2e, 0xff, 0x36, 0x2e, 0xff, 0x36, 0x2e, 0xff, 0x36, 0x2e, 0xff, 0x36,
  0x2e, 0xff, 0x36, 0x2e, 0xff, 0x36, 0x2e, 0xff, 0x36, 0x2e, 0xff, 0x36, 0x2e, 0xff, 0x36, 0x2e,
  0xff, 0x36, 0x2e, 0xff, 0x36, 0x2e, 0xff, 0x36, 0x2e, 0xff, 0x36, 0x2e, 0xff, 0x36, 0x2e, 0xff,
  0x36, 0x2e, 0xff, 0x36, 0x2e, 0xff, 0x16, 0x2e, 0xff, 0x36, 0x2e, 0xfe, 0xbe, 0xdf, 0xf7, 0xff,
  0xff, 0xf4, 0xff, 0xff, 0xf5, 0xff, 0xff, 0xf5, 0xff, 0xff, 0xf5, 0xff, 0xff, 0xf5, 0xff, 0xff,
  0xf4, 0x3c, 0xaf, 0xf9, 0xf5, 0x0d, 0xff, 0x37, 0x36, 0xfe, 0xda, 0x7e, 0xfb, 0xdf, 0xf7, 0xf6,
  0xff, 0xff, 0xf4, 0xff, 0xff, 0xf5, 0xff, 0xff, 0xf5, 0xff, 0xff, 0xf5, 0xff, 0xff, 0xf5, 0xff,
  0xff, 0xf5, 0xff, 0xff, 0xf5, 0xff, 0xff, 0xf5, 0xff, 0xff, 0xf5, 0xff, 0xff, 0xf5, 0xff, 0xff,
  0xf5, 0xff, 0xff, 0xf5, 0xff, 0xff, 0xf5, 0xff, 0xff, 0xf5, 0xff, 0xff, 0xf5, 0xff, 0xff, 0xf5,
  0xff, 0xff, 0xf5, 0x1b, 0x97, 0xfa, 0x77, 0x46, 0xfd, 0xf5, 0x0d, 0xff, 0xd9, 0x76, 0xfb, 0xff,
  0xff, 0xf4, 0xff, 0xff, 0xf5, 0xff, 0xff, 0xf5, 0xff, 0xff, 0xf5, 0xff, 0xff, 0xf5, 0xff, 0xff,
  0xf5, 0xff, 0xff, 0xf5, 0x78, 0x4e, 0xfd, 0x16, 0x26, 0xff, 0x36, 0x2e, 0xff, 0x36, 0x2e, 0xff,
  0x36, 0x2e, 0xff, 0x36, 0x2e, 0xff, 0x36, 0x2e, 0xff, 0x36, 0x2e, 0xff, 0x36, 0x2e, 0xff, 0x36,
  0x2e, 0xff, 0x36, 0x2e, 0xff, 0x36, 0x2e, 0xff, 0x36, 0x2e, 0xff, 0x36, 0x2e, 0xff, 0x36, 0x2e,
  0xff, 0x36, 0x2e, 0xff, 0x36, 0x2e, 0xff, 0x36, 0x2e, 0xff, 0x36, 0x2e, 0xff, 0x36, 0x2e, 0xff,
  0x36, 0x2e, 0xff, 0x36, 0x2e, 0xff, 0x36, 0x2e, 0xff, 0x36, 0x2e, 0xff, 0x36, 0x2e, 0xff, 0x36,
  0x2e, 0xff, 0x36, 0x2e, 0xff, 0x36, 0x2e, 0xff, 0x16, 0x2e, 0xfe, 0x37, 0x2e, 0xff, 0xb9, 0x4e,
  0xa8, 0x1a, 0x67, 0x8c, 0x99, 0x56, 0x27, 0x00, 0x00, 0x00, 0xef, 0x7b, 0x02, 0x00, 0x00, 0x00,
  0x00, 0x00, 0x00, 0xe0, 0x07, 0x01, 0x00, 0x00, 0x00, 0xd7, 0x45, 0x0b, 0xfa, 0x66, 0x81, 0xd9,
  0x5e, 0x96, 0x36, 0x2e, 0xf7, 0x36, 0x2e, 0xff, 0x36, 0x2e, 0xfe, 0x36, 0x2e, 0xff, 0x36, 0x2e,
  0xff, 0x36, 0x2e, 0xff, 0x36, 0x2e, 0xff, 0x36, 0x2e, 0xff, 0x36, 0x2e, 0xff, 0x36, 0x2e, 0xff,
  0x36, 0x2e, 0xff, 0x36, 0x2e, 0xff, 0x36, 0x2e, 0xff, 0x36, 0x2e, 0xff, 0x36, 0x2e, 0xff, 0x36,
  0x2e, 0xff, 0x36, 0x2e, 0xff, 0x36, 0x2e, 0xff, 0x36, 0x2e, 0xff, 0x36, 0x2e, 0xff, 0x36, 0x2e,
  0xff, 0x36, 0x2e, 0xff, 0x36, 0x2e, 0xff, 0x36, 0x2e, 0xff, 0x36, 0x2e, 0xff, 0x36, 0x2e, 0xff,
  0x36, 0x2e, 0xff, 0x36, 0x2e, 0xff, 0x16, 0x1e, 0xff, 0x1b, 0x97, 0xfa, 0xff, 0xff, 0xf4, 0xff,
  0xff, 0xf5, 0xff, 0xff, 0xf5, 0xff, 0xff, 0xf5, 0xff, 0xff, 0xf5, 0xff, 0xff, 0xf5, 0x7d, 0xc7,
  0xf8, 0x78, 0x4e, 0xfd, 0x3c, 0xa7, 0xf9, 0xdf, 0xf7, 0xf5, 0xff, 0xff, 0xf4, 0xff, 0xff, 0xf5,
  0xff, 0xff, 0xf5, 0xff, 0xff, 0xf5, 0xff, 0xff, 0xf5, 0xff, 0xff, 0xf5, 0xff, 0xff, 0xf5, 0xff,
  0xff, 0xf5, 0xff, 0xff, 0xf5, 0xff, 0xff, 0xf5, 0xff, 0xff, 0xf5, 0xff, 0xff, 0xf5, 0xff, 0xff,
  0xf5, 0xff, 0xff, 0xf5, 0xff, 0xff, 0xf5, 0xff, 0xff, 0xf5, 0xff, 0xff, 0xf5, 0xff, 0xff, 0xf5,
  0xff, 0xff, 0xf5, 0xff, 0xff, 0xf4, 0xff, 0xff, 0xf5, 0x7d, 0xc7, 0xf8, 0x78, 0x56, 0xfd, 0x1b,
  0x9f, 0xfa, 0xff, 0xff, 0xf5, 0xff, 0xff, 0xf5, 0xff, 0xff, 0xf5, 0xff, 0xff, 0xf5, 0xff, 0xff,
  0xf5, 0xff, 0xff, 0xf4, 0x7d, 0xcf, 0xf8, 0x16, 0x26, 0xff, 0x36, 0x2e, 0xff, 0x36, 0x2e, 0xff,
  0x36, 0x2e, 0xff, 0x36, 0x2e, 0xff, 0x36, 0x2e, 0xff, 0x36, 0x2e, 0xff, 0x36, 0x2e, 0xff, 0x36,
  0x2e, 0xff, 0x36, 0x2e, 0xff, 0x36, 0x2e, 0xff, 0x36, 0x2e, 0xff, 0x36, 0x2e, 0xff, 0x36, 0x2e,
  0xff, 0x36, 0x2e, 0xff, 0x36, 0x2e, 0xff, 0x36, 0x2e, 0xff, 0x36, 0x2e, 0xff, 0x36, 0x2e, 0xff,
  0x36, 0x2e, 0xff, 0x36, 0x2e, 0xff, 0x36, 0x2e, 0xff, 0x36, 0x2e, 0xff, 0x36, 0x2e, 0xff, 0x36,
  0x2e, 0xff, 0x36, 0x2e, 0xff, 0x36, 0x2e, 0xff, 0x16, 0x2e, 0xfe, 0x37, 0x2e, 0xff, 0xb9, 0x4e,
  0xa8, 0x1a, 0x67, 0x8c, 0x99, 0x56, 0x27, 0x00, 0x00, 0x00, 0xef, 0x7b, 0x02, 0x00, 0x00, 0x00,
  0x00, 0x00, 0x00, 0xe0, 0x07, 0x01, 0x00, 0x00, 0x00, 0xd7, 0x45, 0x0b, 0xfa, 0x66, 0x81, 0xd9,
  0x5e, 0x96, 0x36, 0x2e, 0xf7, 0x36, 0x2e, 0xff, 0x36, 0x2e, 0xfe, 0x36, 0x2e, 0xff, 0x36, 0x2e,
  0xff, 0x36, 0x2e, 0xff, 0x36, 0x2e, 0xff, 0x36, 0x2e, 0xff, 0x36, 0x2e, 0xff, 0x36, 0x2e, 0xff,
  0x36, 0x2e, 0xff, 0x36, 0x2e, 0xff, 0x36, 0x2e, 0xff, 0x36, 0x2e, 0xff, 0x36, 0x2e, 0xff, 0x36,
  0x2e, 0xff, 0x36, 0x2e, 0xff, 0x36, 0x2e, 0xff, 0x36, 0x2e, 0xff, 0x36, 0x2e, 0xff, 0x36, 0x2e,
  0xff, 0x36, 0x2e, 0xff, 0x36, 0x2e, 0xff, 0x36, 0x2e, 0xff, 0x36, 0x2e, 0xff, 0x36, 0x2e, 0xff,
  0x36, 0x2e, 0xff, 0x16, 0x26, 0xff, 0x77, 0x4e, 0xfd, 0xff, 0xff, 0xf5, 0xff, 0xff, 0xf5, 0xff,
  0xff, 0xf5, 0xff, 0xff, 0xf5, 0xff, 0xff, 0xf5, 0xff, 0xff, 0xf5, 0xff, 0xff, 0xf5, 0x7c, 0xbf,
  0xf8, 0xff, 0xf7, 0xf5, 0xff, 0xff, 0xf4, 0xff, 0xff, 0xf5, 0xff, 0xff, 0xf5, 0xff, 0xff, 0xf5,
  0xff, 0xff, 0xf5, 0xff, 0xff, 0xf5, 0xff, 0xff, 0xf5, 0xff, 0xff, 0xf5, 0xff, 0xff, 0xf5, 0xff,
  0xff, 0xf5, 0xff, 0xff, 0xf5, 0xff, 0xff, 0xf5, 0xff, 0xff, 0xf5, 0xff, 0xff, 0xf5, 0xff, 0xff,
  0xf5, 0xff, 0xff, 0xf5, 0xff, 0xff, 0xf5, 0xff, 0xff, 0xf5, 0xff, 0xff, 0xf5, 0xff, 0xff, 0xf5,
  0xff, 0xff, 0xf5, 0xff, 0xff, 0xf5, 0xff, 0xff, 0xf5, 0xff, 0xff, 0xf4, 0xff, 0xff, 0xf5, 0x7d,
  0xbf, 0xf8, 0xde, 0xef, 0xf6, 0xff, 0xff, 0xf5, 0xff, 0xff, 0xf5, 0xff, 0xff, 0xf5, 0xff, 0xff,
  0xf5, 0xff, 0xff, 0xf5, 0xff, 0xff, 0xf4, 0xda, 0x76, 0xfb, 0x16, 0x1e, 0xff, 0x36, 0x2e, 0xff,
  0x36, 0x2e, 0xff, 0x36, 0x2e, 0xff, 0x36, 0x2e, 0xff, 0x36, 0x2e, 0xff, 0x36, 0x2e, 0xff, 0x36,
  0x2e, 0xff, 0x36, 0x2e, 0xff, 0x36, 0x2e, 0xff, 0x36, 0x2e, 0xff, 0x36, 0x2e, 0xff, 0x36, 0x2e,
  0xff, 0x36, 0x2e, 0xff, 0x36, 0x2e, 0xff, 0x36, 0x2e, 0xff, 0x36, 0x2e, 0xff, 0x36, 0x2e, 0xff,
  0x36, 0x2e, 0xff, 0x36, 0x2e, 0xff, 0x36, 0x2e, 0xff, 0x36, 0x2e, 0xff, 0x36, 0x2e, 0xff, 0x36,
  0x2e, 0xff, 0x36, 0x2e, 0xff, 0x36, 0x2e, 0xff, 0x16, 0x2e, 0xfe, 0x37, 0x2e, 0xff, 0xb9, 0x4e,
  0xa8, 0x1a, 0x67, 0x8c, 0x99, 0x56, 0x27, 0x00, 0x00, 0x00, 0xef, 0x7b, 0x02, 0x00, 0x00, 0x00,
  0x00, 0x00, 0x00, 0xe0, 0x07, 0x01, 0x00, 0x00, 0x00, 0xd7, 0x45, 0x0b, 0xfa, 0x66, 0x81, 0xd9,
  0x5e, 0x96, 0x36, 0x2e, 0xf7, 0x36, 0x2e, 0xff, 0x36, 0x2e, 0xfe, 0x36, 0x2e, 0xff, 0x36, 0x2e,
  0xff, 0x36, 0x2e, 0xff, 0x36, 0x2e, 0xff, 0x36, 0x2e, 0xff, 0x36, 0x2e, 0xff, 0x36, 0x2e, 0xff,
  0x36, 0x2e, 0xff, 0x36, 0x2e, 0xff, 0x36, 0x2e, 0xff, 0x36, 0x2e, 0xff, 0x36, 0x2e, 0xff, 0x36,
  0x2e, 0xff, 0x36, 0x2e, 0xff, 0x36, 0x2e, 0xff, 0x36, 0x2e, 0xff, 0x36, 0x2e, 0xff, 0x36, 0x2e,
  0xff, 0x36, 0x2e, 0xff, 0x36, 0x2e, 0xff, 0x36, 0x2e, 0xff, 0x36, 0x2e, 0xff, 0x36, 0x2e, 0xff,
  0x36, 0x2e, 0xff, 0x16, 0x26, 0xff, 0x7d, 0xc7, 0xf8, 0xff, 0xff, 0xf4, 0xff, 0xff, 0xf5, 0xff,
  0xff, 0xf5, 0xff, 0xff, 0xf5, 0xff, 0xff, 0xf5, 0xff, 0xff, 0xf5, 0xff, 0xff, 0xf5, 0xff, 0xff,
  0xf4, 0xff, 0xff, 0xf5, 0xff, 0xff, 0xf5, 0xff, 0xff, 0xf5, 0xff, 0xff, 0xf5, 0xff, 0xff, 0xf5,
  0xff, 0xff, 0xf5, 0xff, 0xff, 0xf5, 0xff, 0xff, 0xf5, 0xff, 0xff, 0xf5, 0xff, 0xff, 0xf5, 0xff,
  0xff, 0xf5, 0xff, 0xff, 0xf5, 0xff, 0xff, 0xf6, 0xff, 0xff, 0xf6, 0xff, 0xff, 0xf5, 0xff, 0xff,
  0xf4, 0xff, 0xff, 0xf5, 0xff, 0xff, 0xf5, 0xff, 0xff, 0xf5, 0xff, 0xff, 0xf5, 0xff, 0xff, 0xf5,
  0xff, 0xff, 0xf5, 0xff, 0xff, 0xf5, 0xff, 0xff, 0xf5, 0xff, 0xff, 0xf5, 0xff, 0xff, 0xf5, 0xff,
  0xff, 0xf4, 0xff, 0xff, 0xf5, 0xff, 0xff, 0xf5, 0xff, 0xff, 0xf5, 0xff, 0xff, 0xf5, 0xff, 0xff,
  0xf5, 0xff, 0xff, 0xf5, 0xff, 0xff, 0xf5, 0xdf, 0xef, 0xf6, 0x37, 0x36, 0xfe, 0x16, 0x26, 0xff,
  0x36, 0x2e, 0xff, 0x36, 0x2e, 0xff, 0x36, 0x2e, 0xff, 0x36, 0x2e, 0xff, 0x36, 0x2e, 0xff, 0x36,
  0x2e, 0xff, 0x36, 0x2e, 0xff, 0x36, 0x2e, 0xff, 0x36, 0x2e, 0xff, 0x36, 0x2e, 0xff, 0x36, 0x2e,
  0xff, 0x36, 0x2e, 0xff, 0x36, 0x2e, 0xff, 0x36, 0x2e, 0xff, 0x36, 0x2e, 0xff, 0x36, 0x2e, 0xff,
  0x36, 0x2e, 0xff, 0x36, 0x2e, 0xff, 0x36, 0x2e, 0xff, 0x36, 0x2e, 0xff, 0x36, 0x2e, 0xff, 0x36,
  0x2e, 0xff, 0x36, 0x2e, 0xff, 0x36, 0x2e, 0xff, 0x16, 0x2e, 0xfe, 0x37, 0x2e, 0xff, 0xb9, 0x4e,
  0xa8, 0x1a, 0x67, 0x8c, 0x99, 0x56, 0x27, 0x00, 0x00, 0x00, 0xef, 0x7b, 0x02, 0x00, 0x00, 0x00,
  0x00, 0x00, 0x00, 0xe0, 0x07, 0x01, 0x00, 0x00, 0x00, 0xd7, 0x45, 0x0b, 0xfa, 0x66, 0x81, 0xd9,
  0x5e, 0x96, 0x36, 0x2e, 0xf7, 0x36, 0x2e, 0xff, 0x36, 0x2e, 0xfe, 0x36, 0x2e, 0xff, 0x36, 0x2e,
  0xff, 0x36, 0x2e, 0xff, 0x36, 0x2e, 0xff, 0x36, 0x2e, 0xff, 0x36, 0x2e, 0xff, 0x36, 0x2e, 0xff,
  0x36, 0x2e, 0xff, 0x36, 0x2e, 0xff, 0x36, 0x2e, 0xff, 0x36, 0x2e, 0xff, 0x36, 0x2e, 0xff, 0x36,
  0x2e, 0xff, 0x36, 0x2e, 0xff, 0x36, 0x2e, 0xff, 0x36, 0x2e, 0xff, 0x36, 0x2e, 0xff, 0x36, 0x2e,
  0xff, 0x36, 0x2e, 0xff, 0x36, 0x2e, 0xff, 0x36, 0x2e, 0xff, 0x36, 0x2e, 0xff, 0x36, 0x2e, 0xff,
  0x16, 0x26, 0xff, 0x99, 0x66, 0xfc, 0xff, 0xff, 0xf5, 0xff, 0xff, 0xf5, 0xff, 0xff, 0xf5, 0xff,
  0xff, 0xf5, 0xff, 0xff, 0xf5, 0xff, 0xff, 0xf5, 0xff, 0xff, 0xf5, 0xff, 0xff, 0xf5, 0xff, 0xff,
  0xf5, 0xff, 0xff, 0xf5, 0xff, 0xff, 0xf5, 0xff, 0xff, 0xf5, 0xff, 0xff, 0xf5, 0xff, 0xff, 0xf5,
  0xff, 0xff, 0xf5, 0xff, 0xff, 0xf5, 0xff, 0xff, 0xf4, 0xff, 0xff, 0xf4, 0xff, 0xff, 0xf4, 0xff,
  0xff, 0xf8, 0xff, 0xff, 0xfc, 0xff, 0xff, 0xfe, 0xff, 0xff, 0xfe, 0xff, 0xff, 0xfd, 0xff, 0xff,
  0xf9, 0xff, 0xff, 0xf5, 0xff, 0xff, 0xf4, 0xff, 0xff, 0xf4, 0xff, 0xff, 0xf5, 0xff, 0xff, 0xf5,
  0xff, 0xff, 0xf5, 0xff, 0xff, 0xf5, 0xff, 0xff, 0xf5, 0xff, 0xff, 0xf5, 0xff, 0xff, 0xf5, 0xff,
  0xff, 0xf5, 0xff, 0xff, 0xf5, 0xff, 0xff, 0xf5, 0xff, 0xff, 0xf5, 0xff, 0xff, 0xf5, 0xff, 0xff,
  0xf5, 0xff, 0xff, 0xf5, 0xff, 0xff, 0xf5, 0xff, 0xff, 0xf4, 0x1b, 0x97, 0xfa, 0x16, 0x1e, 0xff,
  0x36, 0x2e, 0xff, 0x36, 0x2e, 0xff, 0x36, 0x2e, 0xff, 0x36, 0x2e, 0xff, 0x36, 0x2e, 0xff, 0x36,
  0x2e, 0xff, 0x36, 0x2e, 0xff, 0x36, 0x2e, 0xff, 0x36, 0x2e, 0xff, 0x36, 0x2e, 0xff, 0x36, 0x2e,
  0xff, 0x36, 0x2e, 0xff, 0x36, 0x2e, 0xff, 0x36, 0x2e, 0xff, 0x36, 0x2e, 0xff, 0x36, 0x2e, 0xff,
  0x36, 0x2e, 0xff, 0x36, 0x2e, 0xff, 0x36, 0x2e, 0xff, 0x36, 0x2e, 0xff, 0x36, 0x2e, 0xff, 0x36,
  0x2e, 0xff, 0x36, 0x2e, 0xff, 0x36, 0x2e, 0xff, 0x16, 0x2e, 0xfe, 0x37, 0x2e, 0xff, 0xb9, 0x4e,
  0xa8, 0x1a, 0x67, 0x8c, 0x99, 0x56, 0x27, 0x00, 0x00, 0x00, 0xef, 0x7b, 0x02, 0x00, 0x00, 0x00,
  0x00, 0x00, 0x00, 0xe0, 0x07, 0x01, 0x00, 0x00, 0x00, 0xd7, 0x45, 0x0b, 0xfa, 0x66, 0x81, 0xd9,
  0x5e, 0x96, 0x36, 0x2e, 0xf7, 0x36, 0x2e, 0xff, 0x36, 0x2e, 0xfe, 0x36, 0x2e, 0xff, 0x36, 0x2e,
  0xff, 0x36, 0x2e, 0xff, 0x36, 0x2e, 0xff, 0x36, 0x2e, 0xff, 0x36, 0x2e, 0xff, 0x36, 0x2e, 0xff,
  0x36, 0x2e, 0xff, 0x36, 0x2e, 0xff, 0x36, 0x2e, 0xff, 0x36, 0x2e, 0xff, 0x36, 0x2e, 0xff, 0x36,
  0x2e, 0xff, 0x36, 0x2e, 0xff, 0x36, 0x2e, 0xff, 0x36, 0x2e, 0xff, 0x36, 0x2e, 0xff, 0x36, 0x2e,
  0xff, 0x36, 0x2e, 0xff, 0x36, 0x2e, 0xff, 0x36, 0x2e, 0xff, 0x36, 0x2e, 0xff, 0x36, 0x2e, 0xff,
  0x16, 0x1e, 0xff, 0x7d, 0xbf, 0xf8, 0xff, 0xff, 0xf4, 0xff, 0xff, 0xf5, 0xff, 0xff, 0xf5, 0xff,
  0xff, 0xf5, 0xff, 0xff, 0xf5, 0xff, 0xff, 0xf5, 0xff, 0xff, 0xf5, 0xff, 0xff, 0xf5, 0xff, 0xff,
  0xf5, 0xff, 0xff, 0xf5, 0xff, 0xff, 0xf5, 0xff, 0xff, 0xf5, 0xff, 0xff, 0xf5, 0xff, 0xff, 0xf5,
  0xff, 0xff, 0xf4, 0xde, 0xef, 0xf6, 0x7c, 0xbf, 0xf8, 0xfa, 0x86, 0xfa, 0x5c, 0xb7, 0xfc, 0xff,
  0xff, 0xff, 0xff, 0xff, 0xff, 0xff, 0xff, 0xff, 0xff, 0xff, 0xff, 0xff, 0xff, 0xff, 0xff, 0xff,
  0xff, 0x9d, 0xd7, 0xfd, 0xda, 0x7e, 0xfb, 0x5c, 0xaf, 0xf9, 0xbe, 0xdf, 0xf6, 0xff, 0xff, 0xf5,
  0xff, 0xff, 0xf4, 0xff, 0xff, 0xf5, 0xff, 0xff, 0xf5, 0xff, 0xff, 0xf5, 0xff, 0xff, 0xf5, 0xff,
  0xff, 0xf5, 0xff, 0xff, 0xf5, 0xff, 0xff, 0xf5, 0xff, 0xff, 0xf5, 0xff, 0xff, 0xf5, 0xff, 0xff,
  0xf5, 0xff, 0xff, 0xf5, 0xff, 0xff, 0xf5, 0xff, 0xff, 0xf5, 0xdf, 0xef, 0xf6, 0x36, 0x36, 0xfe,
  0x16, 0x2e, 0xff, 0x36, 0x2e, 0xff, 0x36, 0x2e, 0xff, 0x36, 0x2e, 0xff, 0x36, 0x2e, 0xff, 0x36,
  0x2e, 0xff, 0x36, 0x2e, 0xff, 0x36, 0x2e, 0xff, 0x36, 0x2e, 0xff, 0x36, 0x2e, 0xff, 0x36, 0x2e,
  0xff, 0x36, 0x2e, 0xff, 0x36, 0x2e, 0xff, 0x36, 0x2e, 0xff, 0x36, 0x2e, 0xff, 0x36, 0x2e, 0xff,
  0x36, 0x2e, 0xff, 0x36, 0x2e, 0xff, 0x36, 0x2e, 0xff, 0x36, 0x2e, 0xff, 0x36, 0x2e, 0xff, 0x36,
  0x2e, 0xff, 0x36, 0x2e, 0xff, 0x36, 0x2e, 0xff, 0x16, 0x2e, 0xfe, 0x37, 0x2e, 0xff, 0xb9, 0x4e,
  0xa8, 0x1a, 0x67, 0x8c, 0x99, 0x56, 0x27, 0x00, 0x00, 0x00, 0xef, 0x7b, 0x02, 0x00, 0x00, 0x00,
  0x00, 0x00, 0x00, 0xe0, 0x07, 0x01, 0x00, 0x00, 0x00, 0xd7, 0x45, 0x0b, 0xfa, 0x66, 0x81, 0xd9,
  0x5e, 0x96, 0x36, 0x2e, 0xf7, 0x36, 0x2e, 0xff, 0x36, 0x2e, 0xfe, 0x36, 0x2e, 0xff, 0x36, 0x2e,
  0xff, 0x36, 0x2e, 0xff, 0x36, 0x2e, 0xff, 0x36, 0x2e, 0xff, 0x36, 0x2e, 0xff, 0x36, 0x2e, 0xff,
  0x36, 0x2e, 0xff, 0x36, 0x2e, 0xff, 0x36, 0x2e, 0xff, 0x36, 0x2e, 0xff, 0x36, 0x2e, 0xff, 0x36,
  0x2e, 0xff, 0x36, 0x2e, 0xff, 0x36, 0x2e, 0xff, 0x36, 0x2e, 0xff, 0x36, 0x2e, 0xff, 0x36, 0x2e,
  0xff, 0x36, 0x2e, 0xff, 0x36, 0x2e, 0xff, 0x36, 0x2e, 0xff, 0x36, 0x2e, 0xff, 0x16, 0x26, 0xff,
  0x78, 0x4e, 0xfd, 0xff, 0xff, 0xf6, 0xff, 0xff, 0xf5, 0xff, 0xff, 0xf5, 0xff, 0xff, 0xf5, 0xff,
  0xff, 0xf5, 0xff, 0xff, 0xf5, 0xff, 0xff, 0xf5, 0xff, 0xff, 0xf5, 0xff, 0xff, 0xf5, 0xff, 0xff,
  0xf5, 0xff, 0xff, 0xf5, 0xff, 0xff, 0xf5, 0xff, 0xff, 0xf5, 0xff, 0xff, 0xf5, 0x7d, 0xc7, 0xf8,
  0xb9, 0x66, 0xfc, 0x37, 0x36, 0xfe, 0xf5, 0x15, 0xff, 0x78, 0x56, 0xff, 0xff, 0xf7, 0xff, 0xff,
  0xff, 0xff, 0xff, 0xff, 0xff, 0xff, 0xff, 0xff, 0xff, 0xff, 0xff, 0xff, 0xff, 0xff, 0xff, 0xff,
  0xff, 0xff, 0xff, 0xff, 0xfa, 0x86, 0xff, 0xf5, 0x0d, 0xff, 0x36, 0x2e, 0xff, 0x78, 0x56, 0xfd,
  0x3b, 0xa7, 0xf9, 0xff, 0xff, 0xf5, 0xff, 0xff, 0xf5, 0xff, 0xff, 0xf5, 0xff, 0xff, 0xf5, 0xff,
  0xff, 0xf5, 0xff, 0xff, 0xf5, 0xff, 0xff, 0xf5, 0xff, 0xff, 0xf5, 0xff, 0xff, 0xf5, 0xff, 0xff,
  0xf5, 0xff, 0xff, 0xf5, 0xff, 0xff, 0xf5, 0xff, 0xff, 0xf5, 0xff, 0xff, 0xf4, 0xda, 0x7e, 0xfb,
  0x16, 0x1e, 0xff, 0x36, 0x2e, 0xff, 0x36, 0x2e, 0xff, 0x36, 0x2e, 0xff, 0x36, 0x2e, 0xff, 0x36,
  0x2e, 0xff, 0x36, 0x2e, 0xff, 0x36, 0x2e, 0xff, 0x36, 0x2e, 0xff, 0x36, 0x2e, 0xff, 0x36, 0x2e,
  0xff, 0x36, 0x2e, 0xff, 0x36, 0x2e, 0xff, 0x36, 0x2e, 0xff, 0x36, 0x2e, 0xff, 0x36, 0x2e, 0xff,
  0x36, 0x2e, 0xff, 0x36, 0x2e, 0xff, 0x36, 0x2e, 0xff, 0x36, 0x2e, 0xff, 0x36, 0x2e, 0xff, 0x36,
  0x2e, 0xff, 0x36, 0x2e, 0xff, 0x36, 0x2e, 0xff, 0x16, 0x2e, 0xfe, 0x37, 0x2e, 0xff, 0xb9, 0x4e,
  0xa8, 0x1a, 0x67, 0x8c, 0x99, 0x56, 0x27, 0x00, 0x00, 0x00, 0xef, 0x7b, 0x02, 0x00, 0x00, 0x00,
  0x00, 0x00, 0x00, 0xe0, 0x07, 0x01, 0x00, 0x00, 0x00, 0xd7, 0x45, 0x0b, 0xfa, 0x66, 0x81, 0xd9,
  0x5e, 0x96, 0x36, 0x2e, 0xf7, 0x36, 0x2e, 0xff, 0x36, 0x2e, 0xfe, 0x36, 0x2e, 0xff, 0x36, 0x2e,
  0xff, 0x36, 0x2e, 0xff, 0x36, 0x2e, 0xff, 0x36, 0x2e, 0xff, 0x36, 0x2e, 0xff, 0x36, 0x2e, 0xff,
  0x36, 0x2e, 0xff, 0x36, 0x2e, 0xff, 0x36, 0x2e, 0xff, 0x36, 0x2e, 0xff, 0x36, 0x2e, 0xff, 0x36,
  0x2e, 0xff, 0x36, 0x2e, 0xff, 0x36, 0x2e, 0xff, 0x36, 0x2e, 0xff, 0x36, 0x2e, 0xff, 0x36, 0x2e,
  0xff, 0x36, 0x2e, 0xff, 0x36, 0x2e, 0xff, 0x36, 0x2e, 0xff, 0x36, 0x2e, 0xff, 0x16, 0x1e, 0xff,
  0x1b, 0x9f, 0xfa, 0xff, 0xff, 0xf4, 0xff, 0xff, 0xf5, 0xff, 0xff, 0xf5, 0xff, 0xff, 0xf5, 0xff,
  0xff, 0xf5, 0xff, 0xff, 0xf5, 0xff, 0xff, 0xf5, 0xff, 0xff, 0xf5, 0xff, 0xff, 0xf5, 0xff, 0xff,
  0xf5, 0xff, 0xff, 0xf5, 0xff, 0xff, 0xf5, 0xff, 0xff, 0xf4, 0xbe, 0xe7, 0xf7, 0x36, 0x2e, 0xfe,
  0x16, 0x1e, 0xff, 0x36, 0x2e, 0xff, 0x16, 0x26, 0xff, 0x7d, 0xc7, 0xff, 0xff, 0xff, 0xff, 0xff,
  0xff, 0xff, 0xff, 0xff, 0xff, 0xff, 0xff, 0xff, 0xff, 0xff, 0xff, 0xff, 0xff, 0xff, 0xff, 0xff,
  0xff, 0xff, 0xff, 0xff, 0xdf, 0xf7, 0xff, 0x57, 0x3e, 0xff, 0x36, 0x2e, 0xff, 0x16, 0x26, 0xff,
  0xf5, 0x15, 0xff, 0x5c, 0xb7, 0xf9, 0xff, 0xff, 0xf4, 0xff, 0xff, 0xf5, 0xff, 0xff, 0xf5, 0xff,
  0xff, 0xf5, 0xff, 0xff, 0xf5, 0xff, 0xff, 0xf5, 0xff, 0xff, 0xf5, 0xff, 0xff, 0xf5, 0xff, 0xff,
  0xf5, 0xff, 0xff, 0xf5, 0xff, 0xff, 0xf5, 0xff, 0xff, 0xf5, 0xff, 0xff, 0xf4, 0x9d, 0xcf, 0xf8,
  0x16, 0x26, 0xff, 0x36, 0x2e, 0xff, 0x36, 0x2e, 0xff, 0x36, 0x2e, 0xff, 0x36, 0x2e, 0xff, 0x36,
  0x2e, 0xff, 0x36, 0x2e, 0xff, 0x36, 0x2e, 0xff, 0x36, 0x2e, 0xff, 0x36, 0x2e, 0xff, 0x36, 0x2e,
  0xff, 0x36, 0x2e, 0xff, 0x36, 0x2e, 0xff, 0x36, 0x2e, 0xff, 0x36, 0x2e, 0xff, 0x36, 0x2e, 0xff,
  0x36, 0x2e, 0xff, 0x36, 0x2e, 0xff, 0x36, 0x2e, 0xff, 0x36, 0x2e, 0xff, 0x36, 0x2e, 0xff, 0x36,
  0x2e, 0xff, 0x36, 0x2e, 0xff, 0x36, 0x2e, 0xff, 0x16, 0x2e, 0xfe, 0x37, 0x2e, 0xff, 0xb9, 0x4e,
  0xa8, 0x1a, 0x67, 0x8c, 0x99, 0x56, 0x27, 0x00, 0x00, 0x00, 0xef, 0x7b, 0x02, 0x00, 0x00, 0x00,
  0x00, 0x00, 0x00, 0xe0, 0x07, 0x01, 0x00, 0x00, 0x00, 0xd7, 0x45, 0x0b, 0xfa, 0x66, 0x81, 0xd9,
  0x5e, 0x96, 0x36, 0x2e, 0xf7, 0x36, 0x2e, 0xff, 0x36, 0x2e, 0xfe, 0x36, 0x2e, 0xff, 0x36, 0x2e,
  0xff, 0x36, 0x2e, 0xff, 0x36, 0x2e, 0xff, 0x36, 0x2e, 0xff, 0x36, 0x2e, 0xff, 0x36, 0x2e, 0xff,
  0x36, 0x2e, 0xff, 0x36, 0x2e, 0xff, 0x36, 0x2e, 0xff, 0x36, 0x2e, 0xff, 0x36, 0x2e, 0xff, 0x36,
  0x2e, 0xff, 0x36, 0x2e, 0xff, 0x36, 0x2e, 0xff, 0x36, 0x2e, 0xff, 0x36, 0x2e, 0xff, 0x36, 0x2e,
  0xff, 0x36, 0x2e, 0xff, 0x36, 0x2e, 0xff, 0x36, 0x2e, 0xff, 0x16, 0x2e, 0xff, 0x36, 0x2e, 0xfe,
  0xdf, 0xef, 0xf6, 0xff, 0xff, 0xf4, 0xff, 0xff, 0xf5, 0xff, 0xff, 0xf5, 0xff, 0xff, 0xf5, 0xff,
  0xff, 0xf5, 0xff, 0xff, 0xf5, 0xff, 0xff, 0xf5, 0xff, 0xff, 0xf5, 0xff, 0xff, 0xf5, 0xff, 0xff,
  0xf5, 0xff, 0xff, 0xf5, 0xff, 0xff, 0xf5, 0xff, 0xff, 0xf5, 0xb9, 0x66, 0xfc, 0x16, 0x1e, 0xff,
  0x36, 0x36, 0xff, 0x16, 0x26, 0xff, 0x37, 0x36, 0xff, 0xdf, 0xf7, 0xff, 0xff, 0xff, 0xff, 0xff,
  0xff, 0xff, 0xff, 0xff, 0xff, 0xff, 0xff, 0xff, 0xff, 0xff, 0xff, 0xff, 0xff, 0xff, 0xff, 0xff,
  0xff, 0xff, 0xff, 0xff, 0xff, 0xff, 0xff, 0x98, 0x5e, 0xff, 0x16, 0x1e, 0xff, 0x36, 0x36, 0xff,
  0x16, 0x26, 0xff, 0x57, 0x3e, 0xfe, 0xdf, 0xf7, 0xf6, 0xff, 0xff, 0xf5, 0xff, 0xff, 0xf5, 0xff,
  0xff, 0xf5, 0xff, 0xff, 0xf5, 0xff, 0xff, 0xf5, 0x9d, 0xc7, 0xf7, 0xb9, 0x6e, 0xfc, 0xff, 0xff,
  0xf5, 0xff, 0xff, 0xf5, 0xff, 0xff, 0xf5, 0xff, 0xff, 0xf5, 0xff, 0xff, 0xf4, 0xff, 0xff, 0xf5,
  0x78, 0x4e, 0xfd, 0x16, 0x26, 0xff, 0x36, 0x2e, 0xff, 0x36, 0x2e, 0xff, 0x36, 0x2e, 0xff, 0x36,
  0x2e, 0xff, 0x36, 0x2e, 0xff, 0x36, 0x2e, 0xff, 0x36, 0x2e, 0xff, 0x36, 0x2e, 0xff, 0x36, 0x2e,
  0xff, 0x36, 0x2e, 0xff, 0x36, 0x2e, 0xff, 0x36, 0x2e, 0xff, 0x36, 0x2e, 0xff, 0x36, 0x2e, 0xff,
  0x36, 0x2e, 0xff, 0x36, 0x2e, 0xff, 0x36, 0x2e, 0xff, 0x36, 0x2e, 0xff, 0x36, 0x2e, 0xff, 0x36,
  0x2e, 0xff, 0x36, 0x2e, 0xff, 0x36, 0x2e, 0xff, 0x16, 0x2e, 0xfe, 0x37, 0x2e, 0xff, 0xb9, 0x4e,
  0xa8, 0x1a, 0x67, 0x8c, 0x99, 0x56, 0x27, 0x00, 0x00, 0x00, 0xef, 0x7b, 0x02, 0x00, 0x00, 0x00,
  0x00, 0x00, 0x00, 0xe0, 0x07, 0x01, 0x00, 0x00, 0x00, 0xd7, 0x45, 0x0b, 0xfa, 0x66, 0x81, 0xd9,
  0x5e, 0x96, 0x36, 0x2e, 0xf7, 0x36, 0x2e, 0xff, 0x36, 0x2e, 0xfe, 0x36, 0x2e, 0xff, 0x36, 0x2e,
  0xff, 0x36, 0x2e, 0xff, 0x36, 0x2e, 0xff, 0x36, 0x2e, 0xff, 0x36, 0x2e, 0xff, 0x36, 0x2e, 0xff,
  0x36, 0x2e, 0xff, 0x36, 0x2e, 0xff, 0x36, 0x2e, 0xff, 0x36, 0x2e, 0xff, 0x36, 0x2e, 0xff, 0x36,
  0x2e, 0xff, 0x36, 0x2e, 0xff, 0x36, 0x2e, 0xff, 0x36, 0x2e, 0xff, 0x36, 0x2e, 0xff, 0x36, 0x2e,
  0xff, 0x36, 0x2e, 0xff, 0x36, 0x2e, 0xff, 0x36, 0x2e, 0xff, 0x36, 0x2e, 0xff, 0x36, 0x2e, 0xff,
  0xd9, 0x76, 0xfb, 0xdf, 0xf7, 0xf6, 0xff, 0xff, 0xf5, 0xff, 0xff, 0xf5, 0xff, 0xff, 0xf5, 0xff,
  0xff, 0xf5, 0xff, 0xff, 0xf5, 0xff, 0xff, 0xf5, 0xff, 0xff, 0xf5, 0xff, 0xff, 0xf5, 0xff, 0xff,
  0xf5, 0xff, 0xff, 0xf5, 0xff, 0xff, 0xf4, 0x7d, 0xc7, 0xf8, 0x16, 0x26, 0xff, 0x36, 0x2e, 0xff,
  0x36, 0x2e, 0xff, 0x16, 0x26, 0xff, 0x3b, 0x97, 0xf4, 0xff, 0xff, 0xfd, 0xff, 0xff, 0xff, 0xff,
  0xff, 0xff, 0xff, 0xff, 0xff, 0xff, 0xff, 0xff, 0xff, 0xff, 0xff, 0xff, 0xff, 0xff, 0xff, 0xff,
  0xff, 0xff, 0xff, 0xff, 0xff, 0xff, 0xff, 0x9d, 0xc7, 0xf4, 0x36, 0x2e, 0xfd, 0x36, 0x2e, 0xff,
  0x36, 0x2e, 0xff, 0x16, 0x1e, 0xff, 0x1b, 0x97, 0xfa, 0xff, 0xff, 0xf4, 0xff, 0xff, 0xf5, 0xff,
  0xff, 0xf5, 0xff, 0xff, 0xf5, 0xff, 0xff, 0xf5, 0x78, 0x4e, 0xfd, 0x16, 0x1e, 0xff, 0xbe, 0xdf,
  0xf7, 0xff, 0xff, 0xf4, 0xff, 0xff, 0xf4, 0xff, 0xf7, 0xf5, 0x7d, 0xbf, 0xf8, 0xda, 0x7e, 0xfb,
  0x37, 0x36, 0xfe, 0x16, 0x26, 0xff, 0x36, 0x2e, 0xff, 0x36, 0x2e, 0xff, 0x36, 0x2e, 0xff, 0x36,
  0x2e, 0xff, 0x36, 0x2e, 0xff, 0x36, 0x2e, 0xff, 0x36, 0x2e, 0xff, 0x36, 0x2e, 0xff, 0x36, 0x2e,
  0xff, 0x36, 0x2e, 0xff, 0x36, 0x2e, 0xff, 0x36, 0x2e, 0xff, 0x36, 0x2e, 0xff, 0x36, 0x2e, 0xff,
  0x36, 0x2e, 0xff, 0x36, 0x2e, 0xff, 0x36, 0x2e, 0xff, 0x36, 0x2e, 0xff, 0x36, 0x2e, 0xff, 0x36,
  0x2e, 0xff, 0x36, 0x2e, 0xff, 0x36, 0x2e, 0xff, 0x16, 0x2e, 0xfe, 0x37, 0x2e, 0xff, 0xb9, 0x4e,
  0xa8, 0x1a, 0x67, 0x8c, 0x99, 0x56, 0x27, 0x00, 0x00, 0x00, 0xef, 0x7b, 0x02, 0x00, 0x00, 0x00,
  0x00, 0x00, 0x00, 0xe0, 0x07, 0x01, 0x00, 0x00, 0x00, 0xd7, 0x45, 0x0b, 0xfa, 0x66, 0x81, 0xd9,
  0x5e, 0x96, 0x36, 0x2e, 0xf7, 0x36, 0x2e, 0xff, 0x36, 0x2e, 0xfe, 0x36, 0x2e, 0xff, 0x36, 0x2e,
  0xff, 0x36, 0x2e, 0xff, 0x36, 0x2e, 0xff, 0x36, 0x2e, 0xff, 0x36, 0x2e, 0xff, 0x36, 0x2e, 0xff,
  0x36, 0x2e, 0xff, 0x36, 0x2e, 0xff, 0x36, 0x2e, 0xff, 0x36, 0x2e, 0xff, 0x36, 0x2e, 0xff, 0x36,
  0x2e, 0xff, 0x36, 0x2e, 0xff, 0x36, 0x2e, 0xff, 0x36, 0x2e, 0xff, 0x36, 0x2e, 0xff, 0x36, 0x2e,
  0xff, 0x36, 0x2e, 0xff, 0x36, 0x2e, 0xff, 0x36, 0x2e, 0xff, 0x36, 0x2e, 0xff, 0x16, 0x1e, 0xff,
  0x1b, 0x97, 0xfa, 0xff, 0xff, 0xf5, 0xff, 0xff, 0xf5, 0xff, 0xff, 0xf5, 0xff, 0xff, 0xf5, 0xff,
  0xff, 0xf5, 0xff, 0xff, 0xf5, 0xff, 0xff, 0xf5, 0xff, 0xff, 0xf5, 0xff, 0xff, 0xf5, 0xff, 0xff,
  0xf5, 0xff, 0xff, 0xf5, 0xff, 0xff, 0xf5, 0x98, 0x5e, 0xfc, 0x16, 0x1e, 0xff, 0x36, 0x2e, 0xff,
  0x16, 0x1e, 0xff, 0x1a, 0x87, 0xf5, 0xff, 0xf7, 0xe9, 0xff, 0xf7, 0xfb, 0xff, 0xff, 0xff, 0xff,
  0xff, 0xff, 0xff, 0xff, 0xff, 0xff, 0xff, 0xff, 0xff, 0xff, 0xff, 0xff, 0xff, 0xff, 0xff, 0xff,
  0xff, 0xff, 0xff, 0xff, 0xff, 0xff, 0xfe, 0xff, 0xf7, 0xeb, 0x7c, 0xaf, 0xf0, 0x16, 0x26, 0xff,
  0x36, 0x2e, 0xff, 0x16, 0x26, 0xff, 0x37, 0x36, 0xfe, 0xdf, 0xef, 0xf6, 0xff, 0xff, 0xf5, 0xff,
  0xff, 0xf5, 0xff, 0xff, 0xf5, 0xff, 0xff, 0xf5, 0xda, 0x7e, 0xfb, 0xf5, 0x15, 0xff, 0xfa, 0x86,
  0xfb, 0x9d, 0xcf, 0xf7, 0xd9, 0x76, 0xfb, 0x57, 0x3e, 0xfe, 0x16, 0x1e, 0xff, 0x16, 0x1e, 0xff,
  0x16, 0x26, 0xff, 0x36, 0x2e, 0xff, 0x36, 0x2e, 0xff, 0x36, 0x2e, 0xff, 0x36, 0x2e, 0xff, 0x36,
  0x2e, 0xff, 0x36, 0x2e, 0xff, 0x36, 0x2e, 0xff, 0x36, 0x2e, 0xff, 0x36, 0x2e, 0xff, 0x36, 0x2e,
  0xff, 0x36, 0x2e, 0xff, 0x36, 0x2e, 0xff, 0x36, 0x2e, 0xff, 0x36, 0x2e, 0xff, 0x36, 0x2e, 0xff,
  0x36, 0x2e, 0xff, 0x36, 0x2e, 0xff, 0x36, 0x2e, 0xff, 0x36, 0x2e, 0xff, 0x36, 0x2e, 0xff, 0x36,
  0x2e, 0xff, 0x36, 0x2e, 0xff, 0x36, 0x2e, 0xff, 0x16, 0x2e, 0xfe, 0x37, 0x2e, 0xff, 0xb9, 0x4e,
  0xa8, 0x1a, 0x67, 0x8c, 0x99, 0x56, 0x27, 0x00, 0x00, 0x00, 0xef, 0x7b, 0x02, 0x00, 0x00, 0x00,
  0x00, 0x00, 0x00, 0xe0, 0x07, 0x01, 0x00, 0x00, 0x00, 0xd7, 0x45, 0x0b, 0xfa, 0x66, 0x81, 0xd9,
  0x5e, 0x96, 0x36, 0x2e, 0xf7, 0x36, 0x2e, 0xff, 0x36, 0x2e, 0xfe, 0x36, 0x2e, 0xff, 0x36, 0x2e,
  0xff, 0x36, 0x2e, 0xff, 0x36, 0x2e, 0xff, 0x36, 0x2e, 0xff, 0x36, 0x2e, 0xff, 0x36, 0x2e, 0xff,
  0x36, 0x2e, 0xff, 0x36, 0x2e, 0xff, 0x36, 0x2e, 0xff, 0x36, 0x2e, 0xff, 0x36, 0x2e, 0xff, 0x36,
  0x2e, 0xff, 0x36, 0x2e, 0xff, 0x36, 0x2e, 0xff, 0x36, 0x2e, 0xff, 0x36, 0x2e, 0xff, 0x36, 0x2e,
  0xff, 0x36, 0x2e, 0xff, 0x36, 0x2e, 0xff, 0x36, 0x2e, 0xff, 0x16, 0x1e, 0xff, 0xda, 0x7e, 0xfb,
  0xff, 0xff, 0xf4, 0xff, 0xff, 0xf5, 0xff, 0xff, 0xf5, 0xff, 0xff, 0xf5, 0xff, 0xff, 0xf5, 0xff,
  0xff, 0xf5, 0xff, 0xff, 0xf5, 0xbe, 0xdf, 0xf7, 0xff, 0xff, 0xf5, 0xff, 0xff, 0xf4, 0xff, 0xff,
  0xf4, 0xff, 0xff, 0xf4, 0x9d, 0xcf, 0xf8, 0x16, 0x26, 0xff, 0x36, 0x2e, 0xff, 0x16, 0x26, 0xff,
  0x98, 0x56, 0xfa, 0xff, 0xe7, 0xea, 0xff, 0xdf, 0xea, 0xff, 0xef, 0xf2, 0xff, 0xff, 0xff, 0xff,
  0xff, 0xff, 0xff, 0xff, 0xff, 0xff, 0xff, 0xff, 0xff, 0xff, 0xff, 0xff, 0xff, 0xff, 0xff, 0xff,
  0xff, 0xff, 0xff, 0xff, 0xff, 0xf7, 0xf8, 0xfe, 0xd7, 0xea, 0xff, 0xef, 0xea, 0x1a, 0x87, 0xf5,
  0x16, 0x1e, 0xff, 0x36, 0x36, 0xff, 0x16, 0x1e, 0xff, 0x1b, 0x9f, 0xfa, 0xff, 0xff, 0xf4, 0xff,
  0xff, 0xf5, 0xff, 0xff, 0xf5, 0xff, 0xff, 0xf4, 0x7d, 0xbf, 0xf8, 0x16, 0x1e, 0xff, 0x36, 0x2e,
  0xff, 0x16, 0x26, 0xff, 0x16, 0x1e, 0xff, 0x16, 0x26, 0xff, 0x36, 0x2e, 0xff, 0x36, 0x2e, 0xff,
  0x36, 0x2e, 0xff, 0x36, 0x2e, 0xff, 0x36, 0x2e, 0xff, 0x36, 0x2e, 0xff, 0x36, 0x2e, 0xff, 0x36,
  0x2e, 0xff, 0x36, 0x2e, 0xff, 0x36, 0x2e, 0xff, 0x36, 0x2e, 0xff, 0x36, 0x2e, 0xff, 0x36, 0x2e,
  0xff, 0x36, 0x2e, 0xff, 0x36, 0x2e, 0xff, 0x36, 0x2e, 0xff, 0x36, 0x2e, 0xff, 0x36, 0x2e, 0xff,
  0x36, 0x2e, 0xff, 0x36, 0x2e, 0xff, 0x36, 0x2e, 0xff, 0x36, 0x2e, 0xff, 0x36, 0x2e, 0xff, 0x36,
  0x2e, 0xff, 0x36, 0x2e, 0xff, 0x36, 0x2e, 0xff, 0x16, 0x2e, 0xfe, 0x37, 0x2e, 0xff, 0xb9, 0x4e,
  0xa8, 0x1a, 0x67, 0x8c, 0x99, 0x56, 0x27, 0x00, 0x00, 0x00, 0xef, 0x7b, 0x02, 0x00, 0x00, 0x00,
  0x00, 0x00, 0x00, 0xe0, 0x07, 0x01, 0x00, 0x00, 0x00, 0xd7, 0x45, 0x0b, 0xfa, 0x66, 0x81, 0xd9,
  0x5e, 0x96, 0x36, 0x2e, 0xf7, 0x36, 0x2e, 0xff, 0x36, 0x2e, 0xfe, 0x36, 0x2e, 0xff, 0x36, 0x2e,
  0xff, 0x36, 0x2e, 0xff, 0x36, 0x2e, 0xff, 0x36, 0x2e, 0xff, 0x36, 0x2e, 0xff, 0x36, 0x2e, 0xff,
  0x36, 0x2e, 0xff, 0x36, 0x2e, 0xff, 0x36, 0x2e, 0xff, 0x36, 0x2e, 0xff, 0x36, 0x2e, 0xff, 0x36,
  0x2e, 0xff, 0x36, 0x2e, 0xff, 0x36, 0x2e, 0xff, 0x36, 0x2e, 0xff, 0x36, 0x2e, 0xff, 0x36, 0x2e,
  0xff, 0x36, 0x2e, 0xff, 0x36, 0x2e, 0xff, 0x16, 0x26, 0xff, 0x78, 0x56, 0xfd, 0xff, 0xff, 0xf5,
  0xff, 0xff, 0xf5, 0xff, 0xff, 0xf5, 0xff, 0xff, 0xf5, 0xff, 0xff, 0xf5, 0xff, 0xff, 0xf5, 0xff,
  0xff, 0xf4, 0x3c, 0xaf, 0xf9, 0x16, 0x26, 0xff, 0x78, 0x4e, 0xfd, 0xfa, 0x8e, 0xfa, 0x7d, 0xc7,
  0xf8, 0xff, 0xff, 0xf5, 0xda, 0x7e, 0xfb, 0x16, 0x1e, 0xff, 0x36, 0x2e, 0xff, 0x36, 0x2e, 0xff,
  0xbd, 0xc7, 0xee, 0xff, 0xe7, 0xea, 0xff, 0xdf, 0xeb, 0xff, 0xdf, 0xea, 0xff, 0xf7, 0xf7, 0xff,
  0xff, 0xff, 0xff, 0xff, 0xff, 0xff, 0xff, 0xff, 0xff, 0xff, 0xff, 0xff, 0xff, 0xff, 0xff, 0xff,
  0xff, 0xff, 0xff, 0xfb, 0xff, 0xdf, 0xec, 0xff, 0xdf, 0xeb, 0xff, 0xdf, 0xeb, 0xff, 0xdf, 0xeb,
  0x77, 0x46, 0xfc, 0x16, 0x26, 0xff, 0x16, 0x26, 0xff, 0x78, 0x4e, 0xfd, 0xff, 0xff, 0xf5, 0xff,
  0xff, 0xf5, 0xff, 0xff, 0xf5, 0xff, 0xff, 0xf5, 0xdf, 0xf7, 0xf6, 0x57, 0x3e, 0xfe, 0x16, 0x26,
  0xff, 0x36, 0x2e, 0xff, 0x36, 0x2e, 0xff, 0x36, 0x2e, 0xff, 0x36, 0x2e, 0xff, 0x36, 0x2e, 0xff,
  0x36, 0x2e, 0xff, 0x36, 0x2e, 0xff, 0x36, 0x2e, 0xff, 0x36, 0x2e, 0xff, 0x36, 0x2e, 0xff, 0x36,
  0x2e, 0xff, 0x36, 0x2e, 0xff, 0x36, 0x2e, 0xff, 0x36, 0x2e, 0xff, 0x36, 0x2e, 0xff, 0x36, 0x2e,
  0xff, 0x36, 0x2e, 0xff, 0x36, 0x2e, 0xff, 0x36, 0x2e, 0xff, 0x36, 0x2e, 0xff, 0x36, 0x2e, 0xff,
  0x36, 0x2e, 0xff, 0x36, 0x2e, 0xff, 0x36, 0x2e, 0xff, 0x36, 0x2e, 0xff, 0x36, 0x2e, 0xff, 0x36,
  0x2e, 0xff, 0x36, 0x2e, 0xff, 0x36, 0x2e, 0xff, 0x16, 0x2e, 0xfe, 0x37, 0x2e, 0xff, 0xb9, 0x4e,
  0xa8, 0x1a, 0x67, 0x8c, 0x99, 0x56, 0x27, 0x00, 0x00, 0x00, 0xef, 0x7b, 0x02, 0x00, 0x00, 0x00,
  0x00, 0x00, 0x00, 0xe0, 0x07, 0x01, 0x00, 0x00, 0x00, 0xd7, 0x45, 0x0b, 0xfa, 0x66, 0x81, 0xd9,
  0x5e, 0x96, 0x36, 0x2e, 0xf7, 0x36, 0x2e, 0xff, 0x36, 0x2e, 0xfe, 0x36, 0x2e, 0xff, 0x36, 0x2e,
  0xff, 0x36, 0x2e, 0xff, 0x36, 0x2e, 0xff, 0x36, 0x2e, 0xff, 0x36, 0x2e, 0xff, 0x36, 0x2e, 0xff,
  0x36, 0x2e, 0xff, 0x36, 0x2e, 0xff, 0x36, 0x2e, 0xff, 0x36, 0x2e, 0xff, 0x36, 0x2e, 0xff, 0x36,
  0x2e, 0xff, 0x36, 0x2e, 0xff, 0x36, 0x2e, 0xff, 0x36, 0x2e, 0xff, 0x36, 0x2e, 0xff, 0x36, 0x2e,
  0xff, 0x36, 0x2e, 0xff, 0x36, 0x2e, 0xff, 0x16, 0x2e, 0xff, 0x9e, 0xd7, 0xf7, 0xff, 0xff, 0xf4,
  0xff, 0xff, 0xf5, 0xff, 0xff, 0xf5, 0xff, 0xff, 0xf5, 0xff, 0xff, 0xf5, 0xff, 0xff, 0xf4, 0x3c,
  0xaf, 0xf9, 0x16, 0x1e, 0xff, 0x36, 0x2e, 0xff, 0x16, 0x26, 0xff, 0x16, 0x1e, 0xff, 0x16, 0x1e,
  0xff, 0x57, 0x46, 0xfe, 0x37, 0x36, 0xfe, 0x36, 0x2e, 0xff, 0x16, 0x26, 0xff, 0xd9, 0x6e, 0xf8,
  0xff, 0xef, 0xea, 0xff, 0xdf, 0xeb, 0xff, 0xdf, 0xeb, 0xff, 0xdf, 0xeb, 0xff, 0xdf, 0xea, 0x5c,
  0xaf, 0xfc, 0xde, 0xe7, 0xff, 0xff, 0xff, 0xff, 0xff, 0xff, 0xff, 0xff, 0xf7, 0xff, 0x5c, 0xaf,
  0xff, 0xde, 0xcf, 0xee, 0xff, 0xe7, 0xea, 0xff, 0xdf, 0xeb, 0xff, 0xdf, 0xeb, 0xff, 0xef, 0xea,
  0x5b, 0x9f, 0xf2, 0x16, 0x26, 0xff, 0x36, 0x2e, 0xff, 0x16, 0x26, 0xff, 0x9d, 0xcf, 0xf8, 0xff,
  0xff, 0xf4, 0xff, 0xff, 0xf5, 0xff, 0xff, 0xf5, 0xff, 0xff, 0xf5, 0xd9, 0x6e, 0xfb, 0x16, 0x1e,
  0xff, 0x36, 0x2e, 0xff, 0x36, 0x2e, 0xff, 0x36, 0x2e, 0xff, 0x36, 0x2e, 0xff, 0x36, 0x2e, 0xff,
  0x36, 0x2e, 0xff, 0x36, 0x2e, 0xff, 0x36, 0x2e, 0xff, 0x36, 0x2e, 0xff, 0x36, 0x2e, 0xff, 0x36,
  0x2e, 0xff, 0x36, 0x2e, 0xff, 0x36, 0x2e, 0xff, 0x36, 0x2e, 0xff, 0x36, 0x2e, 0xff, 0x36, 0x2e,
  0xff, 0x36, 0x2e, 0xff, 0x36, 0x2e, 0xff, 0x36, 0x2e, 0xff, 0x36, 0x2e, 0xff, 0x36, 0x2e, 0xff,
  0x36, 0x2e, 0xff, 0x36, 0x2e, 0xff, 0x36, 0x2e, 0xff, 0x36, 0x2e, 0xff, 0x36, 0x2e, 0xff, 0x36,
  0x2e, 0xff, 0x36, 0x2e, 0xff, 0x36, 0x2e, 0xff, 0x16, 0x2e, 0xfe, 0x37, 0x2e, 0xff, 0xb9, 0x4e,
  0xa8, 0x1a, 0x67, 0x8c, 0x99, 0x56, 0x27, 0x00, 0x00, 0x00, 0xef, 0x7b, 0x02, 0x00, 0x00, 0x00,
  0x00, 0x00, 0x00, 0xe0, 0x07, 0x01, 0x00, 0x00, 0x00, 0xd7, 0x45, 0x0b, 0xfa, 0x66, 0x81, 0xd9,
  0x5e, 0x96, 0x36, 0x2e, 0xf7, 0x36, 0x2e, 0xff, 0x36, 0x2e, 0xfe, 0x36, 0x2e, 0xff, 0x36, 0x2e,
  0xff, 0x36, 0x2e, 0xff, 0x36, 0x2e, 0xff, 0x36, 0x2e, 0xff, 0x36, 0x2e, 0xff, 0x36, 0x2e, 0xff,
  0x36, 0x2e, 0xff, 0x36, 0x2e, 0xff, 0x36, 0x2e, 0xff, 0x36, 0x2e, 0xff, 0x36, 0x2e, 0xff, 0x36,
  0x2e, 0xff, 0x36, 0x2e, 0xff, 0x36, 0x2e, 0xff, 0x36, 0x2e, 0xff, 0x36, 0x2e, 0xff, 0x36, 0x2e,
  0xff, 0x36, 0x2e, 0xff, 0x16, 0x1e, 0xff, 0x1b, 0x8f, 0xfa, 0xff, 0xff, 0xf4, 0xff, 0xff, 0xf5,
  0xff, 0xff, 0xf5, 0xff, 0xff, 0xf5, 0xff, 0xff, 0xf5, 0xff, 0xff, 0xf4, 0x9d, 0xd7, 0xf7, 0x16,
  0x26, 0xff, 0x36, 0x2e, 0xff, 0x36, 0x2e, 0xff, 0x36, 0x2e, 0xff, 0x36, 0x2e, 0xff, 0x36, 0x2e,
  0xff, 0x16, 0x26, 0xff, 0x16, 0x2e, 0xff, 0x36, 0x2e, 0xff, 0x16, 0x26, 0xff, 0xbd, 0xc7, 0xee,
  0xff, 0xf7, 0xe9, 0xff, 0xdf, 0xeb, 0xfe, 0xd7, 0xeb, 0xff, 0xef, 0xea, 0x5b, 0x9f, 0xf2, 0xf5,
  0x15, 0xff, 0x57, 0x46, 0xfe, 0xb9, 0x6e, 0xfe, 0xb9, 0x6e, 0xfe, 0x78, 0x56, 0xfe, 0x16, 0x1e,
  0xff, 0xd9, 0x6e, 0xf7, 0xff, 0xef, 0xea, 0xff, 0xdf, 0xeb, 0xff, 0xdf, 0xeb, 0xff, 0xe7, 0xeb,
  0xfe, 0xd7, 0xeb, 0x57, 0x3e, 0xfd, 0x36, 0x2e, 0xff, 0x16, 0x1e, 0xff, 0x3b, 0xa7, 0xf9, 0xff,
  0xff, 0xf3, 0xff, 0xff, 0xf4, 0xff, 0xff, 0xf4, 0xff, 0xff, 0xf4, 0x1b, 0x97, 0xfa, 0x16, 0x1e,
  0xff, 0x36, 0x2e, 0xff, 0x36, 0x2e, 0xff, 0x36, 0x2e, 0xff, 0x36, 0x2e, 0xff, 0x36, 0x2e, 0xff,
  0x36, 0x2e, 0xff, 0x36, 0x2e, 0xff, 0x36, 0x2e, 0xff, 0x36, 0x2e, 0xff, 0x36, 0x2e, 0xff, 0x36,
  0x2e, 0xff, 0x36, 0x2e, 0xff, 0x36, 0x2e, 0xff, 0x36, 0x2e, 0xff, 0x36, 0x2e, 0xff, 0x36, 0x2e,
  0xff, 0x36, 0x2e, 0xff, 0x36, 0x2e, 0xff, 0x36, 0x2e, 0xff, 0x36, 0x2e, 0xff, 0x36, 0x2e, 0xff,
  0x36, 0x2e, 0xff, 0x36, 0x2e, 0xff, 0x36, 0x2e, 0xff, 0x36, 0x2e, 0xff, 0x36, 0x2e, 0xff, 0x36,
  0x2e, 0xff, 0x36, 0x2e, 0xff, 0x36, 0x2e, 0xff, 0x16, 0x2e, 0xfe, 0x37, 0x2e, 0xff, 0xb9, 0x4e,
  0xa8, 0x1a, 0x67, 0x8c, 0x99, 0x56, 0x27, 0x00, 0x00, 0x00, 0xef, 0x7b, 0x02, 0x00, 0x00, 0x00,
  0x00, 0x00, 0x00, 0xe0, 0x07, 0x01, 0x00, 0x00, 0x00, 0xd7, 0x45, 0x0b, 0xfa, 0x66, 0x81, 0xd9,
  0x5e, 0x96, 0x36, 0x2e, 0xf7, 0x36, 0x2e, 0xff, 0x36, 0x2e, 0xfe, 0x36, 0x2e, 0xff, 0x36, 0x2e,
  0xff, 0x36, 0x2e, 0xff, 0x36, 0x2e, 0xff, 0x36, 0x2e, 0xff, 0x36, 0x2e, 0xff, 0x36, 0x2e, 0xff,
  0x36, 0x2e, 0xff, 0x36, 0x2e, 0xff, 0x36, 0x2e, 0xff, 0x36, 0x2e, 0xff, 0x36, 0x2e, 0xff, 0x36,
  0x2e, 0xff, 0x36, 0x2e, 0xff, 0x36, 0x2e, 0xff, 0x36, 0x2e, 0xff, 0x36, 0x2e, 0xff, 0x36, 0x2e,
  0xff, 0x16, 0x26, 0xff, 0x77, 0x46, 0xfd, 0xdf, 0xf7, 0xf6, 0xff, 0xff, 0xf5, 0xff, 0xff, 0xf5,
  0xff, 0xff, 0xf5, 0xff, 0xff, 0xf5, 0xff, 0xff, 0xf5, 0xdf, 0xef, 0xf6, 0x37, 0x3e, 0xfe, 0x16,
  0x26, 0xff, 0x36, 0x2e, 0xff, 0x36, 0x2e, 0xff, 0x36, 0x2e, 0xff, 0x36, 0x2e, 0xff, 0x36, 0x2e,
  0xff, 0x36, 0x2e, 0xff, 0x36, 0x2e, 0xff, 0x36, 0x2e, 0xff, 0x36, 0x2e, 0xff, 0xda, 0x76, 0xf6,
  0x7c, 0xa7, 0xf1, 0xde, 0xd7, 0xec, 0xff, 0xef, 0xe9, 0xff, 0xe7, 0xea, 0x57, 0x3e, 0xfc, 0x78,
  0x56, 0xfe, 0xff, 0xff, 0xf5, 0xbe, 0xe7, 0xf6, 0xbe, 0xe7, 0xf6, 0xff, 0xf7, 0xf5, 0x7d, 0xbf,
  0xf8, 0x16, 0x26, 0xff, 0xbd, 0xc7, 0xee, 0xff, 0xe7, 0xea, 0xff, 0xdf, 0xeb, 0xff, 0xdf, 0xeb,
  0xff, 0xef, 0xea, 0xb9, 0x6e, 0xf8, 0x16, 0x26, 0xff, 0x16, 0x26, 0xff, 0x98, 0x5e, 0xfc, 0x9d,
  0xcf, 0xf7, 0x1b, 0x97, 0xfa, 0xb9, 0x6e, 0xfc, 0x78, 0x4e, 0xfd, 0x37, 0x36, 0xfe, 0x36, 0x2e,
  0xff, 0x36, 0x2e, 0xff, 0x36, 0x2e, 0xff, 0x36, 0x2e, 0xff, 0x36, 0x2e, 0xff, 0x36, 0x2e, 0xff,
  0x36, 0x2e, 0xff, 0x36, 0x2e, 0xff, 0x36, 0x2e, 0xff, 0x36, 0x2e, 0xff, 0x36, 0x2e, 0xff, 0x36,
  0x2e, 0xff, 0x36, 0x2e, 0xff, 0x36, 0x2e, 0xff, 0x36, 0x2e, 0xff, 0x36, 0x2e, 0xff, 0x36, 0x2e,
  0xff, 0x36, 0x2e, 0xff, 0x36, 0x2e, 0xff, 0x36, 0x2e, 0xff, 0x36, 0x2e, 0xff, 0x36, 0x2e, 0xff,
  0x36, 0x2e, 0xff, 0x36, 0x2e, 0xff, 0x36, 0x2e, 0xff, 0x36, 0x2e, 0xff, 0x36, 0x2e, 0xff, 0x36,
  0x2e, 0xff, 0x36, 0x2e, 0xff, 0x36, 0x2e, 0xff, 0x16, 0x2e, 0xfe, 0x37, 0x2e, 0xff, 0xb9, 0x4e,
  0xa8, 0x1a, 0x67, 0x8c, 0x99, 0x56, 0x27, 0x00, 0x00, 0x00, 0xef, 0x7b, 0x02, 0x00, 0x00, 0x00,
  0x00, 0x00, 0x00, 0xe0, 0x07, 0x01, 0x00, 0x00, 0x00, 0xd7, 0x45, 0x0b, 0xfa, 0x66, 0x81, 0xd9,
  0x5e, 0x96, 0x36, 0x2e, 0xf7, 0x36, 0x2e, 0xff, 0x36, 0x2e, 0xfe, 0x36, 0x2e, 0xff, 0x36, 0x2e,
  0xff, 0x36, 0x2e, 0xff, 0x36, 0x2e, 0xff, 0x36, 0x2e, 0xff, 0x36, 0x2e, 0xff, 0x36, 0x2e, 0xff,
  0x36, 0x2e, 0xff, 0x36, 0x2e, 0xff, 0x36, 0x2e, 0xff, 0x36, 0x2e, 0xff, 0x36, 0x2e, 0xff, 0x36,
  0x2e, 0xff, 0x36, 0x2e, 0xff, 0x36, 0x2e, 0xff, 0x36, 0x2e, 0xff, 0x36, 0x2e, 0xff, 0x36, 0x2e,
  0xff, 0x16, 0x1e, 0xff, 0x5c, 0xaf, 0xf9, 0xff, 0xff, 0xf4, 0xff, 0xff, 0xf5, 0xff, 0xff, 0xf5,
  0xff, 0xff, 0xf5, 0xff, 0xff, 0xf5, 0xff, 0xff, 0xf4, 0xb9, 0x76, 0xfc, 0x16, 0x1e, 0xff, 0x36,
  0x2e, 0xff, 0x36, 0x2e, 0xff, 0x36, 0x2e, 0xff, 0x36, 0x2e, 0xff, 0x36, 0x2e, 0xff, 0x36, 0x2e,
  0xff, 0x36, 0x2e, 0xff, 0x36, 0x2e, 0xff, 0x36, 0x2e, 0xff, 0x36, 0x2e, 0xff, 0x16, 0x1e, 0xff,
  0x16, 0x26, 0xff, 0x57, 0x3e, 0xfd, 0xd9, 0x76, 0xf7, 0x1a, 0x87, 0xf5, 0x16, 0x1e, 0xff, 0x99,
  0x66, 0xfc, 0xff, 0xff, 0xf5, 0xff, 0xff, 0xf5, 0xff, 0xff, 0xf5, 0xff, 0xff, 0xf4, 0x9d, 0xcf,
  0xf7, 0xf5, 0x15, 0xff, 0xfa, 0x7e, 0xf6, 0xff, 0xef, 0xe9, 0xff, 0xdf, 0xeb, 0xff, 0xdf, 0xeb,
  0xff, 0xf7, 0xe9, 0x9c, 0xaf, 0xf0, 0x16, 0x26, 0xff, 0x36, 0x2e, 0xff, 0x16, 0x26, 0xff, 0x16,
  0x26, 0xff, 0x16, 0x1e, 0xff, 0x16, 0x1e, 0xff, 0x16, 0x26, 0xff, 0x16, 0x26, 0xff, 0x36, 0x2e,
  0xff, 0x36, 0x2e, 0xff, 0x36, 0x2e, 0xff, 0x36, 0x2e, 0xff, 0x36, 0x2e, 0xff, 0x36, 0x2e, 0xff,
  0x36, 0x2e, 0xff, 0x36, 0x2e, 0xff, 0x36, 0x2e, 0xff, 0x36, 0x2e, 0xff, 0x36, 0x2e, 0xff, 0x36,
  0x2e, 0xff, 0x36, 0x2e, 0xff, 0x36, 0x2e, 0xff, 0x36, 0x2e, 0xff, 0x36, 0x2e, 0xff, 0x36, 0x2e,
  0xff, 0x36, 0x2e, 0xff, 0x36, 0x2e, 0xff, 0x36, 0x2e, 0xff, 0x36, 0x2e, 0xff, 0x36, 0x2e, 0xff,
  0x36, 0x2e, 0xff, 0x36, 0x2e, 0xff, 0x36, 0x2e, 0xff, 0x36, 0x2e, 0xff, 0x36, 0x2e, 0xff, 0x36,
  0x2e, 0xff, 0x36, 0x2e, 0xff, 0x36, 0x2e, 0xff, 0x16, 0x2e, 0xfe, 0x37, 0x2e, 0xff, 0xb9, 0x4e,
  0xa8, 0x1a, 0x67, 0x8c, 0x99, 0x56, 0x27, 0x00, 0x00, 0x00, 0xef, 0x7b, 0x02, 0x00, 0x00, 0x00,
  0x00, 0x00, 0x00, 0xe0, 0x07, 0x01, 0x00, 0x00, 0x00, 0xd7, 0x45, 0x0b, 0xfa, 0x66, 0x81, 0xd9,
  0x5e, 0x96, 0x36, 0x2e, 0xf7, 0x36, 0x2e, 0xff, 0x36, 0x2e, 0xfe, 0x36, 0x2e, 0xff, 0x36, 0x2e,
  0xff, 0x36, 0x2e, 0xff, 0x36, 0x2e, 0xff, 0x36, 0x2e, 0xff, 0x36, 0x2e, 0xff, 0x36, 0x2e, 0xff,
  0x36, 0x2e, 0xff, 0x36, 0x2e, 0xff, 0x36, 0x2e, 0xff, 0x36, 0x2e, 0xff, 0x36, 0x2e, 0xff, 0x36,
  0x2e, 0xff, 0x36, 0x2e, 0xff, 0x36, 0x2e, 0xff, 0x36, 0x2e, 0xff, 0x36, 0x2e, 0xff, 0x16, 0x26,
  0xff, 0x77, 0x4e, 0xfd, 0xff, 0xff, 0xf5, 0xff, 0xff, 0xf5, 0xff, 0xff, 0xf5, 0xff, 0xff, 0xf5,
  0xff, 0xff, 0xf5, 0xff, 0xff, 0xf4, 0x5c, 0xb7, 0xf9, 0x16, 0x1e, 0xff, 0x36, 0x2e, 0xff, 0x36,
  0x2e, 0xff, 0x36, 0x2e, 0xff, 0x36, 0x2e, 0xff, 0x36, 0x2e, 0xff, 0x36, 0x2e, 0xff, 0x36, 0x2e,
  0xff, 0x36, 0x2e, 0xff, 0x36, 0x2e, 0xff, 0x36, 0x2e, 0xff, 0x36, 0x2e, 0xff, 0x36, 0x2e, 0xff,
  0x36, 0x2e, 0xff, 0x16, 0x26, 0xff, 0x16, 0x1e, 0xff, 0x16, 0x26, 0xff, 0x16, 0x26, 0xff, 0x98,
  0x5e, 0xfc, 0xff, 0xff, 0xf5, 0xff, 0xff, 0xf5, 0xff, 0xff, 0xf5, 0xff, 0xff, 0xf4, 0x9d, 0xcf,
  0xf7, 0x16, 0x1e, 0xff, 0x78, 0x4e, 0xfb, 0xff, 0xef, 0xe9, 0xff, 0xdf, 0xeb, 0xde, 0xcf, 0xec,
  0x9d, 0xb7, 0xf0, 0xfa, 0x7e, 0xf5, 0x36, 0x2e, 0xff, 0x36, 0x2e, 0xff, 0x36, 0x2e, 0xff, 0x36,
  0x2e, 0xff, 0x36, 0x2e, 0xff, 0x36, 0x2e, 0xff, 0x36, 0x2e, 0xff, 0x36, 0x2e, 0xff, 0x36, 0x2e,
  0xff, 0x36, 0x2e, 0xff, 0x36, 0x2e, 0xff, 0x36, 0x2e, 0xff, 0x36, 0x2e, 0xff, 0x36, 0x2e, 0xff,
  0x36, 0x2e, 0xff, 0x36, 0x2e, 0xff, 0x36, 0x2e, 0xff, 0x36, 0x2e, 0xff, 0x36, 0x2e, 0xff, 0x36,
  0x2e, 0xff, 0x36, 0x2e, 0xff, 0x36, 0x2e, 0xff, 0x36, 0x2e, 0xff, 0x36, 0x2e, 0xff, 0x36, 0x2e,
  0xff, 0x36, 0x2e, 0xff, 0x36, 0x2e, 0xff, 0x36, 0x2e, 0xff, 0x36, 0x2e, 0xff, 0x36, 0x2e, 0xff,
  0x36, 0x2e, 0xff, 0x36, 0x2e, 0xff, 0x36, 0x2e, 0xff, 0x36, 0x2e, 0xff, 0x36, 0x2e, 0xff, 0x36,
  0x2e, 0xff, 0x36, 0x2e, 0xff, 0x36, 0x2e, 0xff, 0x16, 0x2e, 0xfe, 0x37, 0x2e, 0xff, 0xb9, 0x4e,
  0xa8, 0x1a, 0x67, 0x8c, 0x99, 0x56, 0x27, 0x00, 0x00, 0x00, 0xef, 0x7b, 0x02, 0x00, 0x00, 0x00,
  0x00, 0x00, 0x00, 0xe0, 0x07, 0x01, 0x00, 0x00, 0x00, 0xd7, 0x45, 0x0b, 0xfa, 0x66, 0x81, 0xd9,
  0x5e, 0x96, 0x36, 0x2e, 0xf7, 0x36, 0x2e, 0xff, 0x36, 0x2e, 0xfe, 0x36, 0x2e, 0xff, 0x36, 0x2e,
  0xff, 0x36, 0x2e, 0xff, 0x36, 0x2e, 0xff, 0x36, 0x2e, 0xff, 0x36, 0x2e, 0xff, 0x36, 0x2e, 0xff,
  0x36, 0x2e, 0xff, 0x36, 0x2e, 0xff, 0x36, 0x2e, 0xff, 0x36, 0x2e, 0xff, 0x36, 0x2e, 0xff, 0x36,
  0x2e, 0xff, 0x36, 0x2e, 0xff, 0x36, 0x2e, 0xff, 0x36, 0x2e, 0xff, 0x36, 0x2e, 0xff, 0x16, 0x1e,
  0xff, 0x5c, 0xaf, 0xf9, 0xff, 0xff, 0xf4, 0xff, 0xff, 0xf5, 0xff, 0xff, 0xf5, 0xff, 0xff, 0xf5,
  0xff, 0xff, 0xf5, 0xdf, 0xf7, 0xf6, 0x57, 0x46, 0xfd, 0x16, 0x26, 0xff, 0x36, 0x2e, 0xff, 0x36,
  0x2e, 0xff, 0x36, 0x2e, 0xff, 0x36, 0x2e, 0xff, 0x36, 0x2e, 0xff, 0x36, 0x2e, 0xff, 0x36, 0x2e,
  0xff, 0x36, 0x2e, 0xff, 0x36, 0x2e, 0xff, 0x36, 0x2e, 0xff, 0x36, 0x2e, 0xff, 0x36, 0x2e, 0xff,
  0x36, 0x2e, 0xff, 0x36, 0x2e, 0xff, 0x36, 0x2e, 0xff, 0x36, 0x2e, 0xff, 0x16, 0x1e, 0xff, 0x98,
  0x5e, 0xfc, 0xff, 0xff, 0xf5, 0xff, 0xff, 0xf5, 0xff, 0xff, 0xf5, 0xff, 0xff, 0xf4, 0x7d, 0xc7,
  0xf8, 0x16, 0x26, 0xff, 0x37, 0x36, 0xfe, 0x99, 0x5e, 0xf9, 0x77, 0x46, 0xfc, 0x36, 0x36, 0xfe,
  0x16, 0x26, 0xff, 0x16, 0x26, 0xff, 0x36, 0x2e, 0xff, 0x36, 0x2e, 0xff, 0x36, 0x2e, 0xff, 0x36,
  0x2e, 0xff, 0x36, 0x2e, 0xff, 0x36, 0x2e, 0xff, 0x36, 0x2e, 0xff, 0x36, 0x2e, 0xff, 0x36, 0x2e,
  0xff, 0x36, 0x2e, 0xff, 0x36, 0x2e, 0xff, 0x36, 0x2e, 0xff, 0x36, 0x2e, 0xff, 0x36, 0x2e, 0xff,
  0x36, 0x2e, 0xff, 0x36, 0x2e, 0xff, 0x36, 0x2e, 0xff, 0x36, 0x2e, 0xff, 0x36, 0x2e, 0xff, 0x36,
  0x2e, 0xff, 0x36, 0x2e, 0xff, 0x36, 0x2e, 0xff, 0x36, 0x2e, 0xff, 0x36, 0x2e, 0xff, 0x36, 0x2e,
  0xff, 0x36, 0x2e, 0xff, 0x36, 0x2e, 0xff, 0x36, 0x2e, 0xff, 0x36, 0x2e, 0xff, 0x36, 0x2e, 0xff,
  0x36, 0x2e, 0xff, 0x36, 0x2e, 0xff, 0x36, 0x2e, 0xff, 0x36, 0x2e, 0xff, 0x36, 0x2e, 0xff, 0x36,
  0x2e, 0xff, 0x36, 0x2e, 0xff, 0x36, 0x2e, 0xff, 0x16, 0x2e, 0xfe, 0x37, 0x2e, 0xff, 0xb9, 0x4e,
  0xa8, 0x1a, 0x67, 0x8c, 0x99, 0x56, 0x27, 0x00, 0x00, 0x00, 0xef, 0x7b, 0x02, 0x00, 0x00, 0x00,
  0x00, 0x00, 0x00, 0xe0, 0x07, 0x01, 0x00, 0x00, 0x00, 0xd7, 0x45, 0x0b, 0xfa, 0x66, 0x81, 0xd9,
  0x5e, 0x96, 0x36, 0x2e, 0xf7, 0x36, 0x2e, 0xff, 0x36, 0x2e, 0xfe, 0x36, 0x2e, 0xff, 0x36, 0x2e,
  0xff, 0x36, 0x2e, 0xff, 0x36, 0x2e, 0xff, 0x36, 0x2e, 0xff, 0x36, 0x2e, 0xff, 0x36, 0x2e, 0xff,
  0x36, 0x2e, 0xff, 0x36, 0x2e, 0xff, 0x36, 0x2e, 0xff, 0x36, 0x2e, 0xff, 0x36, 0x2e, 0xff, 0x36,
  0x2e, 0xff, 0x36, 0x2e, 0xff, 0x36, 0x2e, 0xff, 0x36, 0x2e, 0xff, 0x16, 0x26, 0xff, 0x57, 0x3e,
  0xfe, 0xdf, 0xf7, 0xf6, 0xff, 0xff, 0xf5, 0xff, 0xff, 0xf5, 0xff, 0xff, 0xf5, 0xff, 0xff, 0xf5,
  0xff, 0xff, 0xf4, 0x1b, 0x97, 0xfa, 0x16, 0x1e, 0xff, 0x36, 0x2e, 0xff, 0x36, 0x2e, 0xff, 0x36,
  0x2e, 0xff, 0x36, 0x2e, 0xff, 0x36, 0x2e, 0xff, 0x36, 0x2e, 0xff, 0x36, 0x2e, 0xff, 0x36, 0x2e,
  0xff, 0x36, 0x2e, 0xff, 0x36, 0x2e, 0xff, 0x36, 0x2e, 0xff, 0x36, 0x2e, 0xff, 0x36, 0x2e, 0xff,
  0x36, 0x2e, 0xff, 0x36, 0x2e, 0xff, 0x36, 0x2e, 0xff, 0x36, 0x2e, 0xff, 0x16, 0x1e, 0xff, 0x98,
  0x5e, 0xfc, 0xff, 0xff, 0xf5, 0xff, 0xff, 0xf5, 0xff, 0xff, 0xf5, 0xff, 0xff, 0xf4, 0x7d, 0xc7,
  0xf8, 0x16, 0x26, 0xff, 0x36, 0x2e, 0xff, 0x16, 0x26, 0xff, 0x16, 0x26, 0xff, 0x36, 0x2e, 0xff,
  0x36, 0x2e, 0xff, 0x36, 0x2e, 0xff, 0x36, 0x2e, 0xff, 0x36, 0x2e, 0xff, 0x36, 0x2e, 0xff, 0x36,
  0x2e, 0xff, 0x36, 0x2e, 0xff, 0x36, 0x2e, 0xff, 0x36, 0x2e, 0xff, 0x36, 0x2e, 0xff, 0x36, 0x2e,
  0xff, 0x36, 0x2e, 0xff, 0x36, 0x2e, 0xff, 0x36, 0x2e, 0xff, 0x36, 0x2e, 0xff, 0x36, 0x2e, 0xff,
  0x36, 0x2e, 0xff, 0x36, 0x2e, 0xff, 0x36, 0x2e, 0xff, 0x36, 0x2e, 0xff, 0x36, 0x2e, 0xff, 0x36,
  0x2e, 0xff, 0x36, 0x2e, 0xff, 0x36, 0x2e, 0xff, 0x36, 0x2e, 0xff, 0x36, 0x2e, 0xff, 0x36, 0x2e,
  0xff, 0x36, 0x2e, 0xff, 0x36, 0x2e, 0xff, 0x36, 0x2e, 0xff, 0x36, 0x2e, 0xff, 0x36, 0x2e, 0xff,
  0x36, 0x2e, 0xff, 0x36, 0x2e, 0xff, 0x36, 0x2e, 0xff, 0x36, 0x2e, 0xff, 0x36, 0x2e, 0xff, 0x36,
  0x2e, 0xff, 0x36, 0x2e, 0xff, 0x36, 0x2e, 0xff, 0x16, 0x2e, 0xfe, 0x37, 0x2e, 0xff, 0xb9, 0x4e,
  0xa8, 0x1a, 0x67, 0x8c, 0x99, 0x56, 0x27, 0x00, 0x00, 0x00, 0xef, 0x7b, 0x02, 0x00, 0x00, 0x00,
  0x00, 0x00, 0x00, 0xe0, 0x07, 0x01, 0x00, 0x00, 0x00, 0xd7, 0x45, 0x0b, 0xfa, 0x66, 0x81, 0xd9,
  0x5e, 0x96, 0x36, 0x2e, 0xf7, 0x36, 0x2e, 0xff, 0x36, 0x2e, 0xfe, 0x36, 0x2e, 0xff, 0x36, 0x2e,
  0xff, 0x36, 0x2e, 0xff, 0x36, 0x2e, 0xff, 0x36, 0x2e, 0xff, 0x36, 0x2e, 0xff, 0x36, 0x2e, 0xff,
  0x36, 0x2e, 0xff, 0x36, 0x2e, 0xff, 0x36, 0x2e, 0xff, 0x36, 0x2e, 0xff, 0x36, 0x2e, 0xff, 0x36,
  0x2e, 0xff, 0x36, 0x2e, 0xff, 0x36, 0x2e, 0xff, 0x36, 0x2e, 0xff, 0x16, 0x1e, 0xff, 0xfa, 0x8e,
  0xfa, 0xff, 0xff, 0xf4, 0xff, 0xff, 0xf5, 0xff, 0xff, 0xf5, 0xff, 0xff, 0xf5, 0xff, 0xff, 0xf5,
  0xdf, 0xef, 0xf6, 0x57, 0x3e, 0xfe, 0x16, 0x26, 0xff, 0x36, 0x2e, 0xff, 0x36, 0x2e, 0xff, 0x36,
  0x2e, 0xff, 0x36, 0x2e, 0xff, 0x36, 0x2e, 0xff, 0x36, 0x2e, 0xff, 0x36, 0x2e, 0xff, 0x36, 0x2e,
  0xff, 0x36, 0x2e, 0xff, 0x36, 0x2e, 0xff, 0x36, 0x2e, 0xff, 0x36, 0x2e, 0xff, 0x36, 0x2e, 0xff,
  0x36, 0x2e, 0xff, 0x36, 0x2e, 0xff, 0x36, 0x2e, 0xff, 0x36, 0x2e, 0xff, 0x16, 0x1e, 0xff, 0x98,
  0x5e, 0xfc, 0xff, 0xff, 0xf5, 0xff, 0xff, 0xf5, 0xff, 0xff, 0xf5, 0xff, 0xff, 0xf4, 0x7d, 0xc7,
  0xf8, 0x16, 0x26, 0xff, 0x36, 0x2e, 0xff, 0x36, 0x2e, 0xff, 0x36, 0x2e, 0xff, 0x36, 0x2e, 0xff,
  0x36, 0x2e, 0xff, 0x36, 0x2e, 0xff, 0x36, 0x2e, 0xff, 0x36, 0x2e, 0xff, 0x36, 0x2e, 0xff, 0x36,
  0x2e, 0xff, 0x36, 0x2e, 0xff, 0x36, 0x2e, 0xff, 0x36, 0x2e, 0xff, 0x36, 0x2e, 0xff, 0x36, 0x2e,
  0xff, 0x36, 0x2e, 0xff, 0x36, 0x2e, 0xff, 0x36, 0x2e, 0xff, 0x36, 0x2e, 0xff, 0x36, 0x2e, 0xff,
  0x36, 0x2e, 0xff, 0x36, 0x2e, 0xff, 0x36, 0x2e, 0xff, 0x36, 0x2e, 0xff, 0x36, 0x2e, 0xff, 0x36,
  0x2e, 0xff, 0x36, 0x2e, 0xff, 0x36, 0x2e, 0xff, 0x36, 0x2e, 0xff, 0x36, 0x2e, 0xff, 0x36, 0x2e,
  0xff, 0x36, 0x2e, 0xff, 0x36, 0x2e, 0xff, 0x36, 0x2e, 0xff, 0x36, 0x2e, 0xff, 0x36, 0x2e, 0xff,
  0x36, 0x2e, 0xff, 0x36, 0x2e, 0xff, 0x36, 0x2e, 0xff, 0x36, 0x2e, 0xff, 0x36, 0x2e, 0xff, 0x36,
  0x2e, 0xff, 0x36, 0x2e, 0xff, 0x36, 0x2e, 0xff, 0x16, 0x2e, 0xfe, 0x37, 0x2e, 0xff, 0xb9, 0x4e,
  0xa8, 0x1a, 0x67, 0x8c, 0x99, 0x56, 0x27, 0x00, 0x00, 0x00, 0xef, 0x7b, 0x02, 0x00, 0x00, 0x00,
  0x00, 0x00, 0x00, 0xe0, 0x07, 0x01, 0x00, 0x00, 0x00, 0xd7, 0x45, 0x0b, 0xfa, 0x66, 0x81, 0xd9,
  0x5e, 0x96, 0x36, 0x2e, 0xf7, 0x36, 0x2e, 0xff, 0x36, 0x2e, 0xfe, 0x36, 0x2e, 0xff, 0x36, 0x2e,
  0xff, 0x36, 0x2e, 0xff, 0x36, 0x2e, 0xff, 0x36, 0x2e, 0xff, 0x36, 0x2e, 0xff, 0x36, 0x2e, 0xff,
  0x36, 0x2e, 0xff, 0x36, 0x2e, 0xff, 0x36, 0x2e, 0xff, 0x36, 0x2e, 0xff, 0x36, 0x2e, 0xff, 0x36,
  0x2e, 0xff, 0x36, 0x2e, 0xff, 0x36, 0x2e, 0xff, 0x36, 0x2e, 0xff, 0x16, 0x26, 0xff, 0x57, 0x46,
  0xfe, 0xfa, 0x8e, 0xfa, 0xbe, 0xdf, 0xf7, 0xff, 0xff, 0xf5, 0xff, 0xff, 0xf4, 0xff, 0xff, 0xf4,
  0x3c, 0xaf, 0xf9, 0x16, 0x1e, 0xff, 0x36, 0x2e, 0xff, 0x36, 0x2e, 0xff, 0x36, 0x2e, 0xff, 0x36,
  0x2e, 0xff, 0x36, 0x2e, 0xff, 0x36, 0x2e, 0xff, 0x36, 0x2e, 0xff, 0x36, 0x2e, 0xff, 0x36, 0x2e,
  0xff, 0x36, 0x2e, 0xff, 0x36, 0x2e, 0xff, 0x36, 0x2e, 0xff, 0x36, 0x2e, 0xff, 0x36, 0x2e, 0xff,
  0x36, 0x2e, 0xff, 0x36, 0x2e, 0xff, 0x36, 0x2e, 0xff, 0x36, 0x2e, 0xff, 0x16, 0x1e, 0xff, 0x98,
  0x5e, 0xfc, 0xff, 0xff, 0xf5, 0xff, 0xff, 0xf5, 0xff, 0xff, 0xf5, 0xff, 0xff, 0xf4, 0x7d, 0xc7,
  0xf8, 0x16, 0x26, 0xff, 0x36, 0x2e, 0xff, 0x36, 0x2e, 0xff, 0x36, 0x2e, 0xff, 0x36, 0x2e, 0xff,
  0x36, 0x2e, 0xff, 0x36, 0x2e, 0xff, 0x36, 0x2e, 0xff, 0x36, 0x2e, 0xff, 0x36, 0x2e, 0xff, 0x36,
  0x2e, 0xff, 0x36, 0x2e, 0xff, 0x36, 0x2e, 0xff, 0x36, 0x2e, 0xff, 0x36, 0x2e, 0xff, 0x36, 0x2e,
  0xff, 0x36, 0x2e, 0xff, 0x36, 0x2e, 0xff, 0x36, 0x2e, 0xff, 0x36, 0x2e, 0xff, 0x36, 0x2e, 0xff,
  0x36, 0x2e, 0xff, 0x36, 0x2e, 0xff, 0x36, 0x2e, 0xff, 0x36, 0x2e, 0xff, 0x36, 0x2e, 0xff, 0x36,
  0x2e, 0xff, 0x36, 0x2e, 0xff, 0x36, 0x2e, 0xff, 0x36, 0x2e, 0xff, 0x36, 0x2e, 0xff, 0x36, 0x2e,
  0xff, 0x36, 0x2e, 0xff, 0x36, 0x2e, 0xff, 0x36, 0x2e, 0xff, 0x36, 0x2e, 0xff, 0x36, 0x2e, 0xff,
  0x36, 0x2e, 0xff, 0x36, 0x2e, 0xff, 0x36, 0x2e, 0xff, 0x36, 0x2e, 0xff, 0x36, 0x2e, 0xff, 0x36,
  0x2e, 0xff, 0x36, 0x2e, 0xff, 0x36, 0x2e, 0xff, 0x16, 0x2e, 0xfe, 0x37, 0x2e, 0xff, 0xb9, 0x4e,
  0xa8, 0x1a, 0x67, 0x8c, 0x99, 0x56, 0x27, 0x00, 0x00, 0x00, 0xef, 0x7b, 0x02, 0x00, 0x00, 0x00,
  0x00, 0x00, 0x00, 0xe0, 0x07, 0x01, 0x00, 0x00, 0x00, 0xd7, 0x45, 0x0b, 0xfa, 0x66, 0x81, 0xd9,
  0x5e, 0x96, 0x36, 0x2e, 0xf7, 0x36, 0x2e, 0xff, 0x36, 0x2e, 0xfe, 0x36, 0x2e, 0xff, 0x36, 0x2e,
  0xff, 0x36, 0x2e, 0xff, 0x36, 0x2e, 0xff, 0x36, 0x2e, 0xff, 0x36, 0x2e, 0xff, 0x36, 0x2e, 0xff,
  0x36, 0x2e, 0xff, 0x36, 0x2e, 0xff, 0x36, 0x2e, 0xff, 0x36, 0x2e, 0xff, 0x36, 0x2e, 0xff, 0x36,
  0x2e, 0xff, 0x36, 0x2e, 0xff, 0x36, 0x2e, 0xff, 0x36, 0x2e, 0xff, 0x36, 0x2e, 0xff, 0x16, 0x26,
  0xff, 0x16, 0x1e, 0xff, 0x36, 0x2e, 0xff, 0x98, 0x56, 0xfd, 0x1b, 0x9f, 0xfa, 0xde, 0xe7, 0xf6,
  0x78, 0x4e, 0xfd, 0x16, 0x26, 0xff, 0x36, 0x2e, 0xff, 0x36, 0x2e, 0xff, 0x36, 0x2e, 0xff, 0x36,
  0x2e, 0xff, 0x36, 0x2e, 0xff, 0x36, 0x2e, 0xff, 0x36, 0x2e, 0xff, 0x36, 0x2e, 0xff, 0x36, 0x2e,
  0xff, 0x36, 0x2e, 0xff, 0x36, 0x2e, 0xff, 0x36, 0x2e, 0xff, 0x36, 0x2e, 0xff, 0x36, 0x2e, 0xff,
  0x36, 0x2e, 0xff, 0x36, 0x2e, 0xff, 0x36, 0x2e, 0xff, 0x36, 0x2e, 0xff, 0x16, 0x1e, 0xff, 0x98,
  0x5e, 0xfc, 0xff, 0xff, 0xf5, 0xff, 0xff, 0xf5, 0xff, 0xff, 0xf5, 0xff, 0xff, 0xf4, 0x7d, 0xc7,
  0xf8, 0x16, 0x26, 0xff, 0x36, 0x2e, 0xff, 0x36, 0x2e, 0xff, 0x36, 0x2e, 0xff, 0x36, 0x2e, 0xff,
  0x36, 0x2e, 0xff, 0x36, 0x2e, 0xff, 0x36, 0x2e, 0xff, 0x36, 0x2e, 0xff, 0x36, 0x2e, 0xff, 0x36,
  0x2e, 0xff, 0x36, 0x2e, 0xff, 0x36, 0x2e, 0xff, 0x36, 0x2e, 0xff, 0x36, 0x2e, 0xff, 0x36, 0x2e,
  0xff, 0x36, 0x2e, 0xff, 0x36, 0x2e, 0xff, 0x36, 0x2e, 0xff, 0x36, 0x2e, 0xff, 0x36, 0x2e, 0xff,
  0x36, 0x2e, 0xff, 0x36, 0x2e, 0xff, 0x36, 0x2e, 0xff, 0x36, 0x2e, 0xff, 0x36, 0x2e, 0xff, 0x36,
  0x2e, 0xff, 0x36, 0x2e, 0xff, 0x36, 0x2e, 0xff, 0x36, 0x2e, 0xff, 0x36, 0x2e, 0xff, 0x36, 0x2e,
  0xff, 0x36, 0x2e, 0xff, 0x36, 0x2e, 0xff, 0x36, 0x2e, 0xff, 0x36, 0x2e, 0xff, 0x36, 0x2e, 0xff,
  0x36, 0x2e, 0xff, 0x36, 0x2e, 0xff, 0x36, 0x2e, 0xff, 0x36, 0x2e, 0xff, 0x36, 0x2e, 0xff, 0x36,
  0x2e, 0xff, 0x36, 0x2e, 0xff, 0x36, 0x2e, 0xff, 0x16, 0x2e, 0xfe, 0x37, 0x2e, 0xff, 0xb9, 0x4e,
  0xa8, 0x1a, 0x67, 0x8c, 0x99, 0x56, 0x27, 0x00, 0x00, 0x00, 0xef, 0x7b, 0x02, 0x00, 0x00, 0x00,
  0x00, 0x00, 0x00, 0xe0, 0x07, 0x01, 0x00, 0x00, 0x00, 0xd7, 0x45, 0x0b, 0xfa, 0x66, 0x81, 0xd9,
  0x5e, 0x96, 0x36, 0x2e, 0xf7, 0x36, 0x2e, 0xff, 0x36, 0x2e, 0xfe, 0x36, 0x2e, 0xff, 0x36, 0x2e,
  0xff, 0x36, 0x2e, 0xff, 0x36, 0x2e, 0xff, 0x36, 0x2e, 0xff, 0x36, 0x2e, 0xff, 0x36, 0x2e, 0xff,
  0x36, 0x2e, 0xff, 0x36, 0x2e, 0xff, 0x36, 0x2e, 0xff, 0x36, 0x2e, 0xff, 0x36, 0x2e, 0xff, 0x36,
  0x2e, 0xff, 0x36, 0x2e, 0xff, 0x36, 0x2e, 0xff, 0x36, 0x2e, 0xff, 0x36, 0x2e, 0xff, 0x36, 0x2e,
  0xff, 0x36, 0x2e, 0xff, 0x36, 0x2e, 0xff, 0x16, 0x26, 0xff, 0x16, 0x1e, 0xff, 0x36, 0x2e, 0xff,
  0x36, 0x2e, 0xff, 0x36, 0x2e, 0xff, 0x36, 0x2e, 0xff, 0x36, 0x2e, 0xff, 0x36, 0x2e, 0xff, 0x36,
  0x2e, 0xff, 0x36, 0x2e, 0xff, 0x36, 0x2e, 0xff, 0x36, 0x2e, 0xff, 0x36, 0x2e, 0xff, 0x36, 0x2e,
  0xff, 0x36, 0x2e, 0xff, 0x36, 0x2e, 0xff, 0x36, 0x2e, 0xff, 0x36, 0x2e, 0xff, 0x36, 0x2e, 0xff,
  0x36, 0x2e, 0xff, 0x36, 0x2e, 0xff, 0x36, 0x2e, 0xff, 0x36, 0x2e, 0xff, 0x16, 0x1e, 0xff, 0x98,
  0x5e, 0xfc, 0xff, 0xff, 0xf5, 0xff, 0xff, 0xf5, 0xff, 0xff, 0xf5, 0xff, 0xff, 0xf4, 0x7d, 0xc7,
  0xf8, 0x16, 0x26, 0xff, 0x36, 0x2e, 0xff, 0x36, 0x2e, 0xff, 0x36, 0x2e, 0xff, 0x36, 0x2e, 0xff,
  0x36, 0x2e, 0xff, 0x36, 0x2e, 0xff, 0x36, 0x2e, 0xff, 0x36, 0x2e, 0xff, 0x36, 0x2e, 0xff, 0x36,
  0x2e, 0xff, 0x36, 0x2e, 0xff, 0x36, 0x2e, 0xff, 0x36, 0x2e, 0xff, 0x36, 0x2e, 0xff, 0x36, 0x2e,
  0xff, 0x36, 0x2e, 0xff, 0x36, 0x2e, 0xff, 0x36, 0x2e, 0xff, 0x36, 0x2e, 0xff, 0x36, 0x2e, 0xff,
  0x36, 0x2e, 0xff, 0x36, 0x2e, 0xff, 0x36, 0x2e, 0xff, 0x36, 0x2e, 0xff, 0x36, 0x2e, 0xff, 0x36,
  0x2e, 0xff, 0x36, 0x2e, 0xff, 0x36, 0x2e, 0xff, 0x36, 0x2e, 0xff, 0x36, 0x2e, 0xff, 0x36, 0x2e,
  0xff, 0x36, 0x2e, 0xff, 0x36, 0x2e, 0xff, 0x36, 0x2e, 0xff, 0x36, 0x2e, 0xff, 0x36, 0x2e, 0xff,
  0x36, 0x2e, 0xff, 0x36, 0x2e, 0xff, 0x36, 0x2e, 0xff, 0x36, 0x2e, 0xff, 0x36, 0x2e, 0xff, 0x36,
  0x2e, 0xff, 0x36, 0x2e, 0xff, 0x36, 0x2e, 0xff, 0x16, 0x2e, 0xfe, 0x37, 0x2e, 0xff, 0xb9, 0x4e,
  0xa8, 0x1a, 0x67, 0x8c, 0x99, 0x56, 0x27, 0x00, 0x00, 0x00, 0xef, 0x7b, 0x02, 0x00, 0x00, 0x00,
  0x00, 0x00, 0x00, 0xe0, 0x07, 0x01, 0x00, 0x00, 0x00, 0xd7, 0x45, 0x0b, 0xfa, 0x66, 0x81, 0xd9,
  0x5e, 0x96, 0x36, 0x2e, 0xf7, 0x36, 0x2e, 0xff, 0x36, 0x2e, 0xfe, 0x36, 0x2e, 0xff, 0x36, 0x2e,
  0xff, 0x36, 0x2e, 0xff, 0x36, 0x2e, 0xff, 0x36, 0x2e, 0xff, 0x36, 0x2e, 0xff, 0x36, 0x2e, 0xff,
  0x36, 0x2e, 0xff, 0x36, 0x2e, 0xff, 0x36, 0x2e, 0xff, 0x36, 0x2e, 0xff, 0x36, 0x2e, 0xff, 0x36,
  0x2e, 0xff, 0x36, 0x2e, 0xff, 0x36, 0x2e, 0xff, 0x36, 0x2e, 0xff, 0x36, 0x2e, 0xff, 0x36, 0x2e,
  0xff, 0x36, 0x2e, 0xff, 0x36, 0x2e, 0xff, 0x36, 0x2e, 0xff, 0x36, 0x2e, 0xff, 0x36, 0x2e, 0xff,
  0x36, 0x2e, 0xff, 0x36, 0x2e, 0xff, 0x36, 0x2e, 0xff, 0x36, 0x2e, 0xff, 0x36, 0x2e, 0xff, 0x36,
  0x2e, 0xff, 0x36, 0x2e, 0xff, 0x36, 0x2e, 0xff, 0x36, 0x2e, 0xff, 0x36, 0x2e, 0xff, 0x36, 0x2e,
  0xff, 0x36, 0x2e, 0xff, 0x36, 0x2e, 0xff, 0x36, 0x2e, 0xff, 0x36, 0x2e, 0xff, 0x36, 0x2e, 0xff,
  0x36, 0x2e, 0xff, 0x36, 0x2e, 0xff, 0x36, 0x2e, 0xff, 0x36, 0x2e, 0xff, 0x16, 0x1e, 0xff, 0x98,
  0x5e, 0xfc, 0xff, 0xff, 0xf5, 0xff, 0xff, 0xf5, 0xff, 0xff, 0xf5, 0xff, 0xff, 0xf4, 0x7d, 0xc7,
  0xf8, 0x16, 0x26, 0xff, 0x36, 0x2e, 0xff, 0x36, 0x2e, 0xff, 0x36, 0x2e, 0xff, 0x36, 0x2e, 0xff,
  0x36, 0x2e, 0xff, 0x36, 0x2e, 0xff, 0x36, 0x2e, 0xff, 0x36, 0x2e, 0xff, 0x36, 0x2e, 0xff, 0x36,
  0x2e, 0xff, 0x36, 0x2e, 0xff, 0x36, 0x2e, 0xff, 0x36, 0x2e, 0xff, 0x36, 0x2e, 0xff, 0x36, 0x2e,
  0xff, 0x36, 0x2e, 0xff, 0x36, 0x2e, 0xff, 0x36, 0x2e, 0xff, 0x36, 0x2e, 0xff, 0x36, 0x2e, 0xff,
  0x36, 0x2e, 0xff, 0x36, 0x2e, 0xff, 0x36, 0x2e, 0xff, 0x36, 0x2e, 0xff, 0x36, 0x2e, 0xff, 0x36,
  0x2e, 0xff, 0x36, 0x2e, 0xff, 0x36, 0x2e, 0xff, 0x36, 0x2e, 0xff, 0x36, 0x2e, 0xff, 0x36, 0x2e,
  0xff, 0x36, 0x2e, 0xff, 0x36, 0x2e, 0xff, 0x36, 0x2e, 0xff, 0x36, 0x2e, 0xff, 0x36, 0x2e, 0xff,
  0x36, 0x2e, 0xff, 0x36, 0x2e, 0xff, 0x36, 0x2e, 0xff, 0x36, 0x2e, 0xff, 0x36, 0x2e, 0xff, 0x36,
  0x2e, 0xff, 0x36, 0x2e, 0xff, 0x36, 0x2e, 0xff, 0x16, 0x2e, 0xfe, 0x37, 0x2e, 0xff, 0xb9, 0x4e,
  0xa8, 0x1a, 0x67, 0x8c, 0x99, 0x56, 0x27, 0x00, 0x00, 0x00, 0xef, 0x7b, 0x02, 0x00, 0x00, 0x00,
  0x00, 0x00, 0x00, 0xe0, 0x07, 0x01, 0x00, 0x00, 0x00, 0xd7, 0x45, 0x0b, 0xfa, 0x66, 0x81, 0xd9,
  0x5e, 0x96, 0x36, 0x2e, 0xf7, 0x36, 0x2e, 0xff, 0x36, 0x2e, 0xfe, 0x36, 0x2e, 0xff, 0x36, 0x2e,
  0xff, 0x36, 0x2e, 0xff, 0x36, 0x2e, 0xff, 0x36, 0x2e, 0xff, 0x36, 0x2e, 0xff, 0x36, 0x2e, 0xff,
  0x36, 0x2e, 0xff, 0x36, 0x2e, 0xff, 0x36, 0x2e, 0xff, 0x36, 0x2e, 0xff, 0x36, 0x2e, 0xff, 0x36,
  0x2e, 0xff, 0x36, 0x2e, 0xff, 0x36, 0x2e, 0xff, 0x36, 0x2e, 0xff, 0x36, 0x2e, 0xff, 0x36, 0x2e,
  0xff, 0x36, 0x2e, 0xff, 0x36, 0x2e, 0xff, 0x36, 0x2e, 0xff, 0x36, 0x2e, 0xff, 0x36, 0x2e, 0xff,
  0x36, 0x2e, 0xff, 0x36, 0x2e, 0xff, 0x36, 0x2e, 0xff, 0x36, 0x2e, 0xff, 0x36, 0x2e, 0xff, 0x36,
  0x2e, 0xff, 0x36, 0x2e, 0xff, 0x36, 0x2e, 0xff, 0x36, 0x2e, 0xff, 0x36, 0x2e, 0xff, 0x36, 0x2e,
  0xff, 0x36, 0x2e, 0xff, 0x36, 0x2e, 0xff, 0x36, 0x2e, 0xff, 0x36, 0x2e, 0xff, 0x36, 0x2e, 0xff,
  0x36, 0x2e, 0xff, 0x36, 0x2e, 0xff, 0x36, 0x2e, 0xff, 0x36, 0x2e, 0xff, 0x16, 0x1e, 0xff, 0x98,
  0x5e, 0xfc, 0xff, 0xff, 0xf5, 0xff, 0xff, 0xf5, 0xff, 0xff, 0xf5, 0xff, 0xff, 0xf4, 0x7d, 0xc7,
  0xf8, 0x16, 0x26, 0xff, 0x36, 0x2e, 0xff, 0x36, 0x2e, 0xff, 0x36, 0x2e, 0xff, 0x36, 0x2e, 0xff,
  0x36, 0x2e, 0xff, 0x36, 0x2e, 0xff, 0x36, 0x2e, 0xff, 0x36, 0x2e, 0xff, 0x36, 0x2e, 0xff, 0x36,
  0x2e, 0xff, 0x36, 0x2e, 0xff, 0x36, 0x2e, 0xff, 0x36, 0x2e, 0xff, 0x36, 0x2e, 0xff, 0x36, 0x2e,
  0xff, 0x36, 0x2e, 0xff, 0x36, 0x2e, 0xff, 0x36, 0x2e, 0xff, 0x36, 0x2e, 0xff, 0x36, 0x2e, 0xff,
  0x36, 0x2e, 0xff, 0x36, 0x2e, 0xff, 0x36, 0x2e, 0xff, 0x36, 0x2e, 0xff, 0x36, 0x2e, 0xff, 0x36,
  0x2e, 0xff, 0x36, 0x2e, 0xff, 0x36, 0x2e, 0xff, 0x36, 0x2e, 0xff, 0x36, 0x2e, 0xff, 0x36, 0x2e,
  0xff, 0x36, 0x2e, 0xff, 0x36, 0x2e, 0xff, 0x36, 0x2e, 0xff, 0x36, 0x2e, 0xff, 0x36, 0x2e, 0xff,
  0x36, 0x2e, 0xff, 0x36, 0x2e, 0xff, 0x36, 0x2e, 0xff, 0x36, 0x2e, 0xff, 0x36, 0x2e, 0xff, 0x36,
  0x2e, 0xff, 0x36, 0x2e, 0xff, 0x36, 0x2e, 0xff, 0x16, 0x2e, 0xfe, 0x37, 0x2e, 0xff, 0xb9, 0x4e,
  0xa8, 0x1a, 0x67, 0x8c, 0x99, 0x56, 0x27, 0x00, 0x00, 0x00, 0xef, 0x7b, 0x02, 0x00, 0x00, 0x00,
  0x00, 0x00, 0x00, 0xe0, 0x07, 0x01, 0x00, 0x00, 0x00, 0xd7, 0x45, 0x0b, 0xfa, 0x66, 0x81, 0xd9,
  0x5e, 0x96, 0x36, 0x2e, 0xf7, 0x36, 0x2e, 0xff, 0x36, 0x2e, 0xfe, 0x36, 0x2e, 0xff, 0x36, 0x2e,
  0xff, 0x36, 0x2e, 0xff, 0x36, 0x2e, 0xff, 0x36, 0x2e, 0xff, 0x36, 0x2e, 0xff, 0x36, 0x2e, 0xff,
  0x36, 0x2e, 0xff, 0x36, 0x2e, 0xff, 0x36, 0x2e, 0xff, 0x36, 0x2e, 0xff, 0x36, 0x2e, 0xff, 0x36,
  0x2e, 0xff, 0x36, 0x2e, 0xff, 0x36, 0x2e, 0xff, 0x36, 0x2e, 0xff, 0x36, 0x2e, 0xff, 0x36, 0x2e,
  0xff, 0x36, 0x2e, 0xff, 0x36, 0x2e, 0xff, 0x36, 0x2e, 0xff, 0x36, 0x2e, 0xff, 0x36, 0x2e, 0xff,
  0x36, 0x2e, 0xff, 0x36, 0x2e, 0xff, 0x36, 0x2e, 0xff, 0x36, 0x2e, 0xff, 0x36, 0x2e, 0xff, 0x36,
  0x2e, 0xff, 0x36, 0x2e, 0xff, 0x36, 0x2e, 0xff, 0x36, 0x2e, 0xff, 0x36, 0x2e, 0xff, 0x36, 0x2e,
  0xff, 0x36, 0x2e, 0xff, 0x36, 0x2e, 0xff, 0x36, 0x2e, 0xff, 0x36, 0x2e, 0xff, 0x36, 0x2e, 0xff,
  0x36, 0x2e, 0xff, 0x36, 0x2e, 0xff, 0x36, 0x2e, 0xff, 0x36, 0x2e, 0xff, 0x16, 0x1e, 0xff, 0x98,
  0x5e, 0xfc, 0xff, 0xff, 0xf5, 0xff, 0xff, 0xf5, 0xff, 0xff, 0xf5, 0xff, 0xff, 0xf4, 0x7d, 0xc7,
  0xf8, 0x16, 0x26, 0xff, 0x36, 0x2e, 0xff, 0x36, 0x2e, 0xff, 0x36, 0x2e, 0xff, 0x36, 0x2e, 0xff,
  0x36, 0x2e, 0xff, 0x36, 0x2e, 0xff, 0x36, 0x2e, 0xff, 0x36, 0x2e, 0xff, 0x36, 0x2e, 0xff, 0x36,
  0x2e, 0xff, 0x36, 0x2e, 0xff, 0x36, 0x2e, 0xff, 0x36, 0x2e, 0xff, 0x36, 0x2e, 0xff, 0x36, 0x2e,
  0xff, 0x36, 0x2e, 0xff, 0x36, 0x2e, 0xff, 0x36, 0x2e, 0xff, 0x36, 0x2e, 0xff, 0x36, 0x2e, 0xff,
  0x36, 0x2e, 0xff, 0x36, 0x2e, 0xff, 0x36, 0x2e, 0xff, 0x36, 0x2e, 0xff, 0x36, 0x2e, 0xff, 0x36,
  0x2e, 0xff, 0x36, 0x2e, 0xff, 0x36, 0x2e, 0xff, 0x36, 0x2e, 0xff, 0x36, 0x2e, 0xff, 0x36, 0x2e,
  0xff, 0x36, 0x2e, 0xff, 0x36, 0x2e, 0xff, 0x36, 0x2e, 0xff, 0x36, 0x2e, 0xff, 0x36, 0x2e, 0xff,
  0x36, 0x2e, 0xff, 0x36, 0x2e, 0xff, 0x36, 0x2e, 0xff, 0x36, 0x2e, 0xff, 0x36, 0x2e, 0xff, 0x36,
  0x2e, 0xff, 0x36, 0x2e, 0xff, 0x36, 0x2e, 0xff, 0x16, 0x2e, 0xfe, 0x37, 0x2e, 0xff, 0xb9, 0x4e,
  0xa8, 0x1a, 0x67, 0x8c, 0x99, 0x56, 0x27, 0x00, 0x00, 0x00, 0xef, 0x7b, 0x02, 0x00, 0x00, 0x00,
  0x00, 0x00, 0x00, 0xe0, 0x07, 0x01, 0x00, 0x00, 0x00, 0xd7, 0x45, 0x0b, 0xfa, 0x66, 0x81, 0xd9,
  0x5e, 0x96, 0x36, 0x2e, 0xf7, 0x36, 0x2e, 0xff, 0x36, 0x2e, 0xfe, 0x36, 0x2e, 0xff, 0x36, 0x2e,
  0xff, 0x36, 0x2e, 0xff, 0x36, 0x2e, 0xff, 0x36, 0x2e, 0xff, 0x36, 0x2e, 0xff, 0x36, 0x2e, 0xff,
  0x36, 0x2e, 0xff, 0x36, 0x2e, 0xff, 0x36, 0x2e, 0xff, 0x36, 0x2e, 0xff, 0x36, 0x2e, 0xff, 0x36,
  0x2e, 0xff, 0x36, 0x2e, 0xff, 0x36, 0x2e, 0xff, 0x36, 0x2e, 0xff, 0x36, 0x2e, 0xff, 0x36, 0x2e,
  0xff, 0x36, 0x2e, 0xff, 0x36, 0x2e, 0xff, 0x36, 0x2e, 0xff, 0x36, 0x2e, 0xff, 0x36, 0x2e, 0xff,
  0x36, 0x2e, 0xff, 0x36, 0x2e, 0xff, 0x36, 0x2e, 0xff, 0x36, 0x2e, 0xff, 0x36, 0x2e, 0xff, 0x36,
  0x2e, 0xff, 0x36, 0x2e, 0xff, 0x36, 0x2e, 0xff, 0x36, 0x2e, 0xff, 0x36, 0x2e, 0xff, 0x36, 0x2e,
  0xff, 0x36, 0x2e, 0xff, 0x36, 0x2e, 0xff, 0x36, 0x2e, 0xff, 0x36, 0x2e, 0xff, 0x36, 0x2e, 0xff,
  0x36, 0x2e, 0xff, 0x36, 0x2e, 0xff, 0x36, 0x2e, 0xff, 0x36, 0x2e, 0xff, 0x16, 0x1e, 0xff, 0x98,
  0x5e, 0xfc, 0xff, 0xff, 0xf5, 0xff, 0xff, 0xf5, 0xff, 0xff, 0xf5, 0xff, 0xff, 0xf4, 0x7d, 0xc7,
  0xf8, 0x16, 0x26, 0xff, 0x36, 0x2e, 0xff, 0x36, 0x2e, 0xff, 0x36, 0x2e, 0xff, 0x36, 0x2e, 0xff,
  0x36, 0x2e, 0xff, 0x36, 0x2e, 0xff, 0x36, 0x2e, 0xff, 0x36, 0x2e, 0xff, 0x36, 0x2e, 0xff, 0x36,
  0x2e, 0xff, 0x36, 0x2e, 0xff, 0x36, 0x2e, 0xff, 0x36, 0x2e, 0xff, 0x36, 0x2e, 0xff, 0x36, 0x2e,
  0xff, 0x36, 0x2e, 0xff, 0x36, 0x2e, 0xff, 0x36, 0x2e, 0xff, 0x36, 0x2e, 0xff, 0x36, 0x2e, 0xff,
  0x36, 0x2e, 0xff, 0x36, 0x2e, 0xff, 0x36, 0x2e, 0xff, 0x36, 0x2e, 0xff, 0x36, 0x2e, 0xff, 0x36,
  0x2e, 0xff, 0x36, 0x2e, 0xff, 0x36, 0x2e, 0xff, 0x36, 0x2e, 0xff, 0x36, 0x2e, 0xff, 0x36, 0x2e,
  0xff, 0x36, 0x2e, 0xff, 0x36, 0x2e, 0xff, 0x36, 0x2e, 0xff, 0x36, 0x2e, 0xff, 0x36, 0x2e, 0xff,
  0x36, 0x2e, 0xff, 0x36, 0x2e, 0xff, 0x36, 0x2e, 0xff, 0x36, 0x2e, 0xff, 0x36, 0x2e, 0xff, 0x36,
  0x2e, 0xff, 0x36, 0x2e, 0xff, 0x36, 0x2e, 0xff, 0x16, 0x2e, 0xfe, 0x37, 0x2e, 0xff, 0xb9, 0x4e,
  0xa8, 0x1a, 0x67, 0x8c, 0x99, 0x56, 0x27, 0x00, 0x00, 0x00, 0xef, 0x7b, 0x02, 0x00, 0x00, 0x00,
  0x00, 0x00, 0x00, 0xe0, 0x07, 0x01, 0x00, 0x00, 0x00, 0xd7, 0x45, 0x0b, 0xfa, 0x66, 0x81, 0xd9,
  0x5e, 0x96, 0x36, 0x2e, 0xf7, 0x36, 0x2e, 0xff, 0x36, 0x2e, 0xfe, 0x36, 0x2e, 0xff, 0x36, 0x2e,
  0xff, 0x36, 0x2e, 0xff, 0x36, 0x2e, 0xff, 0x36, 0x2e, 0xff, 0x36, 0x2e, 0xff, 0x36, 0x2e, 0xff,
  0x36, 0x2e, 0xff, 0x36, 0x2e, 0xff, 0x36, 0x2e, 0xff, 0x36, 0x2e, 0xff, 0x36, 0x2e, 0xff, 0x36,
  0x2e, 0xff, 0x36, 0x2e, 0xff, 0x36, 0x2e, 0xff, 0x36, 0x2e, 0xff, 0x36, 0x2e, 0xff, 0x36, 0x2e,
  0xff, 0x36, 0x2e, 0xff, 0x36, 0x2e, 0xff, 0x36, 0x2e, 0xff, 0x36, 0x2e, 0xff, 0x36, 0x2e, 0xff,
  0x36, 0x2e, 0xff, 0x36, 0x2e, 0xff, 0x36, 0x2e, 0xff, 0x36, 0x2e, 0xff, 0x36, 0x2e, 0xff, 0x36,
  0x2e, 0xff, 0x36, 0x2e, 0xff, 0x36, 0x2e, 0xff, 0x36, 0x2e, 0xff, 0x36, 0x2e, 0xff, 0x36, 0x2e,
  0xff, 0x36, 0x2e, 0xff, 0x36, 0x2e, 0xff, 0x36, 0x2e, 0xff, 0x36, 0x2e, 0xff, 0x36, 0x2e, 0xff,
  0x36, 0x2e, 0xff, 0x36, 0x2e, 0xff, 0x36, 0x2e, 0xff, 0x36, 0x2e, 0xff, 0x16, 0x1e, 0xff, 0x98,
  0x5e, 0xfc, 0xff, 0xff, 0xf5, 0xff, 0xff, 0xf5, 0xff, 0xff, 0xf5, 0xff, 0xff, 0xf4, 0x7d, 0xc7,
  0xf8, 0x16, 0x26, 0xff, 0x36, 0x2e, 0xff, 0x36, 0x2e, 0xff, 0x36, 0x2e, 0xff, 0x36, 0x2e, 0xff,
  0x36, 0x2e, 0xff, 0x36, 0x2e, 0xff, 0x36, 0x2e, 0xff, 0x36, 0x2e, 0xff, 0x36, 0x2e, 0xff, 0x36,
  0x2e, 0xff, 0x36, 0x2e, 0xff, 0x36, 0x2e, 0xff, 0x36, 0x2e, 0xff, 0x36, 0x2e, 0xff, 0x36, 0x2e,
  0xff, 0x36, 0x2e, 0xff, 0x36, 0x2e, 0xff, 0x36, 0x2e, 0xff, 0x36, 0x2e, 0xff, 0x36, 0x2e, 0xff,
  0x36, 0x2e, 0xff, 0x36, 0x2e, 0xff, 0x36, 0x2e, 0xff, 0x36, 0x2e, 0xff, 0x36, 0x2e, 0xff, 0x36,
  0x2e, 0xff, 0x36, 0x2e, 0xff, 0x36, 0x2e, 0xff, 0x36, 0x2e, 0xff, 0x36, 0x2e, 0xff, 0x36, 0x2e,
  0xff, 0x36, 0x2e, 0xff, 0x36, 0x2e, 0xff, 0x36, 0x2e, 0xff, 0x36, 0x2e, 0xff, 0x36, 0x2e, 0xff,
  0x36, 0x2e, 0xff, 0x36, 0x2e, 0xff, 0x36, 0x2e, 0xff, 0x36, 0x2e, 0xff, 0x36, 0x2e, 0xff, 0x36,
  0x2e, 0xff, 0x36, 0x2e, 0xff, 0x36, 0x2e, 0xff, 0x16, 0x2e, 0xfe, 0x37, 0x2e, 0xff, 0xb9, 0x4e,
  0xa8, 0x1a, 0x67, 0x8c, 0x99, 0x56, 0x27, 0x00, 0x00, 0x00, 0xef, 0x7b, 0x02, 0x00, 0x00, 0x00,
  0x00, 0x00, 0x00, 0xe0, 0x07, 0x01, 0x00, 0x00, 0x00, 0xd7, 0x45, 0x0b, 0xfa, 0x66, 0x81, 0xd9,
  0x5e, 0x96, 0x36, 0x2e, 0xf7, 0x36, 0x2e, 0xff, 0x36, 0x2e, 0xfe, 0x36, 0x2e, 0xff, 0x36, 0x2e,
  0xff, 0x36, 0x2e, 0xff, 0x36, 0x2e, 0xff, 0x36, 0x2e, 0xff, 0x36, 0x2e, 0xff, 0x36, 0x2e, 0xff,
  0x36, 0x2e, 0xff, 0x36, 0x2e, 0xff, 0x36, 0x2e, 0xff, 0x36, 0x2e, 0xff, 0x36, 0x2e, 0xff, 0x36,
  0x2e, 0xff, 0x36, 0x2e, 0xff, 0x36, 0x2e, 0xff, 0x36, 0x2e, 0xff, 0x36, 0x2e, 0xff, 0x36, 0x2e,
  0xff, 0x36, 0x2e, 0xff, 0x36, 0x2e, 0xff, 0x36, 0x2e, 0xff, 0x36, 0x2e, 0xff, 0x36, 0x2e, 0xff,
  0x36, 0x2e, 0xff, 0x36, 0x2e, 0xff, 0x36, 0x2e, 0xff, 0x36, 0x2e, 0xff, 0x36, 0x2e, 0xff, 0x36,
  0x2e, 0xff, 0x36, 0x2e, 0xff, 0x36, 0x2e, 0xff, 0x36, 0x2e, 0xff, 0x36, 0x2e, 0xff, 0x36, 0x2e,
  0xff, 0x36, 0x2e, 0xff, 0x36, 0x2e, 0xff, 0x36, 0x2e, 0xff, 0x36, 0x2e, 0xff, 0x36, 0x2e, 0xff,
  0x36, 0x2e, 0xff, 0x36, 0x2e, 0xff, 0x36, 0x2e, 0xff, 0x36, 0x2e, 0xff, 0x16, 0x1e, 0xff, 0x98,
  0x5e, 0xfc, 0xff, 0xff, 0xf5, 0xff, 0xff, 0xf5, 0xff, 0xff, 0xf5, 0xff, 0xff, 0xf4, 0x7d, 0xc7,
  0xf8, 0x16, 0x26, 0xff, 0x36, 0x2e, 0xff, 0x36, 0x2e, 0xff, 0x36, 0x2e, 0xff, 0x36, 0x2e, 0xff,
  0x36, 0x2e, 0xff, 0x36, 0x2e, 0xff, 0x36, 0x2e, 0xff, 0x36, 0x2e, 0xff, 0x36, 0x2e, 0xff, 0x36,
  0x2e, 0xff, 0x36, 0x2e, 0xff, 0x36, 0x2e, 0xff, 0x36, 0x2e, 0xff, 0x36, 0x2e, 0xff, 0x36, 0x2e,
  0xff, 0x36, 0x2e, 0xff, 0x36, 0x2e, 0xff, 0x36, 0x2e, 0xff, 0x36, 0x2e, 0xff, 0x36, 0x2e, 0xff,
  0x36, 0x2e, 0xff, 0x36, 0x2e, 0xff, 0x36, 0x2e, 0xff, 0x36, 0x2e, 0xff, 0x36, 0x2e, 0xff, 0x36,
  0x2e, 0xff, 0x36, 0x2e, 0xff, 0x36, 0x2e, 0xff, 0x36, 0x2e, 0xff, 0x36, 0x2e, 0xff, 0x36, 0x2e,
  0xff, 0x36, 0x2e, 0xff, 0x36, 0x2e, 0xff, 0x36, 0x2e, 0xff, 0x36, 0x2e, 0xff, 0x36, 0x2e, 0xff,
  0x36, 0x2e, 0xff, 0x36, 0x2e, 0xff, 0x36, 0x2e, 0xff, 0x36, 0x2e, 0xff, 0x36, 0x2e, 0xff, 0x36,
  0x2e, 0xff, 0x36, 0x2e, 0xff, 0x36, 0x2e, 0xff, 0x16, 0x2e, 0xfe, 0x37, 0x2e, 0xff, 0xb9, 0x4e,
  0xa8, 0x1a, 0x67, 0x8c, 0x99, 0x56, 0x27, 0x00, 0x00, 0x00, 0xef, 0x7b, 0x02, 0x00, 0x00, 0x00,
  0x00, 0x00, 0x00, 0xe0, 0x07, 0x01, 0x00, 0x00, 0x00, 0xd7, 0x45, 0x0b, 0xfa, 0x66, 0x81, 0xd9,
  0x5e, 0x96, 0x36, 0x2e, 0xf7, 0x36, 0x2e, 0xff, 0x36, 0x2e, 0xfe, 0x36, 0x2e, 0xff, 0x36, 0x2e,
  0xff, 0x36, 0x2e, 0xff, 0x36, 0x2e, 0xff, 0x36, 0x2e, 0xff, 0x36, 0x2e, 0xff, 0x36, 0x2e, 0xff,
  0x36, 0x2e, 0xff, 0x36, 0x2e, 0xff, 0x36, 0x2e, 0xff, 0x36, 0x2e, 0xff, 0x36, 0x2e, 0xff, 0x36,
  0x2e, 0xff, 0x36, 0x2e, 0xff, 0x36, 0x2e, 0xff, 0x36, 0x2e, 0xff, 0x36, 0x2e, 0xff, 0x36, 0x2e,
  0xff, 0x36, 0x2e, 0xff, 0x36, 0x2e, 0xff, 0x36, 0x2e, 0xff, 0x36, 0x2e, 0xff, 0x36, 0x2e, 0xff,
  0x36, 0x2e, 0xff, 0x36, 0x2e, 0xff, 0x36, 0x2e, 0xff, 0x36, 0x2e, 0xff, 0x36, 0x2e, 0xff, 0x36,
  0x2e, 0xff, 0x36, 0x2e, 0xff, 0x36, 0x2e, 0xff, 0x36, 0x2e, 0xff, 0x36, 0x2e, 0xff, 0x36, 0x2e,
  0xff, 0x36, 0x2e, 0xff, 0x36, 0x2e, 0xff, 0x36, 0x2e, 0xff, 0x36, 0x2e, 0xff, 0x36, 0x2e, 0xff,
  0x36, 0x2e, 0xff, 0x36, 0x2e, 0xff, 0x36, 0x2e, 0xff, 0x36, 0x2e, 0xff, 0x16, 0x1e, 0xff, 0x98,
  0x5e, 0xfc, 0xff, 0xff, 0xf5, 0xff, 0xff, 0xf5, 0xff, 0xff, 0xf5, 0xff, 0xff, 0xf4, 0x7d, 0xc7,
  0xf8, 0x16, 0x26, 0xff, 0x36, 0x2e, 0xff, 0x36, 0x2e, 0xff, 0x36, 0x2e, 0xff, 0x36, 0x2e, 0xff,
  0x36, 0x2e, 0xff, 0x36, 0x2e, 0xff, 0x36, 0x2e, 0xff, 0x36, 0x2e, 0xff, 0x36, 0x2e, 0xff, 0x36,
  0x2e, 0xff, 0x36, 0x2e, 0xff, 0x36, 0x2e, 0xff, 0x36, 0x2e, 0xff, 0x36, 0x2e, 0xff, 0x36, 0x2e,
  0xff, 0x36, 0x2e, 0xff, 0x36, 0x2e, 0xff, 0x36, 0x2e, 0xff, 0x36, 0x2e, 0xff, 0x36, 0x2e, 0xff,
  0x36, 0x2e, 0xff, 0x36, 0x2e, 0xff, 0x36, 0x2e, 0xff, 0x36, 0x2e, 0xff, 0x36, 0x2e, 0xff, 0x36,
  0x2e, 0xff, 0x36, 0x2e, 0xff, 0x36, 0x2e, 0xff, 0x36, 0x2e, 0xff, 0x36, 0x2e, 0xff, 0x36, 0x2e,
  0xff, 0x36, 0x2e, 0xff, 0x36, 0x2e, 0xff, 0x36, 0x2e, 0xff, 0x36, 0x2e, 0xff, 0x36, 0x2e, 0xff,
  0x36, 0x2e, 0xff, 0x36, 0x2e, 0xff, 0x36, 0x2e, 0xff, 0x36, 0x2e, 0xff, 0x36, 0x2e, 0xff, 0x36,
  0x2e, 0xff, 0x36, 0x2e, 0xff, 0x36, 0x2e, 0xff, 0x16, 0x2e, 0xfe, 0x37, 0x2e, 0xff, 0xb9, 0x4e,
  0xa8, 0x1a, 0x67, 0x8c, 0x99, 0x56, 0x27, 0x00, 0x00, 0x00, 0xef, 0x7b, 0x02, 0x00, 0x00, 0x00,
  0x00, 0x00, 0x00, 0xe0, 0x07, 0x01, 0x00, 0x00, 0x00, 0xd7, 0x45, 0x0b, 0xfa, 0x66, 0x81, 0xd9,
  0x5e, 0x96, 0x36, 0x2e, 0xf7, 0x36, 0x2e, 0xff, 0x36, 0x2e, 0xfe, 0x36, 0x2e, 0xff, 0x36, 0x2e,
  0xff, 0x36, 0x2e, 0xff, 0x36, 0x2e, 0xff, 0x36, 0x2e, 0xff, 0x36, 0x2e, 0xff, 0x36, 0x2e, 0xff,
  0x36, 0x2e, 0xff, 0x36, 0x2e, 0xff, 0x36, 0x2e, 0xff, 0x36, 0x2e, 0xff, 0x36, 0x2e, 0xff, 0x36,
  0x2e, 0xff, 0x36, 0x2e, 0xff, 0x36, 0x2e, 0xff, 0x36, 0x2e, 0xff, 0x36, 0x2e, 0xff, 0x36, 0x2e,
  0xff, 0x36, 0x2e, 0xff, 0x36, 0x2e, 0xff, 0x36, 0x2e, 0xff, 0x36, 0x2e, 0xff, 0x36, 0x2e, 0xff,
  0x36, 0x2e, 0xff, 0x36, 0x2e, 0xff, 0x36, 0x2e, 0xff, 0x36, 0x2e, 0xff, 0x36, 0x2e, 0xff, 0x36,
  0x2e, 0xff, 0x36, 0x2e, 0xff, 0x36, 0x2e, 0xff, 0x36, 0x2e, 0xff, 0x36, 0x2e, 0xff, 0x36, 0x2e,
  0xff, 0x36, 0x2e, 0xff, 0x36, 0x2e, 0xff, 0x36, 0x2e, 0xff, 0x36, 0x2e, 0xff, 0x36, 0x2e, 0xff,
  0x36, 0x2e, 0xff, 0x36, 0x2e, 0xff, 0x36, 0x2e, 0xff, 0x36, 0x2e, 0xff, 0x16, 0x1e, 0xff, 0x98,
  0x5e, 0xfc, 0xff, 0xff, 0xf5, 0xff, 0xff, 0xf5, 0xff, 0xff, 0xf5, 0xff, 0xff, 0xf4, 0x7d, 0xc7,
  0xf8, 0x16, 0x26, 0xff, 0x36, 0x2e, 0xff, 0x36, 0x2e, 0xff, 0x36, 0x2e, 0xff, 0x36, 0x2e, 0xff,
  0x36, 0x2e, 0xff, 0x36, 0x2e, 0xff, 0x36, 0x2e, 0xff, 0x36, 0x2e, 0xff, 0x36, 0x2e, 0xff, 0x36,
  0x2e, 0xff, 0x36, 0x2e, 0xff, 0x36, 0x2e, 0xff, 0x36, 0x2e, 0xff, 0x36, 0x2e, 0xff, 0x36, 0x2e,
  0xff, 0x36, 0x2e, 0xff, 0x36, 0x2e, 0xff, 0x36, 0x2e, 0xff, 0x36, 0x2e, 0xff, 0x36, 0x2e, 0xff,
  0x36, 0x2e, 0xff, 0x36, 0x2e, 0xff, 0x36, 0x2e, 0xff, 0x36, 0x2e, 0xff, 0x36, 0x2e, 0xff, 0x36,
  0x2e, 0xff, 0x36, 0x2e, 0xff, 0x36, 0x2e, 0xff, 0x36, 0x2e, 0xff, 0x36, 0x2e, 0xff, 0x36, 0x2e,
  0xff, 0x36, 0x2e, 0xff, 0x36, 0x2e, 0xff, 0x36, 0x2e, 0xff, 0x36, 0x2e, 0xff, 0x36, 0x2e, 0xff,
  0x36, 0x2e, 0xff, 0x36, 0x2e, 0xff, 0x36, 0x2e, 0xff, 0x36, 0x2e, 0xff, 0x36, 0x2e, 0xff, 0x36,
  0x2e, 0xff, 0x36, 0x2e, 0xff, 0x36, 0x2e, 0xff, 0x16, 0x2e, 0xfe, 0x37, 0x2e, 0xff, 0xb9, 0x4e,
  0xa8, 0x1a, 0x67, 0x8c, 0x99, 0x56, 0x27, 0x00, 0x00, 0x00, 0xef, 0x7b, 0x02, 0x00, 0x00, 0x00,
  0x00, 0x00, 0x00, 0xe0, 0x07, 0x01, 0x00, 0x00, 0x00, 0xd7, 0x45, 0x0b, 0xfa, 0x66, 0x81, 0xd9,
  0x5e, 0x96, 0x36, 0x2e, 0xf7, 0x36, 0x2e, 0xff, 0x36, 0x2e, 0xfe, 0x36, 0x2e, 0xff, 0x36, 0x2e,
  0xff, 0x36, 0x2e, 0xff, 0x36, 0x2e, 0xff, 0x36, 0x2e, 0xff, 0x36, 0x2e, 0xff, 0x36, 0x2e, 0xff,
  0x36, 0x2e, 0xff, 0x36, 0x2e, 0xff, 0x36, 0x2e, 0xff, 0x36, 0x2e, 0xff, 0x36, 0x2e, 0xff, 0x36,
  0x2e, 0xff, 0x36, 0x2e, 0xff, 0x36, 0x2e, 0xff, 0x36, 0x2e, 0xff, 0x36, 0x2e, 0xff, 0x36, 0x2e,
  0xff, 0x36, 0x2e, 0xff, 0x36, 0x2e, 0xff, 0x36, 0x2e, 0xff, 0x36, 0x2e, 0xff, 0x36, 0x2e, 0xff,
  0x36, 0x2e, 0xff, 0x36, 0x2e, 0xff, 0x36, 0x2e, 0xff, 0x36, 0x2e, 0xff, 0x36, 0x2e, 0xff, 0x36,
  0x2e, 0xff, 0x36, 0x2e, 0xff, 0x36, 0x2e, 0xff, 0x36, 0x2e, 0xff, 0x36, 0x2e, 0xff, 0x36, 0x2e,
  0xff, 0x36, 0x2e, 0xff, 0x36, 0x2e, 0xff, 0x36, 0x2e, 0xff, 0x36, 0x2e, 0xff, 0x36, 0x2e, 0xff,
  0x36, 0x2e, 0xff, 0x36, 0x2e, 0xff, 0x36, 0x2e, 0xff, 0x36, 0x2e, 0xff, 0x16, 0x1e, 0xff, 0x98,
  0x5e, 0xfc, 0xff, 0xff, 0xf5, 0xff, 0xff, 0xf5, 0xff, 0xff, 0xf5, 0xff, 0xff, 0xf4, 0x7d, 0xc7,
  0xf8, 0x16, 0x26, 0xff, 0x36, 0x2e, 0xff, 0x36, 0x2e, 0xff, 0x36, 0x2e, 0xff, 0x36, 0x2e, 0xff,
  0x36, 0x2e, 0xff, 0x36, 0x2e, 0xff, 0x36, 0x2e, 0xff, 0x36, 0x2e, 0xff, 0x36, 0x2e, 0xff, 0x36,
  0x2e, 0xff, 0x36, 0x2e, 0xff, 0x36, 0x2e, 0xff, 0x36, 0x2e, 0xff, 0x36, 0x2e, 0xff, 0x36, 0x2e,
  0xff, 0x36, 0x2e, 0xff, 0x36, 0x2e, 0xff, 0x36, 0x2e, 0xff, 0x36, 0x2e, 0xff, 0x36, 0x2e, 0xff,
  0x36, 0x2e, 0xff, 0x36, 0x2e, 0xff, 0x36, 0x2e, 0xff, 0x36, 0x2e, 0xff, 0x36, 0x2e, 0xff, 0x36,
  0x2e, 0xff, 0x36, 0x2e, 0xff, 0x36, 0x2e, 0xff, 0x36, 0x2e, 0xff, 0x36, 0x2e, 0xff, 0x36, 0x2e,
  0xff, 0x36, 0x2e, 0xff, 0x36, 0x2e, 0xff, 0x36, 0x2e, 0xff, 0x36, 0x2e, 0xff, 0x36, 0x2e, 0xff,
  0x36, 0x2e, 0xff, 0x36, 0x2e, 0xff, 0x36, 0x2e, 0xff, 0x36, 0x2e, 0xff, 0x36, 0x2e, 0xff, 0x36,
  0x2e, 0xff, 0x36, 0x2e, 0xff, 0x36, 0x2e, 0xff, 0x16, 0x2e, 0xfe, 0x37, 0x2e, 0xff, 0xb9, 0x4e,
  0xa8, 0x1a, 0x67, 0x8c, 0x99, 0x56, 0x27, 0x00, 0x00, 0x00, 0xef, 0x7b, 0x02, 0x00, 0x00, 0x00,
  0x00, 0x00, 0x00, 0xe0, 0x07, 0x01, 0x00, 0x00, 0x00, 0xd7, 0x45, 0x0b, 0xfa, 0x66, 0x81, 0xd9,
  0x5e, 0x96, 0x36, 0x2e, 0xf7, 0x36, 0x2e, 0xff, 0x36, 0x2e, 0xfe, 0x36, 0x2e, 0xff, 0x36, 0x2e,
  0xff, 0x36, 0x2e, 0xff, 0x36, 0x2e, 0xff, 0x36, 0x2e, 0xff, 0x36, 0x2e, 0xff, 0x36, 0x2e, 0xff,
  0x36, 0x2e, 0xff, 0x36, 0x2e, 0xff, 0x36, 0x2e, 0xff, 0x36, 0x2e, 0xff, 0x36, 0x2e, 0xff, 0x36,
  0x2e, 0xff, 0x36, 0x2e, 0xff, 0x36, 0x2e, 0xff, 0x36, 0x2e, 0xff, 0x36, 0x2e, 0xff, 0x36, 0x2e,
  0xff, 0x36, 0x2e, 0xff, 0x36, 0x2e, 0xff, 0x36, 0x2e, 0xff, 0x36, 0x2e, 0xff, 0x36, 0x2e, 0xff,
  0x36, 0x2e, 0xff, 0x36, 0x2e, 0xff, 0x36, 0x2e, 0xff, 0x36, 0x2e, 0xff, 0x36, 0x2e, 0xff, 0x36,
  0x2e, 0xff, 0x36, 0x2e, 0xff, 0x36, 0x2e, 0xff, 0x36, 0x2e, 0xff, 0x36, 0x2e, 0xff, 0x36, 0x2e,
  0xff, 0x36, 0x2e, 0xff, 0x36, 0x2e, 0xff, 0x36, 0x2e, 0xff, 0x36, 0x2e, 0xff, 0x36, 0x2e, 0xff,
  0x36, 0x2e, 0xff, 0x36, 0x2e, 0xff, 0x36, 0x2e, 0xff, 0x36, 0x2e, 0xff, 0x16, 0x1e, 0xff, 0x98,
  0x5e, 0xfc, 0xff, 0xff, 0xf5, 0xff, 0xff, 0xf5, 0xff, 0xff, 0xf5, 0xff, 0xff, 0xf4, 0x7d, 0xc7,
  0xf8, 0x16, 0x26, 0xff, 0x36, 0x2e, 0xff, 0x36, 0x2e, 0xff, 0x36, 0x2e, 0xff, 0x36, 0x2e, 0xff,
  0x36, 0x2e, 0xff, 0x36, 0x2e, 0xff, 0x36, 0x2e, 0xff, 0x36, 0x2e, 0xff, 0x36, 0x2e, 0xff, 0x36,
  0x2e, 0xff, 0x36, 0x2e, 0xff, 0x36, 0x2e, 0xff, 0x36, 0x2e, 0xff, 0x36, 0x2e, 0xff, 0x36, 0x2e,
  0xff, 0x36, 0x2e, 0xff, 0x36, 0x2e, 0xff, 0x36, 0x2e, 0xff, 0x36, 0x2e, 0xff, 0x36, 0x2e, 0xff,
  0x36, 0x2e, 0xff, 0x36, 0x2e, 0xff, 0x36, 0x2e, 0xff, 0x36, 0x2e, 0xff, 0x36, 0x2e, 0xff, 0x36,
  0x2e, 0xff, 0x36, 0x2e, 0xff, 0x36, 0x2e, 0xff, 0x36, 0x2e, 0xff, 0x36, 0x2e, 0xff, 0x36, 0x2e,
  0xff, 0x36, 0x2e, 0xff, 0x36, 0x2e, 0xff, 0x36, 0x2e, 0xff, 0x36, 0x2e, 0xff, 0x36, 0x2e, 0xff,
  0x36, 0x2e, 0xff, 0x36, 0x2e, 0xff, 0x36, 0x2e, 0xff, 0x36, 0x2e, 0xff, 0x36, 0x2e, 0xff, 0x36,
  0x2e, 0xff, 0x36, 0x2e, 0xff, 0x36, 0x2e, 0xff, 0x16, 0x2e, 0xfe, 0x37, 0x2e, 0xff, 0xb9, 0x4e,
  0xa8, 0x1a, 0x67, 0x8c, 0x99, 0x56, 0x27, 0x00, 0x00, 0x00, 0xef, 0x7b, 0x02, 0x00, 0x00, 0x00,
  0x00, 0x00, 0x00, 0xe0, 0x07, 0x01, 0x00, 0x00, 0x00, 0xd7, 0x45, 0x0b, 0xfa, 0x66, 0x81, 0xd9,
  0x5e, 0x96, 0x36, 0x2e, 0xf7, 0x36, 0x2e, 0xff, 0x36, 0x2e, 0xfe, 0x36, 0x2e, 0xff, 0x36, 0x2e,
  0xff, 0x36, 0x2e, 0xff, 0x36, 0x2e, 0xff, 0x36, 0x2e, 0xff, 0x36, 0x2e, 0xff, 0x36, 0x2e, 0xff,
  0x36, 0x2e, 0xff, 0x36, 0x2e, 0xff, 0x36, 0x2e, 0xff, 0x36, 0x2e, 0xff, 0x36, 0x2e, 0xff, 0x36,
  0x2e, 0xff, 0x36, 0x2e, 0xff, 0x36, 0x2e, 0xff, 0x36, 0x2e, 0xff, 0x36, 0x2e, 0xff, 0x36, 0x2e,
  0xff, 0x36, 0x2e, 0xff, 0x36, 0x2e, 0xff, 0x36, 0x2e, 0xff, 0x36, 0x2e, 0xff, 0x36, 0x2e, 0xff,
  0x36, 0x2e, 0xff, 0x36, 0x2e, 0xff, 0x36, 0x2e, 0xff, 0x36, 0x2e, 0xff, 0x36, 0x2e, 0xff, 0x36,
  0x2e, 0xff, 0x36, 0x2e, 0xff, 0x36, 0x2e, 0xff, 0x36, 0x2e, 0xff, 0x36, 0x2e, 0xff, 0x36, 0x2e,
  0xff, 0x36, 0x2e, 0xff, 0x36, 0x2e, 0xff, 0x36, 0x2e, 0xff, 0x36, 0x2e, 0xff, 0x36, 0x2e, 0xff,
  0x36, 0x2e, 0xff, 0x36, 0x2e, 0xff, 0x36, 0x2e, 0xff, 0x36, 0x2e, 0xff, 0x16, 0x1e, 0xff, 0x98,
  0x5e, 0xfc, 0xff, 0xff, 0xf5, 0xff, 0xff, 0xf5, 0xff, 0xff, 0xf5, 0xff, 0xff, 0xf4, 0x7d, 0xc7,
  0xf8, 0x16, 0x26, 0xff, 0x36, 0x2e, 0xff, 0x36, 0x2e, 0xff, 0x36, 0x2e, 0xff, 0x36, 0x2e, 0xff,
  0x36, 0x2e, 0xff, 0x36, 0x2e, 0xff, 0x36, 0x2e, 0xff, 0x36, 0x2e, 0xff, 0x36, 0x2e, 0xff, 0x36,
  0x2e, 0xff, 0x36, 0x2e, 0xff, 0x36, 0x2e, 0xff, 0x36, 0x2e, 0xff, 0x36, 0x2e, 0xff, 0x36, 0x2e,
  0xff, 0x36, 0x2e, 0xff, 0x36, 0x2e, 0xff, 0x36, 0x2e, 0xff, 0x36, 0x2e, 0xff, 0x36, 0x2e, 0xff,
  0x36, 0x2e, 0xff, 0x36, 0x2e, 0xff, 0x36, 0x2e, 0xff, 0x36, 0x2e, 0xff, 0x36, 0x2e, 0xff, 0x36,
  0x2e, 0xff, 0x36, 0x2e, 0xff, 0x36, 0x2e, 0xff, 0x36, 0x2e, 0xff, 0x36, 0x2e, 0xff, 0x36, 0x2e,
  0xff, 0x36, 0x2e, 0xff, 0x36, 0x2e, 0xff, 0x36, 0x2e, 0xff, 0x36, 0x2e, 0xff, 0x36, 0x2e, 0xff,
  0x36, 0x2e, 0xff, 0x36, 0x2e, 0xff, 0x36, 0x2e, 0xff, 0x36, 0x2e, 0xff, 0x36, 0x2e, 0xff, 0x36,
  0x2e, 0xff, 0x36, 0x2e, 0xff, 0x36, 0x2e, 0xff, 0x16, 0x2e, 0xfe, 0x37, 0x2e, 0xff, 0xb9, 0x4e,
  0xa8, 0x1a, 0x67, 0x8c, 0x99, 0x56, 0x27, 0x00, 0x00, 0x00, 0xef, 0x7b, 0x02, 0x00, 0x00, 0x00,
  0x00, 0x00, 0x00, 0xe0, 0x07, 0x01, 0x00, 0x00, 0x00, 0xd7, 0x45, 0x0b, 0xfa, 0x66, 0x81, 0xd9,
  0x5e, 0x96, 0x36, 0x2e, 0xf7, 0x36, 0x2e, 0xff, 0x36, 0x2e, 0xfe, 0x36, 0x2e, 0xff, 0x36, 0x2e,
  0xff, 0x36, 0x2e, 0xff, 0x36, 0x2e, 0xff, 0x36, 0x2e, 0xff, 0x36, 0x2e, 0xff, 0x36, 0x2e, 0xff,
  0x36, 0x2e, 0xff, 0x36, 0x2e, 0xff, 0x36, 0x2e, 0xff, 0x36, 0x2e, 0xff, 0x36, 0x2e, 0xff, 0x36,
  0x2e, 0xff, 0x36, 0x2e, 0xff, 0x36, 0x2e, 0xff, 0x36, 0x2e, 0xff, 0x36, 0x2e, 0xff, 0x36, 0x2e,
  0xff, 0x36, 0x2e, 0xff, 0x36, 0x2e, 0xff, 0x36, 0x2e, 0xff, 0x36, 0x2e, 0xff, 0x36, 0x2e, 0xff,
  0x36, 0x2e, 0xff, 0x36, 0x2e, 0xff, 0x36, 0x2e, 0xff, 0x36, 0x2e, 0xff, 0x36, 0x2e, 0xff, 0x36,
  0x2e, 0xff, 0x36, 0x2e, 0xff, 0x36, 0x2e, 0xff, 0x36, 0x2e, 0xff, 0x36, 0x2e, 0xff, 0x36, 0x2e,
  0xff, 0x36, 0x2e, 0xff, 0x36, 0x2e, 0xff, 0x36, 0x2e, 0xff, 0x36, 0x2e, 0xff, 0x36, 0x2e, 0xff,
  0x36, 0x2e, 0xff, 0x36, 0x2e, 0xff, 0x36, 0x2e, 0xff, 0x36, 0x2e, 0xff, 0x16, 0x1e, 0xff, 0x98,
  0x5e, 0xfc, 0xff, 0xff, 0xf5, 0xff, 0xff, 0xf5, 0xff, 0xff, 0xf5, 0xff, 0xff, 0xf4, 0x7d, 0xc7,
  0xf8, 0x16, 0x26, 0xff, 0x36, 0x2e, 0xff, 0x36, 0x2e, 0xff, 0x36, 0x2e, 0xff, 0x36, 0x2e, 0xff,
  0x36, 0x2e, 0xff, 0x36, 0x2e, 0xff, 0x36, 0x2e, 0xff, 0x36, 0x2e, 0xff, 0x36, 0x2e, 0xff, 0x36,
  0x2e, 0xff, 0x36, 0x2e, 0xff, 0x36, 0x2e, 0xff, 0x36, 0x2e, 0xff, 0x36, 0x2e, 0xff, 0x36, 0x2e,
  0xff, 0x36, 0x2e, 0xff, 0x36, 0x2e, 0xff, 0x36, 0x2e, 0xff, 0x36, 0x2e, 0xff, 0x36, 0x2e, 0xff,
  0x36, 0x2e, 0xff, 0x36, 0x2e, 0xff, 0x36, 0x2e, 0xff, 0x36, 0x2e, 0xff, 0x36, 0x2e, 0xff, 0x36,
  0x2e, 0xff, 0x36, 0x2e, 0xff, 0x36, 0x2e, 0xff, 0x36, 0x2e, 0xff, 0x36, 0x2e, 0xff, 0x36, 0x2e,
  0xff, 0x36, 0x2e, 0xff, 0x36, 0x2e, 0xff, 0x36, 0x2e, 0xff, 0x36, 0x2e, 0xff, 0x36, 0x2e, 0xff,
  0x36, 0x2e, 0xff, 0x36, 0x2e, 0xff, 0x36, 0x2e, 0xff, 0x36, 0x2e, 0xff, 0x36, 0x2e, 0xff, 0x36,
  0x2e, 0xff, 0x36, 0x2e, 0xff, 0x36, 0x2e, 0xff, 0x16, 0x2e, 0xfe, 0x37, 0x2e, 0xff, 0xb9, 0x4e,
  0xa8, 0x1a, 0x67, 0x8c, 0x99, 0x56, 0x27, 0x00, 0x00, 0x00, 0xef, 0x7b, 0x02, 0x00, 0x00, 0x00,
  0x00, 0x00, 0x00, 0xe0, 0x07, 0x01, 0x00, 0x00, 0x00, 0xd7, 0x45, 0x0b, 0xfa, 0x66, 0x81, 0xd9,
  0x5e, 0x96, 0x36, 0x2e, 0xf7, 0x36, 0x2e, 0xff, 0x36, 0x2e, 0xfe, 0x36, 0x2e, 0xff, 0x36, 0x2e,
  0xff, 0x36, 0x2e, 0xff, 0x36, 0x2e, 0xff, 0x36, 0x2e, 0xff, 0x36, 0x2e, 0xff, 0x36, 0x2e, 0xff,
  0x36, 0x2e, 0xff, 0x36, 0x2e, 0xff, 0x36, 0x2e, 0xff, 0x36, 0x2e, 0xff, 0x36, 0x2e, 0xff, 0x36,
  0x2e, 0xff, 0x36, 0x2e, 0xff, 0x36, 0x2e, 0xff, 0x36, 0x2e, 0xff, 0x36, 0x2e, 0xff, 0x36, 0x2e,
  0xff, 0x36, 0x2e, 0xff, 0x36, 0x2e, 0xff, 0x36, 0x2e, 0xff, 0x36, 0x2e, 0xff, 0x36, 0x2e, 0xff,
  0x36, 0x2e, 0xff, 0x36, 0x2e, 0xff, 0x36, 0x2e, 0xff, 0x36, 0x2e, 0xff, 0x36, 0x2e, 0xff, 0x36,
  0x2e, 0xff, 0x36, 0x2e, 0xff, 0x36, 0x2e, 0xff, 0x36, 0x2e, 0xff, 0x36, 0x2e, 0xff, 0x36, 0x2e,
  0xff, 0x36, 0x2e, 0xff, 0x36, 0x2e, 0xff, 0x36, 0x2e, 0xff, 0x36, 0x2e, 0xff, 0x36, 0x2e, 0xff,
  0x36, 0x2e, 0xff, 0x36, 0x2e, 0xff, 0x36, 0x2e, 0xff, 0x36, 0x2e, 0xff, 0x16, 0x1e, 0xff, 0x98,
  0x5e, 0xfc, 0xff, 0xff, 0xf5, 0xff, 0xff, 0xf5, 0xff, 0xff, 0xf5, 0xff, 0xff, 0xf4, 0x7d, 0xc7,
  0xf8, 0x16, 0x26, 0xff, 0x36, 0x2e, 0xff, 0x36, 0x2e, 0xff, 0x36, 0x2e, 0xff, 0x36, 0x2e, 0xff,
  0x36, 0x2e, 0xff, 0x36, 0x2e, 0xff, 0x36, 0x2e, 0xff, 0x36, 0x2e, 0xff, 0x36, 0x2e, 0xff, 0x36,
  0x2e, 0xff, 0x36, 0x2e, 0xff, 0x36, 0x2e, 0xff, 0x36, 0x2e, 0xff, 0x36, 0x2e, 0xff, 0x36, 0x2e,
  0xff, 0x36, 0x2e, 0xff, 0x36, 0x2e, 0xff, 0x36, 0x2e, 0xff, 0x36, 0x2e, 0xff, 0x36, 0x2e, 0xff,
  0x36, 0x2e, 0xff, 0x36, 0x2e, 0xff, 0x36, 0x2e, 0xff, 0x36, 0x2e, 0xff, 0x36, 0x2e, 0xff, 0x36,
  0x2e, 0xff, 0x36, 0x2e, 0xff, 0x36, 0x2e, 0xff, 0x36, 0x2e, 0xff, 0x36, 0x2e, 0xff, 0x36, 0x2e,
  0xff, 0x36, 0x2e, 0xff, 0x36, 0x2e, 0xff, 0x36, 0x2e, 0xff, 0x36, 0x2e, 0xff, 0x36, 0x2e, 0xff,
  0x36, 0x2e, 0xff, 0x36, 0x2e, 0xff, 0x36, 0x2e, 0xff, 0x36, 0x2e, 0xff, 0x36, 0x2e, 0xff, 0x36,
  0x2e, 0xff, 0x36, 0x2e, 0xff, 0x36, 0x2e, 0xff, 0x16, 0x2e, 0xfe, 0x37, 0x2e, 0xff, 0xb9, 0x4e,
  0xa8, 0x1a, 0x67, 0x8c, 0x99, 0x56, 0x27, 0x00, 0x00, 0x00, 0xef, 0x7b, 0x02, 0x00, 0x00, 0x00,
  0x00, 0x00, 0x00, 0xe0, 0x07, 0x01, 0x00, 0x00, 0x00, 0xd7, 0x45, 0x0b, 0xfa, 0x66, 0x81, 0xd9,
  0x5e, 0x96, 0x36, 0x2e, 0xf7, 0x36, 0x2e, 0xff, 0x36, 0x2e, 0xfe, 0x36, 0x2e, 0xff, 0x36, 0x2e,
  0xff, 0x36, 0x2e, 0xff, 0x36, 0x2e, 0xff, 0x36, 0x2e, 0xff, 0x36, 0x2e, 0xff, 0x36, 0x2e, 0xff,
  0x36, 0x2e, 0xff, 0x36, 0x2e, 0xff, 0x36, 0x2e, 0xff, 0x36, 0x2e, 0xff, 0x36, 0x2e, 0xff, 0x36,
  0x2e, 0xff, 0x36, 0x2e, 0xff, 0x36, 0x2e, 0xff, 0x36, 0x2e, 0xff, 0x36, 0x2e, 0xff, 0x36, 0x2e,
  0xff, 0x36, 0x2e, 0xff, 0x36, 0x2e, 0xff, 0x36, 0x2e, 0xff, 0x36, 0x2e, 0xff, 0x36, 0x2e, 0xff,
  0x36, 0x2e, 0xff, 0x36, 0x2e, 0xff, 0x36, 0x2e, 0xff, 0x36, 0x2e, 0xff, 0x36, 0x2e, 0xff, 0x36,
  0x2e, 0xff, 0x36, 0x2e, 0xff, 0x36, 0x2e, 0xff, 0x36, 0x2e, 0xff, 0x36, 0x2e, 0xff, 0x36, 0x2e,
  0xff, 0x36, 0x2e, 0xff, 0x36, 0x2e, 0xff, 0x36, 0x2e, 0xff, 0x36, 0x2e, 0xff, 0x36, 0x2e, 0xff,
  0x36, 0x2e, 0xff, 0x36, 0x2e, 0xff, 0x36, 0x2e, 0xff, 0x36, 0x2e, 0xff, 0x16, 0x1e, 0xff, 0x98,
  0x5e, 0xfc, 0xff, 0xff, 0xf5, 0xff, 0xff, 0xf5, 0xff, 0xff, 0xf5, 0xff, 0xff, 0xf4, 0x7d, 0xc7,
  0xf8, 0x16, 0x26, 0xff, 0x36, 0x2e, 0xff, 0x36, 0x2e, 0xff, 0x36, 0x2e, 0xff, 0x36, 0x2e, 0xff,
  0x36, 0x2e, 0xff, 0x36, 0x2e, 0xff, 0x36, 0x2e, 0xff, 0x36, 0x2e, 0xff, 0x36, 0x2e, 0xff, 0x36,
  0x2e, 0xff, 0x36, 0x2e, 0xff, 0x36, 0x2e, 0xff, 0x36, 0x2e, 0xff, 0x36, 0x2e, 0xff, 0x36, 0x2e,
  0xff, 0x36, 0x2e, 0xff, 0x36, 0x2e, 0xff, 0x36, 0x2e, 0xff, 0x36, 0x2e, 0xff, 0x36, 0x2e, 0xff,
  0x36, 0x2e, 0xff, 0x36, 0x2e, 0xff, 0x36, 0x2e, 0xff, 0x36, 0x2e, 0xff, 0x36, 0x2e, 0xff, 0x36,
  0x2e, 0xff, 0x36, 0x2e, 0xff, 0x36, 0x2e, 0xff, 0x36, 0x2e, 0xff, 0x36, 0x2e, 0xff, 0x36, 0x2e,
  0xff, 0x36, 0x2e, 0xff, 0x36, 0x2e, 0xff, 0x36, 0x2e, 0xff, 0x36, 0x2e, 0xff, 0x36, 0x2e, 0xff,
  0x36, 0x2e, 0xff, 0x36, 0x2e, 0xff, 0x36, 0x2e, 0xff, 0x36, 0x2e, 0xff, 0x36, 0x2e, 0xff, 0x36,
  0x2e, 0xff, 0x36, 0x2e, 0xff, 0x36, 0x2e, 0xff, 0x16, 0x2e, 0xfe, 0x37, 0x2e, 0xff, 0xb9, 0x4e,
  0xa8, 0x1a, 0x67, 0x8c, 0x99, 0x56, 0x27, 0x00, 0x00, 0x00, 0xef, 0x7b, 0x02, 0x00, 0x00, 0x00,
  0x00, 0x00, 0x00, 0xe0, 0x07, 0x01, 0x00, 0x00, 0x00, 0xd7, 0x45, 0x0b, 0xfa, 0x66, 0x81, 0xd9,
  0x5e, 0x96, 0x36, 0x2e, 0xf7, 0x36, 0x2e, 0xff, 0x36, 0x2e, 0xfe, 0x36, 0x2e, 0xff, 0x36, 0x2e,
  0xff, 0x36, 0x2e, 0xff, 0x36, 0x2e, 0xff, 0x36, 0x2e, 0xff, 0x36, 0x2e, 0xff, 0x36, 0x2e, 0xff,
  0x36, 0x2e, 0xff, 0x36, 0x2e, 0xff, 0x36, 0x2e, 0xff, 0x36, 0x2e, 0xff, 0x36, 0x2e, 0xff, 0x36,
  0x2e, 0xff, 0x36, 0x2e, 0xff, 0x36, 0x2e, 0xff, 0x36, 0x2e, 0xff, 0x36, 0x2e, 0xff, 0x36, 0x2e,
  0xff, 0x36, 0x2e, 0xff, 0x36, 0x2e, 0xff, 0x36, 0x2e, 0xff, 0x36, 0x2e, 0xff, 0x36, 0x2e, 0xff,
  0x36, 0x2e, 0xff, 0x36, 0x2e, 0xff, 0x36, 0x2e, 0xff, 0x36, 0x2e, 0xff, 0x36, 0x2e, 0xff, 0x36,
  0x2e, 0xff, 0x36, 0x2e, 0xff, 0x36, 0x2e, 0xff, 0x36, 0x2e, 0xff, 0x36, 0x2e, 0xff, 0x36, 0x2e,
  0xff, 0x36, 0x2e, 0xff, 0x36, 0x2e, 0xff, 0x36, 0x2e, 0xff, 0x36, 0x2e, 0xff, 0x36, 0x2e, 0xff,
  0x36, 0x2e, 0xff, 0x36, 0x2e, 0xff, 0x36, 0x2e, 0xff, 0x36, 0x2e, 0xff, 0x16, 0x1e, 0xff, 0x98,
  0x5e, 0xfc, 0xff, 0xff, 0xf5, 0xff, 0xff, 0xf5, 0xff, 0xff, 0xf5, 0xff, 0xff, 0xf4, 0x7d, 0xc7,
  0xf8, 0x16, 0x26, 0xff, 0x36, 0x2e, 0xff, 0x36, 0x2e, 0xff, 0x36, 0x2e, 0xff, 0x36, 0x2e, 0xff,
  0x36, 0x2e, 0xff, 0x36, 0x2e, 0xff, 0x36, 0x2e, 0xff, 0x36, 0x2e, 0xff, 0x36, 0x2e, 0xff, 0x36,
  0x2e, 0xff, 0x36, 0x2e, 0xff, 0x36, 0x2e, 0xff, 0x36, 0x2e, 0xff, 0x36, 0x2e, 0xff, 0x36, 0x2e,
  0xff, 0x36, 0x2e, 0xff, 0x36, 0x2e, 0xff, 0x36, 0x2e, 0xff, 0x36, 0x2e, 0xff, 0x36, 0x2e, 0xff,
  0x36, 0x2e, 0xff, 0x36, 0x2e, 0xff, 0x36, 0x2e, 0xff, 0x36, 0x2e, 0xff, 0x36, 0x2e, 0xff, 0x36,
  0x2e, 0xff, 0x36, 0x2e, 0xff, 0x36, 0x2e, 0xff, 0x36, 0x2e, 0xff, 0x36, 0x2e, 0xff, 0x36, 0x2e,
  0xff, 0x36, 0x2e, 0xff, 0x36, 0x2e, 0xff, 0x36, 0x2e, 0xff, 0x36, 0x2e, 0xff, 0x36, 0x2e, 0xff,
  0x36, 0x2e, 0xff, 0x36, 0x2e, 0xff, 0x36, 0x2e, 0xff, 0x36, 0x2e, 0xff, 0x36, 0x2e, 0xff, 0x36,
  0x2e, 0xff, 0x36, 0x2e, 0xff, 0x36, 0x2e, 0xff, 0x16, 0x2e, 0xfe, 0x37, 0x2e, 0xff, 0xb9, 0x4e,
  0xa8, 0x1a, 0x67, 0x8c, 0x99, 0x56, 0x27, 0x00, 0x00, 0x00, 0xef, 0x7b, 0x02, 0x00, 0x00, 0x00,
  0x00, 0x00, 0x00, 0xe0, 0x07, 0x01, 0x00, 0x00, 0x00, 0xd7, 0x45, 0x0b, 0xfa, 0x66, 0x81, 0xd9,
  0x5e, 0x96, 0x36, 0x2e, 0xf7, 0x36, 0x2e, 0xff, 0x36, 0x2e, 0xfe, 0x36, 0x2e, 0xff, 0x36, 0x2e,
  0xff, 0x36, 0x2e, 0xff, 0x36, 0x2e, 0xff, 0x36, 0x2e, 0xff, 0x36, 0x2e, 0xff, 0x36, 0x2e, 0xff,
  0x36, 0x2e, 0xff, 0x36, 0x2e, 0xff, 0x36, 0x2e, 0xff, 0x36, 0x2e, 0xff, 0x36, 0x2e, 0xff, 0x36,
  0x2e, 0xff, 0x36, 0x2e, 0xff, 0x36, 0x2e, 0xff, 0x36, 0x2e, 0xff, 0x36, 0x2e, 0xff, 0x36, 0x2e,
  0xff, 0x36, 0x2e, 0xff, 0x36, 0x2e, 0xff, 0x36, 0x2e, 0xff, 0x36, 0x2e, 0xff, 0x36, 0x2e, 0xff,
  0x36, 0x2e, 0xff, 0x36, 0x2e, 0xff, 0x36, 0x2e, 0xff, 0x36, 0x2e, 0xff, 0x36, 0x2e, 0xff, 0x36,
  0x2e, 0xff, 0x36, 0x2e, 0xff, 0x36, 0x2e, 0xff, 0x36, 0x2e, 0xff, 0x36, 0x2e, 0xff, 0x36, 0x2e,
  0xff, 0x36, 0x2e, 0xff, 0x36, 0x2e, 0xff, 0x36, 0x2e, 0xff, 0x36, 0x2e, 0xff, 0x36, 0x2e, 0xff,
  0x36, 0x2e, 0xff, 0x36, 0x2e, 0xff, 0x36, 0x2e, 0xff, 0x36, 0x2e, 0xff, 0x16, 0x1e, 0xff, 0x98,
  0x5e, 0xfc, 0xff, 0xff, 0xf5, 0xff, 0xff, 0xf5, 0xff, 0xff, 0xf5, 0xff, 0xff, 0xf4, 0x7d, 0xc7,
  0xf8, 0x16, 0x26, 0xff, 0x36, 0x2e, 0xff, 0x36, 0x2e, 0xff, 0x36, 0x2e, 0xff, 0x36, 0x2e, 0xff,
  0x36, 0x2e, 0xff, 0x36, 0x2e, 0xff, 0x36, 0x2e, 0xff, 0x36, 0x2e, 0xff, 0x36, 0x2e, 0xff, 0x36,
  0x2e, 0xff, 0x36, 0x2e, 0xff, 0x36, 0x2e, 0xff, 0x36, 0x2e, 0xff, 0x36, 0x2e, 0xff, 0x36, 0x2e,
  0xff, 0x36, 0x2e, 0xff, 0x36, 0x2e, 0xff, 0x36, 0x2e, 0xff, 0x36, 0x2e, 0xff, 0x36, 0x2e, 0xff,
  0x36, 0x2e, 0xff, 0x36, 0x2e, 0xff, 0x36, 0x2e, 0xff, 0x36, 0x2e, 0xff, 0x36, 0x2e, 0xff, 0x36,
  0x2e, 0xff, 0x36, 0x2e, 0xff, 0x36, 0x2e, 0xff, 0x36, 0x2e, 0xff, 0x36, 0x2e, 0xff, 0x36, 0x2e,
  0xff, 0x36, 0x2e, 0xff, 0x36, 0x2e, 0xff, 0x36, 0x2e, 0xff, 0x36, 0x2e, 0xff, 0x36, 0x2e, 0xff,
  0x36, 0x2e, 0xff, 0x36, 0x2e, 0xff, 0x36, 0x2e, 0xff, 0x36, 0x2e, 0xff, 0x36, 0x2e, 0xff, 0x36,
  0x2e, 0xff, 0x36, 0x2e, 0xff, 0x36, 0x2e, 0xff, 0x16, 0x2e, 0xfe, 0x37, 0x2e, 0xff, 0xb9, 0x4e,
  0xa8, 0x1a, 0x67, 0x8c, 0x99, 0x56, 0x27, 0x00, 0x00, 0x00, 0xef, 0x7b, 0x02, 0x00, 0x00, 0x00,
  0x00, 0x00, 0x00, 0xe0, 0x07, 0x01, 0x00, 0x00, 0x00, 0xd7, 0x45, 0x0b, 0xfa, 0x66, 0x81, 0xd9,
  0x5e, 0x96, 0x36, 0x2e, 0xf7, 0x36, 0x2e, 0xff, 0x36, 0x2e, 0xfe, 0x36, 0x2e, 0xff, 0x36, 0x2e,
  0xff, 0x36, 0x2e, 0xff, 0x36, 0x2e, 0xff, 0x36, 0x2e, 0xff, 0x36, 0x2e, 0xff, 0x36, 0x2e, 0xff,
  0x36, 0x2e, 0xff, 0x36, 0x2e, 0xff, 0x36, 0x2e, 0xff, 0x36, 0x2e, 0xff, 0x36, 0x2e, 0xff, 0x36,
  0x2e, 0xff, 0x36, 0x2e, 0xff, 0x36, 0x2e, 0xff, 0x36, 0x2e, 0xff, 0x36, 0x2e, 0xff, 0x36, 0x2e,
  0xff, 0x36, 0x2e, 0xff, 0x36, 0x2e, 0xff, 0x36, 0x2e, 0xff, 0x36, 0x2e, 0xff, 0x36, 0x2e, 0xff,
  0x36, 0x2e, 0xff, 0x36, 0x2e, 0xff, 0x36, 0x2e, 0xff, 0x36, 0x2e, 0xff, 0x16, 0x26, 0xff, 0x16,
  0x26, 0xff, 0x16, 0x26, 0xff, 0x16, 0x26, 0xff, 0x16, 0x26, 0xff, 0x36, 0x2e, 0xff, 0x36, 0x2e,
  0xff, 0x36, 0x2e, 0xff, 0x36, 0x2e, 0xff, 0x36, 0x2e, 0xff, 0x36, 0x2e, 0xff, 0x36, 0x2e, 0xff,
  0x36, 0x2e, 0xff, 0x36, 0x2e, 0xff, 0x36, 0x2e, 0xff, 0x36, 0x2e, 0xff, 0x16, 0x1e, 0xff, 0x98,
  0x5e, 0xfc, 0xff, 0xff, 0xf5, 0xff, 0xff, 0xf5, 0xff, 0xff, 0xf5, 0xff, 0xff, 0xf4, 0x7d, 0xc7,
  0xf8, 0x16, 0x26, 0xff, 0x36, 0x2e, 0xff, 0x36, 0x2e, 0xff, 0x36, 0x2e, 0xff, 0x36, 0x2e, 0xff,
  0x36, 0x2e, 0xff, 0x36, 0x2e, 0xff, 0x36, 0x2e, 0xff, 0x36, 0x2e, 0xff, 0x36, 0x2e, 0xff, 0x36,
  0x2e, 0xff, 0x36, 0x2e, 0xff, 0x36, 0x2e, 0xff, 0x36, 0x2e, 0xff, 0x36, 0x2e, 0xff, 0x36, 0x2e,
  0xff, 0x36, 0x2e, 0xff, 0x36, 0x2e, 0xff, 0x36, 0x2e, 0xff, 0x36, 0x2e, 0xff, 0x36, 0x2e, 0xff,
  0x36, 0x2e, 0xff, 0x36, 0x2e, 0xff, 0x36, 0x2e, 0xff, 0x36, 0x2e, 0xff, 0x36, 0x2e, 0xff, 0x36,
  0x2e, 0xff, 0x36, 0x2e, 0xff, 0x36, 0x2e, 0xff, 0x36, 0x2e, 0xff, 0x36, 0x2e, 0xff, 0x36, 0x2e,
  0xff, 0x36, 0x2e, 0xff, 0x36, 0x2e, 0xff, 0x36, 0x2e, 0xff, 0x36, 0x2e, 0xff, 0x36, 0x2e, 0xff,
  0x36, 0x2e, 0xff, 0x36, 0x2e, 0xff, 0x36, 0x2e, 0xff, 0x36, 0x2e, 0xff, 0x36, 0x2e, 0xff, 0x36,
  0x2e, 0xff, 0x36, 0x2e, 0xff, 0x36, 0x2e, 0xff, 0x16, 0x2e, 0xfe, 0x37, 0x2e, 0xff, 0xb9, 0x4e,
  0xa8, 0x1a, 0x67, 0x8c, 0x99, 0x56, 0x27, 0x00, 0x00, 0x00, 0xef, 0x7b, 0x02, 0x00, 0x00, 0x00,
  0x00, 0x00, 0x00, 0xe0, 0x07, 0x01, 0x00, 0x00, 0x00, 0xd7, 0x45, 0x0b, 0xfa, 0x66, 0x81, 0xd9,
  0x5e, 0x96, 0x36, 0x2e, 0xf7, 0x36, 0x2e, 0xff, 0x36, 0x2e, 0xfe, 0x36, 0x2e, 0xff, 0x36, 0x2e,
  0xff, 0x36, 0x2e, 0xff, 0x36, 0x2e, 0xff, 0x36, 0x2e, 0xff, 0x36, 0x2e, 0xff, 0x36, 0x2e, 0xff,
  0x36, 0x2e, 0xff, 0x36, 0x2e, 0xff, 0x36, 0x2e, 0xff, 0x36, 0x2e, 0xff, 0x36, 0x2e, 0xff, 0x36,
  0x2e, 0xff, 0x36, 0x2e, 0xff, 0x36, 0x2e, 0xff, 0x36, 0x2e, 0xff, 0x36, 0x2e, 0xff, 0x36, 0x2e,
  0xff, 0x36, 0x2e, 0xff, 0x36, 0x2e, 0xff, 0x36, 0x2e, 0xff, 0x36, 0x2e, 0xff, 0x36, 0x2e, 0xff,
  0x36, 0x2e, 0xff, 0x36, 0x2e, 0xff, 0x36, 0x2e, 0xff, 0x36, 0x2e, 0xff, 0x98, 0x56, 0xfa, 0x98,
  0x56, 0xfa, 0x98, 0x56, 0xfa, 0x98, 0x56, 0xfa, 0x98, 0x56, 0xfa, 0x36, 0x2e, 0xff, 0x36, 0x2e,
  0xff, 0x36, 0x2e, 0xff, 0x36, 0x2e, 0xff, 0x36, 0x2e, 0xff, 0x36, 0x2e, 0xff, 0x36, 0x2e, 0xff,
  0x36, 0x2e, 0xff, 0x36, 0x2e, 0xff, 0x36, 0x2e, 0xff, 0x36, 0x2e, 0xff, 0x16, 0x1e, 0xff, 0x98,
  0x5e, 0xfc, 0xff, 0xff, 0xf5, 0xff, 0xff, 0xf5, 0xff, 0xff, 0xf5, 0xff, 0xff, 0xf4, 0x7d, 0xc7,
  0xf8, 0x16, 0x26, 0xff, 0x36, 0x2e, 0xff, 0x36, 0x2e, 0xff, 0x36, 0x2e, 0xff, 0x36, 0x2e, 0xff,
  0x36, 0x2e, 0xff, 0x36, 0x2e, 0xff, 0x36, 0x2e, 0xff, 0x36, 0x2e, 0xff, 0x36, 0x2e, 0xff, 0x36,
  0x2e, 0xff, 0x36, 0x2e, 0xff, 0x16, 0x26, 0xff, 0x16, 0x1e, 0xff, 0x16, 0x1e, 0xff, 0x16, 0x1e,
  0xff, 0x16, 0x1e, 0xff, 0x36, 0x2e, 0xff, 0x36, 0x2e, 0xff, 0x36, 0x2e, 0xff, 0x36, 0x2e, 0xff,
  0x36, 0x2e, 0xff, 0x36, 0x2e, 0xff, 0x36, 0x2e, 0xff, 0x36, 0x2e, 0xff, 0x36, 0x2e, 0xff, 0x36,
  0x2e, 0xff, 0x36, 0x2e, 0xff, 0x36, 0x2e, 0xff, 0x36, 0x2e, 0xff, 0x36, 0x2e, 0xff, 0x36, 0x2e,
  0xff, 0x36, 0x2e, 0xff, 0x36, 0x2e, 0xff, 0x36, 0x2e, 0xff, 0x36, 0x2e, 0xff, 0x36, 0x2e, 0xff,
  0x36, 0x2e, 0xff, 0x36, 0x2e, 0xff, 0x36, 0x2e, 0xff, 0x36, 0x2e, 0xff, 0x36, 0x2e, 0xff, 0x36,
  0x2e, 0xff, 0x36, 0x2e, 0xff, 0x36, 0x2e, 0xff, 0x16, 0x2e, 0xfe, 0x37, 0x2e, 0xff, 0xb9, 0x4e,
  0xa8, 0x1a, 0x67, 0x8c, 0x99, 0x56, 0x27, 0x00, 0x00, 0x00, 0xef, 0x7b, 0x02, 0x00, 0x00, 0x00,
  0x00, 0x00, 0x00, 0xe0, 0x07, 0x01, 0x00, 0x00, 0x00, 0xd7, 0x45, 0x0b, 0xfa, 0x66, 0x81, 0xd9,
  0x5e, 0x96, 0x36, 0x2e, 0xf7, 0x36, 0x2e, 0xff, 0x36, 0x2e, 0xfe, 0x36, 0x2e, 0xff, 0x36, 0x2e,
  0xff, 0x36, 0x2e, 0xff, 0x36, 0x2e, 0xff, 0x36, 0x2e, 0xff, 0x36, 0x2e, 0xff, 0x36, 0x2e, 0xff,
  0x36, 0x2e, 0xff, 0x36, 0x2e, 0xff, 0x36, 0x2e, 0xff, 0x36, 0x2e, 0xff, 0x36, 0x2e, 0xff, 0x36,
  0x2e, 0xff, 0x36, 0x2e, 0xff, 0x36, 0x2e, 0xff, 0x36, 0x2e, 0xff, 0x36, 0x2e, 0xff, 0x36, 0x2e,
  0xff, 0x36, 0x2e, 0xff, 0x36, 0x2e, 0xff, 0x36, 0x2e, 0xff, 0x36, 0x2e, 0xff, 0x36, 0x2e, 0xff,
  0x36, 0x2e, 0xff, 0x36, 0x2e, 0xff, 0x16, 0x26, 0xff, 0x37, 0x36, 0xfe, 0xff, 0xdf, 0xeb, 0xff,
  0xef, 0xea, 0xff, 0xe7, 0xea, 0xff, 0xef, 0xea, 0xff, 0xdf, 0xeb, 0x37, 0x36, 0xfe, 0x16, 0x26,
  0xff, 0x36, 0x2e, 0xff, 0x36, 0x2e, 0xff, 0x36, 0x2e, 0xff, 0x36, 0x2e, 0xff, 0x36, 0x2e, 0xff,
  0x36, 0x2e, 0xff, 0x36, 0x2e, 0xff, 0x36, 0x2e, 0xff, 0x36, 0x2e, 0xff, 0x16, 0x1e, 0xff, 0x98,
  0x5e, 0xfc, 0xff, 0xff, 0xf5, 0xff, 0xff, 0xf5, 0xff, 0xff, 0xf5, 0xff, 0xff, 0xf4, 0x7d, 0xc7,
  0xf8, 0x16, 0x26, 0xff, 0x36, 0x2e, 0xff, 0x36, 0x2e, 0xff, 0x36, 0x2e, 0xff, 0x36, 0x2e, 0xff,
  0x36, 0x2e, 0xff, 0x36, 0x2e, 0xff, 0x36, 0x2e, 0xff, 0x36, 0x2e, 0xff, 0x36, 0x2e, 0xff, 0x16,
  0x2e, 0xff, 0x36, 0x36, 0xff, 0x7d, 0xbf, 0xf8, 0x5c, 0xaf, 0xf9, 0x1b, 0x8f, 0xfa, 0xb9, 0x6e,
  0xfc, 0x98, 0x5e, 0xfd, 0x36, 0x2e, 0xff, 0x36, 0x2e, 0xff, 0x36, 0x2e, 0xff, 0x36, 0x2e, 0xff,
  0x36, 0x2e, 0xff, 0x36, 0x2e, 0xff, 0x36, 0x2e, 0xff, 0x36, 0x2e, 0xff, 0x36, 0x2e, 0xff, 0x36,
  0x2e, 0xff, 0x36, 0x2e, 0xff, 0x36, 0x2e, 0xff, 0x36, 0x2e, 0xff, 0x36, 0x2e, 0xff, 0x36, 0x2e,
  0xff, 0x36, 0x2e, 0xff, 0x36, 0x2e, 0xff, 0x36, 0x2e, 0xff, 0x36, 0x2e, 0xff, 0x36, 0x2e, 0xff,
  0x36, 0x2e, 0xff, 0x36, 0x2e, 0xff, 0x36, 0x2e, 0xff, 0x36, 0x2e, 0xff, 0x36, 0x2e, 0xff, 0x36,
  0x2e, 0xff, 0x36, 0x2e, 0xff, 0x36, 0x2e, 0xff, 0x16, 0x2e, 0xfe, 0x37, 0x2e, 0xff, 0xb9, 0x4e,
  0xa8, 0x1a, 0x67, 0x8c, 0x99, 0x56, 0x27, 0x00, 0x00, 0x00, 0xef, 0x7b, 0x02, 0x00, 0x00, 0x00,
  0x00, 0x00, 0x00, 0xe0, 0x07, 0x01, 0x00, 0x00, 0x00, 0xd7, 0x45, 0x0b, 0xfa, 0x66, 0x81, 0xd9,
  0x5e, 0x96, 0x36, 0x2e, 0xf7, 0x36, 0x2e, 0xff, 0x36, 0x2e, 0xfe, 0x36, 0x2e, 0xff, 0x36, 0x2e,
  0xff, 0x36, 0x2e, 0xff, 0x36, 0x2e, 0xff, 0x36, 0x2e, 0xff, 0x36, 0x2e, 0xff, 0x36, 0x2e, 0xff,
  0x36, 0x2e, 0xff, 0x36, 0x2e, 0xff, 0x36, 0x2e, 0xff, 0x36, 0x2e, 0xff, 0x36, 0x2e, 0xff, 0x36,
  0x2e, 0xff, 0x36, 0x2e, 0xff, 0x36, 0x2e, 0xff, 0x36, 0x2e, 0xff, 0x36, 0x2e, 0xff, 0x36, 0x2e,
  0xff, 0x36, 0x2e, 0xff, 0x36, 0x2e, 0xff, 0x36, 0x2e, 0xff, 0x36, 0x2e, 0xff, 0x36, 0x2e, 0xff,
  0x36, 0x2e, 0xff, 0x36, 0x2e, 0xff, 0x16, 0x26, 0xff, 0x37, 0x36, 0xfe, 0xde, 0xcf, 0xec, 0xff,
  0xe7, 0xeb, 0xff, 0xdf, 0xeb, 0xff, 0xdf, 0xeb, 0xde, 0xd7, 0xec, 0x37, 0x36, 0xfe, 0x16, 0x26,
  0xff, 0x36, 0x2e, 0xff, 0x36, 0x2e, 0xff, 0x36, 0x2e, 0xff, 0x36, 0x2e, 0xff, 0x36, 0x2e, 0xff,
  0x36, 0x2e, 0xff, 0x36, 0x2e, 0xff, 0x36, 0x2e, 0xff, 0x36, 0x2e, 0xff, 0x16, 0x1e, 0xff, 0x98,
  0x5e, 0xfc, 0xff, 0xff, 0xf5, 0xff, 0xff, 0xf5, 0xff, 0xff, 0xf5, 0xff, 0xff, 0xf4, 0x7d, 0xc7,
  0xf8, 0x16, 0x26, 0xff, 0x36, 0x2e, 0xff, 0x36, 0x2e, 0xff, 0x36, 0x2e, 0xff, 0x36, 0x2e, 0xff,
  0x36, 0x2e, 0xff, 0x36, 0x2e, 0xff, 0x36, 0x2e, 0xff, 0x36, 0x2e, 0xff, 0x36, 0x2e, 0xff, 0x16,
  0x26, 0xff, 0x78, 0x56, 0xfd, 0xff, 0xff, 0xf5, 0xff, 0xff, 0xf4, 0xff, 0xff, 0xf4, 0xff, 0xff,
  0xf4, 0xbe, 0xe7, 0xf7, 0x36, 0x2e, 0xfe, 0x16, 0x2e, 0xff, 0x36, 0x2e, 0xff, 0x36, 0x2e, 0xff,
  0x36, 0x2e, 0xff, 0x36, 0x2e, 0xff, 0x36, 0x2e, 0xff, 0x36, 0x2e, 0xff, 0x36, 0x2e, 0xff, 0x36,
  0x2e, 0xff, 0x36, 0x2e, 0xff, 0x36, 0x2e, 0xff, 0x36, 0x2e, 0xff, 0x36, 0x2e, 0xff, 0x36, 0x2e,
  0xff, 0x36, 0x2e, 0xff, 0x36, 0x2e, 0xff, 0x36, 0x2e, 0xff, 0x36, 0x2e, 0xff, 0x36, 0x2e, 0xff,
  0x36, 0x2e, 0xff, 0x36, 0x2e, 0xff, 0x36, 0x2e, 0xff, 0x36, 0x2e, 0xff, 0x36, 0x2e, 0xff, 0x36,
  0x2e, 0xff, 0x36, 0x2e, 0xff, 0x36, 0x2e, 0xff, 0x16, 0x2e, 0xfe, 0x37, 0x2e, 0xff, 0xb9, 0x4e,
  0xa8, 0x1a, 0x67, 0x8c, 0x99, 0x56, 0x27, 0x00, 0x00, 0x00, 0xef, 0x7b, 0x02, 0x00, 0x00, 0x00,
  0x00, 0x00, 0x00, 0xe0, 0x07, 0x01, 0x00, 0x00, 0x00, 0xd7, 0x45, 0x0b, 0xfa, 0x66, 0x81, 0xd9,
  0x5e, 0x96, 0x36, 0x2e, 0xf7, 0x36, 0x2e, 0xff, 0x36, 0x2e, 0xfe, 0x36, 0x2e, 0xff, 0x36, 0x2e,
  0xff, 0x36, 0x2e, 0xff, 0x36, 0x2e, 0xff, 0x36, 0x2e, 0xff, 0x36, 0x2e, 0xff, 0x36, 0x2e, 0xff,
  0x36, 0x2e, 0xff, 0x36, 0x2e, 0xff, 0x36, 0x2e, 0xff, 0x36, 0x2e, 0xff, 0x36, 0x2e, 0xff, 0x36,
  0x2e, 0xff, 0x36, 0x2e, 0xff, 0x36, 0x2e, 0xff, 0x36, 0x2e, 0xff, 0x36, 0x2e, 0xff, 0x36, 0x2e,
  0xff, 0x36, 0x2e, 0xff, 0x36, 0x2e, 0xff, 0x36, 0x2e, 0xff, 0x36, 0x2e, 0xff, 0x36, 0x2e, 0xff,
  0x36, 0x2e, 0xff, 0x36, 0x2e, 0xff, 0x36, 0x2e, 0xff, 0x16, 0x26, 0xff, 0x9c, 0xb7, 0xf0, 0xff,
  0xef, 0xea, 0xff, 0xdf, 0xeb, 0xff, 0xdf, 0xeb, 0xff, 0xe7, 0xea, 0x98, 0x56, 0xfa, 0x16, 0x26,
  0xff, 0x36, 0x2e, 0xff, 0x36, 0x2e, 0xff, 0x36, 0x2e, 0xff, 0x36, 0x2e, 0xff, 0x36, 0x2e, 0xff,
  0x36, 0x2e, 0xff, 0x36, 0x2e, 0xff, 0x36, 0x2e, 0xff, 0x36, 0x2e, 0xff, 0x16, 0x1e, 0xff, 0x98,
  0x5e, 0xfc, 0xff, 0xff, 0xf5, 0xff, 0xff, 0xf5, 0xff, 0xff, 0xf5, 0xff, 0xff, 0xf4, 0x7d, 0xc7,
  0xf8, 0x16, 0x26, 0xff, 0x36, 0x2e, 0xff, 0x36, 0x2e, 0xff, 0x36, 0x2e, 0xff, 0x36, 0x2e, 0xff,
  0x36, 0x2e, 0xff, 0x36, 0x2e, 0xff, 0x36, 0x2e, 0xff, 0x36, 0x2e, 0xff, 0x36, 0x2e, 0xff, 0x16,
  0x1e, 0xff, 0xda, 0x76, 0xfb, 0xff, 0xff, 0xf5, 0xff, 0xff, 0xf5, 0xff, 0xff, 0xf5, 0xff, 0xff,
  0xf4, 0x5c, 0xb7, 0xf9, 0x16, 0x1e, 0xff, 0x36, 0x2e, 0xff, 0x36, 0x2e, 0xff, 0x36, 0x2e, 0xff,
  0x36, 0x2e, 0xff, 0x36, 0x2e, 0xff, 0x36, 0x2e, 0xff, 0x36, 0x2e, 0xff, 0x36, 0x2e, 0xff, 0x36,
  0x2e, 0xff, 0x36, 0x2e, 0xff, 0x36, 0x2e, 0xff, 0x36, 0x2e, 0xff, 0x36, 0x2e, 0xff, 0x36, 0x2e,
  0xff, 0x36, 0x2e, 0xff, 0x36, 0x2e, 0xff, 0x36, 0x2e, 0xff, 0x36, 0x2e, 0xff, 0x36, 0x2e, 0xff,
  0x36, 0x2e, 0xff, 0x36, 0x2e, 0xff, 0x36, 0x2e, 0xff, 0x36, 0x2e, 0xff, 0x36, 0x2e, 0xff, 0x36,
  0x2e, 0xff, 0x36, 0x2e, 0xff, 0x36, 0x2e, 0xff, 0x16, 0x2e, 0xfe, 0x37, 0x2e, 0xff, 0xb9, 0x4e,
  0xa8, 0x1a, 0x67, 0x8c, 0x99, 0x56, 0x27, 0x00, 0x00, 0x00, 0xef, 0x7b, 0x02, 0x00, 0x00, 0x00,
  0x00, 0x00, 0x00, 0xe0, 0x07, 0x01, 0x00, 0x00, 0x00, 0xd7, 0x45, 0x0b, 0xfa, 0x66, 0x81, 0xd9,
  0x5e, 0x96, 0x36, 0x2e, 0xf7, 0x36, 0x2e, 0xff, 0x36, 0x2e, 0xfe, 0x36, 0x2e, 0xff, 0x36, 0x2e,
  0xff, 0x36, 0x2e, 0xff, 0x36, 0x2e, 0xff, 0x36, 0x2e, 0xff, 0x36, 0x2e, 0xff, 0x36, 0x2e, 0xff,
  0x36, 0x2e, 0xff, 0x36, 0x2e, 0xff, 0x36, 0x2e, 0xff, 0x36, 0x2e, 0xff, 0x36, 0x2e, 0xff, 0x36,
  0x2e, 0xff, 0x36, 0x2e, 0xff, 0x36, 0x2e, 0xff, 0x36, 0x2e, 0xff, 0x36, 0x2e, 0xff, 0x36, 0x2e,
  0xff, 0x36, 0x2e, 0xff, 0x36, 0x2e, 0xff, 0x36, 0x2e, 0xff, 0x36, 0x2e, 0xff, 0x36, 0x2e, 0xff,
  0x36, 0x2e, 0xff, 0x36, 0x2e, 0xff, 0x36, 0x2e, 0xff, 0x16, 0x26, 0xff, 0x7c, 0xaf, 0xf0, 0xff,
  0xef, 0xea, 0xff, 0xdf, 0xeb, 0xff, 0xdf, 0xeb, 0xff, 0xef, 0xea, 0x98, 0x5e, 0xfa, 0x16, 0x26,
  0xff, 0x36, 0x2e, 0xff, 0x36, 0x2e, 0xff, 0x36, 0x2e, 0xff, 0x36, 0x2e, 0xff, 0x36, 0x2e, 0xff,
  0x36, 0x2e, 0xff, 0x36, 0x2e, 0xff, 0x36, 0x2e, 0xff, 0x36, 0x2e, 0xff, 0x16, 0x1e, 0xff, 0x98,
  0x5e, 0xfc, 0xff, 0xff, 0xf5, 0xff, 0xff, 0xf5, 0xff, 0xff, 0xf5, 0xff, 0xff, 0xf4, 0x7d, 0xc7,
  0xf8, 0x16, 0x26, 0xff, 0x36, 0x2e, 0xff, 0x36, 0x2e, 0xff, 0x36, 0x2e, 0xff, 0x36, 0x2e, 0xff,
  0x36, 0x2e, 0xff, 0x36, 0x2e, 0xff, 0x36, 0x2e, 0xff, 0x36, 0x2e, 0xff, 0x36, 0x2e, 0xff, 0x16,
  0x1e, 0xff, 0x5c, 0xaf, 0xf9, 0xff, 0xff, 0xf4, 0xff, 0xff, 0xf5, 0xff, 0xff, 0xf5, 0xff, 0xff,
  0xf4, 0xfa, 0x86, 0xfa, 0x16, 0x1e, 0xff, 0x36, 0x2e, 0xff, 0x36, 0x2e, 0xff, 0x36, 0x2e, 0xff,
  0x36, 0x2e, 0xff, 0x36, 0x2e, 0xff, 0x36, 0x2e, 0xff, 0x36, 0x2e, 0xff, 0x36, 0x2e, 0xff, 0x36,
  0x2e, 0xff, 0x36, 0x2e, 0xff, 0x36, 0x2e, 0xff, 0x36, 0x2e, 0xff, 0x36, 0x2e, 0xff, 0x36, 0x2e,
  0xff, 0x36, 0x2e, 0xff, 0x36, 0x2e, 0xff, 0x36, 0x2e, 0xff, 0x36, 0x2e, 0xff, 0x36, 0x2e, 0xff,
  0x36, 0x2e, 0xff, 0x36, 0x2e, 0xff, 0x36, 0x2e, 0xff, 0x36, 0x2e, 0xff, 0x36, 0x2e, 0xff, 0x36,
  0x2e, 0xff, 0x36, 0x2e, 0xff, 0x36, 0x2e, 0xff, 0x16, 0x2e, 0xfe, 0x37, 0x2e, 0xff, 0xb9, 0x4e,
  0xa8, 0x1a, 0x67, 0x8c, 0x99, 0x56, 0x27, 0x00, 0x00, 0x00, 0xef, 0x7b, 0x02, 0x00, 0x00, 0x00,
  0x00, 0x00, 0x00, 0xe0, 0x07, 0x01, 0x00, 0x00, 0x00, 0xd7, 0x45, 0x0b, 0xfa, 0x66, 0x81, 0xd9,
  0x5e, 0x96, 0x36, 0x2e, 0xf7, 0x36, 0x2e, 0xff, 0x36, 0x2e, 0xfe, 0x36, 0x2e, 0xff, 0x36, 0x2e,
  0xff, 0x36, 0x2e, 0xff, 0x36, 0x2e, 0xff, 0x36, 0x2e, 0xff, 0x36, 0x2e, 0xff, 0x36, 0x2e, 0xff,
  0x36, 0x2e, 0xff, 0x36, 0x2e, 0xff, 0x36, 0x2e, 0xff, 0x36, 0x2e, 0xff, 0x36, 0x2e, 0xff, 0x36,
  0x2e, 0xff, 0x36, 0x2e, 0xff, 0x36, 0x2e, 0xff, 0x36, 0x2e, 0xff, 0x36, 0x2e, 0xff, 0x36, 0x2e,
  0xff, 0x36, 0x2e, 0xff, 0x36, 0x2e, 0xff, 0x36, 0x2e, 0xff, 0x36, 0x2e, 0xff, 0x36, 0x2e, 0xff,
  0x36, 0x2e, 0xff, 0x36, 0x2e, 0xff, 0x36, 0x2e, 0xff, 0x16, 0x1e, 0xff, 0x1b, 0x87, 0xf4, 0xff,
  0xef, 0xe9, 0xff, 0xdf, 0xeb, 0xff, 0xdf, 0xeb, 0xff, 0xef, 0xe9, 0xfa, 0x7e, 0xf6, 0x16, 0x1e,
  0xff, 0x36, 0x2e, 0xff, 0x36, 0x2e, 0xff, 0x36, 0x2e, 0xff, 0x36, 0x2e, 0xff, 0x36, 0x2e, 0xff,
  0x36, 0x2e, 0xff, 0x36, 0x2e, 0xff, 0x36, 0x2e, 0xff, 0x36, 0x2e, 0xff, 0x16, 0x1e, 0xff, 0x98,
  0x5e, 0xfc, 0xff, 0xff, 0xf5, 0xff, 0xff, 0xf5, 0xff, 0xff, 0xf5, 0xff, 0xff, 0xf4, 0x7d, 0xc7,
  0xf8, 0x16, 0x26, 0xff, 0x36, 0x2e, 0xff, 0x36, 0x2e, 0xff, 0x36, 0x2e, 0xff, 0x36, 0x2e, 0xff,
  0x36, 0x2e, 0xff, 0x36, 0x2e, 0xff, 0x36, 0x2e, 0xff, 0x36, 0x2e, 0xff, 0x16, 0x2e, 0xff, 0x36,
  0x36, 0xfe, 0xde, 0xef, 0xf6, 0xff, 0xff, 0xf5, 0xff, 0xff, 0xf5, 0xff, 0xff, 0xf5, 0xff, 0xff,
  0xf5, 0x98, 0x56, 0xfc, 0x16, 0x26, 0xff, 0x16, 0x26, 0xff, 0x16, 0x26, 0xff, 0x16, 0x2e, 0xff,
  0x16, 0x26, 0xff, 0x36, 0x2e, 0xff, 0x36, 0x2e, 0xff, 0x36, 0x2e, 0xff, 0x36, 0x2e, 0xff, 0x36,
  0x2e, 0xff, 0x36, 0x2e, 0xff, 0x36, 0x2e, 0xff, 0x36, 0x2e, 0xff, 0x36, 0x2e, 0xff, 0x36, 0x2e,
  0xff, 0x36, 0x2e, 0xff, 0x36, 0x2e, 0xff, 0x36, 0x2e, 0xff, 0x36, 0x2e, 0xff, 0x36, 0x2e, 0xff,
  0x36, 0x2e, 0xff, 0x36, 0x2e, 0xff, 0x36, 0x2e, 0xff, 0x36, 0x2e, 0xff, 0x36, 0x2e, 0xff, 0x36,
  0x2e, 0xff, 0x36, 0x2e, 0xff, 0x36, 0x2e, 0xff, 0x16, 0x2e, 0xfe, 0x37, 0x2e, 0xff, 0xb9, 0x4e,
  0xa8, 0x1a, 0x67, 0x8c, 0x99, 0x56, 0x27, 0x00, 0x00, 0x00, 0xef, 0x7b, 0x02, 0x00, 0x00, 0x00,
  0x00, 0x00, 0x00, 0xe0, 0x07, 0x01, 0x00, 0x00, 0x00, 0xf7, 0x3d, 0x0c, 0xfa, 0x66, 0x83, 0xd9,
  0x56, 0x97, 0x36, 0x2e, 0xf9, 0x36, 0x2e, 0xff, 0x36, 0x2e, 0xfe, 0x36, 0x2e, 0xff, 0x36, 0x2e,
  0xff, 0x16, 0x2e, 0xfe, 0x16, 0x2e, 0xfe, 0x36, 0x2e, 0xff, 0x36, 0x2e, 0xff, 0x36, 0x2e, 0xff,
  0x36, 0x2e, 0xff, 0x36, 0x2e, 0xff, 0x36, 0x2e, 0xff, 0x36, 0x2e, 0xff, 0x36, 0x2e, 0xff, 0x36,
  0x2e, 0xff, 0x36, 0x2e, 0xff, 0x36, 0x2e, 0xff, 0x36, 0x2e, 0xff, 0x36, 0x2e, 0xff, 0x36, 0x2e,
  0xff, 0x36, 0x2e, 0xff, 0x36, 0x2e, 0xff, 0x36, 0x2e, 0xff, 0x36, 0x2e, 0xff, 0x36, 0x2e, 0xff,
  0x36, 0x2e, 0xff, 0x36, 0x2e, 0xff, 0x36, 0x2e, 0xff, 0x16, 0x1e, 0xff, 0xd9, 0x6e, 0xf9, 0xff,
  0xef, 0xe9, 0xff, 0xdf, 0xeb, 0xff, 0xdf, 0xeb, 0xff, 0xef, 0xe9, 0x3b, 0x97, 0xf3, 0x16, 0x26,
  0xff, 0x36, 0x2e, 0xff, 0x36, 0x2e, 0xff, 0x36, 0x2e, 0xff, 0x36, 0x2e, 0xff, 0x36, 0x2e, 0xff,
  0x36, 0x2e, 0xff, 0x36, 0x2e, 0xff, 0x36, 0x2e, 0xff, 0x36, 0x2e, 0xff, 0x16, 0x1e, 0xff, 0x98,
  0x5e, 0xfd, 0xff, 0xff, 0xf5, 0xff, 0xff, 0xf5, 0xff, 0xff, 0xf5, 0xff, 0xff, 0xf4, 0x7d, 0xc7,
  0xf8, 0x36, 0x26, 0xff, 0x36, 0x2e, 0xff, 0x36, 0x2e, 0xff, 0x36, 0x2e, 0xff, 0x36, 0x2e, 0xff,
  0x36, 0x2e, 0xff, 0x36, 0x2e, 0xff, 0x36, 0x2e, 0xff, 0x37, 0x2e, 0xff, 0x16, 0x1e, 0xff, 0xda,
  0x76, 0xfb, 0xff, 0xff, 0xf4, 0xff, 0xff, 0xf5, 0xff, 0xff, 0xf5, 0xff, 0xff, 0xf4, 0xbe, 0xdf,
  0xf8, 0x36, 0x2e, 0xff, 0x36, 0x26, 0xff, 0x78, 0x4e, 0xfb, 0x78, 0x4e, 0xfb, 0x36, 0x36, 0xfe,
  0x37, 0x36, 0xfe, 0x36, 0x2e, 0xff, 0x36, 0x2e, 0xff, 0x36, 0x2e, 0xff, 0x36, 0x2e, 0xff, 0x36,
  0x2e, 0xff, 0x36, 0x2e, 0xff, 0x36, 0x2e, 0xff, 0x36, 0x2e, 0xff, 0x36, 0x2e, 0xff, 0x36, 0x2e,
  0xff, 0x36, 0x2e, 0xff, 0x36, 0x2e, 0xff, 0x36, 0x2e, 0xff, 0x36, 0x2e, 0xff, 0x36, 0x2e, 0xff,
  0x36, 0x2e, 0xff, 0x36, 0x2e, 0xff, 0x36, 0x2e, 0xff, 0x16, 0x2e, 0xfe, 0x16, 0x2e, 0xfe, 0x16,
  0x2e, 0xfe, 0x36, 0x2e, 0xff, 0x36, 0x2e, 0xff, 0x16, 0x2e, 0xfe, 0x57, 0x2e, 0xff, 0xb9, 0x4e,
  0xa9, 0x1a, 0x67, 0x8d, 0x99, 0x56, 0x29, 0x00, 0x00, 0x00, 0xef, 0x7b, 0x02, 0x00, 0x00, 0x00,
  0x00, 0x00, 0x00, 0xe0, 0x07, 0x01, 0xff, 0x07, 0x01, 0x55, 0x55, 0x06, 0xfa, 0x5e, 0x75, 0xfa,
  0x5e, 0x92, 0x36, 0x2e, 0xeb, 0x37, 0x2e, 0xff, 0x16, 0x2e, 0xfe, 0x16, 0x2e, 0xfe, 0x36, 0x2e,
  0xff, 0x57, 0x2e, 0xff, 0x57, 0x2e, 0xff, 0x16, 0x2e, 0xfe, 0x16, 0x2e, 0xf9, 0x16, 0x2e, 0xfa,
  0x16, 0x2e, 0xf9, 0x16, 0x2e, 0xf9, 0x16, 0x2e, 0xf9, 0x16, 0x2e, 0xf9, 0x16, 0x2e, 0xf9, 0x16,
  0x2e, 0xf9, 0x16, 0x2e, 0xf9, 0x16, 0x2e, 0xf9, 0x16, 0x2e, 0xf9, 0x16, 0x2e, 0xf9, 0x16, 0x2e,
  0xf9, 0x16, 0x2e, 0xf9, 0x16, 0x2e, 0xf9, 0x16, 0x2e, 0xf9, 0x16, 0x2e, 0xf9, 0x16, 0x2e, 0xf9,
  0x16, 0x2e, 0xf9, 0x16, 0x2e, 0xf9, 0x16, 0x2e, 0xf9, 0x16, 0x26, 0xf9, 0x57, 0x46, 0xf8, 0xff,
  0xdf, 0xec, 0xff, 0xdf, 0xeb, 0xff, 0xdf, 0xeb, 0xff, 0xe7, 0xeb, 0xbd, 0xc7, 0xed, 0x16, 0x2e,
  0xf9, 0x16, 0x2e, 0xfa, 0x16, 0x2e, 0xf9, 0x16, 0x2e, 0xf9, 0x16, 0x2e, 0xf9, 0x16, 0x2e, 0xf9,
  0x16, 0x2e, 0xf9, 0x16, 0x2e, 0xf9, 0x16, 0x2e, 0xf9, 0x16, 0x2e, 0xfa, 0xf6, 0x1d, 0xf9, 0x98,
  0x5e, 0xf8, 0xff, 0xff, 0xf5, 0xff, 0xff, 0xf5, 0xff, 0xff, 0xf5, 0xff, 0xff, 0xf4, 0x7d, 0xc7,
  0xf7, 0x16, 0x26, 0xf9, 0x16, 0x2e, 0xfa, 0x16, 0x2e, 0xf9, 0x16, 0x2e, 0xf9, 0x16, 0x2e, 0xf9,
  0x16, 0x2e, 0xf9, 0x16, 0x2e, 0xf9, 0x16, 0x2e, 0xfa, 0x16, 0x2e, 0xfa, 0x16, 0x2e, 0xf8, 0xbe,
  0xdf, 0xf7, 0xff, 0xff, 0xf4, 0xff, 0xff, 0xf5, 0xff, 0xff, 0xf5, 0xff, 0xff, 0xf5, 0x1b, 0x97,
  0xf7, 0xf5, 0x1d, 0xf9, 0x36, 0x36, 0xf9, 0xde, 0xcf, 0xec, 0xff, 0xe7, 0xeb, 0xde, 0xcf, 0xec,
  0xfe, 0xd7, 0xec, 0x9d, 0xb7, 0xef, 0x37, 0x36, 0xf8, 0x16, 0x26, 0xf9, 0x16, 0x2e, 0xf9, 0x16,
  0x2e, 0xf9, 0x16, 0x2e, 0xf9, 0x16, 0x2e, 0xf9, 0x16, 0x2e, 0xf9, 0x16, 0x2e, 0xf9, 0x16, 0x2e,
  0xf9, 0x16, 0x2e, 0xf9, 0x16, 0x2e, 0xf9, 0x16, 0x2e, 0xf9, 0x16, 0x2e, 0xf9, 0x16, 0x2e, 0xf9,
  0x16, 0x2e, 0xfa, 0x16, 0x2e, 0xf9, 0x16, 0x2e, 0xfc, 0x57, 0x2e, 0xff, 0x57, 0x2e, 0xff, 0x37,
  0x2e, 0xff, 0x16, 0x2e, 0xfe, 0x36, 0x2e, 0xfe, 0x36, 0x2e, 0xff, 0x36, 0x2e, 0xfb, 0xb9, 0x56,
  0x9f, 0xfa, 0x66, 0x87, 0x37, 0x4e, 0x1a, 0x00, 0x00, 0x00, 0xff, 0xff, 0x01, 0x00, 0x00, 0x00,
  0x00, 0x00, 0x00, 0x00, 0x00, 0x00, 0xff, 0x07, 0x01, 0x00, 0x00, 0x00, 0xd9, 0x5e, 0x6b, 0x1a,
  0x67, 0x8d, 0x57, 0x36, 0xdf, 0x57, 0x2e, 0xff, 0x16, 0x2e, 0xfe, 0x57, 0x2e, 0xff, 0x36, 0x2e,
  0xf7, 0xf5, 0x25, 0xdd, 0x94, 0x25, 0xc4, 0x54, 0x25, 0xb7, 0x33, 0x1d, 0xaf, 0x53, 0x1d, 0xb0,
  0x53, 0x1d, 0xb0, 0x53, 0x1d, 0xb0, 0x53, 0x1d, 0xb0, 0x53, 0x1d, 0xb0, 0x53, 0x1d, 0xb0, 0x53,
  0x1d, 0xb0, 0x53, 0x1d, 0xb0, 0x53, 0x1d, 0xb0, 0x53, 0x1d, 0xb0, 0x53, 0x1d, 0xb0, 0x53, 0x1d,
  0xb0, 0x53, 0x1d, 0xb0, 0x53, 0x1d, 0xb0, 0x53, 0x1d, 0xb0, 0x53, 0x1d, 0xb0, 0x53, 0x1d, 0xb0,
  0x53, 0x1d, 0xb0, 0x53, 0x1d, 0xb0, 0x53, 0x1d, 0xb0, 0x33, 0x1d, 0xb0, 0x53, 0x1d, 0xb0, 0x9d,
  0xc7, 0xe2, 0xff, 0xe7, 0xed, 0xff, 0xdf, 0xea, 0xff, 0xdf, 0xeb, 0xff, 0xe7, 0xec, 0xf6, 0x55,
  0xbd, 0x12, 0x15, 0xac, 0x53, 0x25, 0xb0, 0x53, 0x1d, 0xb0, 0x53, 0x1d, 0xb0, 0x53, 0x1d, 0xb0,
  0x53, 0x1d, 0xb0, 0x53, 0x1d, 0xb0, 0x53, 0x1d, 0xb0, 0x53, 0x25, 0xb0, 0x12, 0x0d, 0xac, 0x37,
  0x6e, 0xc1, 0xff, 0xff, 0xf8, 0xff, 0xff, 0xf4, 0xff, 0xff, 0xf4, 0xff, 0xff, 0xf9, 0x7d, 0xd7,
  0xe3, 0x12, 0x15, 0xad, 0x53, 0x25, 0xb0, 0x53, 0x1d, 0xb0, 0x53, 0x1d, 0xb0, 0x53, 0x1d, 0xb0,
  0x53, 0x1d, 0xb0, 0x53, 0x25, 0xb0, 0x53, 0x25, 0xb1, 0xf1, 0x04, 0xa8, 0xfa, 0xa6, 0xd4, 0xff,
  0xff, 0xf9, 0xff, 0xff, 0xf4, 0xff, 0xff, 0xf5, 0xff, 0xff, 0xf6, 0xdf, 0xf7, 0xf0, 0x94, 0x35,
  0xb5, 0x12, 0x15, 0xad, 0x94, 0x35, 0xb5, 0xde, 0xd7, 0xe8, 0xff, 0xe7, 0xec, 0xff, 0xe7, 0xea,
  0xff, 0xe7, 0xec, 0xff, 0xdf, 0xe7, 0x74, 0x35, 0xb4, 0x33, 0x1d, 0xae, 0x53, 0x25, 0xb0, 0x53,
  0x1d, 0xb0, 0x53, 0x1d, 0xb0, 0x53, 0x1d, 0xb0, 0x53, 0x1d, 0xb0, 0x53, 0x1d, 0xb0, 0x53, 0x1d,
  0xb0, 0x53, 0x1d, 0xb0, 0x53, 0x1d, 0xb0, 0x53, 0x1d, 0xb0, 0x53, 0x1d, 0xb0, 0x53, 0x1d, 0xb0,
  0x53, 0x1d, 0xb0, 0x33, 0x1d, 0xaf, 0x53, 0x25, 0xb4, 0x94, 0x25, 0xc0, 0xb5, 0x25, 0xd7, 0x16,
  0x2e, 0xf2, 0x57, 0x2e, 0xff, 0x36, 0x2e, 0xff, 0x36, 0x2e, 0xff, 0x36, 0x2e, 0xf7, 0xd9, 0x5e,
  0x95, 0xfa, 0x5e, 0x83, 0xb2, 0x2c, 0x0c, 0x00, 0x00, 0x00, 0xe0, 0x07, 0x01, 0x00, 0x00, 0x00,
  0x00, 0x00, 0x00, 0x00, 0x00, 0x00, 0xff, 0x07, 0x02, 0x00, 0x00, 0x00, 0xb9, 0x5e, 0x5d, 0x1a,
  0x67, 0x8d, 0x57, 0x3e, 0xcc, 0x57, 0x2e, 0xff, 0x36, 0x2e, 0xff, 0xd5, 0x25, 0xd5, 0x33, 0x1d,
  0xaf, 0x13, 0x1d, 0xa4, 0x12, 0x1d, 0xa5, 0x13, 0x1d, 0xa7, 0x33, 0x1d, 0xa9, 0x33, 0x1d, 0xa9,
  0x33, 0x1d, 0xa9, 0x33, 0x1d, 0xa9, 0x33, 0x1d, 0xa9, 0x33, 0x1d, 0xa9, 0x33, 0x1d, 0xa9, 0x33,
  0x1d, 0xa9, 0x33, 0x1d, 0xa9, 0x33, 0x1d, 0xa9, 0x33, 0x1d, 0xa9, 0x33, 0x1d, 0xa9, 0x33, 0x1d,
  0xa9, 0x33, 0x1d, 0xa9, 0x33, 0x1d, 0xa9, 0x33, 0x1d, 0xa9, 0x33, 0x1d, 0xa9, 0x33, 0x1d, 0xa9,
  0x33, 0x1d, 0xa9, 0x33, 0x1d, 0xa9, 0x13, 0x1d, 0xa9, 0x33, 0x25, 0xaa, 0xd1, 0x0c, 0xa3, 0xfa,
  0x96, 0xce, 0xff, 0xef, 0xf0, 0xff, 0xdf, 0xea, 0xff, 0xdf, 0xea, 0xff, 0xef, 0xf0, 0xfa, 0x96,
  0xcc, 0xd1, 0x0c, 0xa3, 0x33, 0x25, 0xaa, 0x13, 0x1d, 0xa8, 0x33, 0x1d, 0xa9, 0x33, 0x1d, 0xa9,
  0x33, 0x1d, 0xa9, 0x33, 0x1d, 0xa9, 0x33, 0x1d, 0xa9, 0x33, 0x25, 0xaa, 0xf2, 0x0c, 0xa4, 0x17,
  0x6e, 0xbc, 0xff, 0xff, 0xf8, 0xff, 0xff, 0xf4, 0xff, 0xff, 0xf4, 0xff, 0xff, 0xf9, 0x7d, 0xd7,
  0xe2, 0xf2, 0x0c, 0xa6, 0x33, 0x25, 0xaa, 0x33, 0x1d, 0xa9, 0x13, 0x1d, 0xa9, 0x33, 0x1d, 0xa9,
  0x33, 0x25, 0xa9, 0x12, 0x1d, 0xa7, 0xb1, 0x04, 0xa1, 0x99, 0x8e, 0xc6, 0xff, 0xff, 0xf7, 0xff,
  0xff, 0xf5, 0xff, 0xff, 0xf5, 0xff, 0xff, 0xf3, 0xff, 0xff, 0xfb, 0xda, 0xa6, 0xd0, 0xd1, 0x04,
  0xa3, 0x12, 0x15, 0xa6, 0x17, 0x5e, 0xb9, 0xff, 0xe7, 0xee, 0xff, 0xdf, 0xea, 0xff, 0xdf, 0xea,
  0xff, 0xe7, 0xee, 0x9d, 0xbf, 0xde, 0x12, 0x1d, 0xa8, 0x33, 0x1d, 0xa9, 0x33, 0x1d, 0xa9, 0x33,
  0x1d, 0xa9, 0x33, 0x1d, 0xa9, 0x33, 0x1d, 0xa9, 0x33, 0x1d, 0xa9, 0x33, 0x1d, 0xa9, 0x33, 0x1d,
  0xa9, 0x33, 0x1d, 0xa9, 0x33, 0x1d, 0xa9, 0x33, 0x1d, 0xa9, 0x33, 0x1d, 0xa9, 0x33, 0x1d, 0xa9,
  0x33, 0x1d, 0xa9, 0x33, 0x1d, 0xa9, 0x13, 0x1d, 0xa8, 0x13, 0x1d, 0xa5, 0x12, 0x1d, 0xa4, 0x33,
  0x1d, 0xab, 0xb4, 0x25, 0xc9, 0x36, 0x2e, 0xf8, 0x57, 0x2e, 0xff, 0x37, 0x2e, 0xe7, 0xfa, 0x66,
  0x8f, 0xda, 0x5e, 0x79, 0x92, 0x4c, 0x07, 0x00, 0x00, 0x00, 0xe0, 0x07, 0x01, 0x00, 0x00, 0x00,
  0x00, 0x00, 0x00, 0x00, 0x00, 0x00, 0xff, 0x7f, 0x02, 0x00, 0x00, 0x00, 0x58, 0x56, 0x43, 0x1a,
  0x67, 0x8d, 0x98, 0x46, 0xb7, 0x37, 0x2e, 0xfc, 0x74, 0x25, 0xbe, 0x12, 0x1d, 0xa4, 0x33, 0x1d,
  0xa9, 0x33, 0x1d, 0xab, 0x33, 0x1d, 0xab, 0x33, 0x1d, 0xab, 0x33, 0x1d, 0xaa, 0x33, 0x1d, 0xaa,
  0x33, 0x1d, 0xaa, 0x33, 0x1d, 0xaa, 0x33, 0x1d, 0xaa, 0x33, 0x1d, 0xaa, 0x33, 0x1d, 0xaa, 0x33,
  0x1d, 0xaa, 0x33, 0x1d, 0xaa, 0x33, 0x1d, 0xaa, 0x33, 0x1d, 0xaa, 0x33, 0x1d, 0xaa, 0x33, 0x1d,
  0xaa, 0x33, 0x1d, 0xaa, 0x33, 0x1d, 0xaa, 0x33, 0x1d, 0xaa, 0x33, 0x1d, 0xaa, 0x33, 0x1d, 0xaa,
  0x33, 0x1d, 0xaa, 0x33, 0x1d, 0xaa, 0x33, 0x1d, 0xaa, 0x33, 0x25, 0xab, 0x12, 0x15, 0xa8, 0xd6,
  0x4d, 0xb5, 0xff, 0xdf, 0xec, 0xff, 0xdf, 0xeb, 0xff, 0xdf, 0xeb, 0xff, 0xe7, 0xec, 0xde, 0xd7,
  0xe7, 0x54, 0x2d, 0xae, 0x13, 0x1d, 0xaa, 0x33, 0x25, 0xab, 0x33, 0x1d, 0xaa, 0x33, 0x1d, 0xaa,
  0x33, 0x1d, 0xaa, 0x33, 0x1d, 0xaa, 0x33, 0x1d, 0xaa, 0x33, 0x25, 0xab, 0xf2, 0x0c, 0xa6, 0x17,
  0x6e, 0xbd, 0xff, 0xff, 0xf7, 0xff, 0xff, 0xf3, 0xff, 0xff, 0xf3, 0xff, 0xff, 0xf8, 0x5d, 0xd7,
  0xe2, 0xf2, 0x0c, 0xa7, 0x33, 0x25, 0xab, 0x33, 0x1d, 0xaa, 0x33, 0x1d, 0xab, 0x13, 0x1d, 0xaa,
  0x12, 0x0d, 0xa7, 0x74, 0x35, 0xb1, 0xda, 0xa6, 0xd1, 0xff, 0xff, 0xf8, 0xff, 0xff, 0xf6, 0xff,
  0xff, 0xf5, 0xff, 0xff, 0xf5, 0xff, 0xff, 0xf7, 0xdf, 0xf7, 0xef, 0x74, 0x35, 0xae, 0x33, 0x1d,
  0xaa, 0xf2, 0x0c, 0xa6, 0xfa, 0x96, 0xcd, 0xff, 0xef, 0xf0, 0xff, 0xdf, 0xea, 0xff, 0xdf, 0xea,
  0xff, 0xef, 0xf0, 0xfa, 0x9e, 0xcf, 0xf1, 0x0c, 0xa5, 0x33, 0x25, 0xac, 0x33, 0x1d, 0xaa, 0x33,
  0x1d, 0xaa, 0x33, 0x1d, 0xaa, 0x33, 0x1d, 0xaa, 0x33, 0x1d, 0xaa, 0x33, 0x1d, 0xaa, 0x33, 0x1d,
  0xaa, 0x33, 0x1d, 0xaa, 0x33, 0x1d, 0xaa, 0x33, 0x1d, 0xaa, 0x33, 0x1d, 0xaa, 0x33, 0x1d, 0xaa,
  0x33, 0x1d, 0xaa, 0x33, 0x1d, 0xaa, 0x33, 0x1d, 0xab, 0x33, 0x1d, 0xab, 0x33, 0x1d, 0xab, 0x33,
  0x1d, 0xaa, 0x12, 0x1d, 0xa4, 0x53, 0x25, 0xb2, 0x16, 0x26, 0xf3, 0x57, 0x36, 0xd7, 0x1b, 0x67,
  0x8b, 0xb9, 0x5e, 0x64, 0x00, 0x00, 0x00, 0xff, 0x07, 0x01, 0x00, 0x00, 0x00, 0x00, 0x00, 0x00,
  0x00, 0x00, 0x00, 0x00, 0x00, 0x00, 0xff, 0xff, 0x01, 0x00, 0x00, 0x00, 0x34, 0x45, 0x26, 0xfa,
  0x66, 0x8d, 0xb9, 0x56, 0x9c, 0x74, 0x25, 0xbd, 0x12, 0x1d, 0xa3, 0x33, 0x1d, 0xac, 0x33, 0x1d,
  0xaa, 0x33, 0x1d, 0xaa, 0x33, 0x1d, 0xaa, 0x33, 0x1d, 0xaa, 0x33, 0x1d, 0xaa, 0x33, 0x1d, 0xaa,
  0x33, 0x1d, 0xaa, 0x33, 0x1d, 0xaa, 0x33, 0x1d, 0xaa, 0x33, 0x1d, 0xaa, 0x33, 0x1d, 0xaa, 0x33,
  0x1d, 0xaa, 0x33, 0x1d, 0xaa, 0x33, 0x1d, 0xaa, 0x33, 0x1d, 0xaa, 0x33, 0x1d, 0xaa, 0x33, 0x1d,
  0xaa, 0x33, 0x1d, 0xaa, 0x33, 0x1d, 0xaa, 0x33, 0x1d, 0xaa, 0x33, 0x1d, 0xaa, 0x33, 0x1d, 0xaa,
  0x33, 0x1d, 0xaa, 0x33, 0x1d, 0xaa, 0x33, 0x1d, 0xaa, 0x33, 0x1d, 0xaa, 0x33, 0x25, 0xab, 0x12,
  0x15, 0xa7, 0x7c, 0xb7, 0xda, 0xff, 0xe7, 0xef, 0xff, 0xdf, 0xea, 0xff, 0xdf, 0xea, 0xff, 0xe7,
  0xf0, 0x1b, 0x9f, 0xd0, 0xb1, 0x04, 0xa3, 0x33, 0x1d, 0xaa, 0x33, 0x1d, 0xaa, 0x33, 0x1d, 0xaa,
  0x33, 0x1d, 0xaa, 0x33, 0x1d, 0xaa, 0x33, 0x1d, 0xaa, 0x33, 0x25, 0xab, 0xf2, 0x0c, 0xa6, 0x37,
  0x6e, 0xbe, 0xff, 0xff, 0xfc, 0xff, 0xff, 0xf7, 0xff, 0xff, 0xf7, 0xff, 0xff, 0xfd, 0x7d, 0xdf,
  0xe5, 0xf2, 0x0c, 0xa7, 0x33, 0x25, 0xab, 0x33, 0x25, 0xab, 0x12, 0x15, 0xa7, 0xf6, 0x55, 0xb8,
  0x9d, 0xdf, 0xe5, 0xdf, 0xf7, 0xf1, 0xff, 0xff, 0xfa, 0xff, 0xff, 0xf5, 0xff, 0xff, 0xf5, 0xff,
  0xff, 0xf5, 0xff, 0xff, 0xf4, 0xff, 0xff, 0xf8, 0x17, 0x6e, 0xbe, 0xf2, 0x0c, 0xa6, 0x33, 0x25,
  0xab, 0x33, 0x1d, 0xaa, 0xbd, 0xcf, 0xe2, 0xff, 0xe7, 0xed, 0xff, 0xdf, 0xeb, 0xff, 0xdf, 0xea,
  0xff, 0xe7, 0xee, 0x37, 0x66, 0xbe, 0xf2, 0x0c, 0xa6, 0x33, 0x25, 0xab, 0x33, 0x1d, 0xaa, 0x33,
  0x1d, 0xaa, 0x33, 0x1d, 0xaa, 0x33, 0x1d, 0xaa, 0x33, 0x1d, 0xaa, 0x33, 0x1d, 0xaa, 0x33, 0x1d,
  0xaa, 0x33, 0x1d, 0xaa, 0x33, 0x1d, 0xaa, 0x33, 0x1d, 0xaa, 0x33, 0x1d, 0xaa, 0x33, 0x1d, 0xaa,
  0x33, 0x1d, 0xaa, 0x33, 0x1d, 0xaa, 0x33, 0x1d, 0xaa, 0x33, 0x1d, 0xaa, 0x33, 0x1d, 0xaa, 0x33,
  0x1d, 0xaa, 0x33, 0x1d, 0xac, 0x13, 0x1d, 0xa4, 0x33, 0x1d, 0xb5, 0x78, 0x46, 0xa9, 0x3b, 0x67,
  0x90, 0x57, 0x56, 0x46, 0x00, 0x00, 0x00, 0xff, 0x7f, 0x02, 0x00, 0x00, 0x00, 0x00, 0x00, 0x00,
  0x00, 0x00, 0x00, 0x00, 0x00, 0x00, 0xff, 0x07, 0x01, 0x00, 0x00, 0x01, 0xe7, 0x11, 0x0c, 0xd9,
  0x5e, 0x79, 0x1a, 0x67, 0x8e, 0x74, 0x2d, 0x9f, 0x13, 0x1d, 0xad, 0x33, 0x1d, 0xaa, 0x33, 0x1d,
  0xaa, 0x33, 0x1d, 0xaa, 0x33, 0x1d, 0xaa, 0x33, 0x1d, 0xaa, 0x33, 0x1d, 0xaa, 0x33, 0x1d, 0xaa,
  0x33, 0x1d, 0xaa, 0x33, 0x1d, 0xaa, 0x33, 0x1d, 0xaa, 0x33, 0x1d, 0xaa, 0x33, 0x1d, 0xaa, 0x33,
  0x1d, 0xaa, 0x33, 0x1d, 0xaa, 0x33, 0x1d, 0xaa, 0x33, 0x1d, 0xaa, 0x33, 0x1d, 0xaa, 0x33, 0x1d,
  0xaa, 0x33, 0x1d, 0xaa, 0x33, 0x1d, 0xaa, 0x33, 0x1d, 0xaa, 0x33, 0x1d, 0xaa, 0x33, 0x1d, 0xaa,
  0x33, 0x1d, 0xaa, 0x33, 0x1d, 0xaa, 0x33, 0x1d, 0xaa, 0x33, 0x1d, 0xaa, 0x33, 0x25, 0xab, 0xf2,
  0x0c, 0xa6, 0x17, 0x5e, 0xbb, 0xff, 0xe7, 0xef, 0xff, 0xdf, 0xea, 0xff, 0xdf, 0xeb, 0xff, 0xdf,
  0xeb, 0xff, 0xe7, 0xed, 0xb9, 0x86, 0xc7, 0x13, 0x1d, 0xa9, 0x13, 0x1d, 0xa9, 0x33, 0x1d, 0xaa,
  0x33, 0x1d, 0xaa, 0x33, 0x1d, 0xaa, 0x33, 0x1d, 0xaa, 0x33, 0x1d, 0xaa, 0x13, 0x1d, 0xa9, 0x74,
  0x35, 0xaf, 0x17, 0x6e, 0xbe, 0x17, 0x66, 0xbd, 0x17, 0x66, 0xbd, 0x17, 0x6e, 0xbe, 0xf6, 0x55,
  0xb8, 0x13, 0x1d, 0xa9, 0x33, 0x1d, 0xaa, 0x33, 0x25, 0xab, 0xf2, 0x0c, 0xa6, 0x17, 0x6e, 0xbe,
  0xff, 0xff, 0xfc, 0xff, 0xff, 0xf5, 0xff, 0xff, 0xf4, 0xff, 0xff, 0xf5, 0xff, 0xff, 0xf4, 0xff,
  0xff, 0xf4, 0xff, 0xff, 0xfd, 0xb9, 0x96, 0xcb, 0xf1, 0x04, 0xa5, 0x54, 0x2d, 0xad, 0xf1, 0x0c,
  0xa5, 0x78, 0x76, 0xc3, 0xff, 0xe7, 0xf0, 0xff, 0xdf, 0xea, 0xff, 0xdf, 0xeb, 0xff, 0xe7, 0xec,
  0xde, 0xd7, 0xe5, 0x54, 0x2d, 0xac, 0x33, 0x1d, 0xa9, 0x33, 0x1d, 0xaa, 0x33, 0x1d, 0xaa, 0x33,
  0x1d, 0xaa, 0x33, 0x1d, 0xaa, 0x33, 0x1d, 0xaa, 0x33, 0x1d, 0xaa, 0x33, 0x1d, 0xaa, 0x33, 0x1d,
  0xaa, 0x33, 0x1d, 0xaa, 0x33, 0x1d, 0xaa, 0x33, 0x1d, 0xaa, 0x33, 0x1d, 0xaa, 0x33, 0x1d, 0xaa,
  0x33, 0x1d, 0xaa, 0x33, 0x1d, 0xaa, 0x33, 0x1d, 0xaa, 0x33, 0x1d, 0xaa, 0x33, 0x1d, 0xaa, 0x33,
  0x1d, 0xaa, 0x33, 0x1d, 0xaa, 0x33, 0x1d, 0xac, 0x33, 0x25, 0xa7, 0xb9, 0x56, 0x8c, 0xfa, 0x5e,
  0x8b, 0x91, 0x3c, 0x21, 0x00, 0x00, 0x00, 0xff, 0x07, 0x01, 0x00, 0x00, 0x00, 0x00, 0x00, 0x00,
  0x00, 0x00, 0x00, 0x00, 0x00, 0x00, 0x00, 0x00, 0x00, 0x55, 0x55, 0x03, 0x00, 0x00, 0x00, 0x37,
  0x4e, 0x5e, 0x3b, 0x67, 0x92, 0x16, 0x3e, 0x99, 0x12, 0x1d, 0xac, 0x33, 0x1d, 0xa9, 0x33, 0x1d,
  0xaa, 0x33, 0x1d, 0xaa, 0x33, 0x1d, 0xaa, 0x33, 0x1d, 0xaa, 0x33, 0x1d, 0xaa, 0x33, 0x1d, 0xaa,
  0x33, 0x1d, 0xaa, 0x33, 0x1d, 0xaa, 0x33, 0x1d, 0xaa, 0x33, 0x1d, 0xaa, 0x33, 0x1d, 0xaa, 0x33,
  0x1d, 0xaa, 0x33, 0x1d, 0xaa, 0x33, 0x1d, 0xaa, 0x33, 0x1d, 0xaa, 0x33, 0x1d, 0xaa, 0x33, 0x1d,
  0xaa, 0x33, 0x1d, 0xaa, 0x33, 0x1d, 0xaa, 0x33, 0x1d, 0xaa, 0x33, 0x1d, 0xaa, 0x33, 0x1d, 0xaa,
  0x33, 0x1d, 0xaa, 0x33, 0x1d, 0xaa, 0x33, 0x1d, 0xaa, 0x33, 0x1d, 0xaa, 0x33, 0x1d, 0xaa, 0x33,
  0x25, 0xab, 0xf2, 0x14, 0xa6, 0x3c, 0xaf, 0xd5, 0xff, 0xe7, 0xf0, 0xfe, 0xdf, 0xea, 0xff, 0xdf,
  0xeb, 0xff, 0xdf, 0xeb, 0xff, 0xe7, 0xee, 0xbe, 0xcf, 0xe3, 0xd6, 0x4d, 0xb6, 0x12, 0x15, 0xa7,
  0x33, 0x25, 0xab, 0x33, 0x1d, 0xaa, 0x33, 0x1d, 0xaa, 0x33, 0x1d, 0xaa, 0x33, 0x1d, 0xaa, 0x13,
  0x1d, 0xa9, 0xf2, 0x0c, 0xa6, 0xf2, 0x0c, 0xa6, 0xf2, 0x0c, 0xa6, 0xf2, 0x0c, 0xa6, 0x12, 0x15,
  0xa7, 0x33, 0x1d, 0xaa, 0x33, 0x1d, 0xaa, 0x33, 0x25, 0xab, 0xf2, 0x0c, 0xa6, 0x37, 0x6e, 0xbe,
  0xff, 0xff, 0xf7, 0xff, 0xff, 0xf4, 0xff, 0xff, 0xf4, 0xff, 0xff, 0xf4, 0xff, 0xff, 0xf7, 0xff,
  0xff, 0xf8, 0xda, 0xa6, 0xcf, 0x12, 0x15, 0xa8, 0x33, 0x25, 0xab, 0xf2, 0x0c, 0xa6, 0x74, 0x2d,
  0xae, 0xde, 0xd7, 0xe6, 0xff, 0xe7, 0xec, 0xff, 0xdf, 0xeb, 0xff, 0xdf, 0xea, 0xff, 0xe7, 0xf0,
  0xda, 0x8e, 0xcb, 0xf2, 0x0c, 0xa5, 0x33, 0x25, 0xab, 0x33, 0x1d, 0xaa, 0x33, 0x1d, 0xaa, 0x33,
  0x1d, 0xaa, 0x33, 0x1d, 0xaa, 0x33, 0x1d, 0xaa, 0x33, 0x1d, 0xaa, 0x33, 0x1d, 0xaa, 0x33, 0x1d,
  0xaa, 0x33, 0x1d, 0xaa, 0x33, 0x1d, 0xaa, 0x33, 0x1d, 0xaa, 0x33, 0x1d, 0xaa, 0x33, 0x1d, 0xaa,
  0x33, 0x1d, 0xaa, 0x33, 0x1d, 0xaa, 0x33, 0x1d, 0xaa, 0x33, 0x1d, 0xaa, 0x33, 0x1d, 0xaa, 0x33,
  0x1d, 0xaa, 0x33, 0x1d, 0xaa, 0x12, 0x1d, 0xac, 0x94, 0x2d, 0xa1, 0x3b, 0x67, 0x8f, 0x99, 0x56,
  0x7a, 0x02, 0x00, 0x0c, 0x00, 0x00, 0x01, 0x00, 0x00, 0x00, 0x00, 0x00, 0x00, 0x00, 0x00, 0x00,
  0x00, 0x00, 0x00, 0x00, 0x00, 0x00, 0x00, 0x00, 0x01, 0x00, 0x00, 0x00, 0xcd, 0x0b, 0x13, 0x74,
  0x2d, 0x98, 0xfa, 0x5e, 0x8e, 0xd9, 0x56, 0x8e, 0x53, 0x25, 0xa8, 0x33, 0x1d, 0xab, 0x33, 0x1d,
  0xaa, 0x33, 0x1d, 0xaa, 0x33, 0x1d, 0xaa, 0x33, 0x1d, 0xaa, 0x33, 0x1d, 0xaa, 0x33, 0x1d, 0xaa,
  0x33, 0x1d, 0xaa, 0x33, 0x1d, 0xaa, 0x33, 0x1d, 0xaa, 0x33, 0x1d, 0xaa, 0x33, 0x1d, 0xaa, 0x33,
  0x1d, 0xaa, 0x33, 0x1d, 0xaa, 0x33, 0x1d, 0xaa, 0x33, 0x1d, 0xaa, 0x33, 0x1d, 0xaa, 0x33, 0x1d,
  0xaa, 0x33, 0x1d, 0xaa, 0x33, 0x1d, 0xaa, 0x33, 0x1d, 0xaa, 0x33, 0x1d, 0xaa, 0x33, 0x1d, 0xaa,
  0x33, 0x1d, 0xaa, 0x33, 0x1d, 0xaa, 0x33, 0x1d, 0xaa, 0x33, 0x1d, 0xaa, 0x33, 0x1d, 0xaa, 0x33,
  0x1d, 0xaa, 0x12, 0x1d, 0xa9, 0x74, 0x2d, 0xae, 0xde, 0xd7, 0xe7, 0xff, 0xe7, 0xed, 0xff, 0xdf,
  0xea, 0xff, 0xdf, 0xeb, 0xff, 0xdf, 0xe9, 0xff, 0xef, 0xf0, 0x17, 0x5e, 0xbb, 0xf2, 0x0c, 0xa6,
  0x33, 0x25, 0xab, 0x33, 0x1d, 0xaa, 0x33, 0x1d, 0xaa, 0x33, 0x1d, 0xaa, 0x33, 0x1d, 0xaa, 0x33,
  0x1d, 0xaa, 0x33, 0x25, 0xab, 0x33, 0x25, 0xab, 0x33, 0x25, 0xab, 0x33, 0x25, 0xab, 0x33, 0x25,
  0xab, 0x33, 0x1d, 0xaa, 0x33, 0x1d, 0xaa, 0x33, 0x25, 0xab, 0xd1, 0x04, 0xa4, 0xda, 0x9e, 0xce,
  0xff, 0xff, 0xfa, 0xff, 0xff, 0xf4, 0xff, 0xff, 0xf8, 0xff, 0xff, 0xfb, 0xdf, 0xf7, 0xf0, 0x58,
  0x7e, 0xc2, 0xd1, 0x04, 0xa4, 0x33, 0x25, 0xab, 0x12, 0x15, 0xa8, 0xb5, 0x45, 0xb3, 0x9d, 0xc7,
  0xdf, 0xff, 0xe7, 0xee, 0xff, 0xdf, 0xea, 0xff, 0xdf, 0xeb, 0xff, 0xe7, 0xec, 0xde, 0xd7, 0xe7,
  0x74, 0x2d, 0xae, 0x13, 0x1d, 0xa9, 0x33, 0x1d, 0xaa, 0x33, 0x1d, 0xaa, 0x33, 0x1d, 0xaa, 0x33,
  0x1d, 0xaa, 0x33, 0x1d, 0xaa, 0x33, 0x1d, 0xaa, 0x33, 0x1d, 0xaa, 0x33, 0x1d, 0xaa, 0x33, 0x1d,
  0xaa, 0x33, 0x1d, 0xaa, 0x33, 0x1d, 0xaa, 0x33, 0x1d, 0xaa, 0x33, 0x1d, 0xaa, 0x33, 0x1d, 0xaa,
  0x33, 0x1d, 0xaa, 0x33, 0x1d, 0xaa, 0x33, 0x1d, 0xaa, 0x33, 0x1d, 0xaa, 0x33, 0x1d, 0xaa, 0x33,
  0x1d, 0xaa, 0x33, 0x1d, 0xaa, 0x13, 0x1d, 0xab, 0x58, 0x4e, 0x94, 0x5b, 0x6f, 0x87, 0xd5, 0x35,
  0xa3, 0x2f, 0x0c, 0x34, 0x00, 0x00, 0x00, 0xef, 0x03, 0x02, 0x00, 0x00, 0x00, 0x00, 0x00, 0x00,
  0x00, 0x00, 0x00, 0x00, 0x00, 0x00, 0x55, 0x05, 0x03, 0x00, 0x00, 0x00, 0xf3, 0x1c, 0x43, 0x13,
  0x1d, 0xb8, 0x78, 0x4e, 0x92, 0x5b, 0x6f, 0x88, 0xf6, 0x3d, 0x9b, 0x12, 0x1d, 0xac, 0x33, 0x1d,
  0xa9, 0x33, 0x1d, 0xaa, 0x33, 0x1d, 0xaa, 0x33, 0x1d, 0xaa, 0x33, 0x1d, 0xaa, 0x33, 0x1d, 0xaa,
  0x33, 0x1d, 0xaa, 0x33, 0x1d, 0xaa, 0x33, 0x1d, 0xaa, 0x33, 0x1d, 0xaa, 0x33, 0x1d, 0xaa, 0x33,
  0x1d, 0xaa, 0x33, 0x1d, 0xaa, 0x33, 0x1d, 0xaa, 0x33, 0x1d, 0xaa, 0x33, 0x1d, 0xaa, 0x33, 0x1d,
  0xaa, 0x33, 0x1d, 0xaa, 0x33, 0x1d, 0xaa, 0x33, 0x1d, 0xaa, 0x33, 0x1d, 0xaa, 0x33, 0x1d, 0xaa,
  0x33, 0x1d, 0xaa, 0x33, 0x1d, 0xaa, 0x33, 0x1d, 0xaa, 0x33, 0x1d, 0xaa, 0x33, 0x1d, 0xaa, 0x33,
  0x1d, 0xaa, 0x33, 0x25, 0xab, 0xf2, 0x14, 0xa7, 0xd6, 0x4d, 0xb6, 0xfe, 0xdf, 0xe9, 0xff, 0xe7,
  0xed, 0xfe, 0xdf, 0xea, 0xff, 0xdf, 0xea, 0xff, 0xe7, 0xee, 0x78, 0x76, 0xc3, 0xf2, 0x0c, 0xa6,
  0x33, 0x25, 0xab, 0x33, 0x1d, 0xaa, 0x33, 0x1d, 0xaa, 0x33, 0x1d, 0xaa, 0x33, 0x1d, 0xaa, 0x33,
  0x1d, 0xaa, 0x33, 0x1d, 0xaa, 0x33, 0x1d, 0xaa, 0x33, 0x1d, 0xaa, 0x33, 0x1d, 0xaa, 0x33, 0x1d,
  0xaa, 0x33, 0x1d, 0xaa, 0x33, 0x1d, 0xaa, 0x33, 0x25, 0xab, 0xd1, 0x04, 0xa4, 0xdb, 0xae, 0xd2,
  0xff, 0xff, 0xff, 0xff, 0xff, 0xf4, 0xbe, 0xe7, 0xea, 0xda, 0xa6, 0xd0, 0x74, 0x35, 0xae, 0xf2,
  0x0c, 0xa6, 0x33, 0x25, 0xac, 0x12, 0x15, 0xa8, 0xfa, 0x9e, 0xce, 0xff, 0xe7, 0xed, 0xff, 0xe7,
  0xed, 0xff, 0xdf, 0xea, 0xff, 0xdf, 0xeb, 0xff, 0xdf, 0xe9, 0xff, 0xef, 0xf0, 0xba, 0x8e, 0xc9,
  0xf2, 0x0c, 0xa5, 0x33, 0x25, 0xab, 0x33, 0x1d, 0xaa, 0x33, 0x1d, 0xaa, 0x33, 0x1d, 0xaa, 0x33,
  0x1d, 0xaa, 0x33, 0x1d, 0xaa, 0x33, 0x1d, 0xaa, 0x33, 0x1d, 0xaa, 0x33, 0x1d, 0xaa, 0x33, 0x1d,
  0xaa, 0x33, 0x1d, 0xaa, 0x33, 0x1d, 0xaa, 0x33, 0x1d, 0xaa, 0x33, 0x1d, 0xaa, 0x33, 0x1d, 0xaa,
  0x33, 0x1d, 0xaa, 0x33, 0x1d, 0xaa, 0x33, 0x1d, 0xaa, 0x33, 0x1d, 0xaa, 0x33, 0x1d, 0xaa, 0x33,
  0x1d, 0xaa, 0x12, 0x1d, 0xac, 0x94, 0x2d, 0xa2, 0x1b, 0x67, 0x8a, 0xd9, 0x5e, 0x8b, 0x53, 0x25,
  0xb4, 0x12, 0x1d, 0x6e, 0x00, 0x00, 0x00, 0xff, 0x07, 0x02, 0x00, 0x00, 0x00, 0x00, 0x00, 0x00,
  0x00, 0x00, 0x00, 0x00, 0x00, 0x00, 0xef, 0x03, 0x02, 0x00, 0x00, 0x00, 0x33, 0x1d, 0x74, 0x13,
  0x1d, 0xb6, 0x94, 0x2d, 0xa0, 0x1b, 0x67, 0x8a, 0xd9, 0x5e, 0x8e, 0x53, 0x25, 0xa8, 0x33, 0x1d,
  0xab, 0x33, 0x1d, 0xaa, 0x33, 0x1d, 0xaa, 0x33, 0x1d, 0xaa, 0x33, 0x1d, 0xaa, 0x33, 0x1d, 0xaa,
  0x33, 0x1d, 0xaa, 0x33, 0x1d, 0xaa, 0x33, 0x1d, 0xaa, 0x33, 0x1d, 0xaa, 0x33, 0x1d, 0xaa, 0x33,
  0x1d, 0xaa, 0x33, 0x1d, 0xaa, 0x33, 0x1d, 0xaa, 0x33, 0x1d, 0xaa, 0x33, 0x1d, 0xaa, 0x33, 0x1d,
  0xaa, 0x33, 0x1d, 0xaa, 0x33, 0x1d, 0xaa, 0x33, 0x1d, 0xaa, 0x33, 0x1d, 0xaa, 0x33, 0x1d, 0xaa,
  0x33, 0x1d, 0xaa, 0x33, 0x1d, 0xaa, 0x33, 0x1d, 0xaa, 0x33, 0x1d, 0xaa, 0x33, 0x1d, 0xaa, 0x33,
  0x1d, 0xaa, 0x33, 0x1d, 0xaa, 0x33, 0x25, 0xab, 0xf2, 0x0c, 0xa6, 0xd6, 0x4d, 0xb6, 0xde, 0xd7,
  0xe7, 0xff, 0xe7, 0xf0, 0xff, 0xdf, 0xeb, 0xff, 0xe7, 0xf0, 0xda, 0x96, 0xcc, 0xf1, 0x0c, 0xa5,
  0x33, 0x25, 0xab, 0x33, 0x1d, 0xaa, 0x33, 0x1d, 0xaa, 0x33, 0x1d, 0xaa, 0x33, 0x1d, 0xaa, 0x33,
  0x1d, 0xaa, 0x33, 0x1d, 0xaa, 0x33, 0x1d, 0xaa, 0x33, 0x1d, 0xaa, 0x33, 0x1d, 0xaa, 0x33, 0x1d,
  0xaa, 0x33, 0x1d, 0xaa, 0x33, 0x1d, 0xaa, 0x33, 0x1d, 0xaa, 0x12, 0x1d, 0xa8, 0xb5, 0x45, 0xb3,
  0x37, 0x6e, 0xbf, 0xd6, 0x4d, 0xb6, 0x33, 0x1d, 0xaa, 0xd1, 0x04, 0xa5, 0x13, 0x1d, 0xa9, 0x33,
  0x25, 0xab, 0x33, 0x25, 0xab, 0xf2, 0x14, 0xa7, 0x9d, 0xbf, 0xdd, 0xff, 0xe7, 0xef, 0xff, 0xdf,
  0xe9, 0xff, 0xdf, 0xeb, 0xfe, 0xdf, 0xe9, 0xff, 0xef, 0xf0, 0x7c, 0xb7, 0xda, 0xf2, 0x14, 0xa8,
  0x33, 0x1d, 0xab, 0x33, 0x1d, 0xaa, 0x33, 0x1d, 0xaa, 0x33, 0x1d, 0xaa, 0x33, 0x1d, 0xaa, 0x33,
  0x1d, 0xaa, 0x33, 0x1d, 0xaa, 0x33, 0x1d, 0xaa, 0x33, 0x1d, 0xaa, 0x33, 0x1d, 0xaa, 0x33, 0x1d,
  0xaa, 0x33, 0x1d, 0xaa, 0x33, 0x1d, 0xaa, 0x33, 0x1d, 0xaa, 0x33, 0x1d, 0xaa, 0x33, 0x1d, 0xaa,
  0x33, 0x1d, 0xaa, 0x33, 0x1d, 0xaa, 0x33, 0x1d, 0xaa, 0x33, 0x1d, 0xaa, 0x33, 0x1d, 0xaa, 0x33,
  0x1d, 0xaa, 0x13, 0x1d, 0xab, 0x78, 0x4e, 0x94, 0x5b, 0x6f, 0x88, 0xf6, 0x3d, 0x9b, 0x13, 0x1d,
  0xb0, 0x33, 0x1d, 0x98, 0x55, 0x05, 0x06, 0x00, 0x00, 0x00, 0x00, 0x00, 0x01, 0x00, 0x00, 0x00,
  0x00, 0x00, 0x00, 0x00, 0x00, 0x01, 0x00, 0x00, 0x01, 0x55, 0x2d, 0x06, 0x33, 0x1d, 0x90, 0x33,
  0x1d, 0xb0, 0x13, 0x1d, 0xaa, 0x57, 0x4e, 0x95, 0x5b, 0x6f, 0x88, 0x16, 0x3e, 0x99, 0x12, 0x1d,
  0xac, 0x33, 0x1d, 0xaa, 0x33, 0x1d, 0xaa, 0x33, 0x1d, 0xaa, 0x33, 0x1d, 0xaa, 0x33, 0x1d, 0xaa,
  0x33, 0x1d, 0xaa, 0x33, 0x1d, 0xaa, 0x33, 0x1d, 0xaa, 0x33, 0x1d, 0xaa, 0x33, 0x1d, 0xaa, 0x33,
  0x1d, 0xaa, 0x33, 0x1d, 0xaa, 0x33, 0x1d, 0xaa, 0x33, 0x1d, 0xaa, 0x33, 0x1d, 0xaa, 0x33, 0x1d,
  0xaa, 0x33, 0x1d, 0xaa, 0x33, 0x1d, 0xaa, 0x33, 0x1d, 0xaa, 0x33, 0x1d, 0xaa, 0x33, 0x1d, 0xaa,
  0x33, 0x1d, 0xaa, 0x33, 0x1d, 0xaa, 0x33, 0x1d, 0xaa, 0x33, 0x1d, 0xaa, 0x33, 0x1d, 0xaa, 0x33,
  0x1d, 0xaa, 0x33, 0x1d, 0xaa, 0x33, 0x1d, 0xaa, 0x33, 0x25, 0xab, 0xf2, 0x14, 0xa7, 0x74, 0x35,
  0xaf, 0x3b, 0xa7, 0xd3, 0xde, 0xd7, 0xe7, 0xff, 0xef, 0xf3, 0xda, 0x96, 0xcc, 0xf1, 0x04, 0xa5,
  0x33, 0x25, 0xab, 0x33, 0x1d, 0xaa, 0x33, 0x1d, 0xaa, 0x33, 0x1d, 0xaa, 0x33, 0x1d, 0xaa, 0x33,
  0x1d, 0xaa, 0x33, 0x1d, 0xaa, 0x33, 0x1d, 0xaa, 0x33, 0x1d, 0xaa, 0x33, 0x1d, 0xaa, 0x33, 0x1d,
  0xaa, 0x33, 0x1d, 0xaa, 0x33, 0x1d, 0xaa, 0x33, 0x1d, 0xaa, 0x33, 0x1d, 0xaa, 0x12, 0x15, 0xa8,
  0xf2, 0x0c, 0xa6, 0x12, 0x15, 0xa7, 0x33, 0x1d, 0xaa, 0x33, 0x25, 0xab, 0x33, 0x1d, 0xaa, 0x33,
  0x1d, 0xaa, 0x33, 0x25, 0xab, 0xf2, 0x14, 0xa7, 0x7c, 0xb7, 0xd9, 0xff, 0xe7, 0xef, 0xff, 0xdf,
  0xe9, 0xfe, 0xdf, 0xea, 0xff, 0xef, 0xf0, 0x9d, 0xc7, 0xdf, 0x53, 0x2d, 0xad, 0x13, 0x1d, 0xa9,
  0x33, 0x1d, 0xaa, 0x33, 0x1d, 0xaa, 0x33, 0x1d, 0xaa, 0x33, 0x1d, 0xaa, 0x33, 0x1d, 0xaa, 0x33,
  0x1d, 0xaa, 0x33, 0x1d, 0xaa, 0x33, 0x1d, 0xaa, 0x33, 0x1d, 0xaa, 0x33, 0x1d, 0xaa, 0x33, 0x1d,
  0xaa, 0x33, 0x1d, 0xaa, 0x33, 0x1d, 0xaa, 0x33, 0x1d, 0xaa, 0x33, 0x1d, 0xaa, 0x33, 0x1d, 0xaa,
  0x33, 0x1d, 0xaa, 0x33, 0x1d, 0xaa, 0x33, 0x1d, 0xaa, 0x33, 0x1d, 0xaa, 0x33, 0x1d, 0xa9, 0x12,
  0x1d, 0xac, 0xb5, 0x35, 0xa0, 0x1b, 0x67, 0x8a, 0xb9, 0x56, 0x8f, 0x53, 0x25, 0xa8, 0x33, 0x1d,
  0xab, 0x33, 0x1d, 0xaa, 0x13, 0x1d, 0x1c, 0x00, 0x00, 0x00, 0xef, 0x03, 0x02, 0x00, 0x00, 0x00,
  0x00, 0x00, 0x00, 0x00, 0x00, 0x01, 0x00, 0x00, 0x00, 0xb2, 0x14, 0x0c, 0x33, 0x1d, 0xa1, 0x33,
  0x1d, 0xad, 0x13, 0x1d, 0xab, 0x74, 0x25, 0xa5, 0xfa, 0x5e, 0x8c, 0xfa, 0x66, 0x8b, 0x94, 0x2d,
  0xa2, 0x12, 0x1d, 0xac, 0x33, 0x1d, 0xaa, 0x33, 0x1d, 0xaa, 0x33, 0x1d, 0xaa, 0x33, 0x1d, 0xaa,
  0x33, 0x1d, 0xaa, 0x33, 0x1d, 0xaa, 0x33, 0x1d, 0xaa, 0x33, 0x1d, 0xaa, 0x33, 0x1d, 0xaa, 0x33,
  0x1d, 0xaa, 0x33, 0x1d, 0xaa, 0x33, 0x1d, 0xaa, 0x33, 0x1d, 0xaa, 0x33, 0x1d, 0xaa, 0x33, 0x1d,
  0xaa, 0x33, 0x1d, 0xaa, 0x33, 0x1d, 0xaa, 0x33, 0x1d, 0xaa, 0x33, 0x1d, 0xaa, 0x33, 0x1d, 0xaa,
  0x33, 0x1d, 0xaa, 0x33, 0x1d, 0xaa, 0x33, 0x1d, 0xaa, 0x33, 0x1d, 0xaa, 0x33, 0x1d, 0xaa, 0x33,
  0x1d, 0xaa, 0x33, 0x1d, 0xaa, 0x33, 0x1d, 0xaa, 0x33, 0x1d, 0xaa, 0x33, 0x25, 0xab, 0x12, 0x1d,
  0xa8, 0xf2, 0x0c, 0xa6, 0x74, 0x35, 0xae, 0x17, 0x5e, 0xbb, 0x95, 0x3d, 0xb3, 0x12, 0x1d, 0xa9,
  0x33, 0x1d, 0xaa, 0x33, 0x1d, 0xaa, 0x33, 0x1d, 0xaa, 0x33, 0x1d, 0xaa, 0x33, 0x1d, 0xaa, 0x33,
  0x1d, 0xaa, 0x33, 0x1d, 0xaa, 0x33, 0x1d, 0xaa, 0x33, 0x1d, 0xaa, 0x33, 0x1d, 0xaa, 0x33, 0x1d,
  0xaa, 0x33, 0x1d, 0xaa, 0x33, 0x1d, 0xaa, 0x33, 0x1d, 0xaa, 0x33, 0x1d, 0xaa, 0x33, 0x1d, 0xaa,
  0x33, 0x25, 0xab, 0x33, 0x25, 0xab, 0x33, 0x1d, 0xaa, 0x33, 0x1d, 0xaa, 0x33, 0x1d, 0xaa, 0x33,
  0x1d, 0xaa, 0x33, 0x25, 0xab, 0xf2, 0x14, 0xa7, 0x7c, 0xb7, 0xd9, 0xff, 0xe7, 0xef, 0xff, 0xe7,
  0xed, 0xff, 0xef, 0xf0, 0x7c, 0xb7, 0xda, 0x53, 0x2d, 0xad, 0x12, 0x15, 0xa8, 0x33, 0x25, 0xab,
  0x33, 0x1d, 0xaa, 0x33, 0x1d, 0xaa, 0x33, 0x1d, 0xaa, 0x33, 0x1d, 0xaa, 0x33, 0x1d, 0xaa, 0x33,
  0x1d, 0xaa, 0x33, 0x1d, 0xaa, 0x33, 0x1d, 0xaa, 0x33, 0x1d, 0xaa, 0x33, 0x1d, 0xaa, 0x33, 0x1d,
  0xaa, 0x33, 0x1d, 0xaa, 0x33, 0x1d, 0xaa, 0x33, 0x1d, 0xaa, 0x33, 0x1d, 0xaa, 0x33, 0x1d, 0xaa,
  0x33, 0x1d, 0xaa, 0x33, 0x1d, 0xaa, 0x33, 0x1d, 0xaa, 0x33, 0x1d, 0xaa, 0x33, 0x1d, 0xab, 0x53,
  0x25, 0xa8, 0xd9, 0x56, 0x8e, 0x3b, 0x67, 0x89, 0xb5, 0x35, 0x9f, 0x12, 0x1d, 0xac, 0x33, 0x1d,
  0xa8, 0x33, 0x1d, 0xb3, 0x12, 0x1d, 0x2e, 0x00, 0x00, 0x00, 0xef, 0x03, 0x02, 0x00, 0x00, 0x00,
  0x00, 0x00, 0x00, 0x00, 0x00, 0x01, 0x00, 0x00, 0x00, 0x14, 0x15, 0x0b, 0x33, 0x1d, 0xa0, 0x33,
  0x1d, 0xad, 0x33, 0x1d, 0xa9, 0x12, 0x1d, 0xac, 0xd5, 0x35, 0x9d, 0x3b, 0x67, 0x89, 0xb9, 0x56,
  0x8f, 0x53, 0x25, 0xa8, 0x33, 0x1d, 0xab, 0x33, 0x1d, 0xaa, 0x33, 0x1d, 0xaa, 0x33, 0x1d, 0xaa,
  0x33, 0x1d, 0xaa, 0x33, 0x1d, 0xaa, 0x33, 0x1d, 0xaa, 0x33, 0x1d, 0xaa, 0x33, 0x1d, 0xaa, 0x33,
  0x1d, 0xaa, 0x33, 0x1d, 0xaa, 0x33, 0x1d, 0xaa, 0x33, 0x1d, 0xaa, 0x33, 0x1d, 0xaa, 0x33, 0x1d,
  0xaa, 0x33, 0x1d, 0xaa, 0x33, 0x1d, 0xaa, 0x33, 0x1d, 0xaa, 0x33, 0x1d, 0xaa, 0x33, 0x1d, 0xaa,
  0x33, 0x1d, 0xaa, 0x33, 0x1d, 0xaa, 0x33, 0x1d, 0xaa, 0x33, 0x1d, 0xaa, 0x33, 0x1d, 0xaa, 0x33,
  0x1d, 0xaa, 0x33, 0x1d, 0xaa, 0x33, 0x1d, 0xaa, 0x33, 0x1d, 0xaa, 0x33, 0x1d, 0xaa, 0x33, 0x1d,
  0xaa, 0x33, 0x25, 0xab, 0x13, 0x1d, 0xa9, 0xf2, 0x0c, 0xa6, 0x12, 0x15, 0xa8, 0x33, 0x1d, 0xaa,
  0x33, 0x1d, 0xaa, 0x33, 0x1d, 0xaa, 0x33, 0x1d, 0xaa, 0x33, 0x1d, 0xaa, 0x33, 0x1d, 0xaa, 0x33,
  0x1d, 0xaa, 0x33, 0x1d, 0xaa, 0x33, 0x1d, 0xaa, 0x33, 0x1d, 0xaa, 0x33, 0x1d, 0xaa, 0x33, 0x1d,
  0xaa, 0x33, 0x1d, 0xaa, 0x33, 0x1d, 0xaa, 0x33, 0x1d, 0xaa, 0x33, 0x1d, 0xaa, 0x33, 0x1d, 0xaa,
  0x33, 0x1d, 0xaa, 0x33, 0x1d, 0xaa, 0x33, 0x1d, 0xaa, 0x33, 0x1d, 0xaa, 0x33, 0x1d, 0xaa, 0x33,
  0x1d, 0xaa, 0x33, 0x25, 0xab, 0xf2, 0x14, 0xa7, 0x9d, 0xbf, 0xdd, 0xff, 0xe7, 0xee, 0x7d, 0xbf,
  0xdc, 0x78, 0x76, 0xc3, 0x12, 0x15, 0xa8, 0x13, 0x1d, 0xa9, 0x33, 0x25, 0xab, 0x33, 0x1d, 0xaa,
  0x33, 0x1d, 0xaa, 0x33, 0x1d, 0xaa, 0x33, 0x1d, 0xaa, 0x33, 0x1d, 0xaa, 0x33, 0x1d, 0xaa, 0x33,
  0x1d, 0xaa, 0x33, 0x1d, 0xaa, 0x33, 0x1d, 0xaa, 0x33, 0x1d, 0xaa, 0x33, 0x1d, 0xaa, 0x33, 0x1d,
  0xaa, 0x33, 0x1d, 0xaa, 0x33, 0x1d, 0xaa, 0x33, 0x1d, 0xaa, 0x33, 0x1d, 0xaa, 0x33, 0x1d, 0xaa,
  0x33, 0x1d, 0xaa, 0x33, 0x1d, 0xaa, 0x33, 0x1d, 0xaa, 0x33, 0x1d, 0xaa, 0x13, 0x1d, 0xab, 0x78,
  0x4e, 0x94, 0x3b, 0x6f, 0x88, 0x57, 0x46, 0x96, 0x13, 0x1d, 0xab, 0x33, 0x1d, 0xaa, 0x33, 0x1d,
  0xa8, 0x13, 0x1d, 0xb3, 0x33, 0x1d, 0x2d, 0x00, 0x00, 0x00, 0xef, 0x03, 0x02, 0x00, 0x00, 0x00,
  0x00, 0x00, 0x00, 0x00, 0x00, 0x01, 0x00, 0x00, 0x00, 0xf3, 0x1c, 0x08, 0x33, 0x1d, 0x97, 0x33,
  0x1d, 0xae, 0x33, 0x1d, 0xa9, 0x33, 0x1d, 0xaa, 0x13, 0x1d, 0xab, 0x57, 0x46, 0x96, 0x3b, 0x6f,
  0x88, 0x78, 0x4e, 0x92, 0x33, 0x1d, 0xa9, 0x33, 0x1d, 0xab, 0x33, 0x1d, 0xaa, 0x33, 0x1d, 0xaa,
  0x33, 0x1d, 0xaa, 0x33, 0x1d, 0xaa, 0x33, 0x1d, 0xaa, 0x33, 0x1d, 0xaa, 0x33, 0x1d, 0xaa, 0x33,
  0x1d, 0xaa, 0x33, 0x1d, 0xaa, 0x33, 0x1d, 0xaa, 0x33, 0x1d, 0xaa, 0x33, 0x1d, 0xaa, 0x33, 0x1d,
  0xaa, 0x33, 0x1d, 0xaa, 0x33, 0x1d, 0xaa, 0x33, 0x1d, 0xaa, 0x33, 0x1d, 0xaa, 0x33, 0x1d, 0xaa,
  0x33, 0x1d, 0xaa, 0x33, 0x1d, 0xaa, 0x33, 0x1d, 0xaa, 0x33, 0x1d, 0xaa, 0x33, 0x1d, 0xaa, 0x33,
  0x1d, 0xaa, 0x33, 0x1d, 0xaa, 0x33, 0x1d, 0xaa, 0x33, 0x1d, 0xaa, 0x33, 0x1d, 0xaa, 0x33, 0x1d,
  0xaa, 0x33, 0x1d, 0xaa, 0x33, 0x1d, 0xaa, 0x33, 0x25, 0xab, 0x33, 0x1d, 0xaa, 0x33, 0x1d, 0xaa,
  0x33, 0x1d, 0xaa, 0x33, 0x1d, 0xaa, 0x33, 0x1d, 0xaa, 0x33, 0x1d, 0xaa, 0x33, 0x1d, 0xaa, 0x33,
  0x1d, 0xaa, 0x33, 0x1d, 0xaa, 0x33, 0x1d, 0xaa, 0x33, 0x1d, 0xaa, 0x33, 0x1d, 0xaa, 0x33, 0x1d,
  0xaa, 0x33, 0x1d, 0xaa, 0x33, 0x1d, 0xaa, 0x33, 0x1d, 0xaa, 0x33, 0x1d, 0xaa, 0x33, 0x1d, 0xaa,
  0x33, 0x1d, 0xaa, 0x33, 0x1d, 0xaa, 0x33, 0x1d, 0xaa, 0x33, 0x1d, 0xaa, 0x33, 0x1d, 0xaa, 0x33,
  0x1d, 0xaa, 0x33, 0x1d, 0xaa, 0x13, 0x1d, 0xa9, 0xf6, 0x55, 0xb7, 0xd6, 0x4d, 0xb6, 0x12, 0x15,
  0xa7, 0xf2, 0x0c, 0xa6, 0x33, 0x1d, 0xaa, 0x33, 0x1d, 0xaa, 0x33, 0x1d, 0xaa, 0x33, 0x1d, 0xaa,
  0x33, 0x1d, 0xaa, 0x33, 0x1d, 0xaa, 0x33, 0x1d, 0xaa, 0x33, 0x1d, 0xaa, 0x33, 0x1d, 0xaa, 0x33,
  0x1d, 0xaa, 0x33, 0x1d, 0xaa, 0x33, 0x1d, 0xaa, 0x33, 0x1d, 0xaa, 0x33, 0x1d, 0xaa, 0x33, 0x1d,
  0xaa, 0x33, 0x1d, 0xaa, 0x33, 0x1d, 0xaa, 0x33, 0x1d, 0xaa, 0x33, 0x1d, 0xaa, 0x33, 0x1d, 0xaa,
  0x33, 0x1d, 0xaa, 0x33, 0x1d, 0xaa, 0x33, 0x1d, 0xaa, 0x12, 0x1d, 0xac, 0x37, 0x46, 0x98, 0x3b,
  0x67, 0x89, 0xb9, 0x56, 0x90, 0x33, 0x1d, 0xa9, 0x33, 0x1d, 0xab, 0x33, 0x1d, 0xaa, 0x33, 0x1d,
  0xa9, 0x33, 0x1d, 0xad, 0x12, 0x1d, 0x24, 0x00, 0x00, 0x00, 0xef, 0x03, 0x02, 0x00, 0x00, 0x00,
  0x00, 0x00, 0x00, 0x00, 0x00, 0x00, 0xef, 0x03, 0x02, 0x00, 0x00, 0x00, 0x33, 0x1d, 0x7b, 0x33,
  0x1d, 0xb3, 0x33, 0x1d, 0xa8, 0x33, 0x1d, 0xaa, 0x33, 0x1d, 0xab, 0x33, 0x1d, 0xa9, 0x98, 0x4e,
  0x92, 0x5b, 0x6f, 0x88, 0x57, 0x46, 0x95, 0x33, 0x1d, 0xaa, 0x33, 0x1d, 0xab, 0x33, 0x1d, 0xa9,
  0x33, 0x1d, 0xaa, 0x33, 0x1d, 0xaa, 0x33, 0x1d, 0xaa, 0x33, 0x1d, 0xaa, 0x33, 0x1d, 0xaa, 0x33,
  0x1d, 0xaa, 0x33, 0x1d, 0xaa, 0x33, 0x1d, 0xaa, 0x33, 0x1d, 0xaa, 0x33, 0x1d, 0xaa, 0x33, 0x1d,
  0xaa, 0x33, 0x1d, 0xaa, 0x33, 0x1d, 0xaa, 0x33, 0x1d, 0xaa, 0x33, 0x1d, 0xaa, 0x33, 0x1d, 0xaa,
  0x33, 0x1d, 0xaa, 0x33, 0x1d, 0xaa, 0x33, 0x1d, 0xaa, 0x33, 0x1d, 0xaa, 0x33, 0x1d, 0xaa, 0x33,
  0x1d, 0xaa, 0x33, 0x1d, 0xaa, 0x33, 0x1d, 0xaa, 0x33, 0x1d, 0xaa, 0x33, 0x1d, 0xaa, 0x33, 0x1d,
  0xaa, 0x33, 0x1d, 0xaa, 0x33, 0x1d, 0xaa, 0x33, 0x1d, 0xaa, 0x33, 0x1d, 0xaa, 0x33, 0x1d, 0xaa,
  0x33, 0x1d, 0xaa, 0x33, 0x1d, 0xaa, 0x33, 0x1d, 0xaa, 0x33, 0x1d, 0xaa, 0x33, 0x1d, 0xaa, 0x33,
  0x1d, 0xaa, 0x33, 0x1d, 0xaa, 0x33, 0x1d, 0xaa, 0x33, 0x1d, 0xaa, 0x33, 0x1d, 0xaa, 0x33, 0x1d,
  0xaa, 0x33, 0x1d, 0xaa, 0x33, 0x1d, 0xaa, 0x33, 0x1d, 0xaa, 0x33, 0x1d, 0xaa, 0x33, 0x1d, 0xaa,
  0x33, 0x1d, 0xaa, 0x33, 0x1d, 0xaa, 0x33, 0x1d, 0xaa, 0x33, 0x1d, 0xaa, 0x33, 0x1d, 0xaa, 0x33,
  0x1d, 0xaa, 0x33, 0x1d, 0xaa, 0x33, 0x1d, 0xaa, 0x12, 0x15, 0xa7, 0x12, 0x15, 0xa7, 0x33, 0x1d,
  0xaa, 0x33, 0x25, 0xab, 0x33, 0x1d, 0xaa, 0x33, 0x1d, 0xaa, 0x33, 0x1d, 0xaa, 0x33, 0x1d, 0xaa,
  0x33, 0x1d, 0xaa, 0x33, 0x1d, 0xaa, 0x33, 0x1d, 0xaa, 0x33, 0x1d, 0xaa, 0x33, 0x1d, 0xaa, 0x33,
  0x1d, 0xaa, 0x33, 0x1d, 0xaa, 0x33, 0x1d, 0xaa, 0x33, 0x1d, 0xaa, 0x33, 0x1d, 0xaa, 0x33, 0x1d,
  0xaa, 0x33, 0x1d, 0xaa, 0x33, 0x1d, 0xaa, 0x33, 0x1d, 0xaa, 0x33, 0x1d, 0xaa, 0x33, 0x1d, 0xaa,
  0x33, 0x1d, 0xaa, 0x33, 0x1d, 0xaa, 0x12, 0x1d, 0xac, 0xf6, 0x3d, 0x9b, 0x3b, 0x67, 0x89, 0xd9,
  0x5e, 0x8d, 0x74, 0x2d, 0xa4, 0x12, 0x1d, 0xac, 0x33, 0x1d, 0xaa, 0x33, 0x1d, 0xa9, 0x33, 0x1d,
  0xad, 0x33, 0x1d, 0x9d, 0x55, 0x1d, 0x09, 0x00, 0x00, 0x00, 0x00, 0x00, 0x01, 0x00, 0x00, 0x00,
  0x00, 0x00, 0x00, 0x00, 0x00, 0x00, 0x55, 0x05, 0x03, 0x00, 0x00, 0x00, 0x33, 0x1d, 0x50, 0x33,
  0x1d, 0xb6, 0x33, 0x1d, 0xa7, 0x33, 0x1d, 0xaa, 0x33, 0x1d, 0xaa, 0x33, 0x1d, 0xab, 0x33, 0x1d,
  0xa9, 0x98, 0x56, 0x92, 0x5b, 0x6f, 0x88, 0x78, 0x4e, 0x92, 0x33, 0x1d, 0xa9, 0x12, 0x1d, 0xac,
  0x33, 0x1d, 0xa9, 0x33, 0x1d, 0xaa, 0x33, 0x1d, 0xaa, 0x33, 0x1d, 0xaa, 0x33, 0x1d, 0xaa, 0x33,
  0x1d, 0xaa, 0x33, 0x1d, 0xaa, 0x33, 0x1d, 0xaa, 0x33, 0x1d, 0xaa, 0x33, 0x1d, 0xaa, 0x33, 0x1d,
  0xaa, 0x33, 0x1d, 0xaa, 0x33, 0x1d, 0xaa, 0x33, 0x1d, 0xaa, 0x33, 0x1d, 0xaa, 0x33, 0x1d, 0xaa,
  0x33, 0x1d, 0xaa, 0x33, 0x1d, 0xaa, 0x33, 0x1d, 0xaa, 0x33, 0x1d, 0xaa, 0x33, 0x1d, 0xaa, 0x33,
  0x1d, 0xaa, 0x33, 0x1d, 0xaa, 0x33, 0x1d, 0xaa, 0x33, 0x1d, 0xaa, 0x33, 0x1d, 0xaa, 0x33, 0x1d,
  0xaa, 0x33, 0x1d, 0xaa, 0x33, 0x1d, 0xaa, 0x33, 0x1d, 0xaa, 0x33, 0x1d, 0xaa, 0x33, 0x1d, 0xaa,
  0x33, 0x1d, 0xaa, 0x33, 0x1d, 0xaa, 0x33, 0x1d, 0xaa, 0x33, 0x1d, 0xaa, 0x33, 0x1d, 0xaa, 0x33,
  0x1d, 0xaa, 0x33, 0x1d, 0xaa, 0x33, 0x1d, 0xaa, 0x33, 0x1d, 0xaa, 0x33, 0x1d, 0xaa, 0x33, 0x1d,
  0xaa, 0x33, 0x1d, 0xaa, 0x33, 0x1d, 0xaa, 0x33, 0x1d, 0xaa, 0x33, 0x1d, 0xaa, 0x33, 0x1d, 0xaa,
  0x33, 0x1d, 0xaa, 0x33, 0x1d, 0xaa, 0x33, 0x1d, 0xaa, 0x33, 0x1d, 0xaa, 0x33, 0x1d, 0xaa, 0x33,
  0x1d, 0xaa, 0x33, 0x1d, 0xaa, 0x33, 0x1d, 0xaa, 0x33, 0x25, 0xab, 0x33, 0x25, 0xab, 0x33, 0x1d,
  0xaa, 0x33, 0x1d, 0xaa, 0x33, 0x1d, 0xaa, 0x33, 0x1d, 0xaa, 0x33, 0x1d, 0xaa, 0x33, 0x1d, 0xaa,
  0x33, 0x1d, 0xaa, 0x33, 0x1d, 0xaa, 0x33, 0x1d, 0xaa, 0x33, 0x1d, 0xaa, 0x33, 0x1d, 0xaa, 0x33,
  0x1d, 0xaa, 0x33, 0x1d, 0xaa, 0x33, 0x1d, 0xaa, 0x33, 0x1d, 0xaa, 0x33, 0x1d, 0xaa, 0x33, 0x1d,
  0xaa, 0x33, 0x1d, 0xaa, 0x33, 0x1d, 0xaa, 0x33, 0x1d, 0xaa, 0x33, 0x1d, 0xaa, 0x33, 0x1d, 0xaa,
  0x33, 0x1d, 0xab, 0x12, 0x1d, 0xac, 0x37, 0x46, 0x98, 0x3b, 0x67, 0x89, 0xd9, 0x5e, 0x8d, 0x74,
  0x2d, 0xa4, 0x12, 0x1d, 0xac, 0x33, 0x1d, 0xaa, 0x33, 0x1d, 0xaa, 0x33, 0x1d, 0xa8, 0x33, 0x1d,
  0xb4, 0x33, 0x1d, 0x79, 0xff, 0x07, 0x01, 0xef, 0x03, 0x02, 0x00, 0x00, 0x00, 0x00, 0x00, 0x00,
  0x00, 0x00, 0x00, 0x00, 0x00, 0x00, 0x00, 0x00, 0x01, 0x00, 0x00, 0x00, 0xf2, 0x1c, 0x18, 0x33,
  0x1d, 0xa9, 0x33, 0x1d, 0xaa, 0x33, 0x1d, 0xaa, 0x33, 0x1d, 0xaa, 0x33, 0x1d, 0xaa, 0x33, 0x1d,
  0xab, 0x33, 0x1d, 0xa9, 0x98, 0x56, 0x92, 0x5b, 0x6f, 0x88, 0xb9, 0x56, 0x90, 0x74, 0x2d, 0xa4,
  0x12, 0x1d, 0xad, 0x33, 0x1d, 0xaa, 0x33, 0x1d, 0xa9, 0x33, 0x1d, 0xaa, 0x33, 0x1d, 0xaa, 0x33,
  0x1d, 0xaa, 0x33, 0x1d, 0xaa, 0x33, 0x1d, 0xaa, 0x33, 0x1d, 0xaa, 0x33, 0x1d, 0xaa, 0x33, 0x1d,
  0xaa, 0x33, 0x1d, 0xaa, 0x33, 0x1d, 0xaa, 0x33, 0x1d, 0xaa, 0x33, 0x1d, 0xaa, 0x33, 0x1d, 0xaa,
  0x33, 0x1d, 0xaa, 0x33, 0x1d, 0xaa, 0x33, 0x1d, 0xaa, 0x33, 0x1d, 0xaa, 0x33, 0x1d, 0xaa, 0x33,
  0x1d, 0xaa, 0x33, 0x1d, 0xaa, 0x33, 0x1d, 0xaa, 0x33, 0x1d, 0xaa, 0x33, 0x1d, 0xaa, 0x33, 0x1d,
  0xaa, 0x33, 0x1d, 0xaa, 0x33, 0x1d, 0xaa, 0x33, 0x1d, 0xaa, 0x33, 0x1d, 0xaa, 0x33, 0x1d, 0xaa,
  0x33, 0x1d, 0xaa, 0x33, 0x1d, 0xaa, 0x33, 0x1d, 0xaa, 0x33, 0x1d, 0xaa, 0x33, 0x1d, 0xaa, 0x33,
  0x1d, 0xaa, 0x33, 0x1d, 0xaa, 0x33, 0x1d, 0xaa, 0x33, 0x1d, 0xaa, 0x33, 0x1d, 0xaa, 0x33, 0x1d,
  0xaa, 0x33, 0x1d, 0xaa, 0x33, 0x1d, 0xaa, 0x33, 0x1d, 0xaa, 0x33, 0x1d, 0xaa, 0x33, 0x1d, 0xaa,
  0x33, 0x1d, 0xaa, 0x33, 0x1d, 0xaa, 0x33, 0x1d, 0xaa, 0x33, 0x1d, 0xaa, 0x33, 0x1d, 0xaa, 0x33,
  0x1d, 0xaa, 0x33, 0x1d, 0xaa, 0x33, 0x1d, 0xaa, 0x33, 0x1d, 0xaa, 0x33, 0x1d, 0xaa, 0x33, 0x1d,
  0xaa, 0x33, 0x1d, 0xaa, 0x33, 0x1d, 0xaa, 0x33, 0x1d, 0xaa, 0x33, 0x1d, 0xaa, 0x33, 0x1d, 0xaa,
  0x33, 0x1d, 0xaa, 0x33, 0x1d, 0xaa, 0x33, 0x1d, 0xaa, 0x33, 0x1d, 0xaa, 0x33, 0x1d, 0xaa, 0x33,
  0x1d, 0xaa, 0x33, 0x1d, 0xaa, 0x33, 0x1d, 0xaa, 0x33, 0x1d, 0xaa, 0x33, 0x1d, 0xaa, 0x33, 0x1d,
  0xaa, 0x33, 0x1d, 0xaa, 0x33, 0x1d, 0xaa, 0x33, 0x1d, 0xaa, 0x33, 0x1d, 0xaa, 0x12, 0x1d, 0xac,
  0x53, 0x25, 0xa8, 0x58, 0x4e, 0x94, 0x3b, 0x67, 0x89, 0xd9, 0x5e, 0x8d, 0x74, 0x2d, 0xa4, 0x12,
  0x1d, 0xac, 0x33, 0x1d, 0xa9, 0x33, 0x1d, 0xaa, 0x33, 0x1d, 0xaa, 0x33, 0x1d, 0xa7, 0x13, 0x1d,
  0xb6, 0x13, 0x1d, 0x3d, 0x00, 0x00, 0x00, 0xaa, 0x02, 0x03, 0x00, 0x00, 0x00, 0x00, 0x00, 0x00,
  0x00, 0x00, 0x00, 0x00, 0x00, 0x00, 0x00, 0x00, 0x00, 0xef, 0x03, 0x02, 0x00, 0x00, 0x00, 0x33,
  0x1d, 0x6a, 0x33, 0x1d, 0xb8, 0x33, 0x1d, 0xa6, 0x33, 0x1d, 0xaa, 0x33, 0x1d, 0xaa, 0x33, 0x1d,
  0xaa, 0x33, 0x1d, 0xab, 0x33, 0x1d, 0xa9, 0x78, 0x4e, 0x94, 0x3b, 0x67, 0x89, 0xfa, 0x5e, 0x8c,
  0xf6, 0x3d, 0x9b, 0x33, 0x1d, 0xaa, 0x12, 0x1d, 0xac, 0x33, 0x1d, 0xaa, 0x33, 0x1d, 0xa9, 0x33,
  0x1d, 0xaa, 0x33, 0x1d, 0xaa, 0x33, 0x1d, 0xaa, 0x33, 0x1d, 0xaa, 0x33, 0x1d, 0xaa, 0x33, 0x1d,
  0xaa, 0x33, 0x1d, 0xaa, 0x33, 0x1d, 0xaa, 0x33, 0x1d, 0xaa, 0x33, 0x1d, 0xaa, 0x33, 0x1d, 0xaa,
  0x33, 0x1d, 0xaa, 0x33, 0x1d, 0xaa, 0x33, 0x1d, 0xaa, 0x33, 0x1d, 0xaa, 0x33, 0x1d, 0xaa, 0x33,
  0x1d, 0xaa, 0x33, 0x1d, 0xaa, 0x33, 0x1d, 0xaa, 0x33, 0x1d, 0xaa, 0x33, 0x1d, 0xaa, 0x33, 0x1d,
  0xaa, 0x33, 0x1d, 0xaa, 0x33, 0x1d, 0xaa, 0x33, 0x1d, 0xaa, 0x33, 0x1d, 0xaa, 0x33, 0x1d, 0xaa,
  0x33, 0x1d, 0xaa, 0x33, 0x1d, 0xaa, 0x33, 0x1d, 0xaa, 0x33, 0x1d, 0xaa, 0x33, 0x1d, 0xaa, 0x33,
  0x1d, 0xaa, 0x33, 0x1d, 0xaa, 0x33, 0x1d, 0xaa, 0x33, 0x1d, 0xaa, 0x33, 0x1d, 0xaa, 0x33, 0x1d,
  0xaa, 0x33, 0x1d, 0xaa, 0x33, 0x1d, 0xaa, 0x33, 0x1d, 0xaa, 0x33, 0x1d, 0xaa, 0x33, 0x1d, 0xaa,
  0x33, 0x1d, 0xaa, 0x33, 0x1d, 0xaa, 0x33, 0x1d, 0xaa, 0x33, 0x1d, 0xaa, 0x33, 0x1d, 0xaa, 0x33,
  0x1d, 0xaa, 0x33, 0x1d, 0xaa, 0x33, 0x1d, 0xaa, 0x33, 0x1d, 0xaa, 0x33, 0x1d, 0xaa, 0x33, 0x1d,
  0xaa, 0x33, 0x1d, 0xaa, 0x33, 0x1d, 0xaa, 0x33, 0x1d, 0xaa, 0x33, 0x1d, 0xaa, 0x33, 0x1d, 0xaa,
  0x33, 0x1d, 0xaa, 0x33, 0x1d, 0xaa, 0x33, 0x1d, 0xaa, 0x33, 0x1d, 0xaa, 0x33, 0x1d, 0xaa, 0x33,
  0x1d, 0xaa, 0x33, 0x1d, 0xaa, 0x33, 0x1d, 0xaa, 0x33, 0x1d, 0xaa, 0x33, 0x1d, 0xaa, 0x33, 0x1d,
  0xaa, 0x33, 0x1d, 0xaa, 0x33, 0x1d, 0xaa, 0x12, 0x1d, 0xac, 0x12, 0x1d, 0xac, 0xb5, 0x35, 0xa0,
  0xb9, 0x56, 0x8f, 0x3b, 0x6f, 0x88, 0xb9, 0x56, 0x90, 0x74, 0x2d, 0xa5, 0x12, 0x1d, 0xac, 0x33,
  0x1d, 0xa9, 0x33, 0x1d, 0xaa, 0x33, 0x1d, 0xaa, 0x33, 0x1d, 0xa8, 0x33, 0x1d, 0xb1, 0x33, 0x1d,
  0x91, 0xd3, 0x04, 0x05, 0xff, 0x07, 0x01, 0x00, 0x00, 0x00, 0x00, 0x00, 0x00, 0x00, 0x00, 0x00,
  0x00, 0x00, 0x00, 0x00, 0x00, 0x00, 0x00, 0x00, 0x00, 0x00, 0x00, 0x01, 0xef, 0x03, 0x02, 0xf3,
  0x14, 0x0d, 0x33, 0x1d, 0x96, 0x33, 0x1d, 0xb2, 0x33, 0x1d, 0xa7, 0x33, 0x1d, 0xaa, 0x33, 0x1d,
  0xaa, 0x33, 0x1d, 0xaa, 0x33, 0x1d, 0xab, 0x13, 0x1d, 0xab, 0xf6, 0x3d, 0x9b, 0x1a, 0x67, 0x8b,
  0x3b, 0x67, 0x89, 0x99, 0x56, 0x91, 0xb5, 0x35, 0x9f, 0x33, 0x1d, 0xaa, 0x12, 0x1d, 0xac, 0x33,
  0x1d, 0xab, 0x33, 0x1d, 0xaa, 0x33, 0x1d, 0xa9, 0x33, 0x1d, 0xaa, 0x33, 0x1d, 0xaa, 0x33, 0x1d,
  0xaa, 0x33, 0x1d, 0xaa, 0x33, 0x1d, 0xaa, 0x33, 0x1d, 0xaa, 0x33, 0x1d, 0xaa, 0x33, 0x1d, 0xaa,
  0x33, 0x1d, 0xaa, 0x33, 0x1d, 0xaa, 0x33, 0x1d, 0xaa, 0x33, 0x1d, 0xaa, 0x33, 0x1d, 0xaa, 0x33,
  0x1d, 0xaa, 0x33, 0x1d, 0xaa, 0x33, 0x1d, 0xaa, 0x33, 0x1d, 0xaa, 0x33, 0x1d, 0xaa, 0x33, 0x1d,
  0xaa, 0x33, 0x1d, 0xaa, 0x33, 0x1d, 0xaa, 0x33, 0x1d, 0xaa, 0x33, 0x1d, 0xaa, 0x33, 0x1d, 0xaa,
  0x33, 0x1d, 0xaa, 0x33, 0x1d, 0xaa, 0x33, 0x1d, 0xaa, 0x33, 0x1d, 0xaa, 0x33, 0x1d, 0xaa, 0x33,
  0x1d, 0xaa, 0x33, 0x1d, 0xaa, 0x33, 0x1d, 0xaa, 0x33, 0x1d, 0xaa, 0x33, 0x1d, 0xaa, 0x33, 0x1d,
  0xaa, 0x33, 0x1d, 0xaa, 0x33, 0x1d, 0xaa, 0x33, 0x1d, 0xaa, 0x33, 0x1d, 0xaa, 0x33, 0x1d, 0xaa,
  0x33, 0x1d, 0xaa, 0x33, 0x1d, 0xaa, 0x33, 0x1d, 0xaa, 0x33, 0x1d, 0xaa, 0x33, 0x1d, 0xaa, 0x33,
  0x1d, 0xaa, 0x33, 0x1d, 0xaa, 0x33, 0x1d, 0xaa, 0x33, 0x1d, 0xaa, 0x33, 0x1d, 0xaa, 0x33, 0x1d,
  0xaa, 0x33, 0x1d, 0xaa, 0x33, 0x1d, 0xaa, 0x33, 0x1d, 0xaa, 0x33, 0x1d, 0xaa, 0x33, 0x1d, 0xaa,
  0x33, 0x1d, 0xaa, 0x33, 0x1d, 0xaa, 0x33, 0x1d, 0xaa, 0x33, 0x1d, 0xaa, 0x33, 0x1d, 0xaa, 0x33,
  0x1d, 0xaa, 0x33, 0x1d, 0xaa, 0x33, 0x1d, 0xaa, 0x33, 0x1d, 0xaa, 0x33, 0x1d, 0xaa, 0x33, 0x1d,
  0xaa, 0x12, 0x1d, 0xac, 0x13, 0x1d, 0xab, 0x94, 0x2d, 0xa2, 0x78, 0x4e, 0x94, 0x1b, 0x67, 0x8a,
  0x3b, 0x67, 0x89, 0x57, 0x46, 0x96, 0x33, 0x1d, 0xa9, 0x12, 0x1d, 0xac, 0x33, 0x1d, 0xaa, 0x33,
  0x1d, 0xaa, 0x33, 0x1d, 0xaa, 0x33, 0x1d, 0xa8, 0x33, 0x1d, 0xab, 0x33, 0x1d, 0xaf, 0x33, 0x1d,
  0x25, 0x00, 0x00, 0x00, 0xef, 0x03, 0x02, 0x00, 0x00, 0x00, 0x00, 0x00, 0x00, 0x00, 0x00, 0x00,
  0x00, 0x00, 0x00, 0x00, 0x00, 0x00, 0x00, 0x00, 0x00, 0x00, 0x00, 0x00, 0xef, 0x03, 0x02, 0x00,
  0x00, 0x00, 0x33, 0x1d, 0x22, 0x33, 0x1d, 0xa4, 0x33, 0x1d, 0xb0, 0x33, 0x1d, 0xa7, 0x33, 0x1d,
  0xaa, 0x33, 0x1d, 0xaa, 0x33, 0x1d, 0xaa, 0x33, 0x1d, 0xaa, 0x12, 0x1d, 0xac, 0x94, 0x2d, 0xa3,
  0x98, 0x4e, 0x92, 0x3b, 0x6f, 0x89, 0x3b, 0x67, 0x89, 0x99, 0x56, 0x91, 0xd5, 0x35, 0x9f, 0x53,
  0x25, 0xa7, 0x12, 0x1d, 0xac, 0x12, 0x1d, 0xac, 0x12, 0x1d, 0xac, 0x33, 0x1d, 0xab, 0x33, 0x1d,
  0xaa, 0x33, 0x1d, 0xaa, 0x33, 0x1d, 0xaa, 0x33, 0x1d, 0xaa, 0x33, 0x1d, 0xaa, 0x33, 0x1d, 0xaa,
  0x33, 0x1d, 0xaa, 0x33, 0x1d, 0xaa, 0x33, 0x1d, 0xaa, 0x33, 0x1d, 0xaa, 0x33, 0x1d, 0xaa, 0x33,
  0x1d, 0xaa, 0x33, 0x1d, 0xaa, 0x33, 0x1d, 0xaa, 0x33, 0x1d, 0xaa, 0x33, 0x1d, 0xaa, 0x33, 0x1d,
  0xaa, 0x33, 0x1d, 0xaa, 0x33, 0x1d, 0xaa, 0x33, 0x1d, 0xaa, 0x33, 0x1d, 0xaa, 0x33, 0x1d, 0xaa,
  0x33, 0x1d, 0xaa, 0x33, 0x1d, 0xaa, 0x33, 0x1d, 0xaa, 0x33, 0x1d, 0xaa, 0x33, 0x1d, 0xaa, 0x33,
  0x1d, 0xaa, 0x33, 0x1d, 0xaa, 0x33, 0x1d, 0xaa, 0x33, 0x1d, 0xaa, 0x33, 0x1d, 0xaa, 0x33, 0x1d,
  0xaa, 0x33, 0x1d, 0xaa, 0x33, 0x1d, 0xaa, 0x33, 0x1d, 0xaa, 0x33, 0x1d, 0xaa, 0x33, 0x1d, 0xaa,
  0x33, 0x1d, 0xaa, 0x33, 0x1d, 0xaa, 0x33, 0x1d, 0xaa, 0x33, 0x1d, 0xaa, 0x33, 0x1d, 0xaa, 0x33,
  0x1d, 0xaa, 0x33, 0x1d, 0xaa, 0x33, 0x1d, 0xaa, 0x33, 0x1d, 0xaa, 0x33, 0x1d, 0xaa, 0x33, 0x1d,
  0xaa, 0x33, 0x1d, 0xaa, 0x33, 0x1d, 0xaa, 0x33, 0x1d, 0xaa, 0x33, 0x1d, 0xaa, 0x33, 0x1d, 0xaa,
  0x33, 0x1d, 0xaa, 0x33, 0x1d, 0xaa, 0x33, 0x1d, 0xaa, 0x33, 0x1d, 0xaa, 0x33, 0x1d, 0xaa, 0x33,
  0x1d, 0xaa, 0x33, 0x1d, 0xab, 0x13, 0x1d, 0xab, 0x12, 0x1d, 0xac, 0x12, 0x1d, 0xac, 0x33, 0x1d,
  0xa9, 0x94, 0x2d, 0xa2, 0x78, 0x4e, 0x94, 0x1b, 0x67, 0x8a, 0x5b, 0x6f, 0x88, 0xb9, 0x56, 0x8f,
  0xb5, 0x35, 0x9f, 0x33, 0x1d, 0xab, 0x33, 0x1d, 0xab, 0x33, 0x1d, 0xaa, 0x33, 0x1d, 0xaa, 0x33,
  0x1d, 0xaa, 0x33, 0x1d, 0xa8, 0x33, 0x1d, 0xab, 0x33, 0x1d, 0xb3, 0x33, 0x1d, 0x42, 0x00, 0x00,
  0x00, 0xef, 0x03, 0x02, 0x00, 0x00, 0x00, 0x00, 0x00, 0x00, 0x00, 0x00, 0x00, 0x00, 0x00, 0x00,
  0x00, 0x00, 0x00, 0x00, 0x00, 0x00, 0x00, 0x00, 0x00, 0x00, 0x00, 0x00, 0x00, 0x00, 0x00, 0xef,
  0x03, 0x02, 0x00, 0x00, 0x00, 0x33, 0x1d, 0x22, 0x33, 0x1d, 0x9f, 0x33, 0x1d, 0xb4, 0x33, 0x1d,
  0xa8, 0x33, 0x1d, 0xa7, 0x33, 0x1d, 0xa9, 0x33, 0x1d, 0xaa, 0x33, 0x1d, 0xa9, 0x12, 0x1d, 0xac,
  0x33, 0x1d, 0xaa, 0xb5, 0x35, 0x9f, 0x99, 0x56, 0x91, 0x3b, 0x67, 0x89, 0x5b, 0x6f, 0x88, 0xfa,
  0x5e, 0x8d, 0x57, 0x46, 0x95, 0xd5, 0x35, 0x9e, 0x74, 0x2d, 0xa3, 0x53, 0x25, 0xa8, 0x33, 0x1d,
  0xa9, 0x13, 0x1d, 0xab, 0x13, 0x1d, 0xab, 0x13, 0x1d, 0xab, 0x13, 0x1d, 0xab, 0x13, 0x1d, 0xab,
  0x13, 0x1d, 0xab, 0x13, 0x1d, 0xab, 0x13, 0x1d, 0xab, 0x13, 0x1d, 0xab, 0x13, 0x1d, 0xab, 0x13,
  0x1d, 0xab, 0x13, 0x1d, 0xab, 0x13, 0x1d, 0xab, 0x13, 0x1d, 0xab, 0x13, 0x1d, 0xab, 0x13, 0x1d,
  0xab, 0x13, 0x1d, 0xab, 0x13, 0x1d, 0xab, 0x13, 0x1d, 0xab, 0x13, 0x1d, 0xab, 0x13, 0x1d, 0xab,
  0x13, 0x1d, 0xab, 0x13, 0x1d, 0xab, 0x13, 0x1d, 0xab, 0x13, 0x1d, 0xab, 0x13, 0x1d, 0xab, 0x13,
  0x1d, 0xab, 0x13, 0x1d, 0xab, 0x13, 0x1d, 0xab, 0x13, 0x1d, 0xab, 0x13, 0x1d, 0xab, 0x13, 0x1d,
  0xab, 0x13, 0x1d, 0xab, 0x13, 0x1d, 0xab, 0x13, 0x1d, 0xab, 0x13, 0x1d, 0xab, 0x13, 0x1d, 0xab,
  0x13, 0x1d, 0xab, 0x13, 0x1d, 0xab, 0x13, 0x1d, 0xab, 0x13, 0x1d, 0xab, 0x13, 0x1d, 0xab, 0x13,
  0x1d, 0xab, 0x13, 0x1d, 0xab, 0x13, 0x1d, 0xab, 0x13, 0x1d, 0xab, 0x13, 0x1d, 0xab, 0x13, 0x1d,
  0xab, 0x13, 0x1d, 0xab, 0x13, 0x1d, 0xab, 0x13, 0x1d, 0xab, 0x13, 0x1d, 0xab, 0x13, 0x1d, 0xab,
  0x13, 0x1d, 0xab, 0x13, 0x1d, 0xab, 0x13, 0x1d, 0xab, 0x13, 0x1d, 0xab, 0x12, 0x1d, 0xac, 0x33,
  0x1d, 0xaa, 0x53, 0x25, 0xa8, 0x74, 0x2d, 0xa4, 0xb5, 0x35, 0x9f, 0x37, 0x46, 0x98, 0xb9, 0x56,
  0x8f, 0x3b, 0x67, 0x89, 0x5b, 0x6f, 0x88, 0xd9, 0x5e, 0x8e, 0xf6, 0x3d, 0x9b, 0x33, 0x25, 0xa8,
  0x12, 0x1d, 0xac, 0x33, 0x1d, 0xaa, 0x33, 0x1d, 0xaa, 0x33, 0x1d, 0xa9, 0x33, 0x1d, 0xa8, 0x33,
  0x1d, 0xa7, 0x33, 0x1d, 0xb1, 0x33, 0x1d, 0xaf, 0x13, 0x1d, 0x43, 0x00, 0x00, 0x00, 0x55, 0x05,
  0x03, 0x00, 0x00, 0x00, 0x00, 0x00, 0x00, 0x00, 0x00, 0x00, 0x00, 0x00, 0x00, 0x00, 0x00, 0x00,
  0x00, 0x00, 0x00, 0x00, 0x00, 0x00, 0x00, 0x00, 0x00, 0x00, 0x00, 0x00, 0x00, 0x00, 0x00, 0x00,
  0x00, 0x00, 0xef, 0x03, 0x02, 0x00, 0x00, 0x00, 0xf3, 0x1c, 0x10, 0x33, 0x1d, 0x7c, 0x33, 0x1d,
  0xb2, 0x33, 0x1d, 0xb5, 0x33, 0x1d, 0xae, 0x33, 0x1d, 0xaa, 0x33, 0x1d, 0xa8, 0x33, 0x1d, 0xa8,
  0x33, 0x1d, 0xa9, 0x12, 0x1d, 0xab, 0x33, 0x1d, 0xa9, 0x95, 0x2d, 0xa0, 0x57, 0x46, 0x95, 0xfa,
  0x5e, 0x8c, 0x5b, 0x6f, 0x87, 0x5b, 0x6f, 0x87, 0x1a, 0x67, 0x89, 0xfa, 0x5e, 0x8c, 0xb9, 0x56,
  0x8f, 0x58, 0x4e, 0x94, 0x78, 0x4e, 0x93, 0x78, 0x4e, 0x93, 0x78, 0x4e, 0x93, 0x78, 0x4e, 0x93,
  0x78, 0x4e, 0x93, 0x78, 0x4e, 0x93, 0x78, 0x4e, 0x93, 0x78, 0x4e, 0x93, 0x78, 0x4e, 0x93, 0x78,
  0x4e, 0x93, 0x78, 0x4e, 0x93, 0x78, 0x4e, 0x93, 0x78, 0x4e, 0x93, 0x78, 0x4e, 0x93, 0x78, 0x4e,
  0x93, 0x78, 0x4e, 0x93, 0x78, 0x4e, 0x93, 0x78, 0x4e, 0x93, 0x78, 0x4e, 0x93, 0x78, 0x4e, 0x93,
  0x78, 0x4e, 0x93, 0x78, 0x4e, 0x93, 0x78, 0x4e, 0x93, 0x78, 0x4e, 0x93, 0x78, 0x4e, 0x93, 0x78,
  0x4e, 0x93, 0x78, 0x4e, 0x93, 0x78, 0x4e, 0x93, 0x78, 0x4e, 0x93, 0x78, 0x4e, 0x93, 0x78, 0x4e,
  0x93, 0x78, 0x4e, 0x93, 0x78, 0x4e, 0x93, 0x78, 0x4e, 0x93, 0x78, 0x4e, 0x93, 0x78, 0x4e, 0x93,
  0x78, 0x4e, 0x93, 0x78, 0x4e, 0x93, 0x78, 0x4e, 0x93, 0x78, 0x4e, 0x93, 0x78, 0x4e, 0x93, 0x78,
  0x4e, 0x93, 0x78, 0x4e, 0x93, 0x78, 0x4e, 0x93, 0x78, 0x4e, 0x93, 0x78, 0x4e, 0x93, 0x78, 0x4e,
  0x93, 0x78, 0x4e, 0x93, 0x78, 0x4e, 0x93, 0x78, 0x4e, 0x93, 0x78, 0x4e, 0x93, 0x78, 0x4e, 0x93,
  0x78, 0x4e, 0x93, 0x78, 0x4e, 0x93, 0x78, 0x4e, 0x93, 0x78, 0x4e, 0x93, 0x58, 0x4e, 0x94, 0x99,
  0x56, 0x90, 0xd9, 0x5e, 0x8d, 0x1a, 0x67, 0x8a, 0x3b, 0x6f, 0x88, 0x5b, 0x6f, 0x87, 0xfa, 0x5e,
  0x8b, 0x78, 0x4e, 0x92, 0xb5, 0x35, 0x9e, 0x33, 0x25, 0xa7, 0x12, 0x1d, 0xab, 0x33, 0x1d, 0xa9,
  0x33, 0x1d, 0xa8, 0x33, 0x1d, 0xa8, 0x33, 0x1d, 0xa9, 0x33, 0x1d, 0xad, 0x33, 0x1d, 0xb3, 0x33,
  0x1d, 0xb5, 0x33, 0x1d, 0x92, 0x13, 0x25, 0x27, 0x00, 0x00, 0x00, 0x55, 0x05, 0x03, 0x00, 0x00,
  0x00, 0x00, 0x00, 0x00, 0x00, 0x00, 0x00, 0x00, 0x00, 0x00, 0x00, 0x00, 0x00, 0x00, 0x00, 0x00,
  0x00, 0x00, 0x00, 0x00, 0x00, 0x00, 0x00, 0x00, 0x00, 0x00, 0x00, 0x00, 0x00, 0x00, 0x00, 0x00,
  0x00, 0x00, 0x00, 0x00, 0x00, 0xef, 0x03, 0x02, 0x00, 0x00, 0x00, 0x00, 0x00, 0x00, 0x53, 0x25,
  0x2f, 0x33, 0x1d, 0x6d, 0x33, 0x1d, 0x99, 0x33, 0x1d, 0xa9, 0x33, 0x1d, 0xb2, 0x33, 0x1d, 0xb1,
  0x33, 0x1d, 0xb0, 0x33, 0x1d, 0xaf, 0x33, 0x1d, 0xaf, 0x13, 0x1d, 0xb0, 0x33, 0x1d, 0xaf, 0x74,
  0x25, 0xaa, 0xd5, 0x35, 0xa2, 0x57, 0x46, 0x9a, 0x98, 0x4e, 0x95, 0xfa, 0x5e, 0x90, 0xfa, 0x5e,
  0x8f, 0x3b, 0x67, 0x8c, 0x3b, 0x67, 0x8c, 0x3b, 0x67, 0x8c, 0x3b, 0x67, 0x8c, 0x3b, 0x67, 0x8c,
  0x3b, 0x67, 0x8c, 0x3b, 0x67, 0x8c, 0x3b, 0x67, 0x8c, 0x3b, 0x67, 0x8c, 0x3b, 0x67, 0x8c, 0x3b,
  0x67, 0x8c, 0x3b, 0x67, 0x8c, 0x3b, 0x67, 0x8c, 0x3b, 0x67, 0x8c, 0x3b, 0x67, 0x8c, 0x3b, 0x67,
  0x8c, 0x3b, 0x67, 0x8c, 0x3b, 0x67, 0x8c, 0x3b, 0x67, 0x8c, 0x3b, 0x67, 0x8c, 0x3b, 0x67, 0x8c,
  0x3b, 0x67, 0x8c, 0x3b, 0x67, 0x8c, 0x3b, 0x67, 0x8c, 0x3b, 0x67, 0x8c, 0x3b, 0x67, 0x8c, 0x3b,
  0x67, 0x8c, 0x3b, 0x67, 0x8c, 0x3b, 0x67, 0x8c, 0x3b, 0x67, 0x8c, 0x3b, 0x67, 0x8c, 0x3b, 0x67,
  0x8c, 0x3b, 0x67, 0x8c, 0x3b, 0x67, 0x8c, 0x3b, 0x67, 0x8c, 0x3b, 0x67, 0x8c, 0x3b, 0x67, 0x8c,
  0x3b, 0x67, 0x8c, 0x3b, 0x67, 0x8c, 0x3b, 0x67, 0x8c, 0x3b, 0x67, 0x8c, 0x3b, 0x67, 0x8c, 0x3b,
  0x67, 0x8c, 0x3b, 0x67, 0x8c, 0x3b, 0x67, 0x8c, 0x3b, 0x67, 0x8c, 0x3b, 0x67, 0x8c, 0x3b, 0x67,
  0x8c, 0x3b, 0x67, 0x8c, 0x3b, 0x67, 0x8c, 0x3b, 0x67, 0x8c, 0x3b, 0x67, 0x8c, 0x3b, 0x67, 0x8c,
  0x3b, 0x67, 0x8c, 0x3b, 0x67, 0x8c, 0x3b, 0x67, 0x8c, 0x3b, 0x67, 0x8c, 0x5b, 0x67, 0x8b, 0x1a,
  0x67, 0x8e, 0xfa, 0x5e, 0x90, 0xb9, 0x56, 0x93, 0x57, 0x46, 0x99, 0xf6, 0x35, 0xa0, 0x74, 0x25,
  0xa8, 0x33, 0x1d, 0xae, 0x13, 0x1d, 0xb0, 0x33, 0x1d, 0xaf, 0x33, 0x1d, 0xaf, 0x33, 0x1d, 0xb0,
  0x33, 0x1d, 0xb1, 0x33, 0x1d, 0xb2, 0x33, 0x1d, 0xad, 0x33, 0x1d, 0x9e, 0x33, 0x1d, 0x7a, 0x13,
  0x1d, 0x40, 0x55, 0x05, 0x03, 0x00, 0x00, 0x00, 0xef, 0x03, 0x02, 0x00, 0x00, 0x00, 0x00, 0x00,
  0x00, 0x00, 0x00, 0x00, 0x00, 0x00, 0x00, 0x00, 0x00, 0x00, 0x00, 0x00, 0x00, 0x00, 0x00, 0x00,
  0x00, 0x00, 0x00, 0x00, 0x00, 0x00, 0x00, 0x00, 0x00, 0x00, 0x00, 0x00, 0x00, 0x00, 0x00, 0x00,
  0x00, 0x00, 0x00, 0x00, 0x00, 0x00, 0x00, 0x00, 0xff, 0x07, 0x01, 0xff, 0x07, 0x01, 0x00, 0x00,
  0x00, 0x00, 0x00, 0x00, 0x92, 0x24, 0x07, 0xb1, 0x1c, 0x1f, 0x91, 0x1c, 0x34, 0xee, 0x13, 0x3a,
  0x6d, 0x13, 0x47, 0x4c, 0x0b, 0x55, 0x2c, 0x0b, 0x62, 0x4c, 0x0b, 0x6c, 0x4d, 0x0b, 0x74, 0x4d,
  0x0b, 0x79, 0x4d, 0x03, 0x7d, 0x4d, 0x03, 0x7e, 0x6d, 0x0b, 0x7d, 0x8d, 0x0b, 0x7c, 0x8e, 0x13,
  0x7a, 0xcf, 0x1b, 0x76, 0xcf, 0x1b, 0x76, 0xcf, 0x1b, 0x76, 0xcf, 0x1b, 0x76, 0xcf, 0x1b, 0x76,
  0xcf, 0x1b, 0x76, 0xcf, 0x1b, 0x76, 0xcf, 0x1b, 0x76, 0xcf, 0x1b, 0x76, 0xcf, 0x1b, 0x76, 0xcf,
  0x1b, 0x76, 0xcf, 0x1b, 0x76, 0xcf, 0x1b, 0x76, 0xcf, 0x1b, 0x76, 0xcf, 0x1b, 0x76, 0xcf, 0x1b,
  0x76, 0xcf, 0x1b, 0x76, 0xcf, 0x1b, 0x76, 0xcf, 0x1b, 0x76, 0xcf, 0x1b, 0x76, 0xcf, 0x1b, 0x76,
  0xcf, 0x1b, 0x76, 0xcf, 0x1b, 0x76, 0xcf, 0x1b, 0x76, 0xcf, 0x1b, 0x76, 0xcf, 0x1b, 0x76, 0xcf,
  0x1b, 0x76, 0xcf, 0x1b, 0x76, 0xcf, 0x1b, 0x76, 0xcf, 0x1b, 0x76, 0xcf, 0x1b, 0x76, 0xcf, 0x1b,
  0x76, 0xcf, 0x1b, 0x76, 0xcf, 0x1b, 0x76, 0xcf, 0x1b, 0x76, 0xcf, 0x1b, 0x76, 0xcf, 0x1b, 0x76,
  0xcf, 0x1b, 0x76, 0xcf, 0x1b, 0x76, 0xcf, 0x1b, 0x76, 0xcf, 0x1b, 0x76, 0xcf, 0x1b, 0x76, 0xcf,
  0x1b, 0x76, 0xcf, 0x1b, 0x76, 0xcf, 0x1b, 0x76, 0xcf, 0x1b, 0x76, 0xcf, 0x1b, 0x76, 0xcf, 0x1b,
  0x76, 0xcf, 0x1b, 0x76, 0xcf, 0x1b, 0x76, 0xcf, 0x1b, 0x76, 0xcf, 0x1b, 0x76, 0xcf, 0x1b, 0x76,
  0xcf, 0x1b, 0x76, 0xcf, 0x1b, 0x76, 0xcf, 0x1b, 0x76, 0xcf, 0x1b, 0x76, 0xcf, 0x1b, 0x76, 0xae,
  0x13, 0x79, 0x8e, 0x0b, 0x7c, 0x6d, 0x0b, 0x7d, 0x4d, 0x03, 0x7e, 0x4d, 0x03, 0x7d, 0x4d, 0x0b,
  0x7a, 0x4d, 0x0b, 0x75, 0x4d, 0x0b, 0x6e, 0x2c, 0x0b, 0x65, 0x4c, 0x0b, 0x58, 0x6c, 0x13, 0x4a,
  0xee, 0x13, 0x3d, 0x50, 0x1c, 0x35, 0xb1, 0x1c, 0x27, 0x11, 0x15, 0x0b, 0x00, 0x00, 0x00, 0x00,
  0x00, 0x00, 0x00, 0x00, 0x00, 0xff, 0x07, 0x01, 0x00, 0x00, 0x00, 0x00, 0x00, 0x00, 0x00, 0x00,
  0x00, 0x00, 0x00, 0x00, 0x00, 0x00, 0x00, 0x00, 0x00, 0x00, 0x00, 0x00, 0x00, 0x00, 0x00, 0x00,
  0x00, 0x00, 0x00, 0x00, 0x00, 0x00, 0x00, 0x00, 0x00, 0x00, 0x00, 0x00, 0x00, 0x00, 0x00, 0x00,
  0x00, 0x00, 0x00, 0x00, 0x00, 0x00, 0x00, 0x00, 0x00, 0x00, 0x00, 0x00, 0x00, 0x00, 0xef, 0x03,
  0x02, 0xef, 0x03, 0x02, 0x00, 0x00, 0x00, 0x00, 0x00, 0x00, 0x00, 0x00, 0x00, 0x00, 0x00, 0x00,
  0x00, 0x00, 0x0a, 0x00, 0x00, 0x18, 0x21, 0x00, 0x2a, 0xe4, 0x00, 0x3b, 0x46, 0x01, 0x49, 0xa7,
  0x01, 0x55, 0xe8, 0x01, 0x5d, 0x09, 0x02, 0x62, 0x29, 0x02, 0x65, 0x29, 0x02, 0x68, 0x29, 0x02,
  0x69, 0x29, 0x02, 0x6b, 0x29, 0x02, 0x6b, 0x29, 0x02, 0x6b, 0x29, 0x02, 0x6b, 0x29, 0x02, 0x6b,
  0x29, 0x02, 0x6b, 0x29, 0x02, 0x6b, 0x29, 0x02, 0x6b, 0x29, 0x02, 0x6b, 0x29, 0x02, 0x6b, 0x29,
  0x02, 0x6b, 0x29, 0x02, 0x6b, 0x29, 0x02, 0x6b, 0x29, 0x02, 0x6b, 0x29, 0x02, 0x6b, 0x29, 0x02,
  0x6b, 0x29, 0x02, 0x6b, 0x29, 0x02, 0x6b, 0x29, 0x02, 0x6b, 0x29, 0x02, 0x6b, 0x29, 0x02, 0x6b,
  0x29, 0x02, 0x6b, 0x29, 0x02, 0x6b, 0x29, 0x02, 0x6b, 0x29, 0x02, 0x6b, 0x29, 0x02, 0x6b, 0x29,
  0x02, 0x6b, 0x29, 0x02, 0x6b, 0x29, 0x02, 0x6b, 0x29, 0x02, 0x6b, 0x29, 0x02, 0x6b, 0x29, 0x02,
  0x6b, 0x29, 0x02, 0x6b, 0x29, 0x02, 0x6b, 0x29, 0x02, 0x6b, 0x29, 0x02, 0x6b, 0x29, 0x02, 0x6b,
  0x29, 0x02, 0x6b, 0x29, 0x02, 0x6b, 0x29, 0x02, 0x6b, 0x29, 0x02, 0x6b, 0x29, 0x02, 0x6b, 0x29,
  0x02, 0x6b, 0x29, 0x02, 0x6b, 0x29, 0x02, 0x6b, 0x29, 0x02, 0x6b, 0x29, 0x02, 0x6b, 0x29, 0x02,
  0x6b, 0x29, 0x02, 0x6b, 0x29, 0x02, 0x6b, 0x29, 0x02, 0x6b, 0x29, 0x02, 0x6b, 0x29, 0x02, 0x6b,
  0x29, 0x02, 0x6b, 0x29, 0x02, 0x6b, 0x29, 0x02, 0x6b, 0x29, 0x02, 0x6b, 0x29, 0x02, 0x6b, 0x29,
  0x02, 0x6a, 0x29, 0x02, 0x68, 0x29, 0x02, 0x66, 0x09, 0x02, 0x63, 0xe8, 0x01, 0x5e, 0xc8, 0x01,
  0x57, 0x66, 0x01, 0x4c, 0x04, 0x01, 0x3e, 0x82, 0x00, 0x2e, 0x00, 0x00, 0x1c, 0x00, 0x00, 0x0d,
  0x00, 0x00, 0x02, 0x00, 0x00, 0x00, 0x00, 0x00, 0x00, 0x00, 0x00, 0x00, 0xef, 0x03, 0x02, 0xef,
  0x07, 0x02, 0x00, 0x00, 0x00, 0x00, 0x00, 0x00, 0x00, 0x00, 0x00, 0x00, 0x00, 0x00, 0x00, 0x00,
  0x00, 0x00, 0x00, 0x00, 0x00, 0x00, 0x00, 0x00, 0x00, 0x00, 0x00, 0x00, 0x00, 0x00, 0x00, 0x00,
  0x00, 0x00, 0x00, 0x00, 0x00, 0x00, 0x00, 0x00, 0x00, 0x00, 0x00, 0x00, 0x00, 0x00, 0x00, 0x00,
  0x00, 0x00, 0x00, 0x00, 0x00, 0x00, 0x00, 0x00, 0x00, 0x00, 0x00, 0x00, 0x00, 0x00, 0x00, 0x00,
  0x00, 0x00, 0x00, 0x00, 0x00, 0x00, 0x01, 0xff, 0x07, 0x01, 0xef, 0x03, 0x02, 0xaa, 0x02, 0x03,
  0x45, 0x01, 0x06, 0xa2, 0x00, 0x0b, 0xc3, 0x00, 0x14, 0xe3, 0x00, 0x21, 0x24, 0x01, 0x2e, 0x66,
  0x01, 0x3c, 0xa7, 0x01, 0x48, 0xc8, 0x01, 0x51, 0x08, 0x02, 0x58, 0x29, 0x02, 0x5d, 0x29, 0x02,
  0x61, 0x49, 0x02, 0x63, 0x4a, 0x02, 0x65, 0x4a, 0x02, 0x66, 0x6a, 0x02, 0x66, 0x6a, 0x02, 0x66,
  0x6a, 0x02, 0x66, 0x6a, 0x02, 0x66, 0x6a, 0x02, 0x66, 0x6a, 0x02, 0x66, 0x6a, 0x02, 0x66, 0x6a,
  0x02, 0x66, 0x6a, 0x02, 0x66, 0x6a, 0x02, 0x66, 0x6a, 0x02, 0x66, 0x6a, 0x02, 0x66, 0x6a, 0x02,
  0x66, 0x6a, 0x02, 0x66, 0x6a, 0x02, 0x66, 0x6a, 0x02, 0x66, 0x6a, 0x02, 0x66, 0x6a, 0x02, 0x66,
  0x6a, 0x02, 0x66, 0x6a, 0x02, 0x66, 0x6a, 0x02, 0x66, 0x6a, 0x02, 0x66, 0x6a, 0x02, 0x66, 0x6a,
  0x02, 0x66, 0x6a, 0x02, 0x66, 0x6a, 0x02, 0x66, 0x6a, 0x02, 0x66, 0x6a, 0x02, 0x66, 0x6a, 0x02,
  0x66, 0x6a, 0x02, 0x66, 0x6a, 0x02, 0x66, 0x6a, 0x02, 0x66, 0x6a, 0x02, 0x66, 0x6a, 0x02, 0x66,
  0x6a, 0x02, 0x66, 0x6a, 0x02, 0x66, 0x6a, 0x02, 0x66, 0x6a, 0x02, 0x66, 0x6a, 0x02, 0x66, 0x6a,
  0x02, 0x66, 0x6a, 0x02, 0x66, 0x6a, 0x02, 0x66, 0x6a, 0x02, 0x66, 0x6a, 0x02, 0x66, 0x6a, 0x02,
  0x66, 0x6a, 0x02, 0x66, 0x6a, 0x02, 0x66, 0x6a, 0x02, 0x66, 0x6a, 0x02, 0x66, 0x6a, 0x02, 0x66,
  0x6a, 0x02, 0x66, 0x6a, 0x02, 0x66, 0x6a, 0x02, 0x66, 0x4a, 0x02, 0x65, 0x49, 0x02, 0x64, 0x49,
  0x02, 0x61, 0x29, 0x02, 0x5e, 0x28, 0x02, 0x5a, 0xe8, 0x01, 0x53, 0xa7, 0x01, 0x4a, 0x86, 0x01,
  0x3f, 0x45, 0x01, 0x32, 0x04, 0x01, 0x24, 0xa2, 0x00, 0x17, 0x22, 0x01, 0x0d, 0x24, 0x01, 0x07,
  0xaa, 0x02, 0x03, 0xef, 0x03, 0x02, 0xef, 0x03, 0x02, 0x00, 0x00, 0x01, 0x00, 0x00, 0x00, 0x00,
  0x00, 0x00, 0x00, 0x00, 0x00, 0x00, 0x00, 0x00, 0x00, 0x00, 0x00, 0x00, 0x00, 0x00, 0x00, 0x00,
  0x00, 0x00, 0x00, 0x00, 0x00, 0x00, 0x00, 0x00, 0x00, 0x00, 0x00, 0x00, 0x00, 0x00, 0x00, 0x00,
  0x00, 0x00, 0x00, 0x00, 0x00, 0x00, 0x00, 0x00, 0x00, 0x00, 0x00, 0x00, 0x00, 0x00, 0x00, 0x00,
  0x00, 0x00, 0x00, 0x00, 0x00, 0x00, 0x00, 0x00, 0x00, 0x00, 0x00, 0x00, 0x00, 0x00, 0x00, 0x00,
  0x00, 0x00, 0x00, 0x00, 0x00, 0x00, 0x00, 0x00, 0x00, 0x00, 0x00, 0x00, 0x00, 0x00, 0x00, 0x00,
  0x00, 0x00, 0x00, 0x00, 0x00, 0x02, 0x00, 0x00, 0x05, 0x00, 0x00, 0x0b, 0x61, 0x00, 0x12, 0x83,
  0x00, 0x1c, 0xc3, 0x00, 0x26, 0x24, 0x01, 0x30, 0x45, 0x01, 0x39, 0x66, 0x01, 0x40, 0x86, 0x01,
  0x46, 0xa7, 0x01, 0x4a, 0xa7, 0x01, 0x4e, 0xc7, 0x01, 0x4f, 0xc7, 0x01, 0x50, 0xc7, 0x01, 0x50,
  0xc7, 0x01, 0x50, 0xc7, 0x01, 0x50, 0xc7, 0x01, 0x50, 0xc7, 0x01, 0x50, 0xc7, 0x01, 0x50, 0xc7,
  0x01, 0x50, 0xc7, 0x01, 0x50, 0xc7, 0x01, 0x50, 0xc7, 0x01, 0x50, 0xc7, 0x01, 0x50, 0xc7, 0x01,
  0x50, 0xc7, 0x01, 0x50, 0xc7, 0x01, 0x50, 0xc7, 0x01, 0x50, 0xc7, 0x01, 0x50, 0xc7, 0x01, 0x50,
  0xc7, 0x01, 0x50, 0xc7, 0x01, 0x50, 0xc7, 0x01, 0x50, 0xc7, 0x01, 0x50, 0xc7, 0x01, 0x50, 0xc7,
  0x01, 0x50, 0xc7, 0x01, 0x50, 0xc7, 0x01, 0x50, 0xc7, 0x01, 0x50, 0xc7, 0x01, 0x50, 0xc7, 0x01,
  0x50, 0xc7, 0x01, 0x50, 0xc7, 0x01, 0x50, 0xc7, 0x01, 0x50, 0xc7, 0x01, 0x50, 0xc7, 0x01, 0x50,
  0xc7, 0x01, 0x50, 0xc7, 0x01, 0x50, 0xc7, 0x01, 0x50, 0xc7, 0x01, 0x50, 0xc7, 0x01, 0x50, 0xc7,
  0x01, 0x50, 0xc7, 0x01, 0x50, 0xc7, 0x01, 0x50, 0xc7, 0x01, 0x50, 0xc7, 0x01, 0x50, 0xc7, 0x01,
  0x50, 0xc7, 0x01, 0x50, 0xc7, 0x01, 0x50, 0xc7, 0x01, 0x50, 0xc7, 0x01, 0x50, 0xc7, 0x01, 0x50,
  0xc7, 0x01, 0x50, 0xc7, 0x01, 0x50, 0xc7, 0x01, 0x50, 0xa7, 0x01, 0x4e, 0xa7, 0x01, 0x4c, 0x86,
  0x01, 0x47, 0x66, 0x01, 0x41, 0x45, 0x01, 0x3b, 0x05, 0x01, 0x32, 0xe3, 0x00, 0x29, 0x82, 0x00,
  0x1f, 0x61, 0x00, 0x15, 0x00, 0x00, 0x0c, 0x00, 0x00, 0x06, 0x00, 0x00, 0x02, 0x00, 0x00, 0x01,
  0x00, 0x00, 0x00, 0x00, 0x00, 0x00, 0x00, 0x00, 0x00, 0x00, 0x00, 0x00, 0x00, 0x00, 0x00, 0x00,
  0x00, 0x00, 0x00, 0x00, 0x00, 0x00, 0x00, 0x00, 0x00, 0x00, 0x00, 0x00, 0x00, 0x00, 0x00, 0x00,
  0x00, 0x00, 0x00, 0x00, 0x00, 0x00, 0x00, 0x00, 0x00, 0x00, 0x00, 0x00, 0x00, 0x00, 0x00, 0x00,
  0x00, 0x00, 0x00, 0x00, 0x00, 0x00, 0x00, 0x00, 0x00, 0x00, 0x00, 0x00, 0x00, 0x00, 0x00, 0x00,
  0x00, 0x00, 0x00, 0x00, 0x00, 0x00, 0x00, 0x00, 0x00, 0x00, 0x00, 0x00, 0x00, 0x00, 0x00, 0x00,
  0x00, 0x00, 0x00, 0x00, 0x00, 0x00, 0x00, 0x00, 0x00, 0x00, 0x00, 0x00, 0x00, 0x00, 0x00, 0x00,
  0x00, 0x00, 0x00, 0x00, 0x00, 0x00, 0x00, 0x00, 0x01, 0x00, 0x00, 0x02, 0x00, 0x00, 0x04, 0x00,
  0x00, 0x08, 0x00, 0x00, 0x0d, 0x61, 0x00, 0x12, 0xa2, 0x00, 0x18, 0xc3, 0x00, 0x1f, 0xe3, 0x00,
  0x23, 0xe3, 0x00, 0x28, 0x04, 0x01, 0x2b, 0x04, 0x01, 0x2d, 0x04, 0x01, 0x2e, 0x04, 0x01, 0x2e,
  0x04, 0x01, 0x2e, 0x04, 0x01, 0x2e, 0x04, 0x01, 0x2e, 0x04, 0x01, 0x2e, 0x04, 0x01, 0x2e, 0x04,
  0x01, 0x2e, 0x04, 0x01, 0x2e, 0x04, 0x01, 0x2e, 0x04, 0x01, 0x2e, 0x04, 0x01, 0x2e, 0x04, 0x01,
  0x2e, 0x04, 0x01, 0x2e, 0x04, 0x01, 0x2e, 0x04, 0x01, 0x2e, 0x04, 0x01, 0x2e, 0x04, 0x01, 0x2e,
  0x04, 0x01, 0x2e, 0x04, 0x01, 0x2e, 0x04, 0x01, 0x2e, 0x04, 0x01, 0x2e, 0x04, 0x01, 0x2e, 0x04,
  0x01, 0x2e, 0x04, 0x01, 0x2e, 0x04, 0x01, 0x2e, 0x04, 0x01, 0x2e, 0x04, 0x01, 0x2e, 0x04, 0x01,
  0x2e, 0x04, 0x01, 0x2e, 0x04, 0x01, 0x2e, 0x04, 0x01, 0x2e, 0x04, 0x01, 0x2e, 0x04, 0x01, 0x2e,
  0x04, 0x01, 0x2e, 0x04, 0x01, 0x2e, 0x04, 0x01, 0x2e, 0x04, 0x01, 0x2e, 0x04, 0x01, 0x2e, 0x04,
  0x01, 0x2e, 0x04, 0x01, 0x2e, 0x04, 0x01, 0x2e, 0x04, 0x01, 0x2e, 0x04, 0x01, 0x2e, 0x04, 0x01,
  0x2e, 0x04, 0x01, 0x2e, 0x04, 0x01, 0x2e, 0x04, 0x01, 0x2e, 0x04, 0x01, 0x2e, 0x04, 0x01, 0x2e,
  0x04, 0x01, 0x2e, 0x04, 0x01, 0x2e, 0x04, 0x01, 0x2e, 0x04, 0x01, 0x2c, 0xe3, 0x00, 0x29, 0xe3,
  0x00, 0x24, 0xa2, 0x00, 0x20, 0x82, 0x00, 0x1a, 0x61, 0x00, 0x14, 0x82, 0x00, 0x0e, 0x00, 0x00,
  0x09, 0x00, 0x00, 0x05, 0x00, 0x00, 0x02, 0x00, 0x00, 0x01, 0x00, 0x00, 0x00, 0x00, 0x00, 0x00,
  0x00, 0x00, 0x00, 0x00, 0x00, 0x00, 0x00, 0x00, 0x00, 0x00, 0x00, 0x00, 0x00, 0x00, 0x00, 0x00,
  0x00, 0x00, 0x00, 0x00, 0x00, 0x00, 0x00, 0x00, 0x00, 0x00, 0x00, 0x00, 0x00, 0x00, 0x00, 0x00,
  0x00, 0x00, 0x00, 0x00, 0x00, 0x00, 0x00, 0x00, 0x00, 0x00, 0x00, 0x00, 0x00, 0x00, 0x00, 0x00,
  0x00, 0x00, 0x00, 0x00, 0x00, 0x00, 0x00, 0x00, 0x00, 0x00, 0x00, 0x00, 0x00, 0x00, 0x00, 0x00,
  0x00, 0x00, 0x00, 0x00, 0x00, 0x00, 0x00, 0x00, 0x00, 0x00, 0x00, 0x00, 0x00, 0x00, 0x00, 0x00,
  0x00, 0x00, 0x00, 0x00, 0x00, 0x00, 0x00, 0x00, 0x00, 0x00, 0x00, 0x00, 0x00, 0x00, 0x00, 0x00,
  0x00, 0x00, 0x00, 0x00, 0x00, 0x00, 0x00, 0x00, 0x00, 0x00, 0x00, 0x00, 0x00, 0x00, 0x00, 0x00,
  0x00, 0x01, 0x00, 0x00, 0x03, 0x00, 0x00, 0x04, 0x00, 0x00, 0x06, 0x00, 0x00, 0x0a, 0x00, 0x00,
  0x0c, 0x02, 0x00, 0x0f, 0x61, 0x00, 0x11, 0x61, 0x00, 0x13, 0x61, 0x00, 0x13, 0x61, 0x00, 0x13,
  0x61, 0x00, 0x13, 0x61, 0x00, 0x13, 0x61, 0x00, 0x13, 0x61, 0x00, 0x13, 0x61, 0x00, 0x13, 0x61,
  0x00, 0x13, 0x61, 0x00, 0x13, 0x61, 0x00, 0x13, 0x61, 0x00, 0x13, 0x61, 0x00, 0x13, 0x61, 0x00,
  0x13, 0x61, 0x00, 0x13, 0x61, 0x00, 0x13, 0x61, 0x00, 0x13, 0x61, 0x00, 0x13, 0x61, 0x00, 0x13,
  0x61, 0x00, 0x13, 0x61, 0x00, 0x13, 0x61, 0x00, 0x13, 0x61, 0x00, 0x13, 0x61, 0x00, 0x13, 0x61,
  0x00, 0x13, 0x61, 0x00, 0x13, 0x61, 0x00, 0x13, 0x61, 0x00, 0x13, 0x61, 0x00, 0x13, 0x61, 0x00,
  0x13, 0x61, 0x00, 0x13, 0x61, 0x00, 0x13, 0x61, 0x00, 0x13, 0x61, 0x00, 0x13, 0x61, 0x00, 0x13,
  0x61, 0x00, 0x13, 0x61, 0x00, 0x13, 0x61, 0x00, 0x13, 0x61, 0x00, 0x13, 0x61, 0x00, 0x13, 0x61,
  0x00, 0x13, 0x61, 0x00, 0x13, 0x61, 0x00, 0x13, 0x61, 0x00, 0x13, 0x61, 0x00, 0x13, 0x61, 0x00,
  0x13, 0x61, 0x00, 0x13, 0x61, 0x00, 0x13, 0x61, 0x00, 0x13, 0x61, 0x00, 0x13, 0x61, 0x00, 0x13,
  0x61, 0x00, 0x13, 0x61, 0x00, 0x13, 0x61, 0x00, 0x13, 0x61, 0x00, 0x12, 0x82, 0x00, 0x0f, 0x00,
  0x00, 0x0d, 0x00, 0x00, 0x0a, 0x00, 0x00, 0x07, 0x00, 0x00, 0x05, 0x00, 0x00, 0x03, 0x00, 0x00,
  0x01, 0x00, 0x00, 0x01, 0x00, 0x00, 0x00, 0x00, 0x00, 0x00, 0x00, 0x00, 0x00, 0x00, 0x00, 0x00,
  0x00, 0x00, 0x00, 0x00, 0x00, 0x00, 0x00, 0x00, 0x00, 0x00, 0x00, 0x00, 0x00, 0x00, 0x00, 0x00,
  0x00, 0x00, 0x00, 0x00, 0x00, 0x00, 0x00, 0x00, 0x00, 0x00, 0x00, 0x00, 0x00, 0x00, 0x00, 0x00,
  0x00, 0x00, 0x00, 0x00, 0x00, 0x00, 0x00, 0x00, 0x00, 0x00, 0x00, 0x00, 0x00, 0x00, 0x00, 0x00,
#elif LV_COLOR_DEPTH == 32
  /*Pixel format: Red: 8 bit, Green: 8 bit, Blue: 8 bit + Alpha 8 bit*/
  0x00, 0x00, 0x00, 0x00, 0x00, 0x00, 0x00, 0x00, 0x00, 0x00, 0x00, 0x00, 0x00, 0x00, 0x00, 0x00,
  0x00, 0x00, 0x00, 0x00, 0x00, 0x00, 0x00, 0x00, 0x00, 0x00, 0x00, 0x00, 0x00, 0x00, 0x00, 0x00,
  0x00, 0x00, 0x00, 0x00, 0x00, 0x00, 0x00, 0x00, 0x00, 0x00, 0x00, 0x00, 0x00, 0x00, 0x00, 0x00,
  0x00, 0x00, 0x00, 0x00, 0x00, 0x00, 0x00, 0x00, 0x00, 0x00, 0x00, 0x00, 0x00, 0x00, 0x00, 0x00,
  0x00, 0x00, 0x00, 0x00, 0x00, 0x00, 0x00, 0x00, 0x00, 0x00, 0x00, 0x00, 0x00, 0x00, 0x00, 0x00,
  0x00, 0x00, 0x00, 0x00, 0x00, 0x00, 0x00, 0x00, 0x00, 0xff, 0xff, 0x01, 0x7f, 0xff, 0xff, 0x02,
  0x7f, 0xff, 0xff, 0x02, 0xff, 0xff, 0xff, 0x01, 0x00, 0x00, 0x00, 0x00, 0x00, 0x00, 0x00, 0x00,
  0x00, 0x00, 0x00, 0x00, 0x00, 0x00, 0x00, 0x00, 0x00, 0x00, 0x00, 0x00, 0x00, 0x00, 0x00, 0x00,
  0x00, 0x00, 0x00, 0x00, 0x00, 0x00, 0x00, 0x00, 0x00, 0x00, 0x00, 0x00, 0x00, 0x00, 0x00, 0x00,
  0x00, 0x00, 0x00, 0x00, 0x00, 0x00, 0x00, 0x00, 0x00, 0x00, 0x00, 0x00, 0x00, 0x00, 0x00, 0x00,
  0x00, 0x00, 0x00, 0x00, 0x00, 0x00, 0x00, 0x00, 0x00, 0x00, 0x00, 0x00, 0x00, 0x00, 0x00, 0x00,
  0x00, 0x00, 0x00, 0x00, 0x00, 0x00, 0x00, 0x00, 0x00, 0x00, 0x00, 0x00, 0x00, 0x00, 0x00, 0x00,
  0x00, 0x00, 0x00, 0x00, 0x00, 0x00, 0x00, 0x00, 0x00, 0x00, 0x00, 0x00, 0x00, 0x00, 0x00, 0x00,
  0x00, 0x00, 0x00, 0x00, 0x00, 0x00, 0x00, 0x00, 0x00, 0x00, 0x00, 0x00, 0x00, 0x00, 0x00, 0x00,
  0x00, 0x00, 0x00, 0x00, 0x00, 0x00, 0x00, 0x00, 0x00, 0x00, 0x00, 0x00, 0x00, 0x00, 0x00, 0x00,
  0x00, 0x00, 0x00, 0x00, 0x00, 0x00, 0x00, 0x00, 0x00, 0x00, 0x00, 0x00, 0x00, 0x00, 0x00, 0x00,
  0x00, 0x00, 0x00, 0x00, 0x00, 0x00, 0x00, 0x00, 0x00, 0x00, 0x00, 0x00, 0x00, 0x00, 0x00, 0x00,
  0x00, 0x00, 0x00, 0x00, 0x00, 0x00, 0x00, 0x00, 0x00, 0x00, 0x00, 0x00, 0x00, 0x00, 0x00, 0x00,
  0x00, 0x00, 0x00, 0x00, 0x00, 0x00, 0x00, 0x00, 0x00, 0x00, 0x00, 0x00, 0x00, 0x00, 0x00, 0x00,
  0x00, 0x00, 0x00, 0x00, 0x00, 0x00, 0x00, 0x00, 0x00, 0x00, 0x00, 0x00, 0x00, 0x00, 0x00, 0x00,
  0x00, 0x00, 0x00, 0x00, 0x00, 0x00, 0x00, 0x00, 0x00, 0x00, 0x00, 0x00, 0x00, 0x00, 0x00, 0x00,
  0x00, 0x00, 0x00, 0x00, 0x00, 0x00, 0x00, 0x00, 0x00, 0xff, 0xff, 0x01, 0x7f, 0xff, 0xff, 0x02,
  0x7f, 0xff, 0xff, 0x02, 0x7f, 0x7f, 0x7f, 0x02, 0x00, 0x00, 0x00, 0x00, 0x00, 0x00, 0x00, 0x00,
  0x00, 0x00, 0x00, 0x00, 0x00, 0x00, 0x00, 0x00, 0x00, 0x00, 0x00, 0x00, 0x00, 0x00, 0x00, 0x00,
  0x00, 0x00, 0x00, 0x00, 0x00, 0x00, 0x00, 0x00, 0x00, 0x00, 0x00, 0x00, 0x00, 0x00, 0x00, 0x00,
  0x00, 0x00, 0x00, 0x00, 0x00, 0x00, 0x00, 0x00, 0x00, 0x00, 0x00, 0x00, 0x00, 0x00, 0x00, 0x00,
  0x00, 0x00, 0x00, 0x00, 0x00, 0x00, 0x00, 0x00, 0x00, 0x00, 0x00, 0x00, 0x00, 0x00, 0x00, 0x00,
  0x00, 0x00, 0x00, 0x00, 0x00, 0x00, 0x00, 0x00, 0x00, 0x00, 0x00, 0x00, 0x00, 0x00, 0x00, 0x00,
  0x00, 0x00, 0x00, 0x00, 0x00, 0x00, 0x00, 0x00, 0x00, 0x00, 0x00, 0x00, 0x00, 0x00, 0x00, 0x00,
  0x00, 0x00, 0x00, 0x00, 0x00, 0x00, 0x00, 0x00, 0x00, 0x00, 0x00, 0x00, 0x00, 0x00, 0x00, 0x00,
  0x00, 0x00, 0x00, 0x00, 0x00, 0x00, 0x00, 0x00, 0x00, 0x00, 0x00, 0x00, 0x00, 0x00, 0x00, 0x00,
  0x00, 0x00, 0x00, 0x00, 0x00, 0x00, 0x00, 0x00, 0x00, 0x00, 0x00, 0x00, 0x00, 0x00, 0x00, 0x00,
  0x00, 0x00, 0x00, 0x00, 0x00, 0x00, 0x00, 0x00, 0x00, 0x00, 0x00, 0x00, 0x00, 0xff, 0xff, 0x01,
  0x7f, 0xff, 0xff, 0x02, 0x00, 0x00, 0x00, 0x00, 0x00, 0x00, 0x00, 0x00, 0x00, 0x00, 0x00, 0x00,
  0x00, 0x00, 0x00, 0x00, 0x00, 0x00, 0x00, 0x00, 0x00, 0x00, 0x00, 0x00, 0x4c, 0xe5, 0xcc, 0x0a,
  0x55, 0xe2, 0xe2, 0x09, 0x55, 0xe2, 0xe2, 0x09, 0x55, 0xe2, 0xe2, 0x09, 0x55, 0xe2, 0xe2, 0x09,
  0x55, 0xe2, 0xe2, 0x09, 0x55, 0xe2, 0xe2, 0x09, 0x55, 0xe2, 0xe2, 0x09, 0x55, 0xe2, 0xe2, 0x09,
  0x55, 0xe2, 0xe2, 0x09, 0x55, 0xe2, 0xe2, 0x09, 0x55, 0xe2, 0xe2, 0x09, 0x55, 0xe2, 0xe2, 0x09,
  0x55, 0xe2, 0xe2, 0x09, 0x55, 0xe2, 0xe2, 0x09, 0x55, 0xe2, 0xe2, 0x09, 0x55, 0xe2, 0xe2, 0x09,
  0x55, 0xe2, 0xe2, 0x09, 0x55, 0xe2, 0xe2, 0x09, 0x55, 0xe2, 0xe2, 0x09, 0x55, 0xe2, 0xe2, 0x09,
  0x55, 0xe2, 0xe2, 0x09, 0x55, 0xe2, 0xe2, 0x09, 0x55, 0xe2, 0xe2, 0x09, 0x55, 0xe2, 0xe2, 0x09,
  0x55, 0xe2, 0xe2, 0x09, 0x55, 0xe2, 0xe2, 0x09, 0x55, 0xe2, 0xe2, 0x09, 0x55, 0xe2, 0xe2, 0x09,
  0x55, 0xe2, 0xe2, 0x09, 0x55, 0xe2, 0xe2, 0x09, 0x55, 0xe2, 0xe2, 0x09, 0x55, 0xe2, 0xe2, 0x09,
  0x55, 0xe2, 0xe2, 0x09, 0x55, 0xe2, 0xe2, 0x09, 0x55, 0xe2, 0xe2, 0x09, 0x55, 0xe2, 0xe2, 0x09,
  0x55, 0xe2, 0xe2, 0x09, 0x55, 0xe2, 0xe2, 0x09, 0x55, 0xe2, 0xe2, 0x09, 0x55, 0xe2, 0xe2, 0x09,
  0x55, 0xe2, 0xe2, 0x09, 0x55, 0xe2, 0xe2, 0x09, 0x55, 0xe2, 0xe2, 0x09, 0x55, 0xe2, 0xe2, 0x09,
  0x55, 0xe2, 0xe2, 0x09, 0x55, 0xe2, 0xe2, 0x09, 0x55, 0xe2, 0xe2, 0x09, 0x55, 0xe2, 0xe2, 0x09,
  0x55, 0xe2, 0xe2, 0x09, 0x55, 0xe2, 0xe2, 0x09, 0x55, 0xe2, 0xe2, 0x09, 0x55, 0xe2, 0xe2, 0x09,
  0x55, 0xe2, 0xe2, 0x09, 0x55, 0xe2, 0xe2, 0x09, 0x55, 0xe2, 0xe2, 0x09, 0x55, 0xe2, 0xc6, 0x09,
  0x5c, 0xd0, 0xd0, 0x0b, 0x00, 0x7f, 0x7f, 0x02, 0x00, 0x00, 0x00, 0x00, 0x00, 0x00, 0x00, 0x00,
  0x00, 0x00, 0x00, 0x00, 0x00, 0x00, 0x00, 0x00, 0x00, 0x00, 0x00, 0x00, 0x7f, 0xff, 0xff, 0x02,
  0x00, 0xff, 0xff, 0x01, 0x00, 0x00, 0x00, 0x00, 0x00, 0x00, 0x00, 0x00, 0x00, 0x00, 0x00, 0x00,
  0x00, 0x00, 0x00, 0x00, 0x00, 0x00, 0x00, 0x00, 0x00, 0x00, 0x00, 0x00, 0x00, 0x00, 0x00, 0x00,
  0x00, 0x00, 0x00, 0x00, 0x00, 0x00, 0x00, 0x00, 0x00, 0x00, 0x00, 0x00, 0x00, 0x00, 0x00, 0x00,
  0x00, 0x00, 0x00, 0x00, 0x00, 0x00, 0x00, 0x00, 0x00, 0x00, 0x00, 0x00, 0x00, 0x00, 0x00, 0x00,
  0x00, 0x00, 0x00, 0x00, 0x00, 0x00, 0x00, 0x00, 0x00, 0x00, 0x00, 0x00, 0x00, 0x00, 0x00, 0x00,
  0x00, 0x00, 0x00, 0x00, 0x00, 0x00, 0x00, 0x00, 0x00, 0x00, 0x00, 0x00, 0x00, 0x00, 0x00, 0x00,
  0x00, 0x00, 0x00, 0x00, 0x00, 0x00, 0x00, 0x00, 0x00, 0x00, 0x00, 0x00, 0x00, 0x00, 0x00, 0x00,
  0x00, 0x00, 0x00, 0x00, 0x00, 0x00, 0x00, 0x00, 0x00, 0x00, 0x00, 0x00, 0x00, 0x00, 0x00, 0x00,
  0x00, 0x00, 0x00, 0x00, 0x00, 0x00, 0x00, 0x00, 0x00, 0x00, 0x00, 0x00, 0x00, 0x00, 0x00, 0x00,
  0x00, 0x00, 0x00, 0x00, 0x00, 0xff, 0xff, 0x01, 0x7f, 0x7f, 0x7f, 0x02, 0x00, 0x00, 0x00, 0x00,
  0x00, 0x00, 0x00, 0x00, 0x00, 0x00, 0x00, 0x00, 0x5f, 0xdf, 0xd4, 0x18, 0x59, 0xdb, 0xd2, 0x39,
  0x5b, 0xda, 0xd1, 0x54, 0x5c, 0xdd, 0xd1, 0x6b, 0x5d, 0xdc, 0xd1, 0x70, 0x5f, 0xdd, 0xd4, 0x83,
  0x60, 0xdf, 0xd5, 0x81, 0x60, 0xdd, 0xd3, 0x82, 0x60, 0xdd, 0xd3, 0x82, 0x60, 0xdd, 0xd3, 0x82,
  0x60, 0xdd, 0xd3, 0x82, 0x60, 0xdd, 0xd3, 0x82, 0x60, 0xdd, 0xd3, 0x82, 0x60, 0xdd, 0xd3, 0x82,
  0x60, 0xdd, 0xd3, 0x82, 0x60, 0xdd, 0xd3, 0x82, 0x60, 0xdd, 0xd3, 0x82, 0x60, 0xdd, 0xd3, 0x82,
  0x60, 0xdd, 0xd3, 0x82, 0x60, 0xdd, 0xd3, 0x82, 0x60, 0xdd, 0xd3, 0x82, 0x60, 0xdd, 0xd3, 0x82,
  0x60, 0xdd, 0xd3, 0x82, 0x60, 0xdd, 0xd3, 0x82, 0x60, 0xdd, 0xd3, 0x82, 0x60, 0xdd, 0xd3, 0x82,
  0x60, 0xdd, 0xd3, 0x82, 0x60, 0xdd, 0xd3, 0x82, 0x60, 0xdd, 0xd3, 0x82, 0x60, 0xdd, 0xd3, 0x82,
  0x60, 0xdd, 0xd3, 0x82, 0x60, 0xdd, 0xd3, 0x82, 0x60, 0xdd, 0xd3, 0x82, 0x60, 0xdd, 0xd3, 0x82,
  0x60, 0xdd, 0xd3, 0x82, 0x60, 0xdd, 0xd3, 0x82, 0x60, 0xdd, 0xd3, 0x82, 0x60, 0xdd, 0xd3, 0x82,
  0x60, 0xdd, 0xd3, 0x82, 0x60, 0xdd, 0xd3, 0x82, 0x60, 0xdd, 0xd3, 0x82, 0x60, 0xdd, 0xd3, 0x82,
  0x60, 0xdd, 0xd3, 0x82, 0x60, 0xdd, 0xd3, 0x82, 0x60, 0xdd, 0xd3, 0x82, 0x60, 0xdd, 0xd3, 0x82,
  0x60, 0xdd, 0xd3, 0x82, 0x60, 0xdd, 0xd3, 0x82, 0x60, 0xdd, 0xd3, 0x82, 0x60, 0xdd, 0xd3, 0x82,
  0x60, 0xdd, 0xd3, 0x82, 0x60, 0xdd, 0xd3, 0x82, 0x60, 0xdd, 0xd3, 0x82, 0x60, 0xdd, 0xd3, 0x82,
  0x60, 0xdd, 0xd3, 0x82, 0x60, 0xdd, 0xd3, 0x82, 0x60, 0xdd, 0xd3, 0x82, 0x60, 0xdd, 0xd3, 0x82,
  0x60, 0xdd, 0xd3, 0x82, 0x60, 0xdd, 0xd3, 0x82, 0x60, 0xdd, 0xd3, 0x82, 0x60, 0xdf, 0xd3, 0x81,
  0x60, 0xde, 0xd2, 0x84, 0x5f, 0xde, 0xd3, 0x75, 0x5c, 0xdd, 0xd2, 0x6c, 0x5c, 0xdd, 0xd2, 0x5b,
  0x5a, 0xdb, 0xcf, 0x41, 0x57, 0xd7, 0xcf, 0x20, 0x7f, 0xff, 0xff, 0x02, 0x00, 0x00, 0x00, 0x00,
  0x00, 0x00, 0x00, 0x00, 0x00, 0xff, 0xff, 0x01, 0x7f, 0x7f, 0x7f, 0x02, 0x00, 0x00, 0x00, 0x00,
  0x00, 0x00, 0x00, 0x00, 0x00, 0x00, 0x00, 0x00, 0x00, 0x00, 0x00, 0x00, 0x00, 0x00, 0x00, 0x00,
  0x00, 0x00, 0x00, 0x00, 0x00, 0x00, 0x00, 0x00, 0x00, 0x00, 0x00, 0x00, 0x00, 0x00, 0x00, 0x00,
  0x00, 0x00, 0x00, 0x00, 0x00, 0x00, 0x00, 0x00, 0x00, 0x00, 0x00, 0x00, 0x00, 0x00, 0x00, 0x00,
  0x00, 0x00, 0x00, 0x00, 0x00, 0x00, 0x00, 0x00, 0x00, 0x00, 0x00, 0x00, 0x00, 0x00, 0x00, 0x00,
  0x00, 0x00, 0x00, 0x00, 0x00, 0x00, 0x00, 0x00, 0x00, 0x00, 0x00, 0x00, 0x00, 0x00, 0x00, 0x00,
  0x00, 0x00, 0x00, 0x00, 0x00, 0x00, 0x00, 0x00, 0x00, 0x00, 0x00, 0x00, 0x00, 0x00, 0x00, 0x00,
  0x00, 0x00, 0x00, 0x00, 0x00, 0x00, 0x00, 0x00, 0x00, 0x00, 0x00, 0x00, 0x00, 0x00, 0x00, 0x00,
  0x00, 0x00, 0x00, 0x00, 0x00, 0x00, 0x00, 0x00, 0x00, 0x00, 0x00, 0x00, 0x00, 0xff, 0xff, 0x01,
  0x7f, 0x7f, 0x7f, 0x02, 0x00, 0x00, 0x00, 0x00, 0x00, 0x00, 0x00, 0x00, 0x5f, 0xdf, 0xcf, 0x10,
  0x5b, 0xdc, 0xd1, 0x43, 0x5d, 0xdc, 0xd1, 0x70, 0x60, 0xdf, 0xd4, 0x89, 0x64, 0xe0, 0xd5, 0x8e,
  0x64, 0xe0, 0xd5, 0x8e, 0x63, 0xe2, 0xd7, 0x8d, 0x5f, 0xdf, 0xd4, 0x90, 0x58, 0xdb, 0xcf, 0x96,
  0x58, 0xdb, 0xcf, 0x96, 0x58, 0xdb, 0xcf, 0x96, 0x58, 0xdb, 0xcf, 0x96, 0x58, 0xdb, 0xcf, 0x96,
  0x58, 0xdb, 0xcf, 0x96, 0x58, 0xdb, 0xcf, 0x96, 0x58, 0xdb, 0xcf, 0x96, 0x58, 0xdb, 0xcf, 0x96,
  0x58, 0xdb, 0xcf, 0x96, 0x58, 0xdb, 0xcf, 0x96, 0x58, 0xdb, 0xcf, 0x96, 0x58, 0xdb, 0xcf, 0x96,
  0x58, 0xdb, 0xcf, 0x96, 0x58, 0xdb, 0xcf, 0x96, 0x58, 0xdb, 0xcf, 0x96, 0x58, 0xdb, 0xcf, 0x96,
  0x58, 0xdb, 0xcf, 0x96, 0x58, 0xdb, 0xcf, 0x96, 0x58, 0xdb, 0xcf, 0x96, 0x58, 0xdb, 0xcf, 0x96,
  0x58, 0xdb, 0xcf, 0x96, 0x58, 0xdb, 0xcf, 0x96, 0x58, 0xdb, 0xcf, 0x96, 0x58, 0xdb, 0xcf, 0x96,
  0x58, 0xdb, 0xcf, 0x96, 0x58, 0xdb, 0xcf, 0x96, 0x58, 0xdb, 0xcf, 0x96, 0x58, 0xdb, 0xcf, 0x96,
  0x58, 0xdb, 0xcf, 0x96, 0x58, 0xdb, 0xcf, 0x96, 0x58, 0xdb, 0xcf, 0x96, 0x58, 0xdb, 0xcf, 0x96,
  0x58, 0xdb, 0xcf, 0x96, 0x58, 0xdb, 0xcf, 0x96, 0x58, 0xdb, 0xcf, 0x96, 0x58, 0xdb, 0xcf, 0x96,
  0x58, 0xdb, 0xcf, 0x96, 0x58, 0xdb, 0xcf, 0x96, 0x58, 0xdb, 0xcf, 0x96, 0x58, 0xdb, 0xcf, 0x96,
  0x58, 0xdb, 0xcf, 0x96, 0x58, 0xdb, 0xcf, 0x96, 0x58, 0xdb, 0xcf, 0x96, 0x58, 0xdb, 0xcf, 0x96,
  0x58, 0xdb, 0xcf, 0x96, 0x58, 0xdb, 0xcf, 0x96, 0x58, 0xdb, 0xcf, 0x96, 0x58, 0xdb, 0xcf, 0x96,
  0x58, 0xdb, 0xcf, 0x96, 0x58, 0xdb, 0xcf, 0x96, 0x58, 0xdb, 0xcf, 0x96, 0x58, 0xdb, 0xcf, 0x96,
  0x58, 0xdb, 0xcf, 0x96, 0x58, 0xdb, 0xcf, 0x96, 0x58, 0xdb, 0xcf, 0x96, 0x58, 0xdb, 0xcf, 0x96,
  0x58, 0xdc, 0xd0, 0x95, 0x5e, 0xdd, 0xd3, 0x92, 0x63, 0xe0, 0xd7, 0x8d, 0x64, 0xe0, 0xd5, 0x8e,
  0x64, 0xe2, 0xd7, 0x8e, 0x62, 0xe0, 0xd5, 0x8c, 0x5d, 0xdd, 0xd2, 0x78, 0x5c, 0xdf, 0xd2, 0x50,
  0x5e, 0xd9, 0xcf, 0x1b, 0x00, 0x00, 0x00, 0x00, 0x00, 0x00, 0x00, 0x00, 0x00, 0xff, 0xff, 0x01,
  0x00, 0xff, 0xff, 0x01, 0x00, 0x00, 0x00, 0x00, 0x00, 0x00, 0x00, 0x00, 0x00, 0x00, 0x00, 0x00,
  0x00, 0x00, 0x00, 0x00, 0x00, 0x00, 0x00, 0x00, 0x00, 0x00, 0x00, 0x00, 0x00, 0x00, 0x00, 0x00,
  0x00, 0x00, 0x00, 0x00, 0x00, 0x00, 0x00, 0x00, 0x00, 0x00, 0x00, 0x00, 0x00, 0x00, 0x00, 0x00,
  0x00, 0x00, 0x00, 0x00, 0x00, 0x00, 0x00, 0x00, 0x00, 0x00, 0x00, 0x00, 0x00, 0x00, 0x00, 0x00,
  0x00, 0x00, 0x00, 0x00, 0x00, 0x00, 0x00, 0x00, 0x00, 0x00, 0x00, 0x00, 0x00, 0x00, 0x00, 0x00,
  0x00, 0x00, 0x00, 0x00, 0x00, 0x00, 0x00, 0x00, 0x00, 0x00, 0x00, 0x00, 0x00, 0x00, 0x00, 0x00,
  0x00, 0x00, 0x00, 0x00, 0x00, 0x00, 0x00, 0x00, 0x00, 0x00, 0x00, 0x00, 0x00, 0x00, 0x00, 0x00,
  0x00, 0x00, 0x00, 0x00, 0x00, 0x00, 0x00, 0x00, 0x7f, 0x7f, 0x7f, 0x02, 0x00, 0x00, 0x00, 0x00,
  0x00, 0x00, 0x00, 0x00, 0x5f, 0xdf, 0xd4, 0x18, 0x5c, 0xdd, 0xd2, 0x5b, 0x60, 0xde, 0xd3, 0x87,
  0x64, 0xe0, 0xd7, 0x8e, 0x64, 0xe0, 0xd6, 0x8c, 0x56, 0xd9, 0xce, 0x97, 0x46, 0xd3, 0xc5, 0xae,
  0x3b, 0xcd, 0xbf, 0xc5, 0x32, 0xc7, 0xb9, 0xdd, 0x2f, 0xc7, 0xb9, 0xe6, 0x2b, 0xc5, 0xb6, 0xf7,
  0x2b, 0xc4, 0xb5, 0xf7, 0x2b, 0xc5, 0xb5, 0xf7, 0x2b, 0xc5, 0xb5, 0xf7, 0x2b, 0xc5, 0xb5, 0xf7,
  0x2b, 0xc5, 0xb5, 0xf7, 0x2b, 0xc5, 0xb5, 0xf7, 0x2b, 0xc5, 0xb5, 0xf7, 0x2b, 0xc5, 0xb5, 0xf7,
  0x2b, 0xc5, 0xb5, 0xf7, 0x2b, 0xc5, 0xb5, 0xf7, 0x2b, 0xc5, 0xb5, 0xf7, 0x2b, 0xc5, 0xb5, 0xf7,
  0x2b, 0xc5, 0xb5, 0xf7, 0x2b, 0xc5, 0xb5, 0xf7, 0x2b, 0xc5, 0xb5, 0xf7, 0x2b, 0xc5, 0xb5, 0xf7,
  0x2b, 0xc5, 0xb5, 0xf7, 0x2b, 0xc5, 0xb5, 0xf7, 0x2b, 0xc5, 0xb5, 0xf7, 0x2b, 0xc5, 0xb5, 0xf7,
  0x2b, 0xc5, 0xb5, 0xf7, 0x2b, 0xc5, 0xb5, 0xf7, 0x2b, 0xc5, 0xb5, 0xf7, 0x2b, 0xc5, 0xb5, 0xf7,
  0x2b, 0xc5, 0xb5, 0xf7, 0x2b, 0xc5, 0xb5, 0xf7, 0x2b, 0xc5, 0xb5, 0xf7, 0x2b, 0xc5, 0xb5, 0xf7,
  0x2b, 0xc5, 0xb5, 0xf7, 0x2b, 0xc5, 0xb5, 0xf7, 0x2b, 0xc5, 0xb5, 0xf7, 0x2b, 0xc5, 0xb5, 0xf7,
  0x2b, 0xc5, 0xb5, 0xf7, 0x2b, 0xc5, 0xb5, 0xf7, 0x2b, 0xc5, 0xb5, 0xf7, 0x2b, 0xc5, 0xb5, 0xf7,
  0x2b, 0xc5, 0xb5, 0xf7, 0x2b, 0xc5, 0xb5, 0xf7, 0x2b, 0xc5, 0xb5, 0xf7, 0x2b, 0xc5, 0xb5, 0xf7,
  0x2b, 0xc5, 0xb5, 0xf7, 0x2b, 0xc5, 0xb5, 0xf7, 0x2b, 0xc5, 0xb5, 0xf7, 0x2b, 0xc5, 0xb5, 0xf7,
  0x2b, 0xc5, 0xb5, 0xf7, 0x2b, 0xc5, 0xb5, 0xf7, 0x2b, 0xc5, 0xb5, 0xf7, 0x2b, 0xc5, 0xb5, 0xf7,
  0x2b, 0xc5, 0xb5, 0xf7, 0x2b, 0xc5, 0xb5, 0xf7, 0x2b, 0xc5, 0xb5, 0xf7, 0x2b, 0xc5, 0xb5, 0xf7,
  0x2b, 0xc5, 0xb5, 0xf7, 0x2b, 0xc5, 0xb5, 0xf7, 0x2b, 0xc5, 0xb5, 0xf7, 0x2b, 0xc4, 0xb5, 0xf7,
  0x2b, 0xc6, 0xb6, 0xf7, 0x2e, 0xc6, 0xb7, 0xeb, 0x32, 0xc9, 0xbb, 0xde, 0x38, 0xcc, 0xbe, 0xcb,
  0x42, 0xd1, 0xc4, 0xb4, 0x51, 0xd7, 0xcc, 0x9c, 0x61, 0xe0, 0xd5, 0x8d, 0x66, 0xe0, 0xd7, 0x8e,
  0x61, 0xdf, 0xd4, 0x8b, 0x5c, 0xdd, 0xd1, 0x6b, 0x59, 0xd8, 0xd2, 0x28, 0x00, 0x00, 0x00, 0x00,
  0x00, 0x00, 0x00, 0x00, 0x7f, 0x7f, 0x7f, 0x02, 0x00, 0x00, 0x00, 0x00, 0x00, 0x00, 0x00, 0x00,
  0x00, 0x00, 0x00, 0x00, 0x00, 0x00, 0x00, 0x00, 0x00, 0x00, 0x00, 0x00, 0x00, 0x00, 0x00, 0x00,
  0x00, 0x00, 0x00, 0x00, 0x00, 0x00, 0x00, 0x00, 0x00, 0x00, 0x00, 0x00, 0x00, 0x00, 0x00, 0x00,
  0x00, 0x00, 0x00, 0x00, 0x00, 0x00, 0x00, 0x00, 0x00, 0x00, 0x00, 0x00, 0x00, 0x00, 0x00, 0x00,
  0x00, 0x00, 0x00, 0x00, 0x00, 0x00, 0x00, 0x00, 0x00, 0x00, 0x00, 0x00, 0x00, 0x00, 0x00, 0x00,
  0x00, 0x00, 0x00, 0x00, 0x00, 0x00, 0x00, 0x00, 0x00, 0x00, 0x00, 0x00, 0x00, 0x00, 0x00, 0x00,
  0x00, 0x00, 0x00, 0x00, 0x00, 0x00, 0x00, 0x00, 0x00, 0x00, 0x00, 0x00, 0x00, 0x00, 0x00, 0x00,
  0x00, 0x00, 0x00, 0x00, 0x7f, 0xff, 0xff, 0x02, 0x00, 0x00, 0x00, 0x00, 0x5c, 0xe7, 0xe7, 0x0b,
  0x5b, 0xdd, 0xd1, 0x54, 0x5e, 0xde, 0xd3, 0x8d, 0x65, 0xe2, 0xd7, 0x8d, 0x5d, 0xdc, 0xd2, 0x8e,
  0x42, 0xd1, 0xc4, 0xb3, 0x33, 0xcb, 0xbd, 0xd9, 0x2b, 0xc6, 0xb7, 0xf8, 0x29, 0xc8, 0xb9, 0xff,
  0x29, 0xc9, 0xba, 0xff, 0x29, 0xc8, 0xb9, 0xff, 0x2a, 0xc7, 0xb8, 0xff, 0x2a, 0xc5, 0xb6, 0xff,
  0x2a, 0xc5, 0xb6, 0xff, 0x2a, 0xc5, 0xb6, 0xff, 0x2a, 0xc5, 0xb6, 0xff, 0x2a, 0xc5, 0xb6, 0xff,
  0x2a, 0xc5, 0xb6, 0xff, 0x2a, 0xc5, 0xb6, 0xff, 0x2a, 0xc5, 0xb6, 0xff, 0x2a, 0xc5, 0xb6, 0xff,
  0x2a, 0xc5, 0xb6, 0xff, 0x2a, 0xc5, 0xb6, 0xff, 0x2a, 0xc5, 0xb6, 0xff, 0x2a, 0xc5, 0xb6, 0xff,
  0x2a, 0xc5, 0xb6, 0xff, 0x2a, 0xc5, 0xb6, 0xff, 0x2a, 0xc5, 0xb6, 0xff, 0x2a, 0xc5, 0xb6, 0xff,
  0x2a, 0xc5, 0xb6, 0xff, 0x2a, 0xc5, 0xb6, 0xff, 0x2a, 0xc5, 0xb6, 0xff, 0x2a, 0xc5, 0xb6, 0xff,
  0x2a, 0xc5, 0xb6, 0xff, 0x2a, 0xc5, 0xb6, 0xff, 0x2a, 0xc5, 0xb6, 0xff, 0x2a, 0xc5, 0xb6, 0xff,
  0x2a, 0xc5, 0xb6, 0xff, 0x2a, 0xc5, 0xb6, 0xff, 0x2a, 0xc5, 0xb6, 0xff, 0x2a, 0xc5, 0xb6, 0xff,
  0x2a, 0xc5, 0xb6, 0xff, 0x2a, 0xc5, 0xb6, 0xff, 0x2a, 0xc5, 0xb6, 0xff, 0x2a, 0xc5, 0xb6, 0xff,
  0x2a, 0xc5, 0xb6, 0xff, 0x2a, 0xc5, 0xb6, 0xff, 0x2a, 0xc5, 0xb6, 0xff, 0x2a, 0xc5, 0xb6, 0xff,
  0x2a, 0xc5, 0xb6, 0xff, 0x2a, 0xc5, 0xb6, 0xff, 0x2a, 0xc5, 0xb6, 0xff, 0x2a, 0xc5, 0xb6, 0xff,
  0x2a, 0xc5, 0xb6, 0xff, 0x2a, 0xc5, 0xb6, 0xff, 0x2a, 0xc5, 0xb6, 0xff, 0x2a, 0xc5, 0xb6, 0xff,
  0x2a, 0xc5, 0xb6, 0xff, 0x2a, 0xc5, 0xb6, 0xff, 0x2a, 0xc5, 0xb6, 0xff, 0x2a, 0xc5, 0xb6, 0xff,
  0x2a, 0xc5, 0xb6, 0xff, 0x2a, 0xc5, 0xb6, 0xff, 0x2a, 0xc5, 0xb6, 0xff, 0x2a, 0xc5, 0xb6, 0xff,
  0x2a, 0xc5, 0xb6, 0xff, 0x2a, 0xc5, 0xb6, 0xff, 0x2a, 0xc5, 0xb6, 0xff, 0x2a, 0xc5, 0xb6, 0xff,
  0x2a, 0xc5, 0xb6, 0xff, 0x2a, 0xc7, 0xb7, 0xff, 0x29, 0xc8, 0xb9, 0xff, 0x29, 0xc9, 0xba, 0xff,
  0x29, 0xc9, 0xb9, 0xff, 0x2a, 0xc5, 0xb6, 0xfd, 0x31, 0xc9, 0xba, 0xe3, 0x3f, 0xcf, 0xc2, 0xbd,
  0x57, 0xdc, 0xd0, 0x94, 0x66, 0xe1, 0xd6, 0x8b, 0x61, 0xdf, 0xd4, 0x90, 0x5d, 0xdc, 0xd2, 0x68,
  0x5f, 0xdf, 0xd4, 0x18, 0x00, 0x00, 0x00, 0x00, 0x00, 0xff, 0xff, 0x01, 0x00, 0xff, 0xff, 0x01,
  0x00, 0x00, 0x00, 0x00, 0x00, 0x00, 0x00, 0x00, 0x00, 0x00, 0x00, 0x00, 0x00, 0x00, 0x00, 0x00,
  0x00, 0x00, 0x00, 0x00, 0x00, 0x00, 0x00, 0x00, 0x00, 0x00, 0x00, 0x00, 0x00, 0x00, 0x00, 0x00,
  0x00, 0x00, 0x00, 0x00, 0x00, 0x00, 0x00, 0x00, 0x00, 0x00, 0x00, 0x00, 0x00, 0x00, 0x00, 0x00,
  0x00, 0x00, 0x00, 0x00, 0x00, 0x00, 0x00, 0x00, 0x00, 0x00, 0x00, 0x00, 0x00, 0x00, 0x00, 0x00,
  0x00, 0x00, 0x00, 0x00, 0x00, 0x00, 0x00, 0x00, 0x00, 0x00, 0x00, 0x00, 0x00, 0x00, 0x00, 0x00,
  0x00, 0x00, 0x00, 0x00, 0x00, 0x00, 0x00, 0x00, 0x00, 0x00, 0x00, 0x00, 0x00, 0x00, 0x00, 0x00,
  0x00, 0xff, 0xff, 0x01, 0x00, 0x00, 0x00, 0x00, 0x5b, 0xde, 0xd7, 0x27, 0x5d, 0xdb, 0xd2, 0x83,
  0x63, 0xdf, 0xd6, 0x90, 0x5e, 0xde, 0xd3, 0x8c, 0x42, 0xd1, 0xc4, 0xb4, 0x2e, 0xc7, 0xb9, 0xeb,
  0x29, 0xc9, 0xba, 0xff, 0x29, 0xc8, 0xb9, 0xff, 0x2a, 0xc5, 0xb6, 0xff, 0x2a, 0xc3, 0xb4, 0xfe,
  0x2a, 0xc4, 0xb5, 0xfd, 0x2a, 0xc3, 0xb4, 0xfe, 0x2a, 0xc3, 0xb4, 0xfe, 0x2a, 0xc4, 0xb5, 0xfe,
  0x2a, 0xc4, 0xb5, 0xfe, 0x2a, 0xc4, 0xb5, 0xfe, 0x2a, 0xc4, 0xb5, 0xfe, 0x2a, 0xc4, 0xb5, 0xfe,
  0x2a, 0xc4, 0xb5, 0xfe, 0x2a, 0xc4, 0xb5, 0xfe, 0x2a, 0xc4, 0xb5, 0xfe, 0x2a, 0xc4, 0xb5, 0xfe,
  0x2a, 0xc4, 0xb5, 0xfe, 0x2a, 0xc4, 0xb5, 0xfe, 0x2a, 0xc4, 0xb5, 0xfe, 0x2a, 0xc4, 0xb5, 0xfe,
  0x2a, 0xc4, 0xb5, 0xfe, 0x2a, 0xc4, 0xb5, 0xfe, 0x2a, 0xc4, 0xb5, 0xfe, 0x2a, 0xc4, 0xb5, 0xfe,
  0x2a, 0xc4, 0xb5, 0xfe, 0x2a, 0xc4, 0xb5, 0xfe, 0x2a, 0xc4, 0xb5, 0xfe, 0x2a, 0xc4, 0xb5, 0xfe,
  0x2a, 0xc4, 0xb5, 0xfe, 0x2a, 0xc4, 0xb5, 0xfe, 0x2a, 0xc4, 0xb5, 0xfe, 0x2a, 0xc4, 0xb5, 0xfe,
  0x2a, 0xc4, 0xb5, 0xfe, 0x2a, 0xc4, 0xb5, 0xfe, 0x2a, 0xc4, 0xb5, 0xfe, 0x2a, 0xc4, 0xb5, 0xfe,
  0x2a, 0xc4, 0xb5, 0xfe, 0x2a, 0xc4, 0xb5, 0xfe, 0x2a, 0xc4, 0xb5, 0xfe, 0x2a, 0xc4, 0xb5, 0xfe,
  0x2a, 0xc4, 0xb5, 0xfe, 0x2a, 0xc4, 0xb5, 0xfe, 0x2a, 0xc4, 0xb5, 0xfe, 0x2a, 0xc4, 0xb5, 0xfe,
  0x2a, 0xc4, 0xb5, 0xfe, 0x2a, 0xc4, 0xb5, 0xfe, 0x2a, 0xc4, 0xb5, 0xfe, 0x2a, 0xc4, 0xb5, 0xfe,
  0x2a, 0xc4, 0xb5, 0xfe, 0x2a, 0xc4, 0xb5, 0xfe, 0x2a, 0xc4, 0xb5, 0xfe, 0x2a, 0xc4, 0xb5, 0xfe,
  0x2a, 0xc4, 0xb5, 0xfe, 0x2a, 0xc4, 0xb5, 0xfe, 0x2a, 0xc4, 0xb5, 0xfe, 0x2a, 0xc4, 0xb5, 0xfe,
  0x2a, 0xc4, 0xb5, 0xfe, 0x2a, 0xc4, 0xb5, 0xfe, 0x2a, 0xc4, 0xb5, 0xfe, 0x2a, 0xc4, 0xb5, 0xfe,
  0x2a, 0xc4, 0xb5, 0xfe, 0x2a, 0xc4, 0xb5, 0xfe, 0x2a, 0xc4, 0xb5, 0xfe, 0x2a, 0xc4, 0xb5, 0xfe,
  0x2a, 0xc4, 0xb5, 0xfe, 0x2a, 0xc3, 0xb4, 0xfe, 0x2a, 0xc3, 0xb4, 0xfe, 0x2a, 0xc4, 0xb5, 0xfd,
  0x2a, 0xc4, 0xb5, 0xfd, 0x2a, 0xc4, 0xb5, 0xff, 0x29, 0xc7, 0xb8, 0xff, 0x29, 0xca, 0xba, 0xff,
  0x2c, 0xc6, 0xb8, 0xf5, 0x3c, 0xce, 0xc1, 0xc2, 0x59, 0xdc, 0xcf, 0x92, 0x64, 0xe1, 0xd6, 0x8c,
  0x5f, 0xde, 0xd3, 0x8e, 0x5b, 0xdb, 0xd3, 0x40, 0x00, 0x00, 0x00, 0x00, 0x00, 0x00, 0x00, 0x00,
  0x00, 0xff, 0xff, 0x01, 0x00, 0x00, 0x00, 0x00, 0x00, 0x00, 0x00, 0x00, 0x00, 0x00, 0x00, 0x00,
  0x00, 0x00, 0x00, 0x00, 0x00, 0x00, 0x00, 0x00, 0x00, 0x00, 0x00, 0x00, 0x00, 0x00, 0x00, 0x00,
  0x00, 0x00, 0x00, 0x00, 0x00, 0x00, 0x00, 0x00, 0x00, 0x00, 0x00, 0x00, 0x00, 0x00, 0x00, 0x00,
  0x00, 0x00, 0x00, 0x00, 0x00, 0x00, 0x00, 0x00, 0x00, 0x00, 0x00, 0x00, 0x00, 0x00, 0x00, 0x00,
  0x00, 0x00, 0x00, 0x00, 0x00, 0x00, 0x00, 0x00, 0x00, 0x00, 0x00, 0x00, 0x00, 0x00, 0x00, 0x00,
  0x00, 0x00, 0x00, 0x00, 0x00, 0x00, 0x00, 0x00, 0x00, 0xff, 0xff, 0x01, 0x00, 0xff, 0xff, 0x01,
  0x00, 0x00, 0x00, 0x00, 0x5c, 0xdb, 0xd0, 0x48, 0x5e, 0xdd, 0xd3, 0x91, 0x65, 0xe1, 0xd7, 0x88,
  0x48, 0xd2, 0xc6, 0xa8, 0x2e, 0xc8, 0xb9, 0xeb, 0x29, 0xc9, 0xb9, 0xff, 0x2a, 0xc7, 0xb7, 0xff,
  0x2a, 0xc4, 0xb5, 0xfd, 0x2a, 0xc3, 0xb4, 0xfe, 0x2a, 0xc4, 0xb5, 0xff, 0x2a, 0xc4, 0xb5, 0xff,
  0x2a, 0xc4, 0xb5, 0xff, 0x2a, 0xc4, 0xb5, 0xff, 0x2a, 0xc4, 0xb5, 0xff, 0x2a, 0xc4, 0xb5, 0xff,
  0x2a, 0xc4, 0xb5, 0xff, 0x2a, 0xc4, 0xb5, 0xff, 0x2a, 0xc4, 0xb5, 0xff, 0x2a, 0xc4, 0xb5, 0xff,
  0x2a, 0xc4, 0xb5, 0xff, 0x2a, 0xc4, 0xb5, 0xff, 0x2a, 0xc4, 0xb5, 0xff, 0x2a, 0xc4, 0xb5, 0xff,
  0x2a, 0xc4, 0xb5, 0xff, 0x2a, 0xc4, 0xb5, 0xff, 0x2a, 0xc4, 0xb5, 0xff, 0x2a, 0xc4, 0xb5, 0xff,
  0x2a, 0xc4, 0xb5, 0xff, 0x2a, 0xc4, 0xb5, 0xff, 0x2a, 0xc4, 0xb5, 0xff, 0x2a, 0xc4, 0xb5, 0xff,
  0x2a, 0xc4, 0xb5, 0xff, 0x2a, 0xc4, 0xb5, 0xff, 0x2a, 0xc4, 0xb5, 0xff, 0x2a, 0xc4, 0xb5, 0xff,
  0x2a, 0xc4, 0xb5, 0xff, 0x2a, 0xc4, 0xb5, 0xff, 0x2a, 0xc4, 0xb5, 0xff, 0x2a, 0xc4, 0xb5, 0xff,
  0x2a, 0xc4, 0xb5, 0xff, 0x2a, 0xc4, 0xb5, 0xff, 0x2a, 0xc4, 0xb5, 0xff, 0x2a, 0xc4, 0xb5, 0xff,
  0x2a, 0xc4, 0xb5, 0xff, 0x2a, 0xc4, 0xb5, 0xff, 0x2a, 0xc4, 0xb5, 0xff, 0x2a, 0xc4, 0xb5, 0xff,
  0x2a, 0xc4, 0xb5, 0xff, 0x2a, 0xc4, 0xb5, 0xff, 0x2a, 0xc4, 0xb5, 0xff, 0x2a, 0xc4, 0xb5, 0xff,
  0x2a, 0xc4, 0xb5, 0xff, 0x2a, 0xc4, 0xb5, 0xff, 0x2a, 0xc4, 0xb5, 0xff, 0x2a, 0xc4, 0xb5, 0xff,
  0x2a, 0xc4, 0xb5, 0xff, 0x2a, 0xc4, 0xb5, 0xff, 0x2a, 0xc4, 0xb5, 0xff, 0x2a, 0xc4, 0xb5, 0xff,
  0x2a, 0xc4, 0xb5, 0xff, 0x2a, 0xc4, 0xb5, 0xff, 0x2a, 0xc4, 0xb5, 0xff, 0x2a, 0xc4, 0xb5, 0xff,
  0x2a, 0xc4, 0xb5, 0xff, 0x2a, 0xc4, 0xb5, 0xff, 0x2a, 0xc4, 0xb5, 0xff, 0x2a, 0xc4, 0xb5, 0xff,
  0x2a, 0xc4, 0xb5, 0xff, 0x2a, 0xc4, 0xb5, 0xff, 0x2a, 0xc4, 0xb5, 0xff, 0x2a, 0xc4, 0xb5, 0xff,
  0x2a, 0xc4, 0xb5, 0xff, 0x2a, 0xc4, 0xb5, 0xff, 0x2a, 0xc4, 0xb5, 0xff, 0x2a, 0xc4, 0xb5, 0xff,
  0x2a, 0xc4, 0xb5, 0xff, 0x2a, 0xc4, 0xb5, 0xff, 0x2a, 0xc3, 0xb4, 0xfe, 0x2a, 0xc4, 0xb5, 0xfd,
  0x2a, 0xc5, 0xb6, 0xff, 0x29, 0xc9, 0xba, 0xff, 0x2c, 0xc7, 0xb8, 0xf5, 0x40, 0xcf, 0xc2, 0xba,
  0x63, 0xdf, 0xd5, 0x88, 0x61, 0xdf, 0xd5, 0x93, 0x5c, 0xdc, 0xd2, 0x61, 0x55, 0xe2, 0xe2, 0x09,
  0x00, 0x00, 0x00, 0x00, 0x7f, 0x7f, 0x7f, 0x02, 0x00, 0x00, 0x00, 0x00, 0x00, 0x00, 0x00, 0x00,
  0x00, 0x00, 0x00, 0x00, 0x00, 0x00, 0x00, 0x00, 0x00, 0x00, 0x00, 0x00, 0x00, 0x00, 0x00, 0x00,
  0x00, 0x00, 0x00, 0x00, 0x00, 0x00, 0x00, 0x00, 0x00, 0x00, 0x00, 0x00, 0x00, 0x00, 0x00, 0x00,
  0x00, 0x00, 0x00, 0x00, 0x00, 0x00, 0x00, 0x00, 0x00, 0x00, 0x00, 0x00, 0x00, 0x00, 0x00, 0x00,
  0x00, 0x00, 0x00, 0x00, 0x00, 0x00, 0x00, 0x00, 0x00, 0x00, 0x00, 0x00, 0x00, 0x00, 0x00, 0x00,
  0x00, 0x00, 0x00, 0x00, 0x00, 0xff, 0xff, 0x01, 0x7f, 0x7f, 0x7f, 0x02, 0x00, 0x00, 0x00, 0x00,
  0x5d, 0xdb, 0xd3, 0x57, 0x60, 0xde, 0xd4, 0x97, 0x60, 0xdd, 0xd4, 0x89, 0x39, 0xcc, 0xbe, 0xcb,
  0x2a, 0xc8, 0xb8, 0xff, 0x2a, 0xc7, 0xb8, 0xff, 0x2a, 0xc4, 0xb5, 0xfd, 0x2a, 0xc3, 0xb4, 0xfe,
  0x2a, 0xc4, 0xb5, 0xff, 0x2a, 0xc4, 0xb5, 0xff, 0x2a, 0xc4, 0xb5, 0xff, 0x2a, 0xc4, 0xb5, 0xff,
  0x2a, 0xc4, 0xb5, 0xff, 0x2a, 0xc4, 0xb5, 0xff, 0x2a, 0xc4, 0xb5, 0xff, 0x2a, 0xc4, 0xb5, 0xff,
  0x2a, 0xc4, 0xb5, 0xff, 0x2a, 0xc4, 0xb5, 0xff, 0x2a, 0xc4, 0xb5, 0xff, 0x2a, 0xc4, 0xb5, 0xff,
  0x2a, 0xc4, 0xb5, 0xff, 0x2a, 0xc4, 0xb5, 0xff, 0x2a, 0xc4, 0xb5, 0xff, 0x2a, 0xc4, 0xb5, 0xff,
  0x2a, 0xc4, 0xb5, 0xff, 0x2a, 0xc4, 0xb5, 0xff, 0x2a, 0xc4, 0xb5, 0xff, 0x2a, 0xc4, 0xb5, 0xff,
  0x2a, 0xc4, 0xb5, 0xff, 0x2a, 0xc4, 0xb5, 0xff, 0x2a, 0xc4, 0xb5, 0xff, 0x2a, 0xc4, 0xb5, 0xff,
  0x2a, 0xc4, 0xb5, 0xff, 0x2a, 0xc4, 0xb5, 0xff, 0x2a, 0xc4, 0xb5, 0xff, 0x2a, 0xc4, 0xb5, 0xff,
  0x2a, 0xc4, 0xb5, 0xff, 0x2a, 0xc4, 0xb5, 0xff, 0x2a, 0xc4, 0xb5, 0xff, 0x2a, 0xc4, 0xb5, 0xff,
  0x2a, 0xc4, 0xb5, 0xff, 0x2a, 0xc4, 0xb5, 0xff, 0x2a, 0xc4, 0xb5, 0xff, 0x2a, 0xc4, 0xb5, 0xff,
  0x2a, 0xc4, 0xb5, 0xff, 0x2a, 0xc4, 0xb5, 0xff, 0x2a, 0xc4, 0xb5, 0xff, 0x2a, 0xc4, 0xb5, 0xff,
  0x2a, 0xc4, 0xb5, 0xff, 0x2a, 0xc4, 0xb5, 0xff, 0x2a, 0xc4, 0xb5, 0xff, 0x2a, 0xc4, 0xb5, 0xff,
  0x2a, 0xc4, 0xb5, 0xff, 0x2a, 0xc4, 0xb5, 0xff, 0x2a, 0xc4, 0xb5, 0xff, 0x2a, 0xc4, 0xb5, 0xff,
  0x2a, 0xc4, 0xb5, 0xff, 0x2a, 0xc4, 0xb5, 0xff, 0x2a, 0xc4, 0xb5, 0xff, 0x2a, 0xc4, 0xb5, 0xff,
  0x2a, 0xc4, 0xb5, 0xff, 0x2a, 0xc4, 0xb5, 0xff, 0x2a, 0xc4, 0xb5, 0xff, 0x2a, 0xc4, 0xb5, 0xff,
  0x2a, 0xc4, 0xb5, 0xff, 0x2a, 0xc4, 0xb5, 0xff, 0x2a, 0xc4, 0xb5, 0xff, 0x2a, 0xc4, 0xb5, 0xff,
  0x2a, 0xc4, 0xb5, 0xff, 0x2a, 0xc4, 0xb5, 0xff, 0x2a, 0xc4, 0xb5, 0xff, 0x2a, 0xc4, 0xb5, 0xff,
  0x2a, 0xc4, 0xb5, 0xff, 0x2a, 0xc4, 0xb5, 0xff, 0x2a, 0xc4, 0xb5, 0xff, 0x2a, 0xc4, 0xb5, 0xff,
  0x2a, 0xc4, 0xb5, 0xff, 0x2a, 0xc4, 0xb5, 0xff, 0x2a, 0xc4, 0xb5, 0xff, 0x2a, 0xc4, 0xb5, 0xff,
  0x2a, 0xc4, 0xb5, 0xfe, 0x2a, 0xc4, 0xb5, 0xfd, 0x2a, 0xc5, 0xb6, 0xff, 0x29, 0xc9, 0xba, 0xff,
  0x33, 0xc9, 0xbb, 0xdf, 0x57, 0xda, 0xcf, 0x92, 0x63, 0xe1, 0xd6, 0x92, 0x5c, 0xdb, 0xd0, 0x74,
  0x55, 0xe2, 0xc6, 0x09, 0x00, 0x00, 0x00, 0x00, 0x7f, 0x7f, 0x7f, 0x02, 0x00, 0x00, 0x00, 0x00,
  0x00, 0x00, 0x00, 0x00, 0x00, 0x00, 0x00, 0x00, 0x00, 0x00, 0x00, 0x00, 0x00, 0x00, 0x00, 0x00,
  0x00, 0x00, 0x00, 0x00, 0x00, 0x00, 0x00, 0x00, 0x00, 0x00, 0x00, 0x00, 0x00, 0x00, 0x00, 0x00,
  0x00, 0x00, 0x00, 0x00, 0x00, 0x00, 0x00, 0x00, 0x00, 0x00, 0x00, 0x00, 0x00, 0x00, 0x00, 0x00,
  0x00, 0x00, 0x00, 0x00, 0x00, 0x00, 0x00, 0x00, 0x00, 0x00, 0x00, 0x00, 0x00, 0x00, 0x00, 0x00,
  0x00, 0x00, 0x00, 0x01, 0x00, 0xff, 0xff, 0x01, 0x00, 0x00, 0x00, 0x00, 0x5d, 0xdb, 0xd3, 0x57,
  0x63, 0xe1, 0xd5, 0x92, 0x5c, 0xdc, 0xd1, 0x8d, 0x31, 0xc9, 0xba, 0xe4, 0x29, 0xca, 0xba, 0xff,
  0x2a, 0xc3, 0xb5, 0xfe, 0x2a, 0xc3, 0xb4, 0xfe, 0x2a, 0xc4, 0xb5, 0xff, 0x2a, 0xc4, 0xb5, 0xff,
  0x2a, 0xc4, 0xb5, 0xff, 0x2a, 0xc4, 0xb5, 0xff, 0x2a, 0xc4, 0xb5, 0xff, 0x2a, 0xc4, 0xb5, 0xff,
  0x2a, 0xc4, 0xb5, 0xff, 0x2a, 0xc4, 0xb5, 0xff, 0x2a, 0xc4, 0xb5, 0xff, 0x2a, 0xc4, 0xb5, 0xff,
  0x2a, 0xc4, 0xb5, 0xff, 0x2a, 0xc4, 0xb5, 0xff, 0x2a, 0xc4, 0xb5, 0xff, 0x2a, 0xc4, 0xb5, 0xff,
  0x2a, 0xc4, 0xb5, 0xff, 0x2a, 0xc4, 0xb5, 0xff, 0x2a, 0xc4, 0xb5, 0xff, 0x2a, 0xc4, 0xb5, 0xff,
  0x2a, 0xc4, 0xb5, 0xff, 0x2a, 0xc4, 0xb5, 0xff, 0x2a, 0xc4, 0xb5, 0xff, 0x2a, 0xc4, 0xb5, 0xff,
  0x2a, 0xc4, 0xb5, 0xff, 0x2a, 0xc4, 0xb5, 0xff, 0x2a, 0xc4, 0xb5, 0xff, 0x2a, 0xc4, 0xb5, 0xff,
  0x2a, 0xc4, 0xb5, 0xff, 0x2a, 0xc4, 0xb5, 0xff, 0x2a, 0xc4, 0xb5, 0xff, 0x2a, 0xc4, 0xb5, 0xff,
  0x2a, 0xc4, 0xb5, 0xff, 0x2a, 0xc4, 0xb5, 0xff, 0x2a, 0xc4, 0xb5, 0xff, 0x2a, 0xc4, 0xb5, 0xff,
  0x2a, 0xc4, 0xb5, 0xff, 0x2a, 0xc4, 0xb5, 0xff, 0x2a, 0xc4, 0xb5, 0xff, 0x2a, 0xc4, 0xb5, 0xff,
  0x2a, 0xc4, 0xb5, 0xff, 0x2a, 0xc4, 0xb5, 0xff, 0x2a, 0xc4, 0xb5, 0xff, 0x2a, 0xc4, 0xb5, 0xff,
  0x2a, 0xc4, 0xb5, 0xff, 0x2a, 0xc4, 0xb5, 0xff, 0x2a, 0xc4, 0xb5, 0xff, 0x2a, 0xc4, 0xb5, 0xff,
  0x2a, 0xc4, 0xb5, 0xff, 0x2a, 0xc4, 0xb5, 0xff, 0x2a, 0xc4, 0xb5, 0xff, 0x2a, 0xc4, 0xb5, 0xff,
  0x2a, 0xc4, 0xb5, 0xff, 0x2a, 0xc4, 0xb5, 0xff, 0x2a, 0xc4, 0xb5, 0xff, 0x2a, 0xc4, 0xb5, 0xff,
  0x2a, 0xc4, 0xb5, 0xff, 0x2a, 0xc4, 0xb5, 0xff, 0x2a, 0xc4, 0xb5, 0xff, 0x2a, 0xc4, 0xb5, 0xff,
  0x2a, 0xc4, 0xb5, 0xff, 0x2a, 0xc4, 0xb5, 0xff, 0x2a, 0xc4, 0xb5, 0xff, 0x2a, 0xc4, 0xb5, 0xff,
  0x2a, 0xc4, 0xb5, 0xff, 0x2a, 0xc4, 0xb5, 0xff, 0x2a, 0xc4, 0xb5, 0xff, 0x2a, 0xc4, 0xb5, 0xff,
  0x2a, 0xc4, 0xb5, 0xff, 0x2a, 0xc4, 0xb5, 0xff, 0x2a, 0xc4, 0xb5, 0xff, 0x2a, 0xc4, 0xb5, 0xff,
  0x2a, 0xc4, 0xb5, 0xff, 0x2a, 0xc4, 0xb5, 0xff, 0x2a, 0xc4, 0xb5, 0xff, 0x2a, 0xc4, 0xb5, 0xff,
  0x2a, 0xc4, 0xb5, 0xff, 0x2a, 0xc4, 0xb5, 0xff, 0x2a, 0xc4, 0xb5, 0xfe, 0x2a, 0xc4, 0xb5, 0xfd,
  0x29, 0xc8, 0xb9, 0xff, 0x2c, 0xc7, 0xb8, 0xf4, 0x4e, 0xd5, 0xc8, 0x9f, 0x66, 0xe1, 0xd6, 0x8c,
  0x5c, 0xdb, 0xd0, 0x74, 0x55, 0xe2, 0xc6, 0x09, 0x00, 0x00, 0x00, 0x00, 0x00, 0xff, 0xff, 0x01,
  0x00, 0x00, 0x00, 0x00, 0x00, 0x00, 0x00, 0x00, 0x00, 0x00, 0x00, 0x00, 0x00, 0x00, 0x00, 0x00,
  0x00, 0x00, 0x00, 0x00, 0x00, 0x00, 0x00, 0x00, 0x00, 0x00, 0x00, 0x00, 0x00, 0x00, 0x00, 0x00,
  0x00, 0x00, 0x00, 0x00, 0x00, 0x00, 0x00, 0x00, 0x00, 0x00, 0x00, 0x00, 0x00, 0x00, 0x00, 0x00,
  0x00, 0x00, 0x00, 0x00, 0x00, 0x00, 0x00, 0x00, 0x00, 0x00, 0x00, 0x00, 0x00, 0x00, 0x00, 0x00,
  0x7f, 0xff, 0xff, 0x02, 0x00, 0x00, 0x00, 0x00, 0x5a, 0xdb, 0xd0, 0x57, 0x63, 0xe1, 0xd5, 0x92,
  0x53, 0xd8, 0xcc, 0x98, 0x30, 0xca, 0xbb, 0xe9, 0x29, 0xc9, 0xb9, 0xff, 0x2a, 0xc3, 0xb5, 0xfd,
  0x2a, 0xc4, 0xb5, 0xff, 0x2a, 0xc4, 0xb5, 0xff, 0x2a, 0xc4, 0xb5, 0xff, 0x2a, 0xc4, 0xb5, 0xff,
  0x2a, 0xc4, 0xb5, 0xff, 0x2a, 0xc4, 0xb5, 0xff, 0x2a, 0xc4, 0xb5, 0xff, 0x2a, 0xc4, 0xb5, 0xff,
  0x2a, 0xc4, 0xb5, 0xff, 0x2a, 0xc4, 0xb5, 0xff, 0x2a, 0xc4, 0xb5, 0xff, 0x2a, 0xc4, 0xb5, 0xff,
  0x2a, 0xc4, 0xb5, 0xff, 0x2a, 0xc4, 0xb5, 0xff, 0x2a, 0xc4, 0xb5, 0xff, 0x2a, 0xc4, 0xb5, 0xff,
  0x2a, 0xc4, 0xb5, 0xff, 0x2a, 0xc4, 0xb5, 0xff, 0x2a, 0xc4, 0xb5, 0xff, 0x2a, 0xc4, 0xb5, 0xff,
  0x2a, 0xc4, 0xb5, 0xff, 0x2a, 0xc4, 0xb5, 0xff, 0x2a, 0xc4, 0xb5, 0xff, 0x2a, 0xc4, 0xb5, 0xff,
  0x2a, 0xc4, 0xb5, 0xff, 0x2a, 0xc4, 0xb5, 0xff, 0x2a, 0xc4, 0xb5, 0xff, 0x2a, 0xc4, 0xb5, 0xff,
  0x2a, 0xc4, 0xb5, 0xff, 0x2a, 0xc4, 0xb5, 0xff, 0x2a, 0xc4, 0xb5, 0xff, 0x2a, 0xc4, 0xb5, 0xff,
  0x2a, 0xc4, 0xb5, 0xff, 0x2a, 0xc4, 0xb5, 0xff, 0x2a, 0xc4, 0xb5, 0xff, 0x2a, 0xc4, 0xb5, 0xff,
  0x2a, 0xc4, 0xb5, 0xff, 0x2a, 0xc4, 0xb5, 0xff, 0x2a, 0xc4, 0xb5, 0xff, 0x2a, 0xc4, 0xb5, 0xff,
  0x2a, 0xc4, 0xb5, 0xff, 0x2a, 0xc4, 0xb5, 0xff, 0x2a, 0xc4, 0xb5, 0xff, 0x2a, 0xc4, 0xb5, 0xff,
  0x2a, 0xc4, 0xb5, 0xff, 0x2a, 0xc4, 0xb5, 0xff, 0x2a, 0xc4, 0xb5, 0xff, 0x2a, 0xc4, 0xb5, 0xff,
  0x2a, 0xc4, 0xb5, 0xff, 0x2a, 0xc4, 0xb5, 0xff, 0x2a, 0xc4, 0xb5, 0xff, 0x2a, 0xc4, 0xb5, 0xff,
  0x2a, 0xc4, 0xb5, 0xff, 0x2a, 0xc4, 0xb5, 0xff, 0x2a, 0xc4, 0xb5, 0xff, 0x2a, 0xc4, 0xb5, 0xff,
  0x2a, 0xc4, 0xb5, 0xff, 0x2a, 0xc4, 0xb5, 0xff, 0x2a, 0xc4, 0xb5, 0xff, 0x2a, 0xc4, 0xb5, 0xff,
  0x2a, 0xc4, 0xb5, 0xff, 0x2a, 0xc4, 0xb5, 0xff, 0x2a, 0xc4, 0xb5, 0xff, 0x2a, 0xc4, 0xb5, 0xff,
  0x2a, 0xc4, 0xb5, 0xff, 0x2a, 0xc4, 0xb5, 0xff, 0x2a, 0xc4, 0xb5, 0xff, 0x2a, 0xc4, 0xb5, 0xff,
  0x2a, 0xc4, 0xb5, 0xff, 0x2a, 0xc4, 0xb5, 0xff, 0x2a, 0xc4, 0xb5, 0xff, 0x2a, 0xc4, 0xb5, 0xff,
  0x2a, 0xc4, 0xb5, 0xff, 0x2a, 0xc4, 0xb5, 0xff, 0x2a, 0xc4, 0xb5, 0xff, 0x2a, 0xc4, 0xb5, 0xff,
  0x2a, 0xc4, 0xb5, 0xff, 0x2a, 0xc4, 0xb5, 0xff, 0x2a, 0xc4, 0xb5, 0xff, 0x2a, 0xc4, 0xb5, 0xff,
  0x2a, 0xc4, 0xb5, 0xfd, 0x29, 0xc7, 0xb7, 0xff, 0x2b, 0xc7, 0xb8, 0xf8, 0x47, 0xd2, 0xc4, 0xab,
  0x64, 0xe0, 0xd5, 0x8e, 0x5d, 0xdd, 0xd2, 0x73, 0x66, 0xe5, 0xcc, 0x0a, 0x00, 0xff, 0xff, 0x01,
  0x00, 0xff, 0xff, 0x01, 0x00, 0x00, 0x00, 0x00, 0x00, 0x00, 0x00, 0x00, 0x00, 0x00, 0x00, 0x00,
  0x00, 0x00, 0x00, 0x00, 0x00, 0x00, 0x00, 0x00, 0x00, 0x00, 0x00, 0x00, 0x00, 0x00, 0x00, 0x00,
  0x00, 0x00, 0x00, 0x00, 0x00, 0x00, 0x00, 0x00, 0x00, 0x00, 0x00, 0x00, 0x00, 0x00, 0x00, 0x00,
  0x00, 0x00, 0x00, 0x00, 0x00, 0x00, 0x00, 0x00, 0x00, 0x00, 0x00, 0x00, 0x7f, 0xff, 0xff, 0x02,
  0x00, 0x00, 0x00, 0x00, 0x5e, 0xde, 0xd3, 0x46, 0x5f, 0xdf, 0xd3, 0x98, 0x5c, 0xdc, 0xd1, 0x8d,
  0x2f, 0xc8, 0xb9, 0xeb, 0x29, 0xc9, 0xba, 0xff, 0x2a, 0xc3, 0xb4, 0xfd, 0x2a, 0xc4, 0xb5, 0xff,
  0x2a, 0xc4, 0xb5, 0xff, 0x2a, 0xc4, 0xb5, 0xff, 0x2a, 0xc4, 0xb5, 0xff, 0x2a, 0xc4, 0xb5, 0xff,
  0x2a, 0xc4, 0xb5, 0xff, 0x2a, 0xc4, 0xb5, 0xff, 0x2a, 0xc4, 0xb5, 0xff, 0x2a, 0xc4, 0xb5, 0xff,
  0x2a, 0xc4, 0xb5, 0xff, 0x2a, 0xc4, 0xb5, 0xff, 0x2a, 0xc4, 0xb5, 0xff, 0x2a, 0xc4, 0xb5, 0xff,
  0x2a, 0xc4, 0xb5, 0xff, 0x2a, 0xc4, 0xb5, 0xff, 0x2a, 0xc4, 0xb5, 0xff, 0x2a, 0xc4, 0xb5, 0xff,
  0x2a, 0xc4, 0xb5, 0xff, 0x2a, 0xc4, 0xb5, 0xff, 0x2a, 0xc4, 0xb5, 0xff, 0x2a, 0xc4, 0xb5, 0xff,
  0x2a, 0xc4, 0xb5, 0xff, 0x2a, 0xc4, 0xb5, 0xff, 0x2a, 0xc4, 0xb5, 0xff, 0x2a, 0xc4, 0xb5, 0xff,
  0x2a, 0xc4, 0xb5, 0xff, 0x2a, 0xc4, 0xb5, 0xff, 0x2a, 0xc4, 0xb5, 0xff, 0x2a, 0xc4, 0xb5, 0xff,
  0x2a, 0xc4, 0xb5, 0xff, 0x2a, 0xc4, 0xb5, 0xff, 0x2a, 0xc4, 0xb5, 0xff, 0x2a, 0xc4, 0xb5, 0xff,
  0x2a, 0xc4, 0xb5, 0xff, 0x2a, 0xc4, 0xb5, 0xff, 0x2a, 0xc4, 0xb5, 0xff, 0x2a, 0xc4, 0xb5, 0xff,
  0x2a, 0xc4, 0xb5, 0xff, 0x2a, 0xc4, 0xb5, 0xff, 0x2a, 0xc4, 0xb5, 0xff, 0x2a, 0xc4, 0xb5, 0xff,
  0x2a, 0xc4, 0xb5, 0xff, 0x2a, 0xc4, 0xb5, 0xff, 0x2a, 0xc4, 0xb5, 0xff, 0x2a, 0xc4, 0xb5, 0xff,
  0x2a, 0xc4, 0xb5, 0xff, 0x2a, 0xc4, 0xb5, 0xff, 0x2a, 0xc4, 0xb5, 0xff, 0x2a, 0xc4, 0xb5, 0xff,
  0x2a, 0xc4, 0xb5, 0xff, 0x2a, 0xc4, 0xb5, 0xff, 0x2a, 0xc4, 0xb5, 0xff, 0x2a, 0xc4, 0xb5, 0xff,
  0x2a, 0xc4, 0xb5, 0xff, 0x2a, 0xc4, 0xb5, 0xff, 0x2a, 0xc4, 0xb5, 0xff, 0x2a, 0xc4, 0xb5, 0xff,
  0x2a, 0xc4, 0xb5, 0xff, 0x2a, 0xc4, 0xb5, 0xff, 0x2a, 0xc4, 0xb5, 0xff, 0x2a, 0xc4, 0xb5, 0xff,
  0x2a, 0xc4, 0xb5, 0xff, 0x2a, 0xc4, 0xb5, 0xff, 0x2a, 0xc4, 0xb5, 0xff, 0x2a, 0xc4, 0xb5, 0xff,
  0x2a, 0xc4, 0xb5, 0xff, 0x2a, 0xc4, 0xb5, 0xff, 0x2a, 0xc4, 0xb5, 0xff, 0x2a, 0xc4, 0xb5, 0xff,
  0x2a, 0xc4, 0xb5, 0xff, 0x2a, 0xc4, 0xb5, 0xff, 0x2a, 0xc4, 0xb5, 0xff, 0x2a, 0xc4, 0xb5, 0xff,
  0x2a, 0xc4, 0xb5, 0xff, 0x2a, 0xc4, 0xb5, 0xff, 0x2a, 0xc4, 0xb5, 0xff, 0x2a, 0xc4, 0xb5, 0xff,
  0x2a, 0xc4, 0xb5, 0xff, 0x2a, 0xc4, 0xb5, 0xff, 0x2a, 0xc4, 0xb5, 0xff, 0x2a, 0xc4, 0xb5, 0xff,
  0x2a, 0xc4, 0xb5, 0xff, 0x2a, 0xc3, 0xb4, 0xfe, 0x2a, 0xc6, 0xb7, 0xff, 0x2a, 0xc6, 0xb7, 0xfc,
  0x4e, 0xd5, 0xc8, 0x9f, 0x63, 0xdf, 0xd5, 0x92, 0x5c, 0xdd, 0xd3, 0x69, 0x00, 0x00, 0x00, 0x00,
  0x7f, 0x7f, 0x7f, 0x02, 0x00, 0x00, 0x00, 0x00, 0x00, 0x00, 0x00, 0x00, 0x00, 0x00, 0x00, 0x00,
  0x00, 0x00, 0x00, 0x00, 0x00, 0x00, 0x00, 0x00, 0x00, 0x00, 0x00, 0x00, 0x00, 0x00, 0x00, 0x00,
  0x00, 0x00, 0x00, 0x00, 0x00, 0x00, 0x00, 0x00, 0x00, 0x00, 0x00, 0x00, 0x00, 0x00, 0x00, 0x00,
  0x00, 0x00, 0x00, 0x00, 0x00, 0x00, 0x00, 0x00, 0x7f, 0x7f, 0x7f, 0x02, 0x00, 0x00, 0x00, 0x00,
  0x5d, 0xdd, 0xd0, 0x26, 0x5e, 0xdf, 0xd4, 0x91, 0x61, 0xe1, 0xd5, 0x88, 0x30, 0xc7, 0xb9, 0xe6,
  0x29, 0xc9, 0xb9, 0xff, 0x2a, 0xc3, 0xb5, 0xfd, 0x2a, 0xc4, 0xb5, 0xff, 0x2a, 0xc4, 0xb5, 0xff,
  0x2a, 0xc4, 0xb5, 0xff, 0x2a, 0xc4, 0xb5, 0xff, 0x2a, 0xc4, 0xb5, 0xff, 0x2a, 0xc4, 0xb5, 0xff,
  0x2a, 0xc4, 0xb5, 0xff, 0x2a, 0xc4, 0xb5, 0xff, 0x2a, 0xc4, 0xb5, 0xff, 0x2a, 0xc4, 0xb5, 0xff,
  0x2a, 0xc4, 0xb5, 0xff, 0x2a, 0xc4, 0xb5, 0xff, 0x2a, 0xc4, 0xb5, 0xff, 0x2a, 0xc4, 0xb5, 0xff,
  0x2a, 0xc4, 0xb5, 0xff, 0x2a, 0xc4, 0xb5, 0xff, 0x2a, 0xc4, 0xb5, 0xff, 0x2a, 0xc4, 0xb5, 0xff,
  0x2a, 0xc4, 0xb5, 0xff, 0x2a, 0xc4, 0xb5, 0xff, 0x2a, 0xc4, 0xb5, 0xff, 0x2a, 0xc4, 0xb5, 0xff,
  0x2a, 0xc4, 0xb5, 0xff, 0x2a, 0xc4, 0xb5, 0xff, 0x2a, 0xc4, 0xb5, 0xff, 0x2a, 0xc4, 0xb5, 0xff,
  0x2a, 0xc4, 0xb5, 0xff, 0x2a, 0xc4, 0xb5, 0xff, 0x2a, 0xc4, 0xb5, 0xff, 0x2a, 0xc4, 0xb5, 0xff,
  0x2a, 0xc4, 0xb5, 0xff, 0x2a, 0xc4, 0xb5, 0xff, 0x2a, 0xc4, 0xb5, 0xff, 0x2a, 0xc4, 0xb5, 0xff,
  0x2a, 0xc4, 0xb5, 0xff, 0x2a, 0xc4, 0xb5, 0xff, 0x2a, 0xc4, 0xb5, 0xff, 0x2a, 0xc4, 0xb5, 0xff,
  0x2a, 0xc4, 0xb5, 0xff, 0x2a, 0xc4, 0xb5, 0xff, 0x2a, 0xc4, 0xb5, 0xff, 0x2a, 0xc4, 0xb5, 0xff,
  0x2a, 0xc4, 0xb5, 0xff, 0x2a, 0xc4, 0xb5, 0xff, 0x2a, 0xc4, 0xb5, 0xff, 0x2a, 0xc4, 0xb5, 0xff,
  0x2a, 0xc4, 0xb5, 0xff, 0x2a, 0xc4, 0xb5, 0xff, 0x2a, 0xc4, 0xb5, 0xff, 0x2a, 0xc4, 0xb5, 0xff,
  0x2a, 0xc4, 0xb5, 0xff, 0x2a, 0xc4, 0xb5, 0xff, 0x2a, 0xc4, 0xb5, 0xff, 0x2a, 0xc4, 0xb5, 0xff,
  0x2a, 0xc4, 0xb5, 0xff, 0x2a, 0xc4, 0xb5, 0xff, 0x2a, 0xc4, 0xb5, 0xff, 0x2a, 0xc4, 0xb5, 0xff,
  0x2a, 0xc4, 0xb5, 0xff, 0x2a, 0xc4, 0xb5, 0xff, 0x2a, 0xc4, 0xb5, 0xff, 0x2a, 0xc4, 0xb5, 0xff,
  0x2a, 0xc4, 0xb5, 0xff, 0x2a, 0xc4, 0xb5, 0xff, 0x2a, 0xc4, 0xb5, 0xff, 0x2a, 0xc4, 0xb5, 0xff,
  0x2a, 0xc4, 0xb5, 0xff, 0x2a, 0xc4, 0xb5, 0xff, 0x2a, 0xc4, 0xb5, 0xff, 0x2a, 0xc4, 0xb5, 0xff,
  0x2a, 0xc4, 0xb5, 0xff, 0x2a, 0xc4, 0xb5, 0xff, 0x2a, 0xc4, 0xb5, 0xff, 0x2a, 0xc4, 0xb5, 0xff,
  0x2a, 0xc4, 0xb5, 0xff, 0x2a, 0xc4, 0xb5, 0xff, 0x2a, 0xc4, 0xb5, 0xff, 0x2a, 0xc4, 0xb5, 0xff,
  0x2a, 0xc4, 0xb5, 0xff, 0x2a, 0xc4, 0xb5, 0xff, 0x2a, 0xc4, 0xb5, 0xff, 0x2a, 0xc4, 0xb5, 0xff,
  0x2a, 0xc4, 0xb5, 0xff, 0x2a, 0xc4, 0xb5, 0xff, 0x2a, 0xc3, 0xb4, 0xfe, 0x2a, 0xc5, 0xb6, 0xff,
  0x2c, 0xc6, 0xb8, 0xf8, 0x55, 0xd9, 0xcd, 0x96, 0x61, 0xdf, 0xd5, 0x93, 0x5d, 0xdb, 0xd0, 0x47,
  0x00, 0x00, 0x00, 0x00, 0x7f, 0xff, 0xff, 0x02, 0x00, 0x00, 0x00, 0x00, 0x00, 0x00, 0x00, 0x00,
  0x00, 0x00, 0x00, 0x00, 0x00, 0x00, 0x00, 0x00, 0x00, 0x00, 0x00, 0x00, 0x00, 0x00, 0x00, 0x00,
  0x00, 0x00, 0x00, 0x00, 0x00, 0x00, 0x00, 0x00, 0x00, 0x00, 0x00, 0x00, 0x00, 0x00, 0x00, 0x00,
  0x00, 0x00, 0x00, 0x00, 0x00, 0xff, 0xff, 0x01, 0x00, 0xff, 0xff, 0x01, 0x55, 0xe2, 0xe2, 0x09,
  0x5d, 0xdb, 0xd2, 0x83, 0x65, 0xe1, 0xd5, 0x88, 0x39, 0xca, 0xbc, 0xcc, 0x29, 0xca, 0xba, 0xff,
  0x2a, 0xc3, 0xb4, 0xfd, 0x2a, 0xc4, 0xb5, 0xff, 0x2a, 0xc4, 0xb5, 0xff, 0x2a, 0xc4, 0xb5, 0xff,
  0x2a, 0xc4, 0xb5, 0xff, 0x2a, 0xc4, 0xb5, 0xff, 0x2a, 0xc4, 0xb5, 0xff, 0x2a, 0xc4, 0xb5, 0xff,
  0x2a, 0xc4, 0xb5, 0xff, 0x2a, 0xc4, 0xb5, 0xff, 0x2a, 0xc4, 0xb5, 0xff, 0x2a, 0xc4, 0xb5, 0xff,
  0x2a, 0xc4, 0xb5, 0xff, 0x2a, 0xc4, 0xb5, 0xff, 0x2a, 0xc4, 0xb5, 0xff, 0x2a, 0xc4, 0xb5, 0xff,
  0x2a, 0xc4, 0xb5, 0xff, 0x2a, 0xc4, 0xb5, 0xff, 0x2a, 0xc4, 0xb5, 0xff, 0x2a, 0xc4, 0xb5, 0xff,
  0x2a, 0xc4, 0xb5, 0xff, 0x2a, 0xc4, 0xb5, 0xff, 0x2a, 0xc4, 0xb5, 0xff, 0x2a, 0xc4, 0xb5, 0xff,
  0x2a, 0xc4, 0xb5, 0xff, 0x2a, 0xc4, 0xb5, 0xff, 0x2a, 0xc4, 0xb5, 0xff, 0x2a, 0xc4, 0xb5, 0xff,
  0x2a, 0xc4, 0xb5, 0xff, 0x2a, 0xc4, 0xb5, 0xff, 0x2a, 0xc4, 0xb5, 0xff, 0x2a, 0xc4, 0xb5, 0xff,
  0x2a, 0xc4, 0xb5, 0xff, 0x2a, 0xc4, 0xb5, 0xff, 0x2a, 0xc4, 0xb5, 0xff, 0x2a, 0xc4, 0xb5, 0xff,
  0x2a, 0xc4, 0xb5, 0xff, 0x2a, 0xc4, 0xb5, 0xff, 0x2a, 0xc4, 0xb5, 0xff, 0x2a, 0xc4, 0xb5, 0xff,
  0x2a, 0xc4, 0xb5, 0xff, 0x2a, 0xc4, 0xb5, 0xff, 0x2a, 0xc4, 0xb5, 0xff, 0x2a, 0xc4, 0xb5, 0xff,
  0x2a, 0xc4, 0xb5, 0xff, 0x2a, 0xc4, 0xb5, 0xff, 0x2a, 0xc4, 0xb5, 0xff, 0x2a, 0xc4, 0xb5, 0xff,
  0x2a, 0xc4, 0xb5, 0xff, 0x2a, 0xc4, 0xb5, 0xff, 0x2a, 0xc4, 0xb5, 0xff, 0x2a, 0xc4, 0xb5, 0xff,
  0x2a, 0xc4, 0xb5, 0xff, 0x2a, 0xc4, 0xb5, 0xff, 0x2a, 0xc4, 0xb5, 0xff, 0x2a, 0xc4, 0xb5, 0xff,
  0x2a, 0xc4, 0xb5, 0xff, 0x2a, 0xc4, 0xb5, 0xff, 0x2a, 0xc4, 0xb5, 0xff, 0x2a, 0xc4, 0xb5, 0xff,
  0x2a, 0xc4, 0xb5, 0xff, 0x2a, 0xc4, 0xb5, 0xff, 0x2a, 0xc4, 0xb5, 0xff, 0x2a, 0xc4, 0xb5, 0xff,
  0x2a, 0xc4, 0xb5, 0xff, 0x2a, 0xc4, 0xb5, 0xff, 0x2a, 0xc4, 0xb5, 0xff, 0x2a, 0xc4, 0xb5, 0xff,
  0x2a, 0xc4, 0xb5, 0xff, 0x2a, 0xc4, 0xb5, 0xff, 0x2a, 0xc4, 0xb5, 0xff, 0x2a, 0xc4, 0xb5, 0xff,
  0x2a, 0xc4, 0xb5, 0xff, 0x2a, 0xc4, 0xb5, 0xff, 0x2a, 0xc4, 0xb5, 0xff, 0x2a, 0xc4, 0xb5, 0xff,
  0x2a, 0xc4, 0xb5, 0xff, 0x2a, 0xc4, 0xb5, 0xff, 0x2a, 0xc4, 0xb5, 0xff, 0x2a, 0xc4, 0xb5, 0xff,
  0x2a, 0xc4, 0xb5, 0xff, 0x2a, 0xc4, 0xb5, 0xff, 0x2a, 0xc4, 0xb5, 0xff, 0x2a, 0xc4, 0xb5, 0xff,
  0x2a, 0xc4, 0xb5, 0xff, 0x2a, 0xc4, 0xb5, 0xff, 0x2a, 0xc4, 0xb5, 0xff, 0x2a, 0xc4, 0xb5, 0xfd,
  0x29, 0xc8, 0xb9, 0xff, 0x30, 0xc7, 0xb9, 0xe6, 0x60, 0xe1, 0xd4, 0x89, 0x5e, 0xdd, 0xd3, 0x92,
  0x5a, 0xd9, 0xd2, 0x22, 0x00, 0x00, 0x00, 0x00, 0x7f, 0x7f, 0x7f, 0x02, 0x00, 0x00, 0x00, 0x00,
  0x00, 0x00, 0x00, 0x00, 0x00, 0x00, 0x00, 0x00, 0x00, 0x00, 0x00, 0x00, 0x00, 0x00, 0x00, 0x00,
  0x00, 0x00, 0x00, 0x00, 0x00, 0x00, 0x00, 0x00, 0x00, 0x00, 0x00, 0x00, 0x00, 0x00, 0x00, 0x00,
  0x00, 0x00, 0x00, 0x00, 0x7f, 0x7f, 0x7f, 0x02, 0x00, 0x00, 0x00, 0x00, 0x5d, 0xdc, 0xd0, 0x52,
  0x63, 0xe0, 0xd6, 0x90, 0x48, 0xd4, 0xc6, 0xa8, 0x2a, 0xc7, 0xb8, 0xff, 0x2a, 0xc4, 0xb5, 0xfd,
  0x2a, 0xc4, 0xb5, 0xff, 0x2a, 0xc4, 0xb5, 0xff, 0x2a, 0xc4, 0xb5, 0xff, 0x2a, 0xc4, 0xb5, 0xff,
  0x2a, 0xc4, 0xb5, 0xff, 0x2a, 0xc4, 0xb5, 0xff, 0x2a, 0xc4, 0xb5, 0xff, 0x2a, 0xc4, 0xb5, 0xff,
  0x2a, 0xc4, 0xb5, 0xff, 0x2a, 0xc4, 0xb5, 0xff, 0x2a, 0xc4, 0xb5, 0xff, 0x2a, 0xc4, 0xb5, 0xff,
  0x2a, 0xc4, 0xb5, 0xff, 0x2a, 0xc4, 0xb5, 0xff, 0x2a, 0xc4, 0xb5, 0xff, 0x2a, 0xc4, 0xb5, 0xff,
  0x2a, 0xc4, 0xb5, 0xff, 0x2a, 0xc4, 0xb5, 0xff, 0x2a, 0xc4, 0xb5, 0xff, 0x2a, 0xc4, 0xb5, 0xff,
  0x2a, 0xc4, 0xb5, 0xff, 0x2a, 0xc4, 0xb5, 0xff, 0x2a, 0xc4, 0xb5, 0xff, 0x2a, 0xc4, 0xb5, 0xff,
  0x2a, 0xc4, 0xb5, 0xff, 0x2a, 0xc4, 0xb5, 0xff, 0x2a, 0xc4, 0xb5, 0xff, 0x2a, 0xc4, 0xb5, 0xff,
  0x2a, 0xc4, 0xb5, 0xff, 0x2a, 0xc4, 0xb5, 0xff, 0x2a, 0xc4, 0xb5, 0xff, 0x2a, 0xc4, 0xb5, 0xff,
  0x2a, 0xc4, 0xb5, 0xff, 0x2a, 0xc4, 0xb5, 0xff, 0x2a, 0xc4, 0xb5, 0xff, 0x2a, 0xc4, 0xb5, 0xff,
  0x2a, 0xc4, 0xb5, 0xff, 0x2a, 0xc4, 0xb5, 0xff, 0x2a, 0xc4, 0xb5, 0xff, 0x2a, 0xc4, 0xb5, 0xff,
  0x2a, 0xc4, 0xb5, 0xff, 0x2a, 0xc4, 0xb5, 0xff, 0x2a, 0xc4, 0xb5, 0xff, 0x2a, 0xc4, 0xb5, 0xff,
  0x2a, 0xc4, 0xb5, 0xff, 0x2a, 0xc4, 0xb5, 0xff, 0x2a, 0xc4, 0xb5, 0xff, 0x2a, 0xc4, 0xb5, 0xff,
  0x2a, 0xc4, 0xb5, 0xff, 0x2a, 0xc4, 0xb5, 0xff, 0x2a, 0xc4, 0xb5, 0xff, 0x2a, 0xc4, 0xb5, 0xff,
  0x2a, 0xc4, 0xb5, 0xff, 0x2a, 0xc4, 0xb5, 0xff, 0x2a, 0xc4, 0xb5, 0xff, 0x2a, 0xc4, 0xb5, 0xff,
  0x2a, 0xc4, 0xb5, 0xff, 0x2a, 0xc4, 0xb5, 0xff, 0x2a, 0xc4, 0xb5, 0xff, 0x2a, 0xc4, 0xb5, 0xff,
  0x2a, 0xc4, 0xb5, 0xff, 0x2a, 0xc4, 0xb5, 0xff, 0x2a, 0xc4, 0xb5, 0xff, 0x2a, 0xc4, 0xb5, 0xff,
  0x2a, 0xc4, 0xb5, 0xff, 0x2a, 0xc4, 0xb5, 0xff, 0x2a, 0xc4, 0xb5, 0xff, 0x2a, 0xc4, 0xb5, 0xff,
  0x2a, 0xc4, 0xb5, 0xff, 0x2a, 0xc4, 0xb5, 0xff, 0x2a, 0xc4, 0xb5, 0xff, 0x2a, 0xc4, 0xb5, 0xff,
  0x2a, 0xc4, 0xb5, 0xff, 0x2a, 0xc4, 0xb5, 0xff, 0x2a, 0xc4, 0xb5, 0xff, 0x2a, 0xc4, 0xb5, 0xff,
  0x2a, 0xc4, 0xb5, 0xff, 0x2a, 0xc4, 0xb5, 0xff, 0x2a, 0xc4, 0xb5, 0xff, 0x2a, 0xc4, 0xb5, 0xff,
  0x2a, 0xc4, 0xb5, 0xff, 0x2a, 0xc4, 0xb5, 0xff, 0x2a, 0xc4, 0xb5, 0xff, 0x2a, 0xc4, 0xb5, 0xff,
  0x2a, 0xc4, 0xb5, 0xff, 0x2a, 0xc4, 0xb5, 0xff, 0x2a, 0xc4, 0xb5, 0xff, 0x2a, 0xc4, 0xb5, 0xff,
  0x2a, 0xc4, 0xb5, 0xfd, 0x29, 0xca, 0xbb, 0xff, 0x3b, 0xcc, 0xbf, 0xc4, 0x65, 0xe1, 0xd8, 0x8a,
  0x5d, 0xdd, 0xd2, 0x72, 0x3f, 0xbf, 0xbf, 0x04, 0x00, 0xff, 0xff, 0x01, 0x00, 0x00, 0x00, 0x01,
  0x00, 0x00, 0x00, 0x00, 0x00, 0x00, 0x00, 0x00, 0x00, 0x00, 0x00, 0x00, 0x00, 0x00, 0x00, 0x00,
  0x00, 0x00, 0x00, 0x00, 0x00, 0x00, 0x00, 0x00, 0x00, 0x00, 0x00, 0x00, 0x00, 0x00, 0x00, 0x00,
  0x7f, 0x7f, 0x7f, 0x02, 0x00, 0x00, 0x00, 0x00, 0x61, 0xe6, 0xda, 0x15, 0x5f, 0xde, 0xd3, 0x8d,
  0x5e, 0xde, 0xd3, 0x8c, 0x2e, 0xc5, 0xb7, 0xed, 0x29, 0xc7, 0xb8, 0xff, 0x2a, 0xc3, 0xb4, 0xfe,
  0x2a, 0xc4, 0xb5, 0xff, 0x2a, 0xc4, 0xb5, 0xff, 0x2a, 0xc4, 0xb5, 0xff, 0x2a, 0xc4, 0xb5, 0xff,
  0x2a, 0xc4, 0xb5, 0xff, 0x2a, 0xc4, 0xb5, 0xff, 0x2a, 0xc4, 0xb5, 0xff, 0x2a, 0xc4, 0xb5, 0xff,
  0x2a, 0xc4, 0xb5, 0xff, 0x2a, 0xc4, 0xb5, 0xff, 0x2a, 0xc4, 0xb5, 0xff, 0x2a, 0xc4, 0xb5, 0xff,
  0x2a, 0xc4, 0xb5, 0xff, 0x2a, 0xc4, 0xb5, 0xff, 0x2a, 0xc4, 0xb5, 0xff, 0x2a, 0xc4, 0xb5, 0xff,
  0x2a, 0xc4, 0xb5, 0xff, 0x2a, 0xc4, 0xb5, 0xff, 0x2a, 0xc4, 0xb5, 0xff, 0x2a, 0xc4, 0xb5, 0xff,
  0x2a, 0xc4, 0xb5, 0xff, 0x2a, 0xc4, 0xb5, 0xff, 0x2a, 0xc4, 0xb5, 0xff, 0x2a, 0xc4, 0xb5, 0xff,
  0x2a, 0xc4, 0xb5, 0xff, 0x2a, 0xc4, 0xb5, 0xff, 0x2a, 0xc4, 0xb5, 0xff, 0x2a, 0xc4, 0xb5, 0xff,
  0x2a, 0xc4, 0xb5, 0xff, 0x2a, 0xc4, 0xb5, 0xff, 0x2a, 0xc4, 0xb5, 0xff, 0x2a, 0xc4, 0xb5, 0xff,
  0x2a, 0xc4, 0xb5, 0xff, 0x2a, 0xc4, 0xb5, 0xff, 0x2a, 0xc4, 0xb5, 0xff, 0x2a, 0xc4, 0xb5, 0xff,
  0x2a, 0xc4, 0xb5, 0xff, 0x2a, 0xc4, 0xb5, 0xff, 0x2a, 0xc4, 0xb5, 0xff, 0x2a, 0xc4, 0xb5, 0xff,
  0x2a, 0xc4, 0xb5, 0xff, 0x2a, 0xc4, 0xb5, 0xff, 0x2b, 0xc4, 0xb5, 0xff, 0x2b, 0xc4, 0xb5, 0xff,
  0x2b, 0xc4, 0xb5, 0xff, 0x2b, 0xc4, 0xb5, 0xff, 0x2a, 0xc4, 0xb5, 0xff, 0x2a, 0xc4, 0xb5, 0xff,
  0x2a, 0xc4, 0xb5, 0xff, 0x2a, 0xc4, 0xb5, 0xff, 0x2a, 0xc4, 0xb5, 0xff, 0x2a, 0xc4, 0xb5, 0xff,
  0x2a, 0xc4, 0xb5, 0xff, 0x2a, 0xc4, 0xb5, 0xff, 0x2a, 0xc4, 0xb5, 0xff, 0x2a, 0xc4, 0xb5, 0xff,
  0x2a, 0xc4, 0xb5, 0xff, 0x2a, 0xc4, 0xb5, 0xff, 0x2a, 0xc4, 0xb5, 0xff, 0x2a, 0xc4, 0xb5, 0xff,
  0x2a, 0xc4, 0xb5, 0xff, 0x2a, 0xc4, 0xb5, 0xff, 0x2a, 0xc4, 0xb5, 0xff, 0x2a, 0xc4, 0xb5, 0xff,
  0x2a, 0xc4, 0xb5, 0xff, 0x2a, 0xc4, 0xb5, 0xff, 0x2a, 0xc4, 0xb5, 0xff, 0x2a, 0xc4, 0xb5, 0xff,
  0x2a, 0xc4, 0xb5, 0xff, 0x2a, 0xc4, 0xb5, 0xff, 0x2a, 0xc4, 0xb5, 0xff, 0x2a, 0xc4, 0xb5, 0xff,
  0x2a, 0xc4, 0xb5, 0xff, 0x2a, 0xc4, 0xb5, 0xff, 0x2a, 0xc4, 0xb5, 0xff, 0x2a, 0xc4, 0xb5, 0xff,
  0x2a, 0xc4, 0xb5, 0xff, 0x2a, 0xc4, 0xb5, 0xff, 0x2a, 0xc4, 0xb5, 0xff, 0x2a, 0xc4, 0xb5, 0xff,
  0x2a, 0xc4, 0xb5, 0xff, 0x2a, 0xc4, 0xb5, 0xff, 0x2a, 0xc4, 0xb5, 0xff, 0x2a, 0xc4, 0xb5, 0xff,
  0x2a, 0xc4, 0xb5, 0xff, 0x2a, 0xc4, 0xb5, 0xff, 0x2a, 0xc4, 0xb5, 0xff, 0x2a, 0xc4, 0xb5, 0xff,
  0x2a, 0xc4, 0xb5, 0xfe, 0x2a, 0xc4, 0xb5, 0xfe, 0x2a, 0xc5, 0xb7, 0xfd, 0x52, 0xd8, 0xcd, 0x9a,
  0x62, 0xdf, 0xd5, 0x93, 0x5b, 0xdd, 0xd3, 0x35, 0x00, 0x00, 0x00, 0x00, 0x7f, 0xff, 0xff, 0x02,
  0x00, 0x00, 0x00, 0x00, 0x00, 0x00, 0x00, 0x00, 0x00, 0x00, 0x00, 0x00, 0x00, 0x00, 0x00, 0x00,
  0x00, 0x00, 0x00, 0x00, 0x00, 0x00, 0x00, 0x00, 0x00, 0x00, 0x00, 0x00, 0x00, 0x00, 0x00, 0x00,
  0x7f, 0x7f, 0x7f, 0x02, 0x00, 0x00, 0x00, 0x00, 0x5a, 0xdd, 0xd1, 0x5a, 0x65, 0xe2, 0xd7, 0x8d,
  0x42, 0xd0, 0xc3, 0xb5, 0x29, 0xc9, 0xba, 0xff, 0x2a, 0xc4, 0xb5, 0xfd, 0x2a, 0xc4, 0xb5, 0xff,
  0x2a, 0xc4, 0xb5, 0xff, 0x2a, 0xc4, 0xb5, 0xff, 0x2a, 0xc4, 0xb5, 0xff, 0x2a, 0xc4, 0xb5, 0xff,
  0x2a, 0xc4, 0xb5, 0xff, 0x2a, 0xc4, 0xb5, 0xff, 0x2a, 0xc4, 0xb5, 0xff, 0x2a, 0xc4, 0xb5, 0xff,
  0x2a, 0xc4, 0xb5, 0xff, 0x2a, 0xc4, 0xb5, 0xff, 0x2a, 0xc4, 0xb5, 0xff, 0x2a, 0xc4, 0xb5, 0xff,
  0x2a, 0xc4, 0xb5, 0xff, 0x2a, 0xc4, 0xb5, 0xff, 0x2a, 0xc4, 0xb5, 0xff, 0x2a, 0xc4, 0xb5, 0xff,
  0x2a, 0xc4, 0xb5, 0xff, 0x2a, 0xc4, 0xb5, 0xff, 0x2a, 0xc4, 0xb5, 0xff, 0x2a, 0xc4, 0xb5, 0xff,
  0x2a, 0xc4, 0xb5, 0xff, 0x2a, 0xc4, 0xb5, 0xff, 0x2a, 0xc4, 0xb5, 0xff, 0x2a, 0xc4, 0xb5, 0xff,
  0x2a, 0xc4, 0xb5, 0xff, 0x2a, 0xc4, 0xb5, 0xff, 0x2a, 0xc4, 0xb5, 0xff, 0x2a, 0xc4, 0xb5, 0xff,
  0x2a, 0xc4, 0xb5, 0xff, 0x2a, 0xc4, 0xb5, 0xff, 0x2a, 0xc4, 0xb5, 0xff, 0x2a, 0xc4, 0xb5, 0xff,
  0x2a, 0xc4, 0xb5, 0xff, 0x2a, 0xc4, 0xb5, 0xff, 0x2a, 0xc4, 0xb5, 0xff, 0x2a, 0xc4, 0xb5, 0xff,
  0x2a, 0xc4, 0xb5, 0xff, 0x2a, 0xc4, 0xb5, 0xff, 0x2b, 0xc4, 0xb5, 0xff, 0x2c, 0xc5, 0xb6, 0xff,
  0x2c, 0xc5, 0xb6, 0xff, 0x2c, 0xc4, 0xb5, 0xff, 0x28, 0xc4, 0xb5, 0xff, 0x27, 0xc3, 0xb4, 0xff,
  0x27, 0xc3, 0xb4, 0xff, 0x28, 0xc3, 0xb4, 0xff, 0x2b, 0xc4, 0xb5, 0xff, 0x2c, 0xc5, 0xb6, 0xff,
  0x2d, 0xc5, 0xb6, 0xff, 0x2b, 0xc4, 0xb5, 0xff, 0x2a, 0xc4, 0xb5, 0xff, 0x2a, 0xc4, 0xb5, 0xff,
  0x2a, 0xc4, 0xb5, 0xff, 0x2a, 0xc4, 0xb5, 0xff, 0x2a, 0xc4, 0xb5, 0xff, 0x2a, 0xc4, 0xb5, 0xff,
  0x2a, 0xc4, 0xb5, 0xff, 0x2a, 0xc4, 0xb5, 0xff, 0x2a, 0xc4, 0xb5, 0xff, 0x2a, 0xc4, 0xb5, 0xff,
  0x2a, 0xc4, 0xb5, 0xff, 0x2a, 0xc4, 0xb5, 0xff, 0x2a, 0xc4, 0xb5, 0xff, 0x2a, 0xc4, 0xb5, 0xff,
  0x2a, 0xc4, 0xb5, 0xff, 0x2a, 0xc4, 0xb5, 0xff, 0x2a, 0xc4, 0xb5, 0xff, 0x2a, 0xc4, 0xb5, 0xff,
  0x2a, 0xc4, 0xb5, 0xff, 0x2a, 0xc4, 0xb5, 0xff, 0x2a, 0xc4, 0xb5, 0xff, 0x2a, 0xc4, 0xb5, 0xff,
  0x2a, 0xc4, 0xb5, 0xff, 0x2a, 0xc4, 0xb5, 0xff, 0x2a, 0xc4, 0xb5, 0xff, 0x2a, 0xc4, 0xb5, 0xff,
  0x2a, 0xc4, 0xb5, 0xff, 0x2a, 0xc4, 0xb5, 0xff, 0x2a, 0xc4, 0xb5, 0xff, 0x2a, 0xc4, 0xb5, 0xff,
  0x2a, 0xc4, 0xb5, 0xff, 0x2a, 0xc4, 0xb5, 0xff, 0x2a, 0xc4, 0xb5, 0xff, 0x2a, 0xc4, 0xb5, 0xff,
  0x2a, 0xc4, 0xb5, 0xff, 0x2a, 0xc4, 0xb5, 0xff, 0x2a, 0xc4, 0xb5, 0xff, 0x2a, 0xc4, 0xb5, 0xff,
  0x2a, 0xc4, 0xb5, 0xff, 0x2a, 0xc4, 0xb5, 0xfd, 0x29, 0xc9, 0xba, 0xff, 0x36, 0xc9, 0xbc, 0xd3,
  0x64, 0xe1, 0xd6, 0x89, 0x5c, 0xdd, 0xd0, 0x79, 0x66, 0xcc, 0xcc, 0x05, 0x00, 0xff, 0xff, 0x01,
  0x00, 0x00, 0x00, 0x01, 0x00, 0x00, 0x00, 0x00, 0x00, 0x00, 0x00, 0x00, 0x00, 0x00, 0x00, 0x00,
  0x00, 0x00, 0x00, 0x00, 0x00, 0x00, 0x00, 0x00, 0x00, 0x00, 0x00, 0x00, 0x00, 0xff, 0xff, 0x01,
  0x00, 0x00, 0x00, 0x00, 0x5b, 0xda, 0xda, 0x0e, 0x60, 0xde, 0xd3, 0x87, 0x5d, 0xde, 0xd2, 0x8e,
  0x2e, 0xc5, 0xb7, 0xed, 0x29, 0xc7, 0xb7, 0xff, 0x2a, 0xc4, 0xb5, 0xfe, 0x2a, 0xc4, 0xb5, 0xff,
  0x2a, 0xc4, 0xb5, 0xff, 0x2a, 0xc4, 0xb5, 0xff, 0x2a, 0xc4, 0xb5, 0xff, 0x2a, 0xc4, 0xb5, 0xff,
  0x2a, 0xc4, 0xb5, 0xff, 0x2a, 0xc4, 0xb5, 0xff, 0x2a, 0xc4, 0xb5, 0xff, 0x2a, 0xc4, 0xb5, 0xff,
  0x2a, 0xc4, 0xb5, 0xff, 0x2a, 0xc4, 0xb5, 0xff, 0x2a, 0xc4, 0xb5, 0xff, 0x2a, 0xc4, 0xb5, 0xff,
  0x2a, 0xc4, 0xb5, 0xff, 0x2a, 0xc4, 0xb5, 0xff, 0x2a, 0xc4, 0xb5, 0xff, 0x2a, 0xc4, 0xb5, 0xff,
  0x2a, 0xc4, 0xb5, 0xff, 0x2a, 0xc4, 0xb5, 0xff, 0x2a, 0xc4, 0xb5, 0xff, 0x2a, 0xc4, 0xb5, 0xff,
  0x2a, 0xc4, 0xb5, 0xff, 0x2a, 0xc4, 0xb5, 0xff, 0x2a, 0xc4, 0xb5, 0xff, 0x2a, 0xc4, 0xb5, 0xff,
  0x2a, 0xc4, 0xb5, 0xff, 0x2a, 0xc4, 0xb5, 0xff, 0x2a, 0xc4, 0xb5, 0xff, 0x2a, 0xc4, 0xb5, 0xff,
  0x2a, 0xc4, 0xb5, 0xff, 0x2a, 0xc4, 0xb5, 0xff, 0x2a, 0xc4, 0xb5, 0xff, 0x2a, 0xc4, 0xb5, 0xff,
  0x2a, 0xc4, 0xb5, 0xff, 0x2a, 0xc4, 0xb5, 0xff, 0x2a, 0xc4, 0xb5, 0xff, 0x2a, 0xc4, 0xb5, 0xff,
  0x2b, 0xc4, 0xb5, 0xff, 0x2d, 0xc5, 0xb6, 0xff, 0x28, 0xc4, 0xb4, 0xff, 0x20, 0xc2, 0xb2, 0xff,
  0x1f, 0xc1, 0xb2, 0xff, 0x22, 0xc2, 0xb3, 0xff, 0x30, 0xc5, 0xb7, 0xfe, 0x35, 0xc7, 0xb8, 0xfe,
  0x35, 0xc7, 0xb8, 0xfe, 0x33, 0xc6, 0xb8, 0xfe, 0x24, 0xc3, 0xb3, 0xff, 0x20, 0xc1, 0xb2, 0xff,
  0x1f, 0xc1, 0xb2, 0xff, 0x26, 0xc3, 0xb4, 0xff, 0x2c, 0xc4, 0xb6, 0xff, 0x2b, 0xc4, 0xb5, 0xff,
  0x2a, 0xc4, 0xb5, 0xff, 0x2a, 0xc4, 0xb5, 0xff, 0x2a, 0xc4, 0xb5, 0xff, 0x2a, 0xc4, 0xb5, 0xff,
  0x2a, 0xc4, 0xb5, 0xff, 0x2a, 0xc4, 0xb5, 0xff, 0x2a, 0xc4, 0xb5, 0xff, 0x2a, 0xc4, 0xb5, 0xff,
  0x2a, 0xc4, 0xb5, 0xff, 0x2a, 0xc4, 0xb5, 0xff, 0x2a, 0xc4, 0xb5, 0xff, 0x2a, 0xc4, 0xb5, 0xff,
  0x2a, 0xc4, 0xb5, 0xff, 0x2a, 0xc4, 0xb5, 0xff, 0x2a, 0xc4, 0xb5, 0xff, 0x2a, 0xc4, 0xb5, 0xff,
  0x2a, 0xc4, 0xb5, 0xff, 0x2a, 0xc4, 0xb5, 0xff, 0x2a, 0xc4, 0xb5, 0xff, 0x2a, 0xc4, 0xb5, 0xff,
  0x2a, 0xc4, 0xb5, 0xff, 0x2a, 0xc4, 0xb5, 0xff, 0x2a, 0xc4, 0xb5, 0xff, 0x2a, 0xc4, 0xb5, 0xff,
  0x2a, 0xc4, 0xb5, 0xff, 0x2a, 0xc4, 0xb5, 0xff, 0x2a, 0xc4, 0xb5, 0xff, 0x2a, 0xc4, 0xb5, 0xff,
  0x2a, 0xc4, 0xb5, 0xff, 0x2a, 0xc4, 0xb5, 0xff, 0x2a, 0xc4, 0xb5, 0xff, 0x2a, 0xc4, 0xb5, 0xff,
  0x2a, 0xc4, 0xb5, 0xff, 0x2a, 0xc4, 0xb5, 0xff, 0x2a, 0xc4, 0xb5, 0xff, 0x2a, 0xc4, 0xb5, 0xff,
  0x2a, 0xc4, 0xb5, 0xff, 0x2a, 0xc4, 0xb5, 0xff, 0x2a, 0xc4, 0xb5, 0xfe, 0x2a, 0xc6, 0xb7, 0xfc,
  0x51, 0xd7, 0xcc, 0x9c, 0x63, 0xe0, 0xd6, 0x90, 0x5b, 0xe0, 0xd4, 0x2a, 0x00, 0x00, 0x00, 0x00,
  0x7f, 0x7f, 0x7f, 0x02, 0x00, 0x00, 0x00, 0x00, 0x00, 0x00, 0x00, 0x00, 0x00, 0x00, 0x00, 0x00,
  0x00, 0x00, 0x00, 0x00, 0x00, 0x00, 0x00, 0x00, 0x00, 0x00, 0x00, 0x00, 0x7f, 0xff, 0xff, 0x02,
  0x00, 0x00, 0x00, 0x00, 0x5a, 0xdb, 0xd3, 0x41, 0x66, 0xe2, 0xd7, 0x8e, 0x44, 0xd1, 0xc4, 0xb3,
  0x29, 0xc9, 0xba, 0xff, 0x2a, 0xc4, 0xb5, 0xfd, 0x2a, 0xc4, 0xb5, 0xff, 0x2a, 0xc4, 0xb5, 0xff,
  0x2a, 0xc4, 0xb5, 0xff, 0x2a, 0xc4, 0xb5, 0xff, 0x2a, 0xc4, 0xb5, 0xff, 0x2a, 0xc4, 0xb5, 0xff,
  0x2a, 0xc4, 0xb5, 0xff, 0x2a, 0xc4, 0xb5, 0xff, 0x2a, 0xc4, 0xb5, 0xff, 0x2a, 0xc4, 0xb5, 0xff,
  0x2a, 0xc4, 0xb5, 0xff, 0x2a, 0xc4, 0xb5, 0xff, 0x2a, 0xc4, 0xb5, 0xff, 0x2a, 0xc4, 0xb5, 0xff,
  0x2a, 0xc4, 0xb5, 0xff, 0x2a, 0xc4, 0xb5, 0xff, 0x2a, 0xc4, 0xb5, 0xff, 0x2a, 0xc4, 0xb5, 0xff,
  0x2a, 0xc4, 0xb5, 0xff, 0x2a, 0xc4, 0xb5, 0xff, 0x2a, 0xc4, 0xb5, 0xff, 0x2a, 0xc4, 0xb5, 0xff,
  0x2a, 0xc4, 0xb5, 0xff, 0x2a, 0xc4, 0xb5, 0xff, 0x2a, 0xc4, 0xb5, 0xff, 0x2a, 0xc4, 0xb5, 0xff,
  0x2a, 0xc4, 0xb5, 0xff, 0x2a, 0xc4, 0xb5, 0xff, 0x2a, 0xc4, 0xb5, 0xff, 0x2a, 0xc4, 0xb5, 0xff,
  0x2a, 0xc4, 0xb5, 0xff, 0x2a, 0xc4, 0xb5, 0xff, 0x2a, 0xc4, 0xb5, 0xff, 0x2a, 0xc4, 0xb5, 0xff,
  0x2a, 0xc4, 0xb5, 0xff, 0x2a, 0xc4, 0xb5, 0xff, 0x2a, 0xc4, 0xb5, 0xff, 0x2d, 0xc5, 0xb6, 0xff,
  0x27, 0xc3, 0xb4, 0xff, 0x1f, 0xc1, 0xb2, 0xff, 0x30, 0xc6, 0xb7, 0xfe, 0x5d, 0xd5, 0xc8, 0xf9,
  0x8e, 0xe4, 0xda, 0xf4, 0xad, 0xef, 0xe7, 0xf0, 0xc8, 0xf8, 0xf1, 0xed, 0xd3, 0xfb, 0xf5, 0xec,
  0xd2, 0xfa, 0xf5, 0xec, 0xcf, 0xfa, 0xf4, 0xec, 0xb3, 0xf1, 0xe9, 0xef, 0x98, 0xe8, 0xdf, 0xf2,
  0x6a, 0xd9, 0xcd, 0xf7, 0x3a, 0xc9, 0xbb, 0xfd, 0x20, 0xc2, 0xb2, 0xff, 0x24, 0xc2, 0xb3, 0xff,
  0x2c, 0xc5, 0xb6, 0xff, 0x2b, 0xc4, 0xb5, 0xff, 0x2a, 0xc4, 0xb5, 0xff, 0x2a, 0xc4, 0xb5, 0xff,
  0x2a, 0xc4, 0xb5, 0xff, 0x2a, 0xc4, 0xb5, 0xff, 0x2a, 0xc4, 0xb5, 0xff, 0x2a, 0xc4, 0xb5, 0xff,
  0x2a, 0xc4, 0xb5, 0xff, 0x2a, 0xc4, 0xb5, 0xff, 0x2a, 0xc4, 0xb5, 0xff, 0x2a, 0xc4, 0xb5, 0xff,
  0x2a, 0xc4, 0xb5, 0xff, 0x2a, 0xc4, 0xb5, 0xff, 0x2a, 0xc4, 0xb5, 0xff, 0x2a, 0xc4, 0xb5, 0xff,
  0x2a, 0xc4, 0xb5, 0xff, 0x2a, 0xc4, 0xb5, 0xff, 0x2a, 0xc4, 0xb5, 0xff, 0x2a, 0xc4, 0xb5, 0xff,
  0x2a, 0xc4, 0xb5, 0xff, 0x2a, 0xc4, 0xb5, 0xff, 0x2a, 0xc4, 0xb5, 0xff, 0x2a, 0xc4, 0xb5, 0xff,
  0x2a, 0xc4, 0xb5, 0xff, 0x2a, 0xc4, 0xb5, 0xff, 0x2a, 0xc4, 0xb5, 0xff, 0x2a, 0xc4, 0xb5, 0xff,
  0x2a, 0xc4, 0xb5, 0xff, 0x2a, 0xc4, 0xb5, 0xff, 0x2a, 0xc4, 0xb5, 0xff, 0x2a, 0xc4, 0xb5, 0xff,
  0x2a, 0xc4, 0xb5, 0xff, 0x2a, 0xc4, 0xb5, 0xff, 0x2a, 0xc4, 0xb5, 0xff, 0x2a, 0xc4, 0xb5, 0xff,
  0x2a, 0xc4, 0xb5, 0xff, 0x2a, 0xc4, 0xb5, 0xff, 0x2a, 0xc4, 0xb5, 0xfd, 0x29, 0xc9, 0xba, 0xff,
  0x36, 0xca, 0xbb, 0xd1, 0x66, 0xe1, 0xd6, 0x8c, 0x5b, 0xdb, 0xd1, 0x64, 0x00, 0x00, 0x00, 0x00,
  0x00, 0xff, 0xff, 0x01, 0x00, 0x00, 0x00, 0x00, 0x00, 0x00, 0x00, 0x00, 0x00, 0x00, 0x00, 0x00,
  0x00, 0x00, 0x00, 0x00, 0x00, 0x00, 0x00, 0x00, 0x00, 0x00, 0x00, 0x00, 0x00, 0xff, 0xff, 0x01,
  0x00, 0xff, 0xff, 0x01, 0x5e, 0xdc, 0xd1, 0x6f, 0x64, 0xe1, 0xd6, 0x8c, 0x33, 0xc8, 0xba, 0xdc,
  0x29, 0xc8, 0xb9, 0xff, 0x2a, 0xc3, 0xb4, 0xfe, 0x2a, 0xc4, 0xb5, 0xff, 0x2a, 0xc4, 0xb5, 0xff,
  0x2a, 0xc4, 0xb5, 0xff, 0x2a, 0xc4, 0xb5, 0xff, 0x2a, 0xc4, 0xb5, 0xff, 0x2a, 0xc4, 0xb5, 0xff,
  0x2a, 0xc4, 0xb5, 0xff, 0x2a, 0xc4, 0xb5, 0xff, 0x2a, 0xc4, 0xb5, 0xff, 0x2a, 0xc4, 0xb5, 0xff,
  0x2a, 0xc4, 0xb5, 0xff, 0x2a, 0xc4, 0xb5, 0xff, 0x2a, 0xc4, 0xb5, 0xff, 0x2a, 0xc4, 0xb5, 0xff,
  0x2a, 0xc4, 0xb5, 0xff, 0x2a, 0xc4, 0xb5, 0xff, 0x2a, 0xc4, 0xb5, 0xff, 0x2a, 0xc4, 0xb5, 0xff,
  0x2a, 0xc4, 0xb5, 0xff, 0x2a, 0xc4, 0xb5, 0xff, 0x2a, 0xc4, 0xb5, 0xff, 0x2a, 0xc4, 0xb5, 0xff,
  0x2a, 0xc4, 0xb5, 0xff, 0x2a, 0xc4, 0xb5, 0xff, 0x2a, 0xc4, 0xb5, 0xff, 0x2a, 0xc4, 0xb5, 0xff,
  0x2a, 0xc4, 0xb5, 0xff, 0x2a, 0xc4, 0xb5, 0xff, 0x2a, 0xc4, 0xb5, 0xff, 0x2a, 0xc4, 0xb5, 0xff,
  0x2a, 0xc4, 0xb5, 0xff, 0x2a, 0xc4, 0xb5, 0xff, 0x2a, 0xc4, 0xb5, 0xff, 0x2a, 0xc4, 0xb5, 0xff,
  0x2a, 0xc4, 0xb5, 0xff, 0x2b, 0xc4, 0xb5, 0xff, 0x2b, 0xc4, 0xb5, 0xff, 0x1f, 0xc1, 0xb2, 0xff,
  0x34, 0xc7, 0xb9, 0xfd, 0x81, 0xe0, 0xd6, 0xf5, 0xcd, 0xf9, 0xf3, 0xed, 0xe8, 0xff, 0xfd, 0xea,
  0xeb, 0xff, 0xfd, 0xea, 0xe9, 0xff, 0xfd, 0xea, 0xe3, 0xff, 0xfb, 0xea, 0xe0, 0xff, 0xfa, 0xeb,
  0xe1, 0xff, 0xfa, 0xeb, 0xe1, 0xff, 0xfa, 0xeb, 0xe8, 0xff, 0xfc, 0xea, 0xeb, 0xff, 0xfd, 0xea,
  0xea, 0xff, 0xfd, 0xea, 0xd7, 0xfd, 0xf8, 0xeb, 0x98, 0xe8, 0xdf, 0xf2, 0x43, 0xcc, 0xbe, 0xfc,
  0x20, 0xc1, 0xb2, 0xff, 0x28, 0xc4, 0xb4, 0xff, 0x2c, 0xc4, 0xb6, 0xff, 0x2a, 0xc4, 0xb5, 0xff,
  0x2a, 0xc4, 0xb5, 0xff, 0x2a, 0xc4, 0xb5, 0xff, 0x2a, 0xc4, 0xb5, 0xff, 0x2a, 0xc4, 0xb5, 0xff,
  0x2a, 0xc4, 0xb5, 0xff, 0x2a, 0xc4, 0xb5, 0xff, 0x2a, 0xc4, 0xb5, 0xff, 0x2a, 0xc4, 0xb5, 0xff,
  0x2a, 0xc4, 0xb5, 0xff, 0x2a, 0xc4, 0xb5, 0xff, 0x2a, 0xc4, 0xb5, 0xff, 0x2a, 0xc4, 0xb5, 0xff,
  0x2a, 0xc4, 0xb5, 0xff, 0x2a, 0xc4, 0xb5, 0xff, 0x2a, 0xc4, 0xb5, 0xff, 0x2a, 0xc4, 0xb5, 0xff,
  0x2a, 0xc4, 0xb5, 0xff, 0x2a, 0xc4, 0xb5, 0xff, 0x2a, 0xc4, 0xb5, 0xff, 0x2a, 0xc4, 0xb5, 0xff,
  0x2a, 0xc4, 0xb5, 0xff, 0x2a, 0xc4, 0xb5, 0xff, 0x2a, 0xc4, 0xb5, 0xff, 0x2a, 0xc4, 0xb5, 0xff,
  0x2a, 0xc4, 0xb5, 0xff, 0x2a, 0xc4, 0xb5, 0xff, 0x2a, 0xc4, 0xb5, 0xff, 0x2a, 0xc4, 0xb5, 0xff,
  0x2a, 0xc4, 0xb5, 0xff, 0x2a, 0xc4, 0xb5, 0xff, 0x2a, 0xc4, 0xb5, 0xff, 0x2a, 0xc4, 0xb5, 0xff,
  0x2a, 0xc4, 0xb5, 0xff, 0x2a, 0xc4, 0xb5, 0xff, 0x2a, 0xc4, 0xb5, 0xfe, 0x2a, 0xc5, 0xb6, 0xff,
  0x2c, 0xc5, 0xb6, 0xf4, 0x5a, 0xdd, 0xd1, 0x92, 0x5f, 0xde, 0xd2, 0x85, 0x5b, 0xda, 0xda, 0x0e,
  0x00, 0x00, 0x00, 0x00, 0x00, 0xff, 0xff, 0x01, 0x00, 0x00, 0x00, 0x00, 0x00, 0x00, 0x00, 0x00,
  0x00, 0x00, 0x00, 0x00, 0x00, 0x00, 0x00, 0x00, 0x00, 0x7f, 0x7f, 0x02, 0x00, 0x00, 0x00, 0x00,
  0x55, 0xda, 0xda, 0x15, 0x60, 0xdf, 0xd4, 0x89, 0x56, 0xdb, 0xcf, 0x97, 0x2b, 0xc5, 0xb6, 0xf9,
  0x2a, 0xc4, 0xb6, 0xff, 0x2a, 0xc4, 0xb5, 0xfe, 0x2a, 0xc4, 0xb5, 0xff, 0x2a, 0xc4, 0xb5, 0xff,
  0x2a, 0xc4, 0xb5, 0xff, 0x2a, 0xc4, 0xb5, 0xff, 0x2a, 0xc4, 0xb5, 0xff, 0x2a, 0xc4, 0xb5, 0xff,
  0x2a, 0xc4, 0xb5, 0xff, 0x2a, 0xc4, 0xb5, 0xff, 0x2a, 0xc4, 0xb5, 0xff, 0x2a, 0xc4, 0xb5, 0xff,
  0x2a, 0xc4, 0xb5, 0xff, 0x2a, 0xc4, 0xb5, 0xff, 0x2a, 0xc4, 0xb5, 0xff, 0x2a, 0xc4, 0xb5, 0xff,
  0x2a, 0xc4, 0xb5, 0xff, 0x2a, 0xc4, 0xb5, 0xff, 0x2a, 0xc4, 0xb5, 0xff, 0x2a, 0xc4, 0xb5, 0xff,
  0x2a, 0xc4, 0xb5, 0xff, 0x2a, 0xc4, 0xb5, 0xff, 0x2a, 0xc4, 0xb5, 0xff, 0x2a, 0xc4, 0xb5, 0xff,
  0x2a, 0xc4, 0xb5, 0xff, 0x2a, 0xc4, 0xb5, 0xff, 0x2a, 0xc4, 0xb5, 0xff, 0x2a, 0xc4, 0xb5, 0xff,
  0x2a, 0xc4, 0xb5, 0xff, 0x2a, 0xc4, 0xb5, 0xff, 0x2a, 0xc4, 0xb5, 0xff, 0x2a, 0xc4, 0xb5, 0xff,
  0x2a, 0xc4, 0xb5, 0xff, 0x2a, 0xc4, 0xb5, 0xff, 0x2a, 0xc4, 0xb5, 0xff, 0x2a, 0xc4, 0xb5, 0xff,
  0x2d, 0xc5, 0xb6, 0xff, 0x28, 0xc3, 0xb4, 0xff, 0x23, 0xc2, 0xb3, 0xff, 0x73, 0xdb, 0xd1, 0xf6,
  0xd3, 0xfb, 0xf5, 0xec, 0xed, 0xff, 0xff, 0xe9, 0xe3, 0xff, 0xfb, 0xea, 0xdc, 0xff, 0xf8, 0xeb,
  0xdb, 0xfd, 0xf8, 0xeb, 0xdc, 0xff, 0xf8, 0xeb, 0xdd, 0xff, 0xf9, 0xeb, 0xdd, 0xff, 0xf9, 0xeb,
  0xdd, 0xff, 0xf9, 0xeb, 0xdd, 0xff, 0xf9, 0xeb, 0xdc, 0xff, 0xf8, 0xeb, 0xdc, 0xfd, 0xf8, 0xeb,
  0xdc, 0xfd, 0xf8, 0xeb, 0xdf, 0xff, 0xf9, 0xeb, 0xeb, 0xff, 0xfd, 0xea, 0xdf, 0xff, 0xfa, 0xeb,
  0x8f, 0xe5, 0xdb, 0xf3, 0x2e, 0xc5, 0xb6, 0xfe, 0x23, 0xc2, 0xb3, 0xff, 0x2d, 0xc5, 0xb6, 0xff,
  0x2a, 0xc4, 0xb5, 0xff, 0x2a, 0xc4, 0xb5, 0xff, 0x2a, 0xc4, 0xb5, 0xff, 0x2a, 0xc4, 0xb5, 0xff,
  0x2a, 0xc4, 0xb5, 0xff, 0x2a, 0xc4, 0xb5, 0xff, 0x2a, 0xc4, 0xb5, 0xff, 0x2a, 0xc4, 0xb5, 0xff,
  0x2a, 0xc4, 0xb5, 0xff, 0x2a, 0xc4, 0xb5, 0xff, 0x2a, 0xc4, 0xb5, 0xff, 0x2a, 0xc4, 0xb5, 0xff,
  0x2a, 0xc4, 0xb5, 0xff, 0x2a, 0xc4, 0xb5, 0xff, 0x2a, 0xc4, 0xb5, 0xff, 0x2a, 0xc4, 0xb5, 0xff,
  0x2a, 0xc4, 0xb5, 0xff, 0x2a, 0xc4, 0xb5, 0xff, 0x2a, 0xc4, 0xb5, 0xff, 0x2a, 0xc4, 0xb5, 0xff,
  0x2a, 0xc4, 0xb5, 0xff, 0x2a, 0xc4, 0xb5, 0xff, 0x2a, 0xc4, 0xb5, 0xff, 0x2a, 0xc4, 0xb5, 0xff,
  0x2a, 0xc4, 0xb5, 0xff, 0x2a, 0xc4, 0xb5, 0xff, 0x2a, 0xc4, 0xb5, 0xff, 0x2a, 0xc4, 0xb5, 0xff,
  0x2a, 0xc4, 0xb5, 0xff, 0x2a, 0xc4, 0xb5, 0xff, 0x2a, 0xc4, 0xb5, 0xff, 0x2a, 0xc4, 0xb5, 0xff,
  0x2a, 0xc4, 0xb5, 0xff, 0x2a, 0xc4, 0xb5, 0xff, 0x2a, 0xc4, 0xb5, 0xff, 0x2a, 0xc3, 0xb4, 0xfe,
  0x2a, 0xc8, 0xb8, 0xff, 0x47, 0xd2, 0xc6, 0xac, 0x64, 0xe2, 0xd7, 0x8e, 0x5b, 0xdd, 0xd3, 0x35,
  0x00, 0x00, 0x00, 0x00, 0x7f, 0xff, 0xff, 0x02, 0x00, 0x00, 0x00, 0x00, 0x00, 0x00, 0x00, 0x00,
  0x00, 0x00, 0x00, 0x00, 0x00, 0x00, 0x00, 0x00, 0x7f, 0xff, 0xff, 0x02, 0x00, 0x00, 0x00, 0x00,
  0x5e, 0xdd, 0xd4, 0x36, 0x64, 0xe0, 0xd7, 0x8e, 0x45, 0xd1, 0xc6, 0xaf, 0x2a, 0xc8, 0xb9, 0xff,
  0x2a, 0xc3, 0xb4, 0xfe, 0x2a, 0xc4, 0xb5, 0xff, 0x2a, 0xc4, 0xb5, 0xff, 0x2a, 0xc4, 0xb5, 0xff,
  0x2a, 0xc4, 0xb5, 0xff, 0x2a, 0xc4, 0xb5, 0xff, 0x2a, 0xc4, 0xb5, 0xff, 0x2a, 0xc4, 0xb5, 0xff,
  0x2a, 0xc4, 0xb5, 0xff, 0x2a, 0xc4, 0xb5, 0xff, 0x2a, 0xc4, 0xb5, 0xff, 0x2a, 0xc4, 0xb5, 0xff,
  0x2a, 0xc4, 0xb5, 0xff, 0x2a, 0xc4, 0xb5, 0xff, 0x2a, 0xc4, 0xb5, 0xff, 0x2a, 0xc4, 0xb5, 0xff,
  0x2a, 0xc4, 0xb5, 0xff, 0x2a, 0xc4, 0xb5, 0xff, 0x2a, 0xc4, 0xb5, 0xff, 0x2a, 0xc4, 0xb5, 0xff,
  0x2a, 0xc4, 0xb5, 0xff, 0x2a, 0xc4, 0xb5, 0xff, 0x2a, 0xc4, 0xb5, 0xff, 0x2a, 0xc4, 0xb5, 0xff,
  0x2a, 0xc4, 0xb5, 0xff, 0x2a, 0xc4, 0xb5, 0xff, 0x2a, 0xc4, 0xb5, 0xff, 0x2a, 0xc4, 0xb5, 0xff,
  0x2a, 0xc4, 0xb5, 0xff, 0x2a, 0xc4, 0xb5, 0xff, 0x2a, 0xc4, 0xb5, 0xff, 0x2a, 0xc4, 0xb5, 0xff,
  0x2a, 0xc4, 0xb5, 0xff, 0x2a, 0xc4, 0xb5, 0xff, 0x2a, 0xc4, 0xb5, 0xff, 0x2d, 0xc5, 0xb6, 0xff,
  0x22, 0xc2, 0xb2, 0xff, 0x31, 0xc6, 0xb7, 0xfe, 0xac, 0xef, 0xe6, 0xf0, 0xec, 0xff, 0xff, 0xea,
  0xe1, 0xff, 0xfa, 0xeb, 0xdb, 0xfd, 0xf8, 0xeb, 0xdd, 0xff, 0xf9, 0xeb, 0xdd, 0xff, 0xf9, 0xeb,
  0xdc, 0xfd, 0xf8, 0xeb, 0xdc, 0xff, 0xf8, 0xeb, 0xe0, 0xff, 0xf9, 0xeb, 0xe2, 0xff, 0xfa, 0xeb,
  0xe2, 0xff, 0xfa, 0xeb, 0xe1, 0xff, 0xfa, 0xeb, 0xdd, 0xff, 0xf9, 0xeb, 0xdb, 0xfd, 0xf8, 0xeb,
  0xdd, 0xff, 0xf9, 0xeb, 0xde, 0xff, 0xf9, 0xeb, 0xdb, 0xfd, 0xf8, 0xeb, 0xde, 0xff, 0xf9, 0xeb,
  0xed, 0xff, 0xff, 0xe9, 0xc8, 0xf8, 0xf2, 0xed, 0x49, 0xce, 0xc1, 0xfb, 0x1d, 0xc1, 0xb1, 0xff,
  0x2d, 0xc5, 0xb6, 0xff, 0x2a, 0xc4, 0xb5, 0xff, 0x2a, 0xc4, 0xb5, 0xff, 0x2a, 0xc4, 0xb5, 0xff,
  0x2a, 0xc4, 0xb5, 0xff, 0x2a, 0xc4, 0xb5, 0xff, 0x2a, 0xc4, 0xb5, 0xff, 0x2a, 0xc4, 0xb5, 0xff,
  0x2a, 0xc4, 0xb5, 0xff, 0x2a, 0xc4, 0xb5, 0xff, 0x2a, 0xc4, 0xb5, 0xff, 0x2a, 0xc4, 0xb5, 0xff,
  0x2a, 0xc4, 0xb5, 0xff, 0x2a, 0xc4, 0xb5, 0xff, 0x2a, 0xc4, 0xb5, 0xff, 0x2a, 0xc4, 0xb5, 0xff,
  0x2a, 0xc4, 0xb5, 0xff, 0x2a, 0xc4, 0xb5, 0xff, 0x2a, 0xc4, 0xb5, 0xff, 0x2a, 0xc4, 0xb5, 0xff,
  0x2a, 0xc4, 0xb5, 0xff, 0x2a, 0xc4, 0xb5, 0xff, 0x2a, 0xc4, 0xb5, 0xff, 0x2a, 0xc4, 0xb5, 0xff,
  0x2a, 0xc4, 0xb5, 0xff, 0x2a, 0xc4, 0xb5, 0xff, 0x2a, 0xc4, 0xb5, 0xff, 0x2a, 0xc4, 0xb5, 0xff,
  0x2a, 0xc4, 0xb5, 0xff, 0x2a, 0xc4, 0xb5, 0xff, 0x2a, 0xc4, 0xb5, 0xff, 0x2a, 0xc4, 0xb5, 0xff,
  0x2a, 0xc4, 0xb5, 0xff, 0x2a, 0xc4, 0xb5, 0xff, 0x2a, 0xc4, 0xb5, 0xff, 0x2a, 0xc4, 0xb5, 0xfd,
  0x29, 0xca, 0xba, 0xff, 0x38, 0xcb, 0xbe, 0xcc, 0x65, 0xe2, 0xd7, 0x8d, 0x5d, 0xda, 0xd1, 0x5a,
  0x00, 0x00, 0x00, 0x00, 0x00, 0xff, 0xff, 0x02, 0x00, 0x00, 0x00, 0x00, 0x00, 0x00, 0x00, 0x00,
  0x00, 0x00, 0x00, 0x00, 0x00, 0x00, 0x00, 0x00, 0x7f, 0xff, 0xff, 0x02, 0x00, 0x00, 0x00, 0x00,
  0x5c, 0xdd, 0xd0, 0x53, 0x66, 0xe0, 0xd5, 0x8e, 0x3b, 0xcc, 0xbf, 0xc6, 0x29, 0xca, 0xba, 0xff,
  0x2a, 0xc4, 0xb5, 0xfd, 0x2a, 0xc4, 0xb5, 0xff, 0x2a, 0xc4, 0xb5, 0xff, 0x2a, 0xc4, 0xb5, 0xff,
  0x2a, 0xc4, 0xb5, 0xff, 0x2a, 0xc4, 0xb5, 0xff, 0x2a, 0xc4, 0xb5, 0xff, 0x2a, 0xc4, 0xb5, 0xff,
  0x2a, 0xc4, 0xb5, 0xff, 0x2a, 0xc4, 0xb5, 0xff, 0x2a, 0xc4, 0xb5, 0xff, 0x2a, 0xc4, 0xb5, 0xff,
  0x2a, 0xc4, 0xb5, 0xff, 0x2a, 0xc4, 0xb5, 0xff, 0x2a, 0xc4, 0xb5, 0xff, 0x2a, 0xc4, 0xb5, 0xff,
  0x2a, 0xc4, 0xb5, 0xff, 0x2a, 0xc4, 0xb5, 0xff, 0x2a, 0xc4, 0xb5, 0xff, 0x2a, 0xc4, 0xb5, 0xff,
  0x2a, 0xc4, 0xb5, 0xff, 0x2a, 0xc4, 0xb5, 0xff, 0x2a, 0xc4, 0xb5, 0xff, 0x2a, 0xc4, 0xb5, 0xff,
  0x2a, 0xc4, 0xb5, 0xff, 0x2a, 0xc4, 0xb5, 0xff, 0x2a, 0xc4, 0xb5, 0xff, 0x2a, 0xc4, 0xb5, 0xff,
  0x2a, 0xc4, 0xb5, 0xff, 0x2a, 0xc4, 0xb5, 0xff, 0x2a, 0xc4, 0xb5, 0xff, 0x2a, 0xc4, 0xb5, 0xff,
  0x2a, 0xc4, 0xb5, 0xff, 0x2a, 0xc4, 0xb5, 0xff, 0x2d, 0xc5, 0xb6, 0xff, 0x24, 0xc2, 0xb3, 0xff,
  0x45, 0xcd, 0xc0, 0xfb, 0xbf, 0xf5, 0xed, 0xee, 0xed, 0xff, 0xff, 0xe9, 0xdb, 0xfd, 0xf8, 0xeb,
  0xdd, 0xff, 0xf9, 0xeb, 0xde, 0xff, 0xf9, 0xeb, 0xde, 0xff, 0xf9, 0xeb, 0xe5, 0xff, 0xfc, 0xea,
  0xee, 0xff, 0xff, 0xea, 0xeb, 0xff, 0xfd, 0xea, 0xd7, 0xfd, 0xf7, 0xeb, 0xcd, 0xf9, 0xf3, 0xec,
  0xcd, 0xfa, 0xf4, 0xec, 0xd2, 0xfb, 0xf5, 0xec, 0xe8, 0xff, 0xfc, 0xea, 0xee, 0xff, 0xff, 0xea,
  0xe9, 0xff, 0xfd, 0xea, 0xde, 0xff, 0xf9, 0xeb, 0xde, 0xff, 0xf9, 0xeb, 0xde, 0xff, 0xf9, 0xeb,
  0xda, 0xfd, 0xf8, 0xeb, 0xe8, 0xff, 0xfc, 0xea, 0xd8, 0xfc, 0xf7, 0xec, 0x5f, 0xd5, 0xc9, 0xf8,
  0x22, 0xc2, 0xb2, 0xff, 0x2d, 0xc5, 0xb6, 0xff, 0x2a, 0xc4, 0xb5, 0xff, 0x2a, 0xc4, 0xb5, 0xff,
  0x2a, 0xc4, 0xb5, 0xff, 0x2a, 0xc4, 0xb5, 0xff, 0x2a, 0xc4, 0xb5, 0xff, 0x2a, 0xc4, 0xb5, 0xff,
  0x2a, 0xc4, 0xb5, 0xff, 0x2a, 0xc4, 0xb5, 0xff, 0x2a, 0xc4, 0xb5, 0xff, 0x2a, 0xc4, 0xb5, 0xff,
  0x2a, 0xc4, 0xb5, 0xff, 0x2a, 0xc4, 0xb5, 0xff, 0x2a, 0xc4, 0xb5, 0xff, 0x2a, 0xc4, 0xb5, 0xff,
  0x2a, 0xc4, 0xb5, 0xff, 0x2a, 0xc4, 0xb5, 0xff, 0x2a, 0xc4, 0xb5, 0xff, 0x2a, 0xc4, 0xb5, 0xff,
  0x2a, 0xc4, 0xb5, 0xff, 0x2a, 0xc4, 0xb5, 0xff, 0x2a, 0xc4, 0xb5, 0xff, 0x2a, 0xc4, 0xb5, 0xff,
  0x2a, 0xc4, 0xb5, 0xff, 0x2a, 0xc4, 0xb5, 0xff, 0x2a, 0xc4, 0xb5, 0xff, 0x2a, 0xc4, 0xb5, 0xff,
  0x2a, 0xc4, 0xb5, 0xff, 0x2a, 0xc4, 0xb5, 0xff, 0x2a, 0xc4, 0xb5, 0xff, 0x2a, 0xc4, 0xb5, 0xff,
  0x2a, 0xc4, 0xb5, 0xff, 0x2a, 0xc4, 0xb5, 0xff, 0x2a, 0xc4, 0xb5, 0xff, 0x2a, 0xc3, 0xb4, 0xfe,
  0x29, 0xc8, 0xb9, 0xff, 0x31, 0xc7, 0xb9, 0xe3, 0x60, 0xde, 0xd3, 0x8e, 0x5d, 0xdd, 0xd2, 0x72,
  0x55, 0xaa, 0xaa, 0x03, 0x00, 0xff, 0xff, 0x01, 0x00, 0x00, 0x00, 0x00, 0x00, 0x00, 0x00, 0x00,
  0x00, 0x00, 0x00, 0x00, 0x00, 0x00, 0x00, 0x00, 0x00, 0xff, 0xff, 0x01, 0x00, 0x00, 0x00, 0x00,
  0x5e, 0xdd, 0xd3, 0x69, 0x63, 0xe0, 0xd7, 0x8d, 0x32, 0xc8, 0xb9, 0xdd, 0x29, 0xc8, 0xb9, 0xff,
  0x2a, 0xc3, 0xb4, 0xfe, 0x2a, 0xc4, 0xb5, 0xff, 0x2a, 0xc4, 0xb5, 0xff, 0x2a, 0xc4, 0xb5, 0xff,
  0x2a, 0xc4, 0xb5, 0xff, 0x2a, 0xc4, 0xb5, 0xff, 0x2a, 0xc4, 0xb5, 0xff, 0x2a, 0xc4, 0xb5, 0xff,
  0x2a, 0xc4, 0xb5, 0xff, 0x2a, 0xc4, 0xb5, 0xff, 0x2a, 0xc4, 0xb5, 0xff, 0x2a, 0xc4, 0xb5, 0xff,
  0x2a, 0xc4, 0xb5, 0xff, 0x2a, 0xc4, 0xb5, 0xff, 0x2a, 0xc4, 0xb5, 0xff, 0x2a, 0xc4, 0xb5, 0xff,
  0x2a, 0xc4, 0xb5, 0xff, 0x2a, 0xc4, 0xb5, 0xff, 0x2a, 0xc4, 0xb5, 0xff, 0x2a, 0xc4, 0xb5, 0xff,
  0x2a, 0xc4, 0xb5, 0xff, 0x2a, 0xc4, 0xb5, 0xff, 0x2a, 0xc4, 0xb5, 0xff, 0x2a, 0xc4, 0xb5, 0xff,
  0x2a, 0xc4, 0xb5, 0xff, 0x2a, 0xc4, 0xb5, 0xff, 0x2a, 0xc4, 0xb5, 0xff, 0x2a, 0xc4, 0xb5, 0xff,
  0x2a, 0xc4, 0xb5, 0xff, 0x2a, 0xc4, 0xb5, 0xff, 0x2a, 0xc4, 0xb5, 0xff, 0x2a, 0xc4, 0xb5, 0xff,
  0x2a, 0xc4, 0xb5, 0xff, 0x2d, 0xc4, 0xb6, 0xff, 0x23, 0xc2, 0xb2, 0xff, 0x3c, 0xc9, 0xbb, 0xfd,
  0xd8, 0xfc, 0xf6, 0xec, 0xe8, 0xff, 0xfd, 0xea, 0xda, 0xfd, 0xf8, 0xeb, 0xde, 0xff, 0xf9, 0xeb,
  0xde, 0xff, 0xf9, 0xeb, 0xdd, 0xff, 0xf9, 0xeb, 0xe0, 0xff, 0xfa, 0xea, 0xbf, 0xf6, 0xee, 0xed,
  0x88, 0xe3, 0xd9, 0xf3, 0x5d, 0xd5, 0xc9, 0xf8, 0x52, 0xd0, 0xc4, 0xfb, 0x40, 0xca, 0xbd, 0xfd,
  0x40, 0xca, 0xbd, 0xfd, 0x4b, 0xce, 0xc1, 0xfc, 0x5a, 0xd3, 0xc7, 0xf9, 0x7a, 0xdf, 0xd5, 0xf4,
  0xb3, 0xf1, 0xe9, 0xef, 0xdd, 0xff, 0xf9, 0xea, 0xde, 0xff, 0xf9, 0xeb, 0xde, 0xff, 0xf9, 0xeb,
  0xde, 0xff, 0xf9, 0xeb, 0xdc, 0xfd, 0xf8, 0xeb, 0xe0, 0xff, 0xfa, 0xeb, 0xed, 0xff, 0xff, 0xe9,
  0x60, 0xd6, 0xc9, 0xf9, 0x1d, 0xc1, 0xb1, 0xff, 0x2e, 0xc5, 0xb6, 0xff, 0x2a, 0xc4, 0xb5, 0xff,
  0x2a, 0xc4, 0xb5, 0xff, 0x2a, 0xc4, 0xb5, 0xff, 0x2a, 0xc4, 0xb5, 0xff, 0x2a, 0xc4, 0xb5, 0xff,
  0x2a, 0xc4, 0xb5, 0xff, 0x2a, 0xc4, 0xb5, 0xff, 0x2a, 0xc4, 0xb5, 0xff, 0x2a, 0xc4, 0xb5, 0xff,
  0x2a, 0xc4, 0xb5, 0xff, 0x2a, 0xc4, 0xb5, 0xff, 0x2a, 0xc4, 0xb5, 0xff, 0x2a, 0xc4, 0xb5, 0xff,
  0x2a, 0xc4, 0xb5, 0xff, 0x2a, 0xc4, 0xb5, 0xff, 0x2a, 0xc4, 0xb5, 0xff, 0x2a, 0xc4, 0xb5, 0xff,
  0x2a, 0xc4, 0xb5, 0xff, 0x2a, 0xc4, 0xb5, 0xff, 0x2a, 0xc4, 0xb5, 0xff, 0x2a, 0xc4, 0xb5, 0xff,
  0x2a, 0xc4, 0xb5, 0xff, 0x2a, 0xc4, 0xb5, 0xff, 0x2a, 0xc4, 0xb5, 0xff, 0x2a, 0xc4, 0xb5, 0xff,
  0x2a, 0xc4, 0xb5, 0xff, 0x2a, 0xc4, 0xb5, 0xff, 0x2a, 0xc4, 0xb5, 0xff, 0x2a, 0xc4, 0xb5, 0xff,
  0x2a, 0xc4, 0xb5, 0xff, 0x2a, 0xc4, 0xb5, 0xff, 0x2a, 0xc4, 0xb5, 0xff, 0x2a, 0xc4, 0xb5, 0xfe,
  0x2a, 0xc5, 0xb6, 0xff, 0x2b, 0xc4, 0xb6, 0xf5, 0x59, 0xdc, 0xd0, 0x94, 0x60, 0xdf, 0xd3, 0x81,
  0x55, 0xc6, 0xc6, 0x09, 0x00, 0x00, 0x00, 0x00, 0x00, 0xff, 0x00, 0x01, 0x00, 0x00, 0x00, 0x00,
  0x00, 0x00, 0x00, 0x00, 0x00, 0x00, 0x00, 0x00, 0x00, 0xff, 0xff, 0x01, 0x55, 0xaa, 0xaa, 0x03,
  0x5e, 0xdc, 0xd3, 0x6f, 0x5f, 0xdf, 0xd4, 0x90, 0x2f, 0xc7, 0xb9, 0xe6, 0x29, 0xc7, 0xb8, 0xff,
  0x2a, 0xc3, 0xb4, 0xfe, 0x2a, 0xc4, 0xb5, 0xff, 0x2a, 0xc4, 0xb5, 0xff, 0x2a, 0xc4, 0xb5, 0xff,
  0x2a, 0xc4, 0xb5, 0xff, 0x2a, 0xc4, 0xb5, 0xff, 0x2a, 0xc4, 0xb5, 0xff, 0x2a, 0xc4, 0xb5, 0xff,
  0x2a, 0xc4, 0xb5, 0xff, 0x2a, 0xc4, 0xb5, 0xff, 0x2a, 0xc4, 0xb5, 0xff, 0x2a, 0xc4, 0xb5, 0xff,
  0x2a, 0xc4, 0xb5, 0xff, 0x2a, 0xc4, 0xb5, 0xff, 0x2a, 0xc4, 0xb5, 0xff, 0x2a, 0xc4, 0xb5, 0xff,
  0x2a, 0xc4, 0xb5, 0xff, 0x2a, 0xc4, 0xb5, 0xff, 0x2a, 0xc4, 0xb5, 0xff, 0x2a, 0xc4, 0xb5, 0xff,
  0x2a, 0xc4, 0xb5, 0xff, 0x2a, 0xc4, 0xb5, 0xff, 0x2a, 0xc4, 0xb5, 0xff, 0x2a, 0xc4, 0xb5, 0xff,
  0x2a, 0xc4, 0xb5, 0xff, 0x2a, 0xc4, 0xb5, 0xff, 0x2a, 0xc4, 0xb5, 0xff, 0x2a, 0xc4, 0xb5, 0xff,
  0x2a, 0xc4, 0xb5, 0xff, 0x2a, 0xc4, 0xb5, 0xff, 0x2a, 0xc4, 0xb5, 0xff, 0x2a, 0xc4, 0xb5, 0xff,
  0x2b, 0xc4, 0xb5, 0xff, 0x27, 0xc3, 0xb4, 0xff, 0x30, 0xc5, 0xb7, 0xfe, 0xba, 0xf3, 0xeb, 0xef,
  0xe7, 0xff, 0xfc, 0xea, 0xda, 0xfd, 0xf8, 0xeb, 0xde, 0xff, 0xf9, 0xeb, 0xdf, 0xff, 0xf9, 0xeb,
  0xdc, 0xff, 0xf8, 0xeb, 0xe1, 0xff, 0xfa, 0xeb, 0xbe, 0xf1, 0xec, 0xf2, 0x98, 0xe3, 0xdb, 0xf9,
  0xab, 0xe7, 0xe2, 0xf9, 0xc8, 0xef, 0xeb, 0xf8, 0xec, 0xf9, 0xf8, 0xf6, 0xed, 0xf9, 0xf8, 0xf6,
  0xed, 0xf9, 0xf8, 0xf6, 0xed, 0xfa, 0xf9, 0xf6, 0xd1, 0xf1, 0xee, 0xf8, 0xb3, 0xe9, 0xe4, 0xf9,
  0x99, 0xe2, 0xdb, 0xfa, 0xb1, 0xed, 0xe6, 0xf4, 0xde, 0xfd, 0xf9, 0xec, 0xdd, 0xff, 0xf9, 0xea,
  0xde, 0xff, 0xf9, 0xeb, 0xde, 0xff, 0xf9, 0xeb, 0xdc, 0xff, 0xf8, 0xeb, 0xe0, 0xff, 0xfa, 0xeb,
  0xd9, 0xfd, 0xf7, 0xeb, 0x49, 0xce, 0xc1, 0xfb, 0x22, 0xc2, 0xb2, 0xff, 0x2c, 0xc4, 0xb6, 0xff,
  0x2a, 0xc4, 0xb5, 0xff, 0x2a, 0xc4, 0xb5, 0xff, 0x2a, 0xc4, 0xb5, 0xff, 0x2a, 0xc4, 0xb5, 0xff,
  0x2a, 0xc4, 0xb5, 0xff, 0x2a, 0xc4, 0xb5, 0xff, 0x2a, 0xc4, 0xb5, 0xff, 0x2a, 0xc4, 0xb5, 0xff,
  0x2a, 0xc4, 0xb5, 0xff, 0x2a, 0xc4, 0xb5, 0xff, 0x2a, 0xc4, 0xb5, 0xff, 0x2a, 0xc4, 0xb5, 0xff,
  0x2a, 0xc4, 0xb5, 0xff, 0x2a, 0xc4, 0xb5, 0xff, 0x2a, 0xc4, 0xb5, 0xff, 0x2a, 0xc4, 0xb5, 0xff,
  0x2a, 0xc4, 0xb5, 0xff, 0x2a, 0xc4, 0xb5, 0xff, 0x2a, 0xc4, 0xb5, 0xff, 0x2a, 0xc4, 0xb5, 0xff,
  0x2a, 0xc4, 0xb5, 0xff, 0x2a, 0xc4, 0xb5, 0xff, 0x2a, 0xc4, 0xb5, 0xff, 0x2a, 0xc4, 0xb5, 0xff,
  0x2a, 0xc4, 0xb5, 0xff, 0x2a, 0xc4, 0xb5, 0xff, 0x2a, 0xc4, 0xb5, 0xff, 0x2a, 0xc4, 0xb5, 0xff,
  0x2a, 0xc4, 0xb5, 0xff, 0x2a, 0xc4, 0xb5, 0xff, 0x2a, 0xc4, 0xb5, 0xff, 0x2a, 0xc4, 0xb5, 0xfe,
  0x2a, 0xc4, 0xb5, 0xff, 0x2b, 0xc5, 0xb6, 0xf9, 0x53, 0xd9, 0xcd, 0x9b, 0x60, 0xde, 0xd4, 0x84,
  0x5a, 0xd2, 0xd2, 0x11, 0x00, 0x00, 0x00, 0x00, 0x00, 0xff, 0x00, 0x01, 0x00, 0x00, 0x00, 0x00,
  0x00, 0x00, 0x00, 0x00, 0x00, 0xff, 0x00, 0x01, 0x00, 0x00, 0x00, 0x00, 0x4c, 0xcc, 0xcc, 0x0a,
  0x60, 0xdf, 0xd3, 0x82, 0x58, 0xdb, 0xcf, 0x96, 0x2b, 0xc5, 0xb5, 0xf8, 0x2a, 0xc5, 0xb6, 0xff,
  0x2a, 0xc4, 0xb5, 0xfe, 0x2a, 0xc4, 0xb5, 0xff, 0x2a, 0xc4, 0xb5, 0xff, 0x2a, 0xc4, 0xb5, 0xff,
  0x2a, 0xc4, 0xb5, 0xff, 0x2a, 0xc4, 0xb5, 0xff, 0x2a, 0xc4, 0xb5, 0xff, 0x2a, 0xc4, 0xb5, 0xff,
  0x2a, 0xc4, 0xb5, 0xff, 0x2a, 0xc4, 0xb5, 0xff, 0x2a, 0xc4, 0xb5, 0xff, 0x2a, 0xc4, 0xb5, 0xff,
  0x2a, 0xc4, 0xb5, 0xff, 0x2a, 0xc4, 0xb5, 0xff, 0x2a, 0xc4, 0xb5, 0xff, 0x2a, 0xc4, 0xb5, 0xff,
  0x2a, 0xc4, 0xb5, 0xff, 0x2a, 0xc4, 0xb5, 0xff, 0x2a, 0xc4, 0xb5, 0xff, 0x2a, 0xc4, 0xb5, 0xff,
  0x2a, 0xc4, 0xb5, 0xff, 0x2a, 0xc4, 0xb5, 0xff, 0x2a, 0xc4, 0xb5, 0xff, 0x2a, 0xc4, 0xb5, 0xff,
  0x2a, 0xc4, 0xb5, 0xff, 0x2a, 0xc4, 0xb5, 0xff, 0x2a, 0xc4, 0xb5, 0xff, 0x2a, 0xc4, 0xb5, 0xff,
  0x2a, 0xc4, 0xb5, 0xff, 0x2a, 0xc4, 0xb5, 0xff, 0x2a, 0xc4, 0xb5, 0xff, 0x2a, 0xc4, 0xb5, 0xff,
  0x2c, 0xc4, 0xb5, 0xff, 0x23, 0xc2, 0xb3, 0xff, 0xa1, 0xeb, 0xe2, 0xf1, 0xef, 0xff, 0xff, 0xe9,
  0xda, 0xfd, 0xf8, 0xeb, 0xde, 0xff, 0xf9, 0xeb, 0xde, 0xff, 0xf9, 0xeb, 0xdc, 0xff, 0xf8, 0xeb,
  0xe2, 0xff, 0xfa, 0xec, 0xf8, 0xff, 0xfd, 0xf3, 0xfd, 0xfd, 0xfd, 0xf6, 0xff, 0xff, 0xff, 0xf5,
  0xff, 0xff, 0xff, 0xf4, 0xff, 0xff, 0xff, 0xf4, 0xff, 0xff, 0xff, 0xf5, 0xff, 0xff, 0xff, 0xf5,
  0xff, 0xff, 0xff, 0xf5, 0xff, 0xff, 0xff, 0xf5, 0xff, 0xff, 0xff, 0xf4, 0xff, 0xff, 0xff, 0xf4,
  0xff, 0xff, 0xff, 0xf4, 0xff, 0xfd, 0xff, 0xf6, 0xfb, 0xff, 0xff, 0xf4, 0xe7, 0xff, 0xfa, 0xee,
  0xdc, 0xff, 0xf9, 0xea, 0xde, 0xff, 0xf9, 0xeb, 0xde, 0xff, 0xf9, 0xeb, 0xdb, 0xff, 0xf8, 0xeb,
  0xe8, 0xff, 0xfd, 0xea, 0xc9, 0xf8, 0xf1, 0xed, 0x32, 0xc6, 0xb8, 0xfe, 0x28, 0xc3, 0xb4, 0xff,
  0x2b, 0xc4, 0xb5, 0xff, 0x2a, 0xc4, 0xb5, 0xff, 0x2a, 0xc4, 0xb5, 0xff, 0x2a, 0xc4, 0xb5, 0xff,
  0x2a, 0xc4, 0xb5, 0xff, 0x2a, 0xc4, 0xb5, 0xff, 0x2a, 0xc4, 0xb5, 0xff, 0x2a, 0xc4, 0xb5, 0xff,
  0x2a, 0xc4, 0xb5, 0xff, 0x2a, 0xc4, 0xb5, 0xff, 0x2a, 0xc4, 0xb5, 0xff, 0x2a, 0xc4, 0xb5, 0xff,
  0x2a, 0xc4, 0xb5, 0xff, 0x2a, 0xc4, 0xb5, 0xff, 0x2a, 0xc4, 0xb5, 0xff, 0x2a, 0xc4, 0xb5, 0xff,
  0x2a, 0xc4, 0xb5, 0xff, 0x2a, 0xc4, 0xb5, 0xff, 0x2a, 0xc4, 0xb5, 0xff, 0x2a, 0xc4, 0xb5, 0xff,
  0x2a, 0xc4, 0xb5, 0xff, 0x2a, 0xc4, 0xb5, 0xff, 0x2a, 0xc4, 0xb5, 0xff, 0x2a, 0xc4, 0xb5, 0xff,
  0x2a, 0xc4, 0xb5, 0xff, 0x2a, 0xc4, 0xb5, 0xff, 0x2a, 0xc4, 0xb5, 0xff, 0x2a, 0xc4, 0xb5, 0xff,
  0x2a, 0xc4, 0xb5, 0xff, 0x2a, 0xc4, 0xb5, 0xff, 0x2a, 0xc4, 0xb5, 0xff, 0x2a, 0xc4, 0xb5, 0xff,
  0x2a, 0xc3, 0xb4, 0xfe, 0x2a, 0xc7, 0xb8, 0xff, 0x49, 0xd3, 0xc7, 0xa9, 0x64, 0xe0, 0xd6, 0x8c,
  0x57, 0xdd, 0xd6, 0x26, 0x00, 0x00, 0x00, 0x00, 0x7f, 0x7f, 0x7f, 0x02, 0x00, 0x00, 0x00, 0x00,
  0x00, 0x00, 0x00, 0x00, 0x00, 0xff, 0x00, 0x01, 0x00, 0x00, 0x00, 0x00, 0x4c, 0xcc, 0xcc, 0x0a,
  0x60, 0xdf, 0xd3, 0x81, 0x58, 0xdb, 0xcf, 0x96, 0x2b, 0xc5, 0xb5, 0xf7, 0x2a, 0xc5, 0xb6, 0xff,
  0x2a, 0xc4, 0xb5, 0xfe, 0x2a, 0xc4, 0xb5, 0xff, 0x2a, 0xc4, 0xb5, 0xff, 0x2a, 0xc4, 0xb5, 0xff,
  0x2a, 0xc4, 0xb5, 0xff, 0x2a, 0xc4, 0xb5, 0xff, 0x2a, 0xc4, 0xb5, 0xff, 0x2a, 0xc4, 0xb5, 0xff,
  0x2a, 0xc4, 0xb5, 0xff, 0x2a, 0xc4, 0xb5, 0xff, 0x2a, 0xc4, 0xb5, 0xff, 0x2a, 0xc4, 0xb5, 0xff,
  0x2a, 0xc4, 0xb5, 0xff, 0x2a, 0xc4, 0xb5, 0xff, 0x2a, 0xc4, 0xb5, 0xff, 0x2a, 0xc4, 0xb5, 0xff,
  0x2a, 0xc4, 0xb5, 0xff, 0x2a, 0xc4, 0xb5, 0xff, 0x2a, 0xc4, 0xb5, 0xff, 0x2a, 0xc4, 0xb5, 0xff,
  0x2a, 0xc4, 0xb5, 0xff, 0x2a, 0xc4, 0xb5, 0xff, 0x2a, 0xc4, 0xb5, 0xff, 0x2a, 0xc4, 0xb5, 0xff,
  0x2a, 0xc4, 0xb5, 0xff, 0x2a, 0xc4, 0xb5, 0xff, 0x2a, 0xc4, 0xb5, 0xff, 0x2a, 0xc4, 0xb5, 0xff,
  0x2a, 0xc4, 0xb5, 0xff, 0x2a, 0xc4, 0xb5, 0xff, 0x2a, 0xc4, 0xb5, 0xff, 0x2d, 0xc5, 0xb6, 0xff,
  0x1e, 0xc1, 0xb1, 0xff, 0x69, 0xd8, 0xcd, 0xf8, 0xee, 0xff, 0xff, 0xe9, 0xda, 0xfd, 0xf8, 0xeb,
  0xde, 0xff, 0xf9, 0xeb, 0xde, 0xff, 0xf9, 0xeb, 0xdd, 0xff, 0xf9, 0xea, 0xe5, 0xff, 0xfa, 0xed,
  0xff, 0xff, 0xff, 0xf4, 0xff, 0xff, 0xff, 0xf6, 0xff, 0xff, 0xff, 0xf5, 0xfc, 0xfd, 0xfd, 0xf5,
  0xfb, 0xfd, 0xfd, 0xf5, 0xfc, 0xff, 0xfd, 0xf5, 0xfd, 0xff, 0xff, 0xf5, 0xfd, 0xff, 0xff, 0xf5,
  0xfd, 0xff, 0xff, 0xf5, 0xfd, 0xff, 0xff, 0xf5, 0xfc, 0xff, 0xfd, 0xf5, 0xfb, 0xfd, 0xfd, 0xf5,
  0xfb, 0xfd, 0xfd, 0xf5, 0xff, 0xff, 0xff, 0xf5, 0xff, 0xff, 0xff, 0xf5, 0xff, 0xff, 0xff, 0xf5,
  0xea, 0xff, 0xfb, 0xef, 0xdd, 0xff, 0xf9, 0xea, 0xde, 0xff, 0xf9, 0xeb, 0xde, 0xff, 0xf9, 0xeb,
  0xda, 0xfd, 0xf8, 0xeb, 0xee, 0xff, 0xff, 0xe9, 0x98, 0xe8, 0xdf, 0xf2, 0x1e, 0xc1, 0xb1, 0xff,
  0x2d, 0xc5, 0xb6, 0xff, 0x2a, 0xc4, 0xb5, 0xff, 0x2a, 0xc4, 0xb5, 0xff, 0x2a, 0xc4, 0xb5, 0xff,
  0x2a, 0xc4, 0xb5, 0xff, 0x2a, 0xc4, 0xb5, 0xff, 0x2a, 0xc4, 0xb5, 0xff, 0x2a, 0xc4, 0xb5, 0xff,
  0x2a, 0xc4, 0xb5, 0xff, 0x2a, 0xc4, 0xb5, 0xff, 0x2a, 0xc4, 0xb5, 0xff, 0x2a, 0xc4, 0xb5, 0xff,
  0x2a, 0xc4, 0xb5, 0xff, 0x2a, 0xc4, 0xb5, 0xff, 0x2a, 0xc4, 0xb5, 0xff, 0x2a, 0xc4, 0xb5, 0xff,
  0x2a, 0xc4, 0xb5, 0xff, 0x2a, 0xc4, 0xb5, 0xff, 0x2a, 0xc4, 0xb5, 0xff, 0x2a, 0xc4, 0xb5, 0xff,
  0x2a, 0xc4, 0xb5, 0xff, 0x2a, 0xc4, 0xb5, 0xff, 0x2a, 0xc4, 0xb5, 0xff, 0x2a, 0xc4, 0xb5, 0xff,
  0x2a, 0xc4, 0xb5, 0xff, 0x2a, 0xc4, 0xb5, 0xff, 0x2a, 0xc4, 0xb5, 0xff, 0x2a, 0xc4, 0xb5, 0xff,
  0x2a, 0xc4, 0xb5, 0xff, 0x2a, 0xc4, 0xb5, 0xff, 0x2a, 0xc4, 0xb5, 0xff, 0x2a, 0xc4, 0xb5, 0xff,
  0x2a, 0xc3, 0xb4, 0xfe, 0x2a, 0xc7, 0xb8, 0xff, 0x4a, 0xd4, 0xc8, 0xa8, 0x64, 0xe0, 0xd6, 0x8c,
  0x59, 0xdc, 0xd5, 0x25, 0x00, 0x00, 0x00, 0x00, 0x7f, 0x7f, 0x7f, 0x02, 0x00, 0x00, 0x00, 0x00,
  0x00, 0x00, 0x00, 0x00, 0x00, 0xff, 0x00, 0x01, 0x00, 0x00, 0x00, 0x00, 0x4c, 0xcc, 0xcc, 0x0a,
  0x60, 0xdf, 0xd3, 0x81, 0x58, 0xdb, 0xcf, 0x96, 0x2b, 0xc5, 0xb5, 0xf7, 0x2a, 0xc5, 0xb6, 0xff,
  0x2a, 0xc4, 0xb5, 0xfe, 0x2a, 0xc4, 0xb5, 0xff, 0x2a, 0xc4, 0xb5, 0xff, 0x2a, 0xc4, 0xb5, 0xff,
  0x2a, 0xc4, 0xb5, 0xff, 0x2a, 0xc4, 0xb5, 0xff, 0x2a, 0xc4, 0xb5, 0xff, 0x2a, 0xc4, 0xb5, 0xff,
  0x2a, 0xc4, 0xb5, 0xff, 0x2a, 0xc4, 0xb5, 0xff, 0x2a, 0xc4, 0xb5, 0xff, 0x2a, 0xc4, 0xb5, 0xff,
  0x2a, 0xc4, 0xb5, 0xff, 0x2a, 0xc4, 0xb5, 0xff, 0x2a, 0xc4, 0xb5, 0xff, 0x2a, 0xc4, 0xb5, 0xff,
  0x2a, 0xc4, 0xb5, 0xff, 0x2a, 0xc4, 0xb5, 0xff, 0x2a, 0xc4, 0xb5, 0xff, 0x2a, 0xc4, 0xb5, 0xff,
  0x2a, 0xc4, 0xb5, 0xff, 0x2a, 0xc4, 0xb5, 0xff, 0x2a, 0xc4, 0xb5, 0xff, 0x2a, 0xc4, 0xb5, 0xff,
  0x2a, 0xc4, 0xb5, 0xff, 0x2a, 0xc4, 0xb5, 0xff, 0x2a, 0xc4, 0xb5, 0xff, 0x2a, 0xc4, 0xb5, 0xff,
  0x2a, 0xc4, 0xb5, 0xff, 0x2a, 0xc4, 0xb5, 0xff, 0x2b, 0xc4, 0xb5, 0xff, 0x27, 0xc3, 0xb4, 0xff,
  0x34, 0xc7, 0xb8, 0xfe, 0xce, 0xfa, 0xf4, 0xec, 0xe1, 0xff, 0xfa, 0xeb, 0xdd, 0xff, 0xf9, 0xeb,
  0xde, 0xff, 0xf9, 0xeb, 0xdd, 0xff, 0xf9, 0xeb, 0xe0, 0xff, 0xf9, 0xec, 0xfc, 0xff, 0xff, 0xf4,
  0xff, 0xff, 0xff, 0xf5, 0xfd, 0xff, 0xff, 0xf5, 0xff, 0xff, 0xff, 0xf5, 0xff, 0xff, 0xff, 0xf5,
  0xff, 0xff, 0xff, 0xf5, 0xff, 0xff, 0xff, 0xf5, 0xfd, 0xff, 0xff, 0xf5, 0xfd, 0xff, 0xff, 0xf5,
  0xfd, 0xff, 0xff, 0xf5, 0xfd, 0xff, 0xff, 0xf5, 0xff, 0xff, 0xff, 0xf5, 0xff, 0xff, 0xff, 0xf5,
  0xff, 0xff, 0xff, 0xf5, 0xff, 0xff, 0xff, 0xf5, 0xff, 0xff, 0xff, 0xf5, 0xff, 0xff, 0xff, 0xf5,
  0xff, 0xff, 0xff, 0xf5, 0xe6, 0xff, 0xfa, 0xee, 0xdd, 0xff, 0xf9, 0xea, 0xde, 0xff, 0xf9, 0xeb,
  0xde, 0xff, 0xf9, 0xeb, 0xdc, 0xff, 0xf9, 0xeb, 0xe4, 0xff, 0xfc, 0xea, 0x53, 0xd2, 0xc4, 0xfa,
  0x22, 0xc2, 0xb2, 0xff, 0x2c, 0xc4, 0xb6, 0xff, 0x2a, 0xc4, 0xb5, 0xff, 0x2a, 0xc4, 0xb5, 0xff,
  0x2a, 0xc4, 0xb5, 0xff, 0x2a, 0xc4, 0xb5, 0xff, 0x2a, 0xc4, 0xb5, 0xff, 0x2a, 0xc4, 0xb5, 0xff,
  0x2a, 0xc4, 0xb5, 0xff, 0x2a, 0xc4, 0xb5, 0xff, 0x2a, 0xc4, 0xb5, 0xff, 0x2a, 0xc4, 0xb5, 0xff,
  0x2a, 0xc4, 0xb5, 0xff, 0x2a, 0xc4, 0xb5, 0xff, 0x2a, 0xc4, 0xb5, 0xff, 0x2a, 0xc4, 0xb5, 0xff,
  0x2a, 0xc4, 0xb5, 0xff, 0x2a, 0xc4, 0xb5, 0xff, 0x2a, 0xc4, 0xb5, 0xff, 0x2a, 0xc4, 0xb5, 0xff,
  0x2a, 0xc4, 0xb5, 0xff, 0x2a, 0xc4, 0xb5, 0xff, 0x2a, 0xc4, 0xb5, 0xff, 0x2a, 0xc4, 0xb5, 0xff,
  0x2a, 0xc4, 0xb5, 0xff, 0x2a, 0xc4, 0xb5, 0xff, 0x2a, 0xc4, 0xb5, 0xff, 0x2a, 0xc4, 0xb5, 0xff,
  0x2a, 0xc4, 0xb5, 0xff, 0x2a, 0xc4, 0xb5, 0xff, 0x2a, 0xc4, 0xb5, 0xff, 0x2a, 0xc4, 0xb5, 0xff,
  0x2a, 0xc3, 0xb4, 0xfe, 0x2a, 0xc7, 0xb8, 0xff, 0x4a, 0xd4, 0xc8, 0xa8, 0x64, 0xe0, 0xd6, 0x8c,
  0x59, 0xdc, 0xd5, 0x25, 0x00, 0x00, 0x00, 0x00, 0x7f, 0x7f, 0x7f, 0x02, 0x00, 0x00, 0x00, 0x00,
  0x00, 0x00, 0x00, 0x00, 0x00, 0xff, 0x00, 0x01, 0x00, 0x00, 0x00, 0x00, 0x4c, 0xcc, 0xcc, 0x0a,
  0x60, 0xdf, 0xd3, 0x81, 0x58, 0xdb, 0xcf, 0x96, 0x2b, 0xc5, 0xb5, 0xf7, 0x2a, 0xc5, 0xb6, 0xff,
  0x2a, 0xc4, 0xb5, 0xfe, 0x2a, 0xc4, 0xb5, 0xff, 0x2a, 0xc4, 0xb5, 0xff, 0x2a, 0xc4, 0xb5, 0xff,
  0x2a, 0xc4, 0xb5, 0xff, 0x2a, 0xc4, 0xb5, 0xff, 0x2a, 0xc4, 0xb5, 0xff, 0x2a, 0xc4, 0xb5, 0xff,
  0x2a, 0xc4, 0xb5, 0xff, 0x2a, 0xc4, 0xb5, 0xff, 0x2a, 0xc4, 0xb5, 0xff, 0x2a, 0xc4, 0xb5, 0xff,
  0x2a, 0xc4, 0xb5, 0xff, 0x2a, 0xc4, 0xb5, 0xff, 0x2a, 0xc4, 0xb5, 0xff, 0x2a, 0xc4, 0xb5, 0xff,
  0x2a, 0xc4, 0xb5, 0xff, 0x2a, 0xc4, 0xb5, 0xff, 0x2a, 0xc4, 0xb5, 0xff, 0x2a, 0xc4, 0xb5, 0xff,
  0x2a, 0xc4, 0xb5, 0xff, 0x2a, 0xc4, 0xb5, 0xff, 0x2a, 0xc4, 0xb5, 0xff, 0x2a, 0xc4, 0xb5, 0xff,
  0x2a, 0xc4, 0xb5, 0xff, 0x2a, 0xc4, 0xb5, 0xff, 0x2a, 0xc4, 0xb5, 0xff, 0x2a, 0xc4, 0xb5, 0xff,
  0x2a, 0xc4, 0xb5, 0xff, 0x2a, 0xc4, 0xb5, 0xff, 0x2d, 0xc5, 0xb6, 0xff, 0x1e, 0xc1, 0xb1, 0xff,
  0x81, 0xe0, 0xd6, 0xf5, 0xee, 0xff, 0xff, 0xe9, 0xdb, 0xfd, 0xf8, 0xeb, 0xde, 0xff, 0xf9, 0xeb,
  0xde, 0xff, 0xf9, 0xeb, 0xdc, 0xff, 0xf8, 0xeb, 0xf7, 0xff, 0xfd, 0xf2, 0xff, 0xff, 0xff, 0xf6,
  0xfd, 0xff, 0xff, 0xf5, 0xff, 0xff, 0xff, 0xf5, 0xfd, 0xff, 0xff, 0xf5, 0xfb, 0xfd, 0xfd, 0xf5,
  0xfb, 0xfd, 0xfd, 0xf5, 0xfc, 0xff, 0xfd, 0xf5, 0xff, 0xff, 0xff, 0xf5, 0xff, 0xff, 0xff, 0xf5,
  0xff, 0xff, 0xff, 0xf5, 0xff, 0xff, 0xff, 0xf5, 0xfd, 0xff, 0xff, 0xf5, 0xfb, 0xfd, 0xfd, 0xf5,
  0xfb, 0xfd, 0xfd, 0xf5, 0xfd, 0xff, 0xff, 0xf5, 0xff, 0xff, 0xff, 0xf5, 0xff, 0xff, 0xff, 0xf5,
  0xff, 0xff, 0xff, 0xf5, 0xfc, 0xff, 0xff, 0xf4, 0xe0, 0xff, 0xf9, 0xec, 0xdd, 0xff, 0xf9, 0xeb,
  0xde, 0xff, 0xf9, 0xeb, 0xdc, 0xff, 0xf8, 0xeb, 0xe9, 0xff, 0xfd, 0xea, 0xae, 0xef, 0xe7, 0xf0,
  0x23, 0xc2, 0xb3, 0xff, 0x2c, 0xc4, 0xb5, 0xff, 0x2a, 0xc4, 0xb5, 0xff, 0x2a, 0xc4, 0xb5, 0xff,
  0x2a, 0xc4, 0xb5, 0xff, 0x2a, 0xc4, 0xb5, 0xff, 0x2a, 0xc4, 0xb5, 0xff, 0x2a, 0xc4, 0xb5, 0xff,
  0x2a, 0xc4, 0xb5, 0xff, 0x2a, 0xc4, 0xb5, 0xff, 0x2a, 0xc4, 0xb5, 0xff, 0x2a, 0xc4, 0xb5, 0xff,
  0x2a, 0xc4, 0xb5, 0xff, 0x2a, 0xc4, 0xb5, 0xff, 0x2a, 0xc4, 0xb5, 0xff, 0x2a, 0xc4, 0xb5, 0xff,
  0x2a, 0xc4, 0xb5, 0xff, 0x2a, 0xc4, 0xb5, 0xff, 0x2a, 0xc4, 0xb5, 0xff, 0x2a, 0xc4, 0xb5, 0xff,
  0x2a, 0xc4, 0xb5, 0xff, 0x2a, 0xc4, 0xb5, 0xff, 0x2a, 0xc4, 0xb5, 0xff, 0x2a, 0xc4, 0xb5, 0xff,
  0x2a, 0xc4, 0xb5, 0xff, 0x2a, 0xc4, 0xb5, 0xff, 0x2a, 0xc4, 0xb5, 0xff, 0x2a, 0xc4, 0xb5, 0xff,
  0x2a, 0xc4, 0xb5, 0xff, 0x2a, 0xc4, 0xb5, 0xff, 0x2a, 0xc4, 0xb5, 0xff, 0x2a, 0xc4, 0xb5, 0xff,
  0x2a, 0xc3, 0xb4, 0xfe, 0x2a, 0xc7, 0xb8, 0xff, 0x4a, 0xd4, 0xc8, 0xa8, 0x64, 0xe0, 0xd6, 0x8c,
  0x57, 0xd6, 0xd0, 0x26, 0x00, 0x00, 0x00, 0x00, 0x7f, 0x7f, 0x7f, 0x02, 0x00, 0x00, 0x00, 0x00,
  0x00, 0x00, 0x00, 0x00, 0x00, 0xff, 0x00, 0x01, 0x00, 0x00, 0x00, 0x00, 0x4c, 0xcc, 0xcc, 0x0a,
  0x60, 0xdf, 0xd3, 0x81, 0x58, 0xdb, 0xcf, 0x96, 0x2b, 0xc5, 0xb5, 0xf7, 0x2a, 0xc5, 0xb6, 0xff,
  0x2a, 0xc4, 0xb5, 0xfe, 0x2a, 0xc4, 0xb5, 0xff, 0x2a, 0xc4, 0xb5, 0xff, 0x2a, 0xc4, 0xb5, 0xff,
  0x2a, 0xc4, 0xb5, 0xff, 0x2a, 0xc4, 0xb5, 0xff, 0x2a, 0xc4, 0xb5, 0xff, 0x2a, 0xc4, 0xb5, 0xff,
  0x2a, 0xc4, 0xb5, 0xff, 0x2a, 0xc4, 0xb5, 0xff, 0x2a, 0xc4, 0xb5, 0xff, 0x2a, 0xc4, 0xb5, 0xff,
  0x2a, 0xc4, 0xb5, 0xff, 0x2a, 0xc4, 0xb5, 0xff, 0x2a, 0xc4, 0xb5, 0xff, 0x2a, 0xc4, 0xb5, 0xff,
  0x2a, 0xc4, 0xb5, 0xff, 0x2a, 0xc4, 0xb5, 0xff, 0x2a, 0xc4, 0xb5, 0xff, 0x2a, 0xc4, 0xb5, 0xff,
  0x2a, 0xc4, 0xb5, 0xff, 0x2a, 0xc4, 0xb5, 0xff, 0x2a, 0xc4, 0xb5, 0xff, 0x2a, 0xc4, 0xb5, 0xff,
  0x2a, 0xc4, 0xb5, 0xff, 0x2a, 0xc4, 0xb5, 0xff, 0x2a, 0xc4, 0xb5, 0xff, 0x2a, 0xc4, 0xb5, 0xff,
  0x2a, 0xc4, 0xb5, 0xff, 0x2b, 0xc4, 0xb5, 0xff, 0x27, 0xc3, 0xb4, 0xff, 0x35, 0xc7, 0xb8, 0xfe,
  0xd1, 0xfa, 0xf5, 0xec, 0xe1, 0xff, 0xfa, 0xeb, 0xdd, 0xff, 0xf9, 0xeb, 0xde, 0xff, 0xf9, 0xeb,
  0xdc, 0xff, 0xf9, 0xea, 0xec, 0xff, 0xfb, 0xef, 0xff, 0xff, 0xff, 0xf6, 0xff, 0xff, 0xff, 0xf5,
  0xfd, 0xff, 0xff, 0xf5, 0xfb, 0xfd, 0xfd, 0xf5, 0xff, 0xff, 0xff, 0xf5, 0xff, 0xff, 0xff, 0xf4,
  0xff, 0xff, 0xff, 0xf4, 0xff, 0xff, 0xff, 0xf5, 0xf7, 0xfc, 0xfc, 0xf5, 0xf0, 0xfa, 0xf9, 0xf6,
  0xf1, 0xfa, 0xf9, 0xf6, 0xf3, 0xfb, 0xfb, 0xf5, 0xff, 0xff, 0xff, 0xf5, 0xff, 0xff, 0xff, 0xf4,
  0xff, 0xff, 0xff, 0xf4, 0xff, 0xff, 0xff, 0xf5, 0xfb, 0xfd, 0xfd, 0xf5, 0xfc, 0xfd, 0xfd, 0xf5,
  0xfd, 0xff, 0xff, 0xf5, 0xff, 0xff, 0xff, 0xf6, 0xf4, 0xff, 0xfd, 0xf1, 0xdc, 0xff, 0xf8, 0xeb,
  0xde, 0xff, 0xf9, 0xeb, 0xde, 0xff, 0xf9, 0xeb, 0xdc, 0xff, 0xf9, 0xeb, 0xe7, 0xff, 0xfc, 0xea,
  0x55, 0xd2, 0xc5, 0xfa, 0x21, 0xc2, 0xb2, 0xff, 0x2c, 0xc4, 0xb6, 0xff, 0x2a, 0xc4, 0xb5, 0xff,
  0x2a, 0xc4, 0xb5, 0xff, 0x2a, 0xc4, 0xb5, 0xff, 0x2a, 0xc4, 0xb5, 0xff, 0x2a, 0xc4, 0xb5, 0xff,
  0x2a, 0xc4, 0xb5, 0xff, 0x2a, 0xc4, 0xb5, 0xff, 0x2a, 0xc4, 0xb5, 0xff, 0x2a, 0xc4, 0xb5, 0xff,
  0x2a, 0xc4, 0xb5, 0xff, 0x2a, 0xc4, 0xb5, 0xff, 0x2a, 0xc4, 0xb5, 0xff, 0x2a, 0xc4, 0xb5, 0xff,
  0x2a, 0xc4, 0xb5, 0xff, 0x2a, 0xc4, 0xb5, 0xff, 0x2a, 0xc4, 0xb5, 0xff, 0x2a, 0xc4, 0xb5, 0xff,
  0x2a, 0xc4, 0xb5, 0xff, 0x2a, 0xc4, 0xb5, 0xff, 0x2a, 0xc4, 0xb5, 0xff, 0x2a, 0xc4, 0xb5, 0xff,
  0x2a, 0xc4, 0xb5, 0xff, 0x2a, 0xc4, 0xb5, 0xff, 0x2a, 0xc4, 0xb5, 0xff, 0x2a, 0xc4, 0xb5, 0xff,
  0x2a, 0xc4, 0xb5, 0xff, 0x2a, 0xc4, 0xb5, 0xff, 0x2a, 0xc4, 0xb5, 0xff, 0x2a, 0xc4, 0xb5, 0xff,
  0x2a, 0xc3, 0xb4, 0xfe, 0x2a, 0xc7, 0xb8, 0xff, 0x4a, 0xd4, 0xc8, 0xa8, 0x64, 0xe0, 0xd6, 0x8c,
  0x57, 0xd6, 0xd0, 0x26, 0x00, 0x00, 0x00, 0x00, 0x7f, 0x7f, 0x7f, 0x02, 0x00, 0x00, 0x00, 0x00,
  0x00, 0x00, 0x00, 0x00, 0x00, 0xff, 0x00, 0x01, 0x00, 0x00, 0x00, 0x00, 0x45, 0xb9, 0xb9, 0x0b,
  0x60, 0xdf, 0xd3, 0x81, 0x58, 0xdb, 0xcf, 0x96, 0x2b, 0xc5, 0xb5, 0xf7, 0x2a, 0xc5, 0xb6, 0xff,
  0x2a, 0xc4, 0xb5, 0xfe, 0x2a, 0xc4, 0xb5, 0xff, 0x2a, 0xc4, 0xb5, 0xff, 0x2a, 0xc4, 0xb5, 0xff,
  0x2a, 0xc4, 0xb5, 0xff, 0x2a, 0xc4, 0xb5, 0xff, 0x2a, 0xc4, 0xb5, 0xff, 0x2a, 0xc4, 0xb5, 0xff,
  0x2a, 0xc4, 0xb5, 0xff, 0x2a, 0xc4, 0xb5, 0xff, 0x2a, 0xc4, 0xb5, 0xff, 0x2a, 0xc4, 0xb5, 0xff,
  0x2a, 0xc4, 0xb5, 0xff, 0x2a, 0xc4, 0xb5, 0xff, 0x2a, 0xc4, 0xb5, 0xff, 0x2a, 0xc4, 0xb5, 0xff,
  0x2a, 0xc4, 0xb5, 0xff, 0x2a, 0xc4, 0xb5, 0xff, 0x2a, 0xc4, 0xb5, 0xff, 0x2a, 0xc4, 0xb5, 0xff,
  0x2a, 0xc4, 0xb5, 0xff, 0x2a, 0xc4, 0xb5, 0xff, 0x2a, 0xc4, 0xb5, 0xff, 0x2a, 0xc4, 0xb5, 0xff,
  0x2a, 0xc4, 0xb5, 0xff, 0x2a, 0xc4, 0xb5, 0xff, 0x2a, 0xc4, 0xb5, 0xff, 0x2a, 0xc4, 0xb5, 0xff,
  0x2a, 0xc4, 0xb5, 0xff, 0x2d, 0xc5, 0xb6, 0xff, 0x1f, 0xc1, 0xb2, 0xff, 0x6e, 0xda, 0xcf, 0xf7,
  0xec, 0xff, 0xff, 0xe9, 0xdb, 0xfd, 0xf8, 0xeb, 0xde, 0xff, 0xf9, 0xeb, 0xdd, 0xff, 0xf9, 0xeb,
  0xe0, 0xff, 0xf9, 0xec, 0xfd, 0xff, 0xff, 0xf4, 0xff, 0xff, 0xff, 0xf5, 0xfa, 0xfd, 0xfd, 0xf5,
  0xff, 0xff, 0xff, 0xf5, 0xff, 0xff, 0xff, 0xf4, 0xf6, 0xfc, 0xfb, 0xf5, 0xbf, 0xed, 0xe9, 0xf8,
  0x85, 0xdd, 0xd4, 0xfb, 0x62, 0xd3, 0xc8, 0xfc, 0x3f, 0xc9, 0xbc, 0xfe, 0x32, 0xc6, 0xb7, 0xff,
  0x33, 0xc6, 0xb8, 0xff, 0x37, 0xc7, 0xb9, 0xfe, 0x5a, 0xd1, 0xc5, 0xfd, 0x79, 0xda, 0xd0, 0xfb,
  0xaf, 0xea, 0xe4, 0xf8, 0xe9, 0xf8, 0xf7, 0xf6, 0xff, 0xff, 0xff, 0xf4, 0xff, 0xff, 0xff, 0xf5,
  0xfb, 0xfd, 0xfd, 0xf5, 0xfd, 0xff, 0xff, 0xf5, 0xff, 0xff, 0xff, 0xf5, 0xe7, 0xff, 0xfa, 0xee,
  0xdd, 0xff, 0xf9, 0xea, 0xde, 0xff, 0xf9, 0xeb, 0xdb, 0xfd, 0xf8, 0xeb, 0xeb, 0xff, 0xff, 0xea,
  0x9b, 0xe8, 0xe0, 0xf2, 0x20, 0xc1, 0xb2, 0xff, 0x2d, 0xc5, 0xb6, 0xff, 0x2a, 0xc4, 0xb5, 0xff,
  0x2a, 0xc4, 0xb5, 0xff, 0x2a, 0xc4, 0xb5, 0xff, 0x2a, 0xc4, 0xb5, 0xff, 0x2a, 0xc4, 0xb5, 0xff,
  0x2a, 0xc4, 0xb5, 0xff, 0x2a, 0xc4, 0xb5, 0xff, 0x2a, 0xc4, 0xb5, 0xff, 0x2a, 0xc4, 0xb5, 0xff,
  0x2a, 0xc4, 0xb5, 0xff, 0x2a, 0xc4, 0xb5, 0xff, 0x2a, 0xc4, 0xb5, 0xff, 0x2a, 0xc4, 0xb5, 0xff,
  0x2a, 0xc4, 0xb5, 0xff, 0x2a, 0xc4, 0xb5, 0xff, 0x2a, 0xc4, 0xb5, 0xff, 0x2a, 0xc4, 0xb5, 0xff,
  0x2a, 0xc4, 0xb5, 0xff, 0x2a, 0xc4, 0xb5, 0xff, 0x2a, 0xc4, 0xb5, 0xff, 0x2a, 0xc4, 0xb5, 0xff,
  0x2a, 0xc4, 0xb5, 0xff, 0x2a, 0xc4, 0xb5, 0xff, 0x2a, 0xc4, 0xb5, 0xff, 0x2a, 0xc4, 0xb5, 0xff,
  0x2a, 0xc4, 0xb5, 0xff, 0x2a, 0xc4, 0xb5, 0xff, 0x2a, 0xc4, 0xb5, 0xff, 0x2a, 0xc4, 0xb5, 0xff,
  0x2a, 0xc3, 0xb4, 0xfe, 0x2a, 0xc7, 0xb8, 0xff, 0x4a, 0xd4, 0xc8, 0xa8, 0x64, 0xe0, 0xd6, 0x8c,
  0x57, 0xd6, 0xd0, 0x26, 0x00, 0x00, 0x00, 0x00, 0x7f, 0x7f, 0x7f, 0x02, 0x00, 0x00, 0x00, 0x00,
  0x00, 0x00, 0x00, 0x00, 0x00, 0xff, 0x00, 0x01, 0x00, 0x00, 0x00, 0x00, 0x45, 0xb9, 0xb9, 0x0b,
  0x60, 0xdf, 0xd3, 0x81, 0x58, 0xdb, 0xcf, 0x96, 0x2b, 0xc5, 0xb5, 0xf7, 0x2a, 0xc5, 0xb6, 0xff,
  0x2a, 0xc4, 0xb5, 0xfe, 0x2a, 0xc4, 0xb5, 0xff, 0x2a, 0xc4, 0xb5, 0xff, 0x2a, 0xc4, 0xb5, 0xff,
  0x2a, 0xc4, 0xb5, 0xff, 0x2a, 0xc4, 0xb5, 0xff, 0x2a, 0xc4, 0xb5, 0xff, 0x2a, 0xc4, 0xb5, 0xff,
  0x2a, 0xc4, 0xb5, 0xff, 0x2a, 0xc4, 0xb5, 0xff, 0x2a, 0xc4, 0xb5, 0xff, 0x2a, 0xc4, 0xb5, 0xff,
  0x2a, 0xc4, 0xb5, 0xff, 0x2a, 0xc4, 0xb5, 0xff, 0x2a, 0xc4, 0xb5, 0xff, 0x2a, 0xc4, 0xb5, 0xff,
  0x2a, 0xc4, 0xb5, 0xff, 0x2a, 0xc4, 0xb5, 0xff, 0x2a, 0xc4, 0xb5, 0xff, 0x2a, 0xc4, 0xb5, 0xff,
  0x2a, 0xc4, 0xb5, 0xff, 0x2a, 0xc4, 0xb5, 0xff, 0x2a, 0xc4, 0xb5, 0xff, 0x2a, 0xc4, 0xb5, 0xff,
  0x2a, 0xc4, 0xb5, 0xff, 0x2a, 0xc4, 0xb5, 0xff, 0x2a, 0xc4, 0xb5, 0xff, 0x2a, 0xc4, 0xb5, 0xff,
  0x2a, 0xc4, 0xb5, 0xff, 0x2c, 0xc4, 0xb5, 0xff, 0x23, 0xc2, 0xb3, 0xff, 0xb7, 0xf3, 0xea, 0xee,
  0xe7, 0xff, 0xfc, 0xea, 0xdd, 0xff, 0xf8, 0xeb, 0xdf, 0xff, 0xf9, 0xeb, 0xdc, 0xff, 0xf9, 0xea,
  0xec, 0xff, 0xfb, 0xf0, 0xff, 0xfd, 0xfd, 0xf6, 0xfd, 0xff, 0xff, 0xf5, 0xff, 0xff, 0xff, 0xf4,
  0xe0, 0xf7, 0xf4, 0xf6, 0x89, 0xde, 0xd6, 0xfa, 0x3f, 0xc9, 0xbc, 0xfe, 0x15, 0xbf, 0xaf, 0xff,
  0x0d, 0xbd, 0xac, 0xff, 0x15, 0xbf, 0xae, 0xff, 0x2c, 0xc4, 0xb6, 0xff, 0x35, 0xc7, 0xb8, 0xff,
  0x34, 0xc6, 0xb8, 0xff, 0x32, 0xc6, 0xb7, 0xff, 0x19, 0xc0, 0xb0, 0xff, 0x0e, 0xbd, 0xac, 0xff,
  0x11, 0xbe, 0xad, 0xff, 0x31, 0xc5, 0xb7, 0xff, 0x75, 0xd9, 0xcf, 0xfb, 0xc8, 0xf0, 0xec, 0xf7,
  0xff, 0xff, 0xff, 0xf4, 0xff, 0xff, 0xff, 0xf5, 0xfc, 0xfd, 0xfd, 0xf6, 0xf5, 0xff, 0xfd, 0xf2,
  0xdc, 0xff, 0xf8, 0xeb, 0xdf, 0xff, 0xf9, 0xeb, 0xde, 0xff, 0xf9, 0xeb, 0xdf, 0xff, 0xfa, 0xeb,
  0xd6, 0xfc, 0xf7, 0xeb, 0x39, 0xc9, 0xba, 0xfd, 0x25, 0xc2, 0xb3, 0xff, 0x2c, 0xc4, 0xb6, 0xff,
  0x2a, 0xc4, 0xb5, 0xff, 0x2a, 0xc4, 0xb5, 0xff, 0x2a, 0xc4, 0xb5, 0xff, 0x2a, 0xc4, 0xb5, 0xff,
  0x2a, 0xc4, 0xb5, 0xff, 0x2a, 0xc4, 0xb5, 0xff, 0x2a, 0xc4, 0xb5, 0xff, 0x2a, 0xc4, 0xb5, 0xff,
  0x2a, 0xc4, 0xb5, 0xff, 0x2a, 0xc4, 0xb5, 0xff, 0x2a, 0xc4, 0xb5, 0xff, 0x2a, 0xc4, 0xb5, 0xff,
  0x2a, 0xc4, 0xb5, 0xff, 0x2a, 0xc4, 0xb5, 0xff, 0x2a, 0xc4, 0xb5, 0xff, 0x2a, 0xc4, 0xb5, 0xff,
  0x2a, 0xc4, 0xb5, 0xff, 0x2a, 0xc4, 0xb5, 0xff, 0x2a, 0xc4, 0xb5, 0xff, 0x2a, 0xc4, 0xb5, 0xff,
  0x2a, 0xc4, 0xb5, 0xff, 0x2a, 0xc4, 0xb5, 0xff, 0x2a, 0xc4, 0xb5, 0xff, 0x2a, 0xc4, 0xb5, 0xff,
  0x2a, 0xc4, 0xb5, 0xff, 0x2a, 0xc4, 0xb5, 0xff, 0x2a, 0xc4, 0xb5, 0xff, 0x2a, 0xc4, 0xb5, 0xff,
  0x2a, 0xc3, 0xb4, 0xfe, 0x2a, 0xc7, 0xb8, 0xff, 0x4a, 0xd4, 0xc8, 0xa8, 0x64, 0xe0, 0xd6, 0x8c,
  0x55, 0xd1, 0xca, 0x27, 0x00, 0x00, 0x00, 0x00, 0x7f, 0x7f, 0x7f, 0x02, 0x00, 0x00, 0x00, 0x00,
  0x00, 0x00, 0x00, 0x00, 0x00, 0xff, 0x00, 0x01, 0x00, 0x00, 0x00, 0x00, 0x45, 0xb9, 0xb9, 0x0b,
  0x60, 0xdf, 0xd3, 0x81, 0x58, 0xdb, 0xcf, 0x96, 0x2b, 0xc5, 0xb5, 0xf7, 0x2a, 0xc5, 0xb6, 0xff,
  0x2a, 0xc4, 0xb5, 0xfe, 0x2a, 0xc4, 0xb5, 0xff, 0x2a, 0xc4, 0xb5, 0xff, 0x2a, 0xc4, 0xb5, 0xff,
  0x2a, 0xc4, 0xb5, 0xff, 0x2a, 0xc4, 0xb5, 0xff, 0x2a, 0xc4, 0xb5, 0xff, 0x2a, 0xc4, 0xb5, 0xff,
  0x2a, 0xc4, 0xb5, 0xff, 0x2a, 0xc4, 0xb5, 0xff, 0x2a, 0xc4, 0xb5, 0xff, 0x2a, 0xc4, 0xb5, 0xff,
  0x2a, 0xc4, 0xb5, 0xff, 0x2a, 0xc4, 0xb5, 0xff, 0x2a, 0xc4, 0xb5, 0xff, 0x2a, 0xc4, 0xb5, 0xff,
  0x2a, 0xc4, 0xb5, 0xff, 0x2a, 0xc4, 0xb5, 0xff, 0x2a, 0xc4, 0xb5, 0xff, 0x2a, 0xc4, 0xb5, 0xff,
  0x2a, 0xc4, 0xb5, 0xff, 0x2a, 0xc4, 0xb5, 0xff, 0x2a, 0xc4, 0xb5, 0xff, 0x2a, 0xc4, 0xb5, 0xff,
  0x2a, 0xc4, 0xb5, 0xff, 0x2a, 0xc4, 0xb5, 0xff, 0x2a, 0xc4, 0xb5, 0xff, 0x2a, 0xc4, 0xb5, 0xff,
  0x2d, 0xc5, 0xb6, 0xff, 0x19, 0xc0, 0xaf, 0xff, 0x9d, 0xe4, 0xdd, 0xf9, 0xf4, 0xff, 0xff, 0xed,
  0xdb, 0xfd, 0xf8, 0xeb, 0xdc, 0xff, 0xf9, 0xea, 0xdc, 0xff, 0xf9, 0xea, 0xde, 0xff, 0xf9, 0xeb,
  0xf6, 0xfd, 0xfc, 0xf3, 0xff, 0xff, 0xff, 0xf5, 0xff, 0xff, 0xff, 0xf5, 0x97, 0xe2, 0xdb, 0xfa,
  0x32, 0xc6, 0xb8, 0xfe, 0x0e, 0xbd, 0xac, 0xff, 0x1f, 0xc1, 0xb1, 0xff, 0x5a, 0xd0, 0xc5, 0xfd,
  0x97, 0xe2, 0xdb, 0xfa, 0xc4, 0xee, 0xea, 0xf8, 0xe8, 0xf8, 0xf6, 0xf6, 0xf2, 0xfa, 0xfa, 0xf6,
  0xf1, 0xfa, 0xf9, 0xf6, 0xee, 0xf9, 0xf8, 0xf6, 0xcd, 0xf1, 0xee, 0xf7, 0xa4, 0xe6, 0xdf, 0xf9,
  0x6b, 0xd6, 0xcb, 0xfc, 0x2b, 0xc4, 0xb5, 0xff, 0x0e, 0xbd, 0xac, 0xff, 0x23, 0xc2, 0xb3, 0xff,
  0x79, 0xda, 0xd1, 0xfb, 0xec, 0xf9, 0xf8, 0xf6, 0xff, 0xff, 0xff, 0xf4, 0xfa, 0xfd, 0xfd, 0xf5,
  0xe1, 0xff, 0xf9, 0xed, 0xdb, 0xff, 0xf9, 0xea, 0xdc, 0xff, 0xf9, 0xea, 0xdc, 0xff, 0xf8, 0xeb,
  0xeb, 0xff, 0xfd, 0xec, 0xc8, 0xf1, 0xed, 0xf5, 0x26, 0xc3, 0xb4, 0xff, 0x28, 0xc3, 0xb5, 0xff,
  0x2b, 0xc4, 0xb5, 0xff, 0x2a, 0xc4, 0xb5, 0xff, 0x2a, 0xc4, 0xb5, 0xff, 0x2a, 0xc4, 0xb5, 0xff,
  0x2a, 0xc4, 0xb5, 0xff, 0x2a, 0xc4, 0xb5, 0xff, 0x2a, 0xc4, 0xb5, 0xff, 0x2a, 0xc4, 0xb5, 0xff,
  0x2a, 0xc4, 0xb5, 0xff, 0x2a, 0xc4, 0xb5, 0xff, 0x2a, 0xc4, 0xb5, 0xff, 0x2a, 0xc4, 0xb5, 0xff,
  0x2a, 0xc4, 0xb5, 0xff, 0x2a, 0xc4, 0xb5, 0xff, 0x2a, 0xc4, 0xb5, 0xff, 0x2a, 0xc4, 0xb5, 0xff,
  0x2a, 0xc4, 0xb5, 0xff, 0x2a, 0xc4, 0xb5, 0xff, 0x2a, 0xc4, 0xb5, 0xff, 0x2a, 0xc4, 0xb5, 0xff,
  0x2a, 0xc4, 0xb5, 0xff, 0x2a, 0xc4, 0xb5, 0xff, 0x2a, 0xc4, 0xb5, 0xff, 0x2a, 0xc4, 0xb5, 0xff,
  0x2a, 0xc4, 0xb5, 0xff, 0x2a, 0xc4, 0xb5, 0xff, 0x2a, 0xc4, 0xb5, 0xff, 0x2a, 0xc4, 0xb5, 0xff,
  0x2a, 0xc3, 0xb4, 0xfe, 0x2a, 0xc7, 0xb8, 0xff, 0x4a, 0xd4, 0xc8, 0xa8, 0x64, 0xe0, 0xd6, 0x8c,
  0x55, 0xd1, 0xca, 0x27, 0x00, 0x00, 0x00, 0x00, 0x7f, 0x7f, 0x7f, 0x02, 0x00, 0x00, 0x00, 0x00,
  0x00, 0x00, 0x00, 0x00, 0x00, 0xff, 0x00, 0x01, 0x00, 0x00, 0x00, 0x00, 0x45, 0xb9, 0xb9, 0x0b,
  0x60, 0xdf, 0xd3, 0x81, 0x58, 0xdb, 0xcf, 0x96, 0x2b, 0xc5, 0xb5, 0xf7, 0x2a, 0xc5, 0xb6, 0xff,
  0x2a, 0xc4, 0xb5, 0xfe, 0x2a, 0xc4, 0xb5, 0xff, 0x2a, 0xc4, 0xb5, 0xff, 0x2a, 0xc4, 0xb5, 0xff,
  0x2a, 0xc4, 0xb5, 0xff, 0x2a, 0xc4, 0xb5, 0xff, 0x2a, 0xc4, 0xb5, 0xff, 0x2a, 0xc4, 0xb5, 0xff,
  0x2a, 0xc4, 0xb5, 0xff, 0x2a, 0xc4, 0xb5, 0xff, 0x2a, 0xc4, 0xb5, 0xff, 0x2a, 0xc4, 0xb5, 0xff,
  0x2a, 0xc4, 0xb5, 0xff, 0x2a, 0xc4, 0xb5, 0xff, 0x2a, 0xc4, 0xb5, 0xff, 0x2a, 0xc4, 0xb5, 0xff,
  0x2a, 0xc4, 0xb5, 0xff, 0x2a, 0xc4, 0xb5, 0xff, 0x2a, 0xc4, 0xb5, 0xff, 0x2a, 0xc4, 0xb5, 0xff,
  0x2a, 0xc4, 0xb5, 0xff, 0x2a, 0xc4, 0xb5, 0xff, 0x2a, 0xc4, 0xb5, 0xff, 0x2a, 0xc4, 0xb5, 0xff,
  0x2a, 0xc4, 0xb5, 0xff, 0x2a, 0xc4, 0xb5, 0xff, 0x2a, 0xc4, 0xb5, 0xff, 0x2d, 0xc5, 0xb6, 0xff,
  0x1e, 0xc1, 0xb1, 0xff, 0x7a, 0xda, 0xd1, 0xfb, 0xff, 0xff, 0xff, 0xf4, 0xff, 0xff, 0xff, 0xf5,
  0xf9, 0xff, 0xfd, 0xf4, 0xf3, 0xff, 0xfc, 0xf1, 0xe7, 0xff, 0xfa, 0xee, 0xe5, 0xfd, 0xf9, 0xee,
  0xff, 0xff, 0xff, 0xf5, 0xdb, 0xf5, 0xf3, 0xf6, 0x54, 0xcf, 0xc3, 0xfd, 0x14, 0xbf, 0xae, 0xff,
  0x1d, 0xc1, 0xb1, 0xff, 0x75, 0xd9, 0xcf, 0xfb, 0xd2, 0xf3, 0xef, 0xf7, 0xff, 0xff, 0xff, 0xf5,
  0xff, 0xff, 0xff, 0xf4, 0xff, 0xff, 0xff, 0xf4, 0xff, 0xff, 0xff, 0xf5, 0xff, 0xff, 0xff, 0xf5,
  0xff, 0xff, 0xff, 0xf5, 0xff, 0xff, 0xff, 0xf5, 0xff, 0xff, 0xff, 0xf4, 0xff, 0xff, 0xff, 0xf4,
  0xff, 0xff, 0xff, 0xf4, 0xe3, 0xf7, 0xf5, 0xf6, 0x91, 0xe0, 0xd9, 0xfa, 0x2b, 0xc4, 0xb5, 0xff,
  0x10, 0xbe, 0xad, 0xff, 0x3b, 0xc8, 0xba, 0xfe, 0xba, 0xec, 0xe7, 0xf8, 0xff, 0xff, 0xff, 0xf5,
  0xed, 0xfd, 0xfa, 0xf1, 0xe5, 0xfd, 0xfa, 0xee, 0xf1, 0xff, 0xfc, 0xf1, 0xfa, 0xff, 0xff, 0xf3,
  0xfb, 0xfd, 0xfd, 0xf5, 0xff, 0xff, 0xff, 0xf4, 0xaa, 0xe7, 0xe1, 0xf9, 0x22, 0xc2, 0xb2, 0xff,
  0x2c, 0xc4, 0xb6, 0xff, 0x2a, 0xc4, 0xb5, 0xff, 0x2a, 0xc4, 0xb5, 0xff, 0x2a, 0xc4, 0xb5, 0xff,
  0x2a, 0xc4, 0xb5, 0xff, 0x2a, 0xc4, 0xb5, 0xff, 0x2a, 0xc4, 0xb5, 0xff, 0x2a, 0xc4, 0xb5, 0xff,
  0x2a, 0xc4, 0xb5, 0xff, 0x2a, 0xc4, 0xb5, 0xff, 0x2a, 0xc4, 0xb5, 0xff, 0x2a, 0xc4, 0xb5, 0xff,
  0x2a, 0xc4, 0xb5, 0xff, 0x2a, 0xc4, 0xb5, 0xff, 0x2a, 0xc4, 0xb5, 0xff, 0x2a, 0xc4, 0xb5, 0xff,
  0x2a, 0xc4, 0xb5, 0xff, 0x2a, 0xc4, 0xb5, 0xff, 0x2a, 0xc4, 0xb5, 0xff, 0x2a, 0xc4, 0xb5, 0xff,
  0x2a, 0xc4, 0xb5, 0xff, 0x2a, 0xc4, 0xb5, 0xff, 0x2a, 0xc4, 0xb5, 0xff, 0x2a, 0xc4, 0xb5, 0xff,
  0x2a, 0xc4, 0xb5, 0xff, 0x2a, 0xc4, 0xb5, 0xff, 0x2a, 0xc4, 0xb5, 0xff, 0x2a, 0xc4, 0xb5, 0xff,
  0x2a, 0xc3, 0xb4, 0xfe, 0x2a, 0xc7, 0xb8, 0xff, 0x4a, 0xd4, 0xc8, 0xa8, 0x64, 0xe0, 0xd6, 0x8c,
  0x55, 0xd1, 0xca, 0x27, 0x00, 0x00, 0x00, 0x00, 0x7f, 0x7f, 0x7f, 0x02, 0x00, 0x00, 0x00, 0x00,
  0x00, 0x00, 0x00, 0x00, 0x00, 0xff, 0x00, 0x01, 0x00, 0x00, 0x00, 0x00, 0x45, 0xb9, 0xb9, 0x0b,
  0x60, 0xdf, 0xd3, 0x81, 0x58, 0xdb, 0xcf, 0x96, 0x2b, 0xc5, 0xb5, 0xf7, 0x2a, 0xc5, 0xb6, 0xff,
  0x2a, 0xc4, 0xb5, 0xfe, 0x2a, 0xc4, 0xb5, 0xff, 0x2a, 0xc4, 0xb5, 0xff, 0x2a, 0xc4, 0xb5, 0xff,
  0x2a, 0xc4, 0xb5, 0xff, 0x2a, 0xc4, 0xb5, 0xff, 0x2a, 0xc4, 0xb5, 0xff, 0x2a, 0xc4, 0xb5, 0xff,
  0x2a, 0xc4, 0xb5, 0xff, 0x2a, 0xc4, 0xb5, 0xff, 0x2a, 0xc4, 0xb5, 0xff, 0x2a, 0xc4, 0xb5, 0xff,
  0x2a, 0xc4, 0xb5, 0xff, 0x2a, 0xc4, 0xb5, 0xff, 0x2a, 0xc4, 0xb5, 0xff, 0x2a, 0xc4, 0xb5, 0xff,
  0x2a, 0xc4, 0xb5, 0xff, 0x2a, 0xc4, 0xb5, 0xff, 0x2a, 0xc4, 0xb5, 0xff, 0x2a, 0xc4, 0xb5, 0xff,
  0x2a, 0xc4, 0xb5, 0xff, 0x2a, 0xc4, 0xb5, 0xff, 0x2a, 0xc4, 0xb5, 0xff, 0x2a, 0xc4, 0xb5, 0xff,
  0x2a, 0xc4, 0xb5, 0xff, 0x2a, 0xc4, 0xb5, 0xff, 0x2d, 0xc5, 0xb6, 0xff, 0x20, 0xc1, 0xb2, 0xff,
  0x4f, 0xce, 0xc1, 0xfd, 0xff, 0xff, 0xff, 0xf5, 0xff, 0xff, 0xff, 0xf5, 0xfd, 0xff, 0xff, 0xf5,
  0xff, 0xff, 0xff, 0xf5, 0xff, 0xff, 0xff, 0xf6, 0xfc, 0xfd, 0xfd, 0xf6, 0xff, 0xff, 0xff, 0xf4,
  0xc9, 0xef, 0xec, 0xf8, 0x2f, 0xc5, 0xb7, 0xfe, 0x0d, 0xbd, 0xac, 0xff, 0x48, 0xcc, 0xbf, 0xfd,
  0xc3, 0xee, 0xea, 0xf8, 0xff, 0xff, 0xff, 0xf5, 0xff, 0xff, 0xff, 0xf4, 0xfd, 0xff, 0xff, 0xf5,
  0xfb, 0xfd, 0xfd, 0xf5, 0xfb, 0xfd, 0xfd, 0xf5, 0xfd, 0xff, 0xff, 0xf5, 0xfd, 0xff, 0xff, 0xf5,
  0xfd, 0xff, 0xff, 0xf5, 0xfd, 0xff, 0xff, 0xf5, 0xfc, 0xfd, 0xfd, 0xf5, 0xfb, 0xfd, 0xfd, 0xf5,
  0xfb, 0xfd, 0xfd, 0xf5, 0xff, 0xff, 0xff, 0xf5, 0xff, 0xff, 0xff, 0xf4, 0xdd, 0xf5, 0xf3, 0xf7,
  0x65, 0xd4, 0xc9, 0xfc, 0x15, 0xbf, 0xae, 0xff, 0x19, 0xc0, 0xb0, 0xff, 0xa2, 0xe5, 0xdf, 0xf9,
  0xff, 0xff, 0xff, 0xf5, 0xff, 0xff, 0xff, 0xf5, 0xff, 0xff, 0xff, 0xf6, 0xff, 0xff, 0xff, 0xf5,
  0xff, 0xff, 0xff, 0xf5, 0xfa, 0xfd, 0xfd, 0xf5, 0xff, 0xff, 0xff, 0xf4, 0x81, 0xdc, 0xd2, 0xfb,
  0x19, 0xc0, 0xb0, 0xff, 0x2e, 0xc5, 0xb6, 0xff, 0x2a, 0xc4, 0xb5, 0xff, 0x2a, 0xc4, 0xb5, 0xff,
  0x2a, 0xc4, 0xb5, 0xff, 0x2a, 0xc4, 0xb5, 0xff, 0x2a, 0xc4, 0xb5, 0xff, 0x2a, 0xc4, 0xb5, 0xff,
  0x2a, 0xc4, 0xb5, 0xff, 0x2a, 0xc4, 0xb5, 0xff, 0x2a, 0xc4, 0xb5, 0xff, 0x2a, 0xc4, 0xb5, 0xff,
  0x2a, 0xc4, 0xb5, 0xff, 0x2a, 0xc4, 0xb5, 0xff, 0x2a, 0xc4, 0xb5, 0xff, 0x2a, 0xc4, 0xb5, 0xff,
  0x2a, 0xc4, 0xb5, 0xff, 0x2a, 0xc4, 0xb5, 0xff, 0x2a, 0xc4, 0xb5, 0xff, 0x2a, 0xc4, 0xb5, 0xff,
  0x2a, 0xc4, 0xb5, 0xff, 0x2a, 0xc4, 0xb5, 0xff, 0x2a, 0xc4, 0xb5, 0xff, 0x2a, 0xc4, 0xb5, 0xff,
  0x2a, 0xc4, 0xb5, 0xff, 0x2a, 0xc4, 0xb5, 0xff, 0x2a, 0xc4, 0xb5, 0xff, 0x2a, 0xc4, 0xb5, 0xff,
  0x2a, 0xc3, 0xb4, 0xfe, 0x2a, 0xc7, 0xb8, 0xff, 0x4a, 0xd4, 0xc8, 0xa8, 0x64, 0xe0, 0xd6, 0x8c,
  0x55, 0xd1, 0xca, 0x27, 0x00, 0x00, 0x00, 0x00, 0x7f, 0x7f, 0x7f, 0x02, 0x00, 0x00, 0x00, 0x00,
  0x00, 0x00, 0x00, 0x00, 0x00, 0xff, 0x00, 0x01, 0x00, 0x00, 0x00, 0x00, 0x45, 0xb9, 0xb9, 0x0b,
  0x60, 0xdf, 0xd3, 0x81, 0x58, 0xdb, 0xcf, 0x96, 0x2b, 0xc5, 0xb5, 0xf7, 0x2a, 0xc5, 0xb6, 0xff,
  0x2a, 0xc4, 0xb5, 0xfe, 0x2a, 0xc4, 0xb5, 0xff, 0x2a, 0xc4, 0xb5, 0xff, 0x2a, 0xc4, 0xb5, 0xff,
  0x2a, 0xc4, 0xb5, 0xff, 0x2a, 0xc4, 0xb5, 0xff, 0x2a, 0xc4, 0xb5, 0xff, 0x2a, 0xc4, 0xb5, 0xff,
  0x2a, 0xc4, 0xb5, 0xff, 0x2a, 0xc4, 0xb5, 0xff, 0x2a, 0xc4, 0xb5, 0xff, 0x2a, 0xc4, 0xb5, 0xff,
  0x2a, 0xc4, 0xb5, 0xff, 0x2a, 0xc4, 0xb5, 0xff, 0x2a, 0xc4, 0xb5, 0xff, 0x2a, 0xc4, 0xb5, 0xff,
  0x2a, 0xc4, 0xb5, 0xff, 0x2a, 0xc4, 0xb5, 0xff, 0x2a, 0xc4, 0xb5, 0xff, 0x2a, 0xc4, 0xb5, 0xff,
  0x2a, 0xc4, 0xb5, 0xff, 0x2a, 0xc4, 0xb5, 0xff, 0x2a, 0xc4, 0xb5, 0xff, 0x2a, 0xc4, 0xb5, 0xff,
  0x2a, 0xc4, 0xb5, 0xff, 0x2b, 0xc4, 0xb5, 0xff, 0x28, 0xc3, 0xb5, 0xff, 0x2e, 0xc5, 0xb6, 0xfe,
  0xd9, 0xf4, 0xf2, 0xf7, 0xff, 0xff, 0xff, 0xf4, 0xfc, 0xfd, 0xfd, 0xf5, 0xff, 0xff, 0xff, 0xf5,
  0xff, 0xff, 0xff, 0xf5, 0xfb, 0xfd, 0xfd, 0xf5, 0xff, 0xff, 0xff, 0xf4, 0xa8, 0xe7, 0xe1, 0xf9,
  0x0f, 0xbd, 0xac, 0xff, 0x35, 0xc7, 0xb9, 0xfe, 0x7e, 0xdb, 0xd2, 0xfb, 0xf0, 0xfa, 0xf9, 0xf6,
  0xff, 0xff, 0xff, 0xf4, 0xfb, 0xfd, 0xfd, 0xf5, 0xfc, 0xfd, 0xfd, 0xf5, 0xff, 0xff, 0xff, 0xf5,
  0xff, 0xff, 0xff, 0xf5, 0xff, 0xff, 0xff, 0xf5, 0xff, 0xff, 0xff, 0xf5, 0xff, 0xff, 0xff, 0xf5,
  0xff, 0xff, 0xff, 0xf5, 0xff, 0xff, 0xff, 0xf5, 0xff, 0xff, 0xff, 0xf5, 0xff, 0xff, 0xff, 0xf5,
  0xff, 0xff, 0xff, 0xf5, 0xfc, 0xff, 0xfd, 0xf5, 0xfb, 0xfd, 0xfd, 0xf5, 0xff, 0xff, 0xff, 0xf5,
  0xff, 0xff, 0xff, 0xf5, 0x97, 0xe2, 0xdb, 0xfa, 0x46, 0xcc, 0xbf, 0xfd, 0x0c, 0xbd, 0xab, 0xff,
  0x73, 0xd9, 0xcf, 0xfb, 0xff, 0xff, 0xff, 0xf4, 0xfd, 0xff, 0xff, 0xf5, 0xfd, 0xff, 0xff, 0xf5,
  0xff, 0xff, 0xff, 0xf5, 0xfd, 0xff, 0xff, 0xf5, 0xff, 0xff, 0xff, 0xf5, 0xf9, 0xfd, 0xfd, 0xf5,
  0x4d, 0xce, 0xc1, 0xfd, 0x22, 0xc2, 0xb3, 0xff, 0x2c, 0xc5, 0xb6, 0xff, 0x2a, 0xc4, 0xb5, 0xff,
  0x2a, 0xc4, 0xb5, 0xff, 0x2a, 0xc4, 0xb5, 0xff, 0x2a, 0xc4, 0xb5, 0xff, 0x2a, 0xc4, 0xb5, 0xff,
  0x2a, 0xc4, 0xb5, 0xff, 0x2a, 0xc4, 0xb5, 0xff, 0x2a, 0xc4, 0xb5, 0xff, 0x2a, 0xc4, 0xb5, 0xff,
  0x2a, 0xc4, 0xb5, 0xff, 0x2a, 0xc4, 0xb5, 0xff, 0x2a, 0xc4, 0xb5, 0xff, 0x2a, 0xc4, 0xb5, 0xff,
  0x2a, 0xc4, 0xb5, 0xff, 0x2a, 0xc4, 0xb5, 0xff, 0x2a, 0xc4, 0xb5, 0xff, 0x2a, 0xc4, 0xb5, 0xff,
  0x2a, 0xc4, 0xb5, 0xff, 0x2a, 0xc4, 0xb5, 0xff, 0x2a, 0xc4, 0xb5, 0xff, 0x2a, 0xc4, 0xb5, 0xff,
  0x2a, 0xc4, 0xb5, 0xff, 0x2a, 0xc4, 0xb5, 0xff, 0x2a, 0xc4, 0xb5, 0xff, 0x2a, 0xc4, 0xb5, 0xff,
  0x2a, 0xc3, 0xb4, 0xfe, 0x2a, 0xc7, 0xb8, 0xff, 0x4a, 0xd4, 0xc8, 0xa8, 0x64, 0xe0, 0xd6, 0x8c,
  0x55, 0xd1, 0xca, 0x27, 0x00, 0x00, 0x00, 0x00, 0x7f, 0x7f, 0x7f, 0x02, 0x00, 0x00, 0x00, 0x00,
  0x00, 0x00, 0x00, 0x00, 0x00, 0xff, 0x00, 0x01, 0x00, 0x00, 0x00, 0x00, 0x45, 0xb9, 0xb9, 0x0b,
  0x60, 0xdf, 0xd3, 0x81, 0x58, 0xdb, 0xcf, 0x96, 0x2b, 0xc5, 0xb5, 0xf7, 0x2a, 0xc5, 0xb6, 0xff,
  0x2a, 0xc4, 0xb5, 0xfe, 0x2a, 0xc4, 0xb5, 0xff, 0x2a, 0xc4, 0xb5, 0xff, 0x2a, 0xc4, 0xb5, 0xff,
  0x2a, 0xc4, 0xb5, 0xff, 0x2a, 0xc4, 0xb5, 0xff, 0x2a, 0xc4, 0xb5, 0xff, 0x2a, 0xc4, 0xb5, 0xff,
  0x2a, 0xc4, 0xb5, 0xff, 0x2a, 0xc4, 0xb5, 0xff, 0x2a, 0xc4, 0xb5, 0xff, 0x2a, 0xc4, 0xb5, 0xff,
  0x2a, 0xc4, 0xb5, 0xff, 0x2a, 0xc4, 0xb5, 0xff, 0x2a, 0xc4, 0xb5, 0xff, 0x2a, 0xc4, 0xb5, 0xff,
  0x2a, 0xc4, 0xb5, 0xff, 0x2a, 0xc4, 0xb5, 0xff, 0x2a, 0xc4, 0xb5, 0xff, 0x2a, 0xc4, 0xb5, 0xff,
  0x2a, 0xc4, 0xb5, 0xff, 0x2a, 0xc4, 0xb5, 0xff, 0x2a, 0xc4, 0xb5, 0xff, 0x2a, 0xc4, 0xb5, 0xff,
  0x2a, 0xc4, 0xb5, 0xff, 0x2d, 0xc5, 0xb6, 0xff, 0x1b, 0xc0, 0xb0, 0xff, 0x96, 0xe2, 0xda, 0xfa,
  0xff, 0xff, 0xff, 0xf4, 0xfa, 0xfd, 0xfd, 0xf5, 0xff, 0xff, 0xff, 0xf5, 0xff, 0xff, 0xff, 0xf5,
  0xfd, 0xff, 0xff, 0xf5, 0xff, 0xff, 0xff, 0xf5, 0xc5, 0xee, 0xea, 0xf8, 0x4b, 0xcd, 0xc0, 0xfd,
  0xa4, 0xe6, 0xe0, 0xf9, 0xf1, 0xfb, 0xfa, 0xf5, 0xff, 0xff, 0xff, 0xf4, 0xff, 0xff, 0xff, 0xf5,
  0xfb, 0xfd, 0xfd, 0xf5, 0xff, 0xff, 0xff, 0xf5, 0xff, 0xff, 0xff, 0xf5, 0xff, 0xff, 0xff, 0xf5,
  0xff, 0xff, 0xff, 0xf5, 0xff, 0xff, 0xff, 0xf5, 0xff, 0xff, 0xff, 0xf5, 0xff, 0xff, 0xff, 0xf5,
  0xff, 0xff, 0xff, 0xf5, 0xff, 0xff, 0xff, 0xf5, 0xff, 0xff, 0xff, 0xf5, 0xff, 0xff, 0xff, 0xf5,
  0xff, 0xff, 0xff, 0xf5, 0xff, 0xff, 0xff, 0xf5, 0xff, 0xff, 0xff, 0xf5, 0xfc, 0xfd, 0xfd, 0xf5,
  0xfd, 0xff, 0xff, 0xf5, 0xff, 0xff, 0xff, 0xf4, 0xfc, 0xff, 0xfd, 0xf5, 0xc0, 0xed, 0xe9, 0xf8,
  0x52, 0xcf, 0xc3, 0xfd, 0x9d, 0xe3, 0xdc, 0xfa, 0xff, 0xff, 0xff, 0xf5, 0xfd, 0xff, 0xff, 0xf5,
  0xff, 0xff, 0xff, 0xf5, 0xff, 0xff, 0xff, 0xf5, 0xfb, 0xfd, 0xfd, 0xf5, 0xff, 0xff, 0xff, 0xf4,
  0xcb, 0xef, 0xec, 0xf8, 0x23, 0xc2, 0xb2, 0xff, 0x2c, 0xc4, 0xb6, 0xff, 0x2a, 0xc4, 0xb5, 0xff,
  0x2a, 0xc4, 0xb5, 0xff, 0x2a, 0xc4, 0xb5, 0xff, 0x2a, 0xc4, 0xb5, 0xff, 0x2a, 0xc4, 0xb5, 0xff,
  0x2a, 0xc4, 0xb5, 0xff, 0x2a, 0xc4, 0xb5, 0xff, 0x2a, 0xc4, 0xb5, 0xff, 0x2a, 0xc4, 0xb5, 0xff,
  0x2a, 0xc4, 0xb5, 0xff, 0x2a, 0xc4, 0xb5, 0xff, 0x2a, 0xc4, 0xb5, 0xff, 0x2a, 0xc4, 0xb5, 0xff,
  0x2a, 0xc4, 0xb5, 0xff, 0x2a, 0xc4, 0xb5, 0xff, 0x2a, 0xc4, 0xb5, 0xff, 0x2a, 0xc4, 0xb5, 0xff,
  0x2a, 0xc4, 0xb5, 0xff, 0x2a, 0xc4, 0xb5, 0xff, 0x2a, 0xc4, 0xb5, 0xff, 0x2a, 0xc4, 0xb5, 0xff,
  0x2a, 0xc4, 0xb5, 0xff, 0x2a, 0xc4, 0xb5, 0xff, 0x2a, 0xc4, 0xb5, 0xff, 0x2a, 0xc4, 0xb5, 0xff,
  0x2a, 0xc3, 0xb4, 0xfe, 0x2a, 0xc7, 0xb8, 0xff, 0x4a, 0xd4, 0xc8, 0xa8, 0x64, 0xe0, 0xd6, 0x8c,
  0x55, 0xd1, 0xca, 0x27, 0x00, 0x00, 0x00, 0x00, 0x7f, 0x7f, 0x7f, 0x02, 0x00, 0x00, 0x00, 0x00,
  0x00, 0x00, 0x00, 0x00, 0x00, 0xff, 0x00, 0x01, 0x00, 0x00, 0x00, 0x00, 0x45, 0xb9, 0xb9, 0x0b,
  0x60, 0xdf, 0xd3, 0x81, 0x58, 0xdb, 0xcf, 0x96, 0x2b, 0xc5, 0xb5, 0xf7, 0x2a, 0xc5, 0xb6, 0xff,
  0x2a, 0xc4, 0xb5, 0xfe, 0x2a, 0xc4, 0xb5, 0xff, 0x2a, 0xc4, 0xb5, 0xff, 0x2a, 0xc4, 0xb5, 0xff,
  0x2a, 0xc4, 0xb5, 0xff, 0x2a, 0xc4, 0xb5, 0xff, 0x2a, 0xc4, 0xb5, 0xff, 0x2a, 0xc4, 0xb5, 0xff,
  0x2a, 0xc4, 0xb5, 0xff, 0x2a, 0xc4, 0xb5, 0xff, 0x2a, 0xc4, 0xb5, 0xff, 0x2a, 0xc4, 0xb5, 0xff,
  0x2a, 0xc4, 0xb5, 0xff, 0x2a, 0xc4, 0xb5, 0xff, 0x2a, 0xc4, 0xb5, 0xff, 0x2a, 0xc4, 0xb5, 0xff,
  0x2a, 0xc4, 0xb5, 0xff, 0x2a, 0xc4, 0xb5, 0xff, 0x2a, 0xc4, 0xb5, 0xff, 0x2a, 0xc4, 0xb5, 0xff,
  0x2a, 0xc4, 0xb5, 0xff, 0x2a, 0xc4, 0xb5, 0xff, 0x2a, 0xc4, 0xb5, 0xff, 0x2a, 0xc4, 0xb5, 0xff,
  0x2c, 0xc5, 0xb6, 0xff, 0x23, 0xc2, 0xb3, 0xff, 0x48, 0xcd, 0xbf, 0xfd, 0xff, 0xff, 0xff, 0xf5,
  0xfd, 0xff, 0xff, 0xf5, 0xff, 0xff, 0xff, 0xf5, 0xff, 0xff, 0xff, 0xf5, 0xff, 0xff, 0xff, 0xf5,
  0xff, 0xff, 0xff, 0xf5, 0xfa, 0xfd, 0xfd, 0xf5, 0xbb, 0xec, 0xe7, 0xf8, 0xf7, 0xfd, 0xfc, 0xf5,
  0xff, 0xff, 0xff, 0xf4, 0xff, 0xff, 0xff, 0xf5, 0xfb, 0xfd, 0xfd, 0xf5, 0xfd, 0xff, 0xff, 0xf5,
  0xff, 0xff, 0xff, 0xf5, 0xff, 0xff, 0xff, 0xf5, 0xff, 0xff, 0xff, 0xf5, 0xff, 0xff, 0xff, 0xf5,
  0xff, 0xff, 0xff, 0xf5, 0xff, 0xff, 0xff, 0xf5, 0xff, 0xff, 0xff, 0xf5, 0xff, 0xff, 0xff, 0xf5,
  0xff, 0xff, 0xff, 0xf5, 0xff, 0xff, 0xff, 0xf5, 0xff, 0xff, 0xff, 0xf5, 0xff, 0xff, 0xff, 0xf5,
  0xff, 0xff, 0xff, 0xf5, 0xff, 0xff, 0xff, 0xf5, 0xff, 0xff, 0xff, 0xf5, 0xff, 0xff, 0xff, 0xf5,
  0xff, 0xff, 0xff, 0xf5, 0xfb, 0xfd, 0xfd, 0xf5, 0xff, 0xff, 0xff, 0xf5, 0xff, 0xff, 0xff, 0xf4,
  0xff, 0xff, 0xff, 0xf5, 0xbe, 0xec, 0xe8, 0xf8, 0xeb, 0xf9, 0xf7, 0xf6, 0xff, 0xff, 0xff, 0xf5,
  0xfd, 0xff, 0xff, 0xf5, 0xff, 0xff, 0xff, 0xf5, 0xff, 0xff, 0xff, 0xf5, 0xfb, 0xfd, 0xfd, 0xf5,
  0xff, 0xff, 0xff, 0xf4, 0x77, 0xda, 0xd0, 0xfb, 0x1c, 0xc0, 0xb1, 0xff, 0x2d, 0xc5, 0xb6, 0xff,
  0x2a, 0xc4, 0xb5, 0xff, 0x2a, 0xc4, 0xb5, 0xff, 0x2a, 0xc4, 0xb5, 0xff, 0x2a, 0xc4, 0xb5, 0xff,
  0x2a, 0xc4, 0xb5, 0xff, 0x2a, 0xc4, 0xb5, 0xff, 0x2a, 0xc4, 0xb5, 0xff, 0x2a, 0xc4, 0xb5, 0xff,
  0x2a, 0xc4, 0xb5, 0xff, 0x2a, 0xc4, 0xb5, 0xff, 0x2a, 0xc4, 0xb5, 0xff, 0x2a, 0xc4, 0xb5, 0xff,
  0x2a, 0xc4, 0xb5, 0xff, 0x2a, 0xc4, 0xb5, 0xff, 0x2a, 0xc4, 0xb5, 0xff, 0x2a, 0xc4, 0xb5, 0xff,
  0x2a, 0xc4, 0xb5, 0xff, 0x2a, 0xc4, 0xb5, 0xff, 0x2a, 0xc4, 0xb5, 0xff, 0x2a, 0xc4, 0xb5, 0xff,
  0x2a, 0xc4, 0xb5, 0xff, 0x2a, 0xc4, 0xb5, 0xff, 0x2a, 0xc4, 0xb5, 0xff, 0x2a, 0xc4, 0xb5, 0xff,
  0x2a, 0xc3, 0xb4, 0xfe, 0x2a, 0xc7, 0xb8, 0xff, 0x4a, 0xd4, 0xc8, 0xa8, 0x64, 0xe0, 0xd6, 0x8c,
  0x55, 0xd1, 0xca, 0x27, 0x00, 0x00, 0x00, 0x00, 0x7f, 0x7f, 0x7f, 0x02, 0x00, 0x00, 0x00, 0x00,
  0x00, 0x00, 0x00, 0x00, 0x00, 0xff, 0x00, 0x01, 0x00, 0x00, 0x00, 0x00, 0x45, 0xb9, 0xb9, 0x0b,
  0x60, 0xdf, 0xd3, 0x81, 0x58, 0xdb, 0xcf, 0x96, 0x2b, 0xc5, 0xb5, 0xf7, 0x2a, 0xc5, 0xb6, 0xff,
  0x2a, 0xc4, 0xb5, 0xfe, 0x2a, 0xc4, 0xb5, 0xff, 0x2a, 0xc4, 0xb5, 0xff, 0x2a, 0xc4, 0xb5, 0xff,
  0x2a, 0xc4, 0xb5, 0xff, 0x2a, 0xc4, 0xb5, 0xff, 0x2a, 0xc4, 0xb5, 0xff, 0x2a, 0xc4, 0xb5, 0xff,
  0x2a, 0xc4, 0xb5, 0xff, 0x2a, 0xc4, 0xb5, 0xff, 0x2a, 0xc4, 0xb5, 0xff, 0x2a, 0xc4, 0xb5, 0xff,
  0x2a, 0xc4, 0xb5, 0xff, 0x2a, 0xc4, 0xb5, 0xff, 0x2a, 0xc4, 0xb5, 0xff, 0x2a, 0xc4, 0xb5, 0xff,
  0x2a, 0xc4, 0xb5, 0xff, 0x2a, 0xc4, 0xb5, 0xff, 0x2a, 0xc4, 0xb5, 0xff, 0x2a, 0xc4, 0xb5, 0xff,
  0x2a, 0xc4, 0xb5, 0xff, 0x2a, 0xc4, 0xb5, 0xff, 0x2a, 0xc4, 0xb5, 0xff, 0x2a, 0xc4, 0xb5, 0xff,
  0x2c, 0xc4, 0xb6, 0xff, 0x21, 0xc2, 0xb2, 0xff, 0xc2, 0xed, 0xea, 0xf8, 0xff, 0xff, 0xff, 0xf4,
  0xfc, 0xfd, 0xfd, 0xf5, 0xff, 0xff, 0xff, 0xf5, 0xff, 0xff, 0xff, 0xf5, 0xff, 0xff, 0xff, 0xf5,
  0xff, 0xff, 0xff, 0xf5, 0xff, 0xff, 0xff, 0xf5, 0xff, 0xff, 0xff, 0xf4, 0xff, 0xff, 0xff, 0xf5,
  0xfa, 0xfd, 0xfd, 0xf5, 0xfd, 0xff, 0xff, 0xf5, 0xff, 0xff, 0xff, 0xf5, 0xff, 0xff, 0xff, 0xf5,
  0xff, 0xff, 0xff, 0xf5, 0xfd, 0xff, 0xff, 0xf5, 0xfb, 0xfd, 0xfd, 0xf5, 0xfb, 0xfd, 0xfd, 0xf5,
  0xff, 0xff, 0xff, 0xf5, 0xff, 0xff, 0xff, 0xf5, 0xff, 0xff, 0xff, 0xf5, 0xff, 0xff, 0xff, 0xf6,
  0xff, 0xff, 0xff, 0xf6, 0xff, 0xff, 0xff, 0xf5, 0xff, 0xff, 0xff, 0xf4, 0xff, 0xff, 0xff, 0xf5,
  0xfb, 0xfd, 0xfd, 0xf5, 0xfb, 0xfd, 0xfd, 0xf5, 0xfc, 0xff, 0xff, 0xf5, 0xff, 0xff, 0xff, 0xf5,
  0xff, 0xff, 0xff, 0xf5, 0xff, 0xff, 0xff, 0xf5, 0xff, 0xff, 0xff, 0xf5, 0xfb, 0xfd, 0xfd, 0xf5,
  0xfd, 0xff, 0xff, 0xf5, 0xff, 0xff, 0xff, 0xf4, 0xff, 0xff, 0xff, 0xf5, 0xff, 0xff, 0xff, 0xf5,
  0xff, 0xff, 0xff, 0xf5, 0xff, 0xff, 0xff, 0xf5, 0xff, 0xff, 0xff, 0xf5, 0xfd, 0xff, 0xff, 0xf5,
  0xff, 0xff, 0xff, 0xf5, 0xec, 0xf9, 0xf8, 0xf6, 0x36, 0xc7, 0xb9, 0xfe, 0x27, 0xc3, 0xb4, 0xff,
  0x2b, 0xc4, 0xb5, 0xff, 0x2a, 0xc4, 0xb5, 0xff, 0x2a, 0xc4, 0xb5, 0xff, 0x2a, 0xc4, 0xb5, 0xff,
  0x2a, 0xc4, 0xb5, 0xff, 0x2a, 0xc4, 0xb5, 0xff, 0x2a, 0xc4, 0xb5, 0xff, 0x2a, 0xc4, 0xb5, 0xff,
  0x2a, 0xc4, 0xb5, 0xff, 0x2a, 0xc4, 0xb5, 0xff, 0x2a, 0xc4, 0xb5, 0xff, 0x2a, 0xc4, 0xb5, 0xff,
  0x2a, 0xc4, 0xb5, 0xff, 0x2a, 0xc4, 0xb5, 0xff, 0x2a, 0xc4, 0xb5, 0xff, 0x2a, 0xc4, 0xb5, 0xff,
  0x2a, 0xc4, 0xb5, 0xff, 0x2a, 0xc4, 0xb5, 0xff, 0x2a, 0xc4, 0xb5, 0xff, 0x2a, 0xc4, 0xb5, 0xff,
  0x2a, 0xc4, 0xb5, 0xff, 0x2a, 0xc4, 0xb5, 0xff, 0x2a, 0xc4, 0xb5, 0xff, 0x2a, 0xc4, 0xb5, 0xff,
  0x2a, 0xc3, 0xb4, 0xfe, 0x2a, 0xc7, 0xb8, 0xff, 0x4a, 0xd4, 0xc8, 0xa8, 0x64, 0xe0, 0xd6, 0x8c,
  0x55, 0xd1, 0xca, 0x27, 0x00, 0x00, 0x00, 0x00, 0x7f, 0x7f, 0x7f, 0x02, 0x00, 0x00, 0x00, 0x00,
  0x00, 0x00, 0x00, 0x00, 0x00, 0xff, 0x00, 0x01, 0x00, 0x00, 0x00, 0x00, 0x45, 0xb9, 0xb9, 0x0b,
  0x60, 0xdf, 0xd3, 0x81, 0x58, 0xdb, 0xcf, 0x96, 0x2b, 0xc5, 0xb5, 0xf7, 0x2a, 0xc5, 0xb6, 0xff,
  0x2a, 0xc4, 0xb5, 0xfe, 0x2a, 0xc4, 0xb5, 0xff, 0x2a, 0xc4, 0xb5, 0xff, 0x2a, 0xc4, 0xb5, 0xff,
  0x2a, 0xc4, 0xb5, 0xff, 0x2a, 0xc4, 0xb5, 0xff, 0x2a, 0xc4, 0xb5, 0xff, 0x2a, 0xc4, 0xb5, 0xff,
  0x2a, 0xc4, 0xb5, 0xff, 0x2a, 0xc4, 0xb5, 0xff, 0x2a, 0xc4, 0xb5, 0xff, 0x2a, 0xc4, 0xb5, 0xff,
  0x2a, 0xc4, 0xb5, 0xff, 0x2a, 0xc4, 0xb5, 0xff, 0x2a, 0xc4, 0xb5, 0xff, 0x2a, 0xc4, 0xb5, 0xff,
  0x2a, 0xc4, 0xb5, 0xff, 0x2a, 0xc4, 0xb5, 0xff, 0x2a, 0xc4, 0xb5, 0xff, 0x2a, 0xc4, 0xb5, 0xff,
  0x2a, 0xc4, 0xb5, 0xff, 0x2a, 0xc4, 0xb5, 0xff, 0x2a, 0xc4, 0xb5, 0xff, 0x2c, 0xc5, 0xb6, 0xff,
  0x20, 0xc1, 0xb2, 0xff, 0x61, 0xd3, 0xc8, 0xfc, 0xff, 0xff, 0xff, 0xf5, 0xfc, 0xff, 0xfd, 0xf5,
  0xff, 0xff, 0xff, 0xf5, 0xff, 0xff, 0xff, 0xf5, 0xff, 0xff, 0xff, 0xf5, 0xff, 0xff, 0xff, 0xf5,
  0xff, 0xff, 0xff, 0xf5, 0xff, 0xff, 0xff, 0xf5, 0xfc, 0xff, 0xfd, 0xf5, 0xfd, 0xff, 0xff, 0xf5,
  0xff, 0xff, 0xff, 0xf5, 0xff, 0xff, 0xff, 0xf5, 0xff, 0xff, 0xff, 0xf5, 0xfc, 0xfd, 0xfd, 0xf5,
  0xfb, 0xfd, 0xfd, 0xf5, 0xff, 0xff, 0xff, 0xf5, 0xff, 0xff, 0xff, 0xf4, 0xff, 0xff, 0xff, 0xf4,
  0xff, 0xff, 0xff, 0xf4, 0xff, 0xff, 0xff, 0xf8, 0xff, 0xff, 0xff, 0xfc, 0xff, 0xff, 0xff, 0xfe,
  0xff, 0xff, 0xff, 0xfe, 0xff, 0xff, 0xff, 0xfd, 0xff, 0xff, 0xff, 0xf9, 0xfc, 0xfd, 0xfd, 0xf5,
  0xff, 0xff, 0xff, 0xf4, 0xff, 0xff, 0xff, 0xf4, 0xff, 0xff, 0xff, 0xf5, 0xfd, 0xff, 0xff, 0xf5,
  0xfb, 0xfd, 0xfd, 0xf5, 0xff, 0xff, 0xff, 0xf5, 0xff, 0xff, 0xff, 0xf5, 0xff, 0xff, 0xff, 0xf5,
  0xff, 0xff, 0xff, 0xf5, 0xfc, 0xff, 0xfd, 0xf5, 0xff, 0xff, 0xff, 0xf5, 0xff, 0xff, 0xff, 0xf5,
  0xff, 0xff, 0xff, 0xf5, 0xff, 0xff, 0xff, 0xf5, 0xff, 0xff, 0xff, 0xf5, 0xff, 0xff, 0xff, 0xf5,
  0xfb, 0xfd, 0xfd, 0xf5, 0xff, 0xff, 0xff, 0xf4, 0x93, 0xe1, 0xd9, 0xfa, 0x1c, 0xc0, 0xb1, 0xff,
  0x2d, 0xc5, 0xb6, 0xff, 0x2a, 0xc4, 0xb5, 0xff, 0x2a, 0xc4, 0xb5, 0xff, 0x2a, 0xc4, 0xb5, 0xff,
  0x2a, 0xc4, 0xb5, 0xff, 0x2a, 0xc4, 0xb5, 0xff, 0x2a, 0xc4, 0xb5, 0xff, 0x2a, 0xc4, 0xb5, 0xff,
  0x2a, 0xc4, 0xb5, 0xff, 0x2a, 0xc4, 0xb5, 0xff, 0x2a, 0xc4, 0xb5, 0xff, 0x2a, 0xc4, 0xb5, 0xff,
  0x2a, 0xc4, 0xb5, 0xff, 0x2a, 0xc4, 0xb5, 0xff, 0x2a, 0xc4, 0xb5, 0xff, 0x2a, 0xc4, 0xb5, 0xff,
  0x2a, 0xc4, 0xb5, 0xff, 0x2a, 0xc4, 0xb5, 0xff, 0x2a, 0xc4, 0xb5, 0xff, 0x2a, 0xc4, 0xb5, 0xff,
  0x2a, 0xc4, 0xb5, 0xff, 0x2a, 0xc4, 0xb5, 0xff, 0x2a, 0xc4, 0xb5, 0xff, 0x2a, 0xc4, 0xb5, 0xff,
  0x2a, 0xc3, 0xb4, 0xfe, 0x2a, 0xc7, 0xb8, 0xff, 0x4a, 0xd4, 0xc8, 0xa8, 0x64, 0xe0, 0xd6, 0x8c,
  0x55, 0xd1, 0xca, 0x27, 0x00, 0x00, 0x00, 0x00, 0x7f, 0x7f, 0x7f, 0x02, 0x00, 0x00, 0x00, 0x00,
  0x00, 0x00, 0x00, 0x00, 0x00, 0xff, 0x00, 0x01, 0x00, 0x00, 0x00, 0x00, 0x45, 0xb9, 0xb9, 0x0b,
  0x60, 0xdf, 0xd3, 0x81, 0x58, 0xdb, 0xcf, 0x96, 0x2b, 0xc5, 0xb5, 0xf7, 0x2a, 0xc5, 0xb6, 0xff,
  0x2a, 0xc4, 0xb5, 0xfe, 0x2a, 0xc4, 0xb5, 0xff, 0x2a, 0xc4, 0xb5, 0xff, 0x2a, 0xc4, 0xb5, 0xff,
  0x2a, 0xc4, 0xb5, 0xff, 0x2a, 0xc4, 0xb5, 0xff, 0x2a, 0xc4, 0xb5, 0xff, 0x2a, 0xc4, 0xb5, 0xff,
  0x2a, 0xc4, 0xb5, 0xff, 0x2a, 0xc4, 0xb5, 0xff, 0x2a, 0xc4, 0xb5, 0xff, 0x2a, 0xc4, 0xb5, 0xff,
  0x2a, 0xc4, 0xb5, 0xff, 0x2a, 0xc4, 0xb5, 0xff, 0x2a, 0xc4, 0xb5, 0xff, 0x2a, 0xc4, 0xb5, 0xff,
  0x2a, 0xc4, 0xb5, 0xff, 0x2a, 0xc4, 0xb5, 0xff, 0x2a, 0xc4, 0xb5, 0xff, 0x2a, 0xc4, 0xb5, 0xff,
  0x2a, 0xc4, 0xb5, 0xff, 0x2a, 0xc4, 0xb5, 0xff, 0x2a, 0xc4, 0xb5, 0xff, 0x2d, 0xc4, 0xb6, 0xff,
  0x1d, 0xc1, 0xb1, 0xff, 0xbe, 0xec, 0xe8, 0xf8, 0xff, 0xff, 0xff, 0xf4, 0xfb, 0xfd, 0xfd, 0xf5,
  0xff, 0xff, 0xff, 0xf5, 0xff, 0xff, 0xff, 0xf5, 0xff, 0xff, 0xff, 0xf5, 0xff, 0xff, 0xff, 0xf5,
  0xff, 0xff, 0xff, 0xf5, 0xff, 0xff, 0xff, 0xf5, 0xff, 0xff, 0xff, 0xf5, 0xff, 0xff, 0xff, 0xf5,
  0xff, 0xff, 0xff, 0xf5, 0xff, 0xff, 0xff, 0xf5, 0xfc, 0xff, 0xfd, 0xf5, 0xff, 0xff, 0xff, 0xf5,
  0xff, 0xff, 0xff, 0xf4, 0xe9, 0xf8, 0xf7, 0xf6, 0xbb, 0xec, 0xe7, 0xf8, 0x81, 0xdc, 0xd3, 0xfa,
  0xb6, 0xea, 0xe5, 0xfc, 0xff, 0xff, 0xff, 0xff, 0xfe, 0xff, 0xff, 0xff, 0xff, 0xff, 0xff, 0xff,
  0xff, 0xff, 0xff, 0xff, 0xfe, 0xff, 0xff, 0xff, 0xff, 0xff, 0xff, 0xff, 0xd3, 0xf2, 0xef, 0xfd,
  0x7c, 0xda, 0xd1, 0xfb, 0xab, 0xe8, 0xe2, 0xf9, 0xdc, 0xf6, 0xf3, 0xf6, 0xff, 0xff, 0xff, 0xf5,
  0xff, 0xff, 0xff, 0xf4, 0xfd, 0xff, 0xff, 0xf5, 0xff, 0xff, 0xff, 0xf5, 0xff, 0xff, 0xff, 0xf5,
  0xff, 0xff, 0xff, 0xf5, 0xff, 0xff, 0xff, 0xf5, 0xff, 0xff, 0xff, 0xf5, 0xff, 0xff, 0xff, 0xf5,
  0xff, 0xff, 0xff, 0xf5, 0xfd, 0xff, 0xff, 0xf5, 0xff, 0xff, 0xff, 0xf5, 0xff, 0xff, 0xff, 0xf5,
  0xfd, 0xff, 0xff, 0xf5, 0xff, 0xff, 0xff, 0xf5, 0xec, 0xf9, 0xf8, 0xf6, 0x30, 0xc5, 0xb7, 0xfe,
  0x28, 0xc3, 0xb5, 0xff, 0x2b, 0xc4, 0xb5, 0xff, 0x2a, 0xc4, 0xb5, 0xff, 0x2a, 0xc4, 0xb5, 0xff,
  0x2a, 0xc4, 0xb5, 0xff, 0x2a, 0xc4, 0xb5, 0xff, 0x2a, 0xc4, 0xb5, 0xff, 0x2a, 0xc4, 0xb5, 0xff,
  0x2a, 0xc4, 0xb5, 0xff, 0x2a, 0xc4, 0xb5, 0xff, 0x2a, 0xc4, 0xb5, 0xff, 0x2a, 0xc4, 0xb5, 0xff,
  0x2a, 0xc4, 0xb5, 0xff, 0x2a, 0xc4, 0xb5, 0xff, 0x2a, 0xc4, 0xb5, 0xff, 0x2a, 0xc4, 0xb5, 0xff,
  0x2a, 0xc4, 0xb5, 0xff, 0x2a, 0xc4, 0xb5, 0xff, 0x2a, 0xc4, 0xb5, 0xff, 0x2a, 0xc4, 0xb5, 0xff,
  0x2a, 0xc4, 0xb5, 0xff, 0x2a, 0xc4, 0xb5, 0xff, 0x2a, 0xc4, 0xb5, 0xff, 0x2a, 0xc4, 0xb5, 0xff,
  0x2a, 0xc3, 0xb4, 0xfe, 0x2a, 0xc7, 0xb8, 0xff, 0x4a, 0xd4, 0xc8, 0xa8, 0x64, 0xe0, 0xd6, 0x8c,
  0x55, 0xd1, 0xca, 0x27, 0x00, 0x00, 0x00, 0x00, 0x7f, 0x7f, 0x7f, 0x02, 0x00, 0x00, 0x00, 0x00,
  0x00, 0x00, 0x00, 0x00, 0x00, 0xff, 0x00, 0x01, 0x00, 0x00, 0x00, 0x00, 0x45, 0xb9, 0xb9, 0x0b,
  0x60, 0xdf, 0xd3, 0x81, 0x58, 0xdb, 0xcf, 0x96, 0x2b, 0xc5, 0xb5, 0xf7, 0x2a, 0xc5, 0xb6, 0xff,
  0x2a, 0xc4, 0xb5, 0xfe, 0x2a, 0xc4, 0xb5, 0xff, 0x2a, 0xc4, 0xb5, 0xff, 0x2a, 0xc4, 0xb5, 0xff,
  0x2a, 0xc4, 0xb5, 0xff, 0x2a, 0xc4, 0xb5, 0xff, 0x2a, 0xc4, 0xb5, 0xff, 0x2a, 0xc4, 0xb5, 0xff,
  0x2a, 0xc4, 0xb5, 0xff, 0x2a, 0xc4, 0xb5, 0xff, 0x2a, 0xc4, 0xb5, 0xff, 0x2a, 0xc4, 0xb5, 0xff,
  0x2a, 0xc4, 0xb5, 0xff, 0x2a, 0xc4, 0xb5, 0xff, 0x2a, 0xc4, 0xb5, 0xff, 0x2a, 0xc4, 0xb5, 0xff,
  0x2a, 0xc4, 0xb5, 0xff, 0x2a, 0xc4, 0xb5, 0xff, 0x2a, 0xc4, 0xb5, 0xff, 0x2a, 0xc4, 0xb5, 0xff,
  0x2a, 0xc4, 0xb5, 0xff, 0x2a, 0xc4, 0xb5, 0xff, 0x2b, 0xc5, 0xb5, 0xff, 0x23, 0xc2, 0xb3, 0xff,
  0x4b, 0xcd, 0xc0, 0xfd, 0xfa, 0xfc, 0xfc, 0xf6, 0xff, 0xff, 0xff, 0xf5, 0xff, 0xff, 0xff, 0xf5,
  0xff, 0xff, 0xff, 0xf5, 0xff, 0xff, 0xff, 0xf5, 0xff, 0xff, 0xff, 0xf5, 0xff, 0xff, 0xff, 0xf5,
  0xff, 0xff, 0xff, 0xf5, 0xff, 0xff, 0xff, 0xf5, 0xff, 0xff, 0xff, 0xf5, 0xff, 0xff, 0xff, 0xf5,
  0xff, 0xff, 0xff, 0xf5, 0xfc, 0xfd, 0xfd, 0xf5, 0xff, 0xff, 0xff, 0xf5, 0xc1, 0xed, 0xe9, 0xf8,
  0x63, 0xd4, 0xc9, 0xfc, 0x36, 0xc7, 0xb9, 0xfe, 0x14, 0xbe, 0xae, 0xff, 0x50, 0xcf, 0xc2, 0xff,
  0xf7, 0xfd, 0xfc, 0xff, 0xfd, 0xfe, 0xfe, 0xff, 0xfe, 0xff, 0xff, 0xff, 0xff, 0xff, 0xff, 0xff,
  0xff, 0xff, 0xff, 0xff, 0xff, 0xff, 0xff, 0xff, 0xfc, 0xfe, 0xfe, 0xff, 0xff, 0xff, 0xff, 0xff,
  0x82, 0xdd, 0xd4, 0xff, 0x0e, 0xbd, 0xac, 0xff, 0x2e, 0xc5, 0xb6, 0xff, 0x54, 0xcf, 0xc4, 0xfd,
  0xa2, 0xe6, 0xdf, 0xf9, 0xff, 0xff, 0xff, 0xf5, 0xfd, 0xff, 0xff, 0xf5, 0xff, 0xff, 0xff, 0xf5,
  0xff, 0xff, 0xff, 0xf5, 0xff, 0xff, 0xff, 0xf5, 0xff, 0xff, 0xff, 0xf5, 0xff, 0xff, 0xff, 0xf5,
  0xfd, 0xff, 0xff, 0xf5, 0xff, 0xff, 0xff, 0xf5, 0xff, 0xff, 0xff, 0xf5, 0xff, 0xff, 0xff, 0xf5,
  0xff, 0xff, 0xff, 0xf5, 0xfb, 0xfd, 0xfd, 0xf5, 0xff, 0xff, 0xff, 0xf4, 0x78, 0xda, 0xd0, 0xfb,
  0x1d, 0xc1, 0xb1, 0xff, 0x2d, 0xc5, 0xb6, 0xff, 0x2a, 0xc4, 0xb5, 0xff, 0x2a, 0xc4, 0xb5, 0xff,
  0x2a, 0xc4, 0xb5, 0xff, 0x2a, 0xc4, 0xb5, 0xff, 0x2a, 0xc4, 0xb5, 0xff, 0x2a, 0xc4, 0xb5, 0xff,
  0x2a, 0xc4, 0xb5, 0xff, 0x2a, 0xc4, 0xb5, 0xff, 0x2a, 0xc4, 0xb5, 0xff, 0x2a, 0xc4, 0xb5, 0xff,
  0x2a, 0xc4, 0xb5, 0xff, 0x2a, 0xc4, 0xb5, 0xff, 0x2a, 0xc4, 0xb5, 0xff, 0x2a, 0xc4, 0xb5, 0xff,
  0x2a, 0xc4, 0xb5, 0xff, 0x2a, 0xc4, 0xb5, 0xff, 0x2a, 0xc4, 0xb5, 0xff, 0x2a, 0xc4, 0xb5, 0xff,
  0x2a, 0xc4, 0xb5, 0xff, 0x2a, 0xc4, 0xb5, 0xff, 0x2a, 0xc4, 0xb5, 0xff, 0x2a, 0xc4, 0xb5, 0xff,
  0x2a, 0xc3, 0xb4, 0xfe, 0x2a, 0xc7, 0xb8, 0xff, 0x4a, 0xd4, 0xc8, 0xa8, 0x64, 0xe0, 0xd6, 0x8c,
  0x55, 0xd1, 0xca, 0x27, 0x00, 0x00, 0x00, 0x00, 0x7f, 0x7f, 0x7f, 0x02, 0x00, 0x00, 0x00, 0x00,
  0x00, 0x00, 0x00, 0x00, 0x00, 0xff, 0x00, 0x01, 0x00, 0x00, 0x00, 0x00, 0x45, 0xb9, 0xb9, 0x0b,
  0x60, 0xdf, 0xd3, 0x81, 0x58, 0xdb, 0xcf, 0x96, 0x2b, 0xc5, 0xb5, 0xf7, 0x2a, 0xc5, 0xb6, 0xff,
  0x2a, 0xc4, 0xb5, 0xfe, 0x2a, 0xc4, 0xb5, 0xff, 0x2a, 0xc4, 0xb5, 0xff, 0x2a, 0xc4, 0xb5, 0xff,
  0x2a, 0xc4, 0xb5, 0xff, 0x2a, 0xc4, 0xb5, 0xff, 0x2a, 0xc4, 0xb5, 0xff, 0x2a, 0xc4, 0xb5, 0xff,
  0x2a, 0xc4, 0xb5, 0xff, 0x2a, 0xc4, 0xb5, 0xff, 0x2a, 0xc4, 0xb5, 0xff, 0x2a, 0xc4, 0xb5, 0xff,
  0x2a, 0xc4, 0xb5, 0xff, 0x2a, 0xc4, 0xb5, 0xff, 0x2a, 0xc4, 0xb5, 0xff, 0x2a, 0xc4, 0xb5, 0xff,
  0x2a, 0xc4, 0xb5, 0xff, 0x2a, 0xc4, 0xb5, 0xff, 0x2a, 0xc4, 0xb5, 0xff, 0x2a, 0xc4, 0xb5, 0xff,
  0x2a, 0xc4, 0xb5, 0xff, 0x2a, 0xc4, 0xb5, 0xff, 0x2d, 0xc5, 0xb6, 0xff, 0x1a, 0xc0, 0xb0, 0xff,
  0x9a, 0xe3, 0xdb, 0xfa, 0xff, 0xff, 0xff, 0xf4, 0xfb, 0xfd, 0xfd, 0xf5, 0xff, 0xff, 0xff, 0xf5,
  0xff, 0xff, 0xff, 0xf5, 0xff, 0xff, 0xff, 0xf5, 0xff, 0xff, 0xff, 0xf5, 0xff, 0xff, 0xff, 0xf5,
  0xff, 0xff, 0xff, 0xf5, 0xff, 0xff, 0xff, 0xf5, 0xff, 0xff, 0xff, 0xf5, 0xff, 0xff, 0xff, 0xf5,
  0xfc, 0xfd, 0xfd, 0xf5, 0xff, 0xff, 0xff, 0xf4, 0xe3, 0xf6, 0xf4, 0xf7, 0x2b, 0xc4, 0xb5, 0xfe,
  0x1b, 0xc0, 0xb0, 0xff, 0x2b, 0xc5, 0xb6, 0xff, 0x23, 0xc2, 0xb3, 0xff, 0xc6, 0xef, 0xeb, 0xff,
  0xff, 0xff, 0xff, 0xff, 0xfc, 0xfe, 0xfe, 0xff, 0xff, 0xff, 0xff, 0xff, 0xff, 0xff, 0xff, 0xff,
  0xff, 0xff, 0xff, 0xff, 0xff, 0xff, 0xff, 0xff, 0xfd, 0xff, 0xff, 0xff, 0xff, 0xff, 0xff, 0xff,
  0xf0, 0xfb, 0xfa, 0xff, 0x38, 0xc8, 0xba, 0xff, 0x28, 0xc4, 0xb5, 0xff, 0x22, 0xc2, 0xb2, 0xff,
  0x16, 0xbf, 0xaf, 0xff, 0xb6, 0xea, 0xe5, 0xf9, 0xff, 0xff, 0xff, 0xf4, 0xfb, 0xfd, 0xfd, 0xf5,
  0xff, 0xff, 0xff, 0xf5, 0xff, 0xff, 0xff, 0xf5, 0xff, 0xff, 0xff, 0xf5, 0xff, 0xff, 0xff, 0xf5,
  0xff, 0xff, 0xff, 0xf5, 0xf9, 0xfd, 0xfc, 0xf5, 0xff, 0xff, 0xff, 0xf5, 0xff, 0xff, 0xff, 0xf5,
  0xff, 0xff, 0xff, 0xf5, 0xfb, 0xfd, 0xfd, 0xf5, 0xff, 0xff, 0xff, 0xf4, 0xcc, 0xf0, 0xed, 0xf8,
  0x23, 0xc2, 0xb2, 0xff, 0x2c, 0xc4, 0xb6, 0xff, 0x2a, 0xc4, 0xb5, 0xff, 0x2a, 0xc4, 0xb5, 0xff,
  0x2a, 0xc4, 0xb5, 0xff, 0x2a, 0xc4, 0xb5, 0xff, 0x2a, 0xc4, 0xb5, 0xff, 0x2a, 0xc4, 0xb5, 0xff,
  0x2a, 0xc4, 0xb5, 0xff, 0x2a, 0xc4, 0xb5, 0xff, 0x2a, 0xc4, 0xb5, 0xff, 0x2a, 0xc4, 0xb5, 0xff,
  0x2a, 0xc4, 0xb5, 0xff, 0x2a, 0xc4, 0xb5, 0xff, 0x2a, 0xc4, 0xb5, 0xff, 0x2a, 0xc4, 0xb5, 0xff,
  0x2a, 0xc4, 0xb5, 0xff, 0x2a, 0xc4, 0xb5, 0xff, 0x2a, 0xc4, 0xb5, 0xff, 0x2a, 0xc4, 0xb5, 0xff,
  0x2a, 0xc4, 0xb5, 0xff, 0x2a, 0xc4, 0xb5, 0xff, 0x2a, 0xc4, 0xb5, 0xff, 0x2a, 0xc4, 0xb5, 0xff,
  0x2a, 0xc3, 0xb4, 0xfe, 0x2a, 0xc7, 0xb8, 0xff, 0x4a, 0xd4, 0xc8, 0xa8, 0x64, 0xe0, 0xd6, 0x8c,
  0x55, 0xd1, 0xca, 0x27, 0x00, 0x00, 0x00, 0x00, 0x7f, 0x7f, 0x7f, 0x02, 0x00, 0x00, 0x00, 0x00,
  0x00, 0x00, 0x00, 0x00, 0x00, 0xff, 0x00, 0x01, 0x00, 0x00, 0x00, 0x00, 0x45, 0xb9, 0xb9, 0x0b,
  0x60, 0xdf, 0xd3, 0x81, 0x58, 0xdb, 0xcf, 0x96, 0x2b, 0xc5, 0xb5, 0xf7, 0x2a, 0xc5, 0xb6, 0xff,
  0x2a, 0xc4, 0xb5, 0xfe, 0x2a, 0xc4, 0xb5, 0xff, 0x2a, 0xc4, 0xb5, 0xff, 0x2a, 0xc4, 0xb5, 0xff,
  0x2a, 0xc4, 0xb5, 0xff, 0x2a, 0xc4, 0xb5, 0xff, 0x2a, 0xc4, 0xb5, 0xff, 0x2a, 0xc4, 0xb5, 0xff,
  0x2a, 0xc4, 0xb5, 0xff, 0x2a, 0xc4, 0xb5, 0xff, 0x2a, 0xc4, 0xb5, 0xff, 0x2a, 0xc4, 0xb5, 0xff,
  0x2a, 0xc4, 0xb5, 0xff, 0x2a, 0xc4, 0xb5, 0xff, 0x2a, 0xc4, 0xb5, 0xff, 0x2a, 0xc4, 0xb5, 0xff,
  0x2a, 0xc4, 0xb5, 0xff, 0x2a, 0xc4, 0xb5, 0xff, 0x2a, 0xc4, 0xb5, 0xff, 0x2a, 0xc4, 0xb5, 0xff,
  0x2a, 0xc4, 0xb5, 0xff, 0x2b, 0xc4, 0xb5, 0xff, 0x29, 0xc3, 0xb5, 0xff, 0x2d, 0xc5, 0xb6, 0xfe,
  0xeb, 0xf8, 0xf8, 0xf6, 0xff, 0xff, 0xff, 0xf4, 0xfc, 0xfd, 0xfd, 0xf5, 0xff, 0xff, 0xff, 0xf5,
  0xff, 0xff, 0xff, 0xf5, 0xff, 0xff, 0xff, 0xf5, 0xff, 0xff, 0xff, 0xf5, 0xff, 0xff, 0xff, 0xf5,
  0xff, 0xff, 0xff, 0xf5, 0xff, 0xff, 0xff, 0xf5, 0xff, 0xff, 0xff, 0xf5, 0xff, 0xff, 0xff, 0xf5,
  0xfc, 0xff, 0xfd, 0xf5, 0xff, 0xff, 0xff, 0xf5, 0x62, 0xd4, 0xc8, 0xfc, 0x1f, 0xc1, 0xb2, 0xff,
  0x31, 0xc6, 0xb7, 0xff, 0x26, 0xc3, 0xb4, 0xff, 0x32, 0xc6, 0xb8, 0xff, 0xf1, 0xfb, 0xfa, 0xff,
  0xfe, 0xff, 0xff, 0xff, 0xfe, 0xff, 0xff, 0xff, 0xff, 0xff, 0xff, 0xff, 0xff, 0xff, 0xff, 0xff,
  0xff, 0xff, 0xff, 0xff, 0xff, 0xff, 0xff, 0xff, 0xff, 0xff, 0xff, 0xff, 0xfd, 0xfe, 0xfe, 0xff,
  0xff, 0xff, 0xff, 0xff, 0x5d, 0xd2, 0xc7, 0xff, 0x1c, 0xc0, 0xb0, 0xff, 0x31, 0xc6, 0xb7, 0xff,
  0x27, 0xc3, 0xb4, 0xff, 0x39, 0xc8, 0xba, 0xfe, 0xf0, 0xfa, 0xf9, 0xf6, 0xff, 0xff, 0xff, 0xf5,
  0xfd, 0xff, 0xff, 0xf5, 0xff, 0xff, 0xff, 0xf5, 0xfc, 0xff, 0xfd, 0xf5, 0xff, 0xff, 0xff, 0xf5,
  0xc7, 0xf0, 0xeb, 0xf7, 0x6c, 0xd6, 0xcc, 0xfc, 0xff, 0xff, 0xff, 0xf5, 0xfb, 0xfd, 0xfd, 0xf5,
  0xfb, 0xfd, 0xfd, 0xf5, 0xff, 0xff, 0xff, 0xf5, 0xff, 0xff, 0xff, 0xf4, 0xff, 0xff, 0xff, 0xf5,
  0x4e, 0xce, 0xc1, 0xfd, 0x22, 0xc2, 0xb3, 0xff, 0x2c, 0xc5, 0xb6, 0xff, 0x2a, 0xc4, 0xb5, 0xff,
  0x2a, 0xc4, 0xb5, 0xff, 0x2a, 0xc4, 0xb5, 0xff, 0x2a, 0xc4, 0xb5, 0xff, 0x2a, 0xc4, 0xb5, 0xff,
  0x2a, 0xc4, 0xb5, 0xff, 0x2a, 0xc4, 0xb5, 0xff, 0x2a, 0xc4, 0xb5, 0xff, 0x2a, 0xc4, 0xb5, 0xff,
  0x2a, 0xc4, 0xb5, 0xff, 0x2a, 0xc4, 0xb5, 0xff, 0x2a, 0xc4, 0xb5, 0xff, 0x2a, 0xc4, 0xb5, 0xff,
  0x2a, 0xc4, 0xb5, 0xff, 0x2a, 0xc4, 0xb5, 0xff, 0x2a, 0xc4, 0xb5, 0xff, 0x2a, 0xc4, 0xb5, 0xff,
  0x2a, 0xc4, 0xb5, 0xff, 0x2a, 0xc4, 0xb5, 0xff, 0x2a, 0xc4, 0xb5, 0xff, 0x2a, 0xc4, 0xb5, 0xff,
  0x2a, 0xc3, 0xb4, 0xfe, 0x2a, 0xc7, 0xb8, 0xff, 0x4a, 0xd4, 0xc8, 0xa8, 0x64, 0xe0, 0xd6, 0x8c,
  0x55, 0xd1, 0xca, 0x27, 0x00, 0x00, 0x00, 0x00, 0x7f, 0x7f, 0x7f, 0x02, 0x00, 0x00, 0x00, 0x00,
  0x00, 0x00, 0x00, 0x00, 0x00, 0xff, 0x00, 0x01, 0x00, 0x00, 0x00, 0x00, 0x45, 0xb9, 0xb9, 0x0b,
  0x60, 0xdf, 0xd3, 0x81, 0x58, 0xdb, 0xcf, 0x96, 0x2b, 0xc5, 0xb5, 0xf7, 0x2a, 0xc5, 0xb6, 0xff,
  0x2a, 0xc4, 0xb5, 0xfe, 0x2a, 0xc4, 0xb5, 0xff, 0x2a, 0xc4, 0xb5, 0xff, 0x2a, 0xc4, 0xb5, 0xff,
  0x2a, 0xc4, 0xb5, 0xff, 0x2a, 0xc4, 0xb5, 0xff, 0x2a, 0xc4, 0xb5, 0xff, 0x2a, 0xc4, 0xb5, 0xff,
  0x2a, 0xc4, 0xb5, 0xff, 0x2a, 0xc4, 0xb5, 0xff, 0x2a, 0xc4, 0xb5, 0xff, 0x2a, 0xc4, 0xb5, 0xff,
  0x2a, 0xc4, 0xb5, 0xff, 0x2a, 0xc4, 0xb5, 0xff, 0x2a, 0xc4, 0xb5, 0xff, 0x2a, 0xc4, 0xb5, 0xff,
  0x2a, 0xc4, 0xb5, 0xff, 0x2a, 0xc4, 0xb5, 0xff, 0x2a, 0xc4, 0xb5, 0xff, 0x2a, 0xc4, 0xb5, 0xff,
  0x2a, 0xc4, 0xb5, 0xff, 0x2a, 0xc4, 0xb5, 0xff, 0x2a, 0xc4, 0xb5, 0xff, 0x2b, 0xc4, 0xb5, 0xff,
  0x73, 0xd9, 0xce, 0xfb, 0xf1, 0xfb, 0xfa, 0xf6, 0xff, 0xff, 0xff, 0xf5, 0xfd, 0xff, 0xff, 0xf5,
  0xff, 0xff, 0xff, 0xf5, 0xff, 0xff, 0xff, 0xf5, 0xff, 0xff, 0xff, 0xf5, 0xfc, 0xff, 0xfd, 0xf5,
  0xfd, 0xff, 0xff, 0xf5, 0xff, 0xff, 0xff, 0xf5, 0xff, 0xff, 0xff, 0xf5, 0xfc, 0xfd, 0xfd, 0xf5,
  0xff, 0xff, 0xff, 0xf4, 0xc6, 0xee, 0xeb, 0xf8, 0x20, 0xc2, 0xb2, 0xff, 0x2d, 0xc4, 0xb6, 0xff,
  0x2b, 0xc4, 0xb5, 0xff, 0x23, 0xc2, 0xb3, 0xff, 0x96, 0xe6, 0xdd, 0xf4, 0xff, 0xff, 0xff, 0xfd,
  0xfe, 0xff, 0xff, 0xff, 0xff, 0xff, 0xff, 0xff, 0xff, 0xff, 0xff, 0xff, 0xff, 0xff, 0xff, 0xff,
  0xff, 0xff, 0xff, 0xff, 0xff, 0xff, 0xff, 0xff, 0xff, 0xff, 0xff, 0xff, 0xfd, 0xfe, 0xfe, 0xff,
  0xff, 0xff, 0xff, 0xff, 0xc1, 0xf3, 0xed, 0xf4, 0x2f, 0xc5, 0xb7, 0xfd, 0x28, 0xc4, 0xb4, 0xff,
  0x2f, 0xc5, 0xb7, 0xff, 0x1a, 0xc0, 0xb0, 0xff, 0x92, 0xe1, 0xd9, 0xfa, 0xff, 0xff, 0xff, 0xf4,
  0xfb, 0xfd, 0xfd, 0xf5, 0xff, 0xff, 0xff, 0xf5, 0xfd, 0xff, 0xfd, 0xf5, 0xff, 0xff, 0xff, 0xf5,
  0x4f, 0xce, 0xc2, 0xfd, 0x1a, 0xc0, 0xb0, 0xff, 0xdc, 0xf5, 0xf3, 0xf7, 0xff, 0xff, 0xff, 0xf4,
  0xff, 0xff, 0xff, 0xf4, 0xf5, 0xfc, 0xfb, 0xf5, 0xbc, 0xec, 0xe8, 0xf8, 0x79, 0xda, 0xd1, 0xfb,
  0x37, 0xc7, 0xb9, 0xfe, 0x27, 0xc3, 0xb4, 0xff, 0x2b, 0xc4, 0xb5, 0xff, 0x2a, 0xc4, 0xb5, 0xff,
  0x2a, 0xc4, 0xb5, 0xff, 0x2a, 0xc4, 0xb5, 0xff, 0x2a, 0xc4, 0xb5, 0xff, 0x2a, 0xc4, 0xb5, 0xff,
  0x2a, 0xc4, 0xb5, 0xff, 0x2a, 0xc4, 0xb5, 0xff, 0x2a, 0xc4, 0xb5, 0xff, 0x2a, 0xc4, 0xb5, 0xff,
  0x2a, 0xc4, 0xb5, 0xff, 0x2a, 0xc4, 0xb5, 0xff, 0x2a, 0xc4, 0xb5, 0xff, 0x2a, 0xc4, 0xb5, 0xff,
  0x2a, 0xc4, 0xb5, 0xff, 0x2a, 0xc4, 0xb5, 0xff, 0x2a, 0xc4, 0xb5, 0xff, 0x2a, 0xc4, 0xb5, 0xff,
  0x2a, 0xc4, 0xb5, 0xff, 0x2a, 0xc4, 0xb5, 0xff, 0x2a, 0xc4, 0xb5, 0xff, 0x2a, 0xc4, 0xb5, 0xff,
  0x2a, 0xc3, 0xb4, 0xfe, 0x2a, 0xc7, 0xb8, 0xff, 0x4a, 0xd4, 0xc8, 0xa8, 0x64, 0xe0, 0xd6, 0x8c,
  0x55, 0xd1, 0xca, 0x27, 0x00, 0x00, 0x00, 0x00, 0x7f, 0x7f, 0x7f, 0x02, 0x00, 0x00, 0x00, 0x00,
  0x00, 0x00, 0x00, 0x00, 0x00, 0xff, 0x00, 0x01, 0x00, 0x00, 0x00, 0x00, 0x45, 0xb9, 0xb9, 0x0b,
  0x60, 0xdf, 0xd3, 0x81, 0x58, 0xdb, 0xcf, 0x96, 0x2b, 0xc5, 0xb5, 0xf7, 0x2a, 0xc5, 0xb6, 0xff,
  0x2a, 0xc4, 0xb5, 0xfe, 0x2a, 0xc4, 0xb5, 0xff, 0x2a, 0xc4, 0xb5, 0xff, 0x2a, 0xc4, 0xb5, 0xff,
  0x2a, 0xc4, 0xb5, 0xff, 0x2a, 0xc4, 0xb5, 0xff, 0x2a, 0xc4, 0xb5, 0xff, 0x2a, 0xc4, 0xb5, 0xff,
  0x2a, 0xc4, 0xb5, 0xff, 0x2a, 0xc4, 0xb5, 0xff, 0x2a, 0xc4, 0xb5, 0xff, 0x2a, 0xc4, 0xb5, 0xff,
  0x2a, 0xc4, 0xb5, 0xff, 0x2a, 0xc4, 0xb5, 0xff, 0x2a, 0xc4, 0xb5, 0xff, 0x2a, 0xc4, 0xb5, 0xff,
  0x2a, 0xc4, 0xb5, 0xff, 0x2a, 0xc4, 0xb5, 0xff, 0x2a, 0xc4, 0xb5, 0xff, 0x2a, 0xc4, 0xb5, 0xff,
  0x2a, 0xc4, 0xb5, 0xff, 0x2a, 0xc4, 0xb5, 0xff, 0x2c, 0xc5, 0xb6, 0xff, 0x1c, 0xc0, 0xb1, 0xff,
  0x97, 0xe2, 0xdb, 0xfa, 0xff, 0xff, 0xff, 0xf5, 0xfd, 0xff, 0xff, 0xf5, 0xff, 0xff, 0xff, 0xf5,
  0xff, 0xff, 0xff, 0xf5, 0xff, 0xff, 0xff, 0xf5, 0xfc, 0xff, 0xfd, 0xf5, 0xff, 0xff, 0xff, 0xf5,
  0xff, 0xff, 0xff, 0xf5, 0xfb, 0xfd, 0xfd, 0xf5, 0xfb, 0xfd, 0xfd, 0xf5, 0xfc, 0xff, 0xfd, 0xf5,
  0xff, 0xff, 0xff, 0xf5, 0x5f, 0xd3, 0xc7, 0xfc, 0x1f, 0xc1, 0xb2, 0xff, 0x2f, 0xc5, 0xb7, 0xff,
  0x1e, 0xc1, 0xb1, 0xff, 0x81, 0xe0, 0xd6, 0xf5, 0xf0, 0xff, 0xff, 0xe9, 0xf6, 0xfd, 0xfc, 0xfb,
  0xff, 0xff, 0xff, 0xff, 0xfe, 0xff, 0xff, 0xff, 0xff, 0xff, 0xff, 0xff, 0xff, 0xff, 0xff, 0xff,
  0xff, 0xff, 0xff, 0xff, 0xff, 0xff, 0xff, 0xff, 0xff, 0xff, 0xff, 0xff, 0xff, 0xff, 0xff, 0xff,
  0xfc, 0xff, 0xff, 0xfe, 0xf3, 0xff, 0xff, 0xeb, 0xab, 0xee, 0xe5, 0xf0, 0x24, 0xc2, 0xb3, 0xff,
  0x2b, 0xc5, 0xb6, 0xff, 0x27, 0xc3, 0xb4, 0xff, 0x37, 0xc7, 0xb9, 0xfe, 0xee, 0xf9, 0xf8, 0xf6,
  0xff, 0xff, 0xff, 0xf5, 0xfd, 0xff, 0xff, 0xf5, 0xfc, 0xff, 0xfd, 0xf5, 0xff, 0xff, 0xff, 0xf5,
  0x78, 0xd9, 0xd0, 0xfb, 0x10, 0xbe, 0xad, 0xff, 0x84, 0xdc, 0xd4, 0xfb, 0xc8, 0xf1, 0xee, 0xf7,
  0x74, 0xd9, 0xcf, 0xfb, 0x3d, 0xc8, 0xbb, 0xfe, 0x1f, 0xc1, 0xb2, 0xff, 0x1c, 0xc1, 0xb1, 0xff,
  0x27, 0xc3, 0xb4, 0xff, 0x2b, 0xc4, 0xb5, 0xff, 0x2a, 0xc4, 0xb5, 0xff, 0x2a, 0xc4, 0xb5, 0xff,
  0x2a, 0xc4, 0xb5, 0xff, 0x2a, 0xc4, 0xb5, 0xff, 0x2a, 0xc4, 0xb5, 0xff, 0x2a, 0xc4, 0xb5, 0xff,
  0x2a, 0xc4, 0xb5, 0xff, 0x2a, 0xc4, 0xb5, 0xff, 0x2a, 0xc4, 0xb5, 0xff, 0x2a, 0xc4, 0xb5, 0xff,
  0x2a, 0xc4, 0xb5, 0xff, 0x2a, 0xc4, 0xb5, 0xff, 0x2a, 0xc4, 0xb5, 0xff, 0x2a, 0xc4, 0xb5, 0xff,
  0x2a, 0xc4, 0xb5, 0xff, 0x2a, 0xc4, 0xb5, 0xff, 0x2a, 0xc4, 0xb5, 0xff, 0x2a, 0xc4, 0xb5, 0xff,
  0x2a, 0xc4, 0xb5, 0xff, 0x2a, 0xc4, 0xb5, 0xff, 0x2a, 0xc4, 0xb5, 0xff, 0x2a, 0xc4, 0xb5, 0xff,
  0x2a, 0xc3, 0xb4, 0xfe, 0x2a, 0xc7, 0xb8, 0xff, 0x4a, 0xd4, 0xc8, 0xa8, 0x64, 0xe0, 0xd6, 0x8c,
  0x55, 0xd1, 0xca, 0x27, 0x00, 0x00, 0x00, 0x00, 0x7f, 0x7f, 0x7f, 0x02, 0x00, 0x00, 0x00, 0x00,
  0x00, 0x00, 0x00, 0x00, 0x00, 0xff, 0x00, 0x01, 0x00, 0x00, 0x00, 0x00, 0x45, 0xb9, 0xb9, 0x0b,
  0x60, 0xdf, 0xd3, 0x81, 0x58, 0xdb, 0xcf, 0x96, 0x2b, 0xc5, 0xb5, 0xf7, 0x2a, 0xc5, 0xb6, 0xff,
  0x2a, 0xc4, 0xb5, 0xfe, 0x2a, 0xc4, 0xb5, 0xff, 0x2a, 0xc4, 0xb5, 0xff, 0x2a, 0xc4, 0xb5, 0xff,
  0x2a, 0xc4, 0xb5, 0xff, 0x2a, 0xc4, 0xb5, 0xff, 0x2a, 0xc4, 0xb5, 0xff, 0x2a, 0xc4, 0xb5, 0xff,
  0x2a, 0xc4, 0xb5, 0xff, 0x2a, 0xc4, 0xb5, 0xff, 0x2a, 0xc4, 0xb5, 0xff, 0x2a, 0xc4, 0xb5, 0xff,
  0x2a, 0xc4, 0xb5, 0xff, 0x2a, 0xc4, 0xb5, 0xff, 0x2a, 0xc4, 0xb5, 0xff, 0x2a, 0xc4, 0xb5, 0xff,
  0x2a, 0xc4, 0xb5, 0xff, 0x2a, 0xc4, 0xb5, 0xff, 0x2a, 0xc4, 0xb5, 0xff, 0x2a, 0xc4, 0xb5, 0xff,
  0x2a, 0xc4, 0xb5, 0xff, 0x2d, 0xc5, 0xb6, 0xff, 0x1d, 0xc1, 0xb1, 0xff, 0x7c, 0xdb, 0xd1, 0xfb,
  0xff, 0xff, 0xff, 0xf4, 0xff, 0xff, 0xff, 0xf5, 0xff, 0xff, 0xff, 0xf5, 0xff, 0xff, 0xff, 0xf5,
  0xff, 0xff, 0xff, 0xf5, 0xfd, 0xff, 0xfd, 0xf5, 0xff, 0xff, 0xff, 0xf5, 0xdb, 0xf4, 0xf2, 0xf7,
  0xfb, 0xfd, 0xfd, 0xf5, 0xff, 0xff, 0xff, 0xf4, 0xff, 0xff, 0xff, 0xf4, 0xff, 0xff, 0xff, 0xf4,
  0xcf, 0xf0, 0xee, 0xf8, 0x23, 0xc2, 0xb2, 0xff, 0x2e, 0xc5, 0xb6, 0xff, 0x21, 0xc2, 0xb2, 0xff,
  0x56, 0xd2, 0xc5, 0xfa, 0xe7, 0xff, 0xfd, 0xea, 0xd9, 0xfd, 0xf8, 0xea, 0xea, 0xff, 0xfb, 0xf2,
  0xff, 0xff, 0xff, 0xff, 0xfb, 0xfe, 0xfe, 0xff, 0xfe, 0xff, 0xff, 0xff, 0xff, 0xff, 0xff, 0xff,
  0xff, 0xff, 0xff, 0xff, 0xfe, 0xff, 0xff, 0xff, 0xfb, 0xfe, 0xfe, 0xff, 0xff, 0xff, 0xff, 0xff,
  0xf3, 0xff, 0xfc, 0xf8, 0xd7, 0xfd, 0xf7, 0xea, 0xed, 0xff, 0xff, 0xea, 0x80, 0xe0, 0xd6, 0xf5,
  0x1f, 0xc1, 0xb1, 0xff, 0x30, 0xc6, 0xb7, 0xff, 0x1a, 0xc0, 0xb0, 0xff, 0x9c, 0xe3, 0xdc, 0xfa,
  0xff, 0xff, 0xff, 0xf4, 0xfb, 0xfd, 0xfd, 0xf5, 0xfc, 0xfd, 0xfd, 0xf5, 0xff, 0xff, 0xff, 0xf4,
  0xbf, 0xed, 0xe9, 0xf8, 0x1f, 0xc1, 0xb1, 0xff, 0x2c, 0xc4, 0xb6, 0xff, 0x21, 0xc2, 0xb2, 0xff,
  0x1c, 0xc1, 0xb0, 0xff, 0x25, 0xc3, 0xb4, 0xff, 0x2c, 0xc5, 0xb6, 0xff, 0x2d, 0xc5, 0xb6, 0xff,
  0x2b, 0xc4, 0xb5, 0xff, 0x2a, 0xc4, 0xb5, 0xff, 0x2a, 0xc4, 0xb5, 0xff, 0x2a, 0xc4, 0xb5, 0xff,
  0x2a, 0xc4, 0xb5, 0xff, 0x2a, 0xc4, 0xb5, 0xff, 0x2a, 0xc4, 0xb5, 0xff, 0x2a, 0xc4, 0xb5, 0xff,
  0x2a, 0xc4, 0xb5, 0xff, 0x2a, 0xc4, 0xb5, 0xff, 0x2a, 0xc4, 0xb5, 0xff, 0x2a, 0xc4, 0xb5, 0xff,
  0x2a, 0xc4, 0xb5, 0xff, 0x2a, 0xc4, 0xb5, 0xff, 0x2a, 0xc4, 0xb5, 0xff, 0x2a, 0xc4, 0xb5, 0xff,
  0x2a, 0xc4, 0xb5, 0xff, 0x2a, 0xc4, 0xb5, 0xff, 0x2a, 0xc4, 0xb5, 0xff, 0x2a, 0xc4, 0xb5, 0xff,
  0x2a, 0xc4, 0xb5, 0xff, 0x2a, 0xc4, 0xb5, 0xff, 0x2a, 0xc4, 0xb5, 0xff, 0x2a, 0xc4, 0xb5, 0xff,
  0x2a, 0xc3, 0xb4, 0xfe, 0x2a, 0xc7, 0xb8, 0xff, 0x4a, 0xd4, 0xc8, 0xa8, 0x64, 0xe0, 0xd6, 0x8c,
  0x55, 0xd1, 0xca, 0x27, 0x00, 0x00, 0x00, 0x00, 0x7f, 0x7f, 0x7f, 0x02, 0x00, 0x00, 0x00, 0x00,
  0x00, 0x00, 0x00, 0x00, 0x00, 0xff, 0x00, 0x01, 0x00, 0x00, 0x00, 0x00, 0x45, 0xb9, 0xb9, 0x0b,
  0x60, 0xdf, 0xd3, 0x81, 0x58, 0xdb, 0xcf, 0x96, 0x2b, 0xc5, 0xb5, 0xf7, 0x2a, 0xc5, 0xb6, 0xff,
  0x2a, 0xc4, 0xb5, 0xfe, 0x2a, 0xc4, 0xb5, 0xff, 0x2a, 0xc4, 0xb5, 0xff, 0x2a, 0xc4, 0xb5, 0xff,
  0x2a, 0xc4, 0xb5, 0xff, 0x2a, 0xc4, 0xb5, 0xff, 0x2a, 0xc4, 0xb5, 0xff, 0x2a, 0xc4, 0xb5, 0xff,
  0x2a, 0xc4, 0xb5, 0xff, 0x2a, 0xc4, 0xb5, 0xff, 0x2a, 0xc4, 0xb5, 0xff, 0x2a, 0xc4, 0xb5, 0xff,
  0x2a, 0xc4, 0xb5, 0xff, 0x2a, 0xc4, 0xb5, 0xff, 0x2a, 0xc4, 0xb5, 0xff, 0x2a, 0xc4, 0xb5, 0xff,
  0x2a, 0xc4, 0xb5, 0xff, 0x2a, 0xc4, 0xb5, 0xff, 0x2a, 0xc4, 0xb5, 0xff, 0x2a, 0xc4, 0xb5, 0xff,
  0x2c, 0xc5, 0xb6, 0xff, 0x21, 0xc1, 0xb2, 0xff, 0x50, 0xce, 0xc2, 0xfd, 0xff, 0xff, 0xff, 0xf5,
  0xff, 0xff, 0xff, 0xf5, 0xfd, 0xff, 0xff, 0xf5, 0xff, 0xff, 0xff, 0xf5, 0xff, 0xff, 0xff, 0xf5,
  0xfb, 0xfd, 0xfd, 0xf5, 0xff, 0xff, 0xff, 0xf4, 0xaa, 0xe7, 0xe1, 0xf9, 0x24, 0xc2, 0xb3, 0xff,
  0x49, 0xcc, 0xc0, 0xfd, 0x89, 0xdf, 0xd7, 0xfa, 0xc3, 0xee, 0xea, 0xf8, 0xff, 0xff, 0xff, 0xf5,
  0x7d, 0xdb, 0xd2, 0xfb, 0x1d, 0xc1, 0xb1, 0xff, 0x2d, 0xc5, 0xb6, 0xff, 0x2a, 0xc4, 0xb5, 0xff,
  0xc1, 0xf5, 0xee, 0xee, 0xe7, 0xff, 0xfc, 0xea, 0xdd, 0xff, 0xf9, 0xeb, 0xdd, 0xff, 0xf9, 0xea,
  0xf2, 0xff, 0xfc, 0xf7, 0xff, 0xff, 0xff, 0xff, 0xff, 0xff, 0xff, 0xff, 0xfe, 0xff, 0xff, 0xff,
  0xfe, 0xff, 0xff, 0xff, 0xff, 0xff, 0xff, 0xff, 0xff, 0xff, 0xff, 0xff, 0xfa, 0xff, 0xff, 0xfb,
  0xde, 0xfd, 0xf9, 0xec, 0xdd, 0xfd, 0xf8, 0xeb, 0xde, 0xff, 0xf9, 0xeb, 0xdf, 0xff, 0xf9, 0xeb,
  0x43, 0xcc, 0xbf, 0xfc, 0x26, 0xc3, 0xb4, 0xff, 0x24, 0xc3, 0xb3, 0xff, 0x4d, 0xce, 0xc1, 0xfd,
  0xfd, 0xff, 0xff, 0xf5, 0xff, 0xff, 0xff, 0xf5, 0xfd, 0xff, 0xff, 0xf5, 0xff, 0xff, 0xff, 0xf5,
  0xf4, 0xfb, 0xfa, 0xf6, 0x3d, 0xc9, 0xbb, 0xfe, 0x26, 0xc3, 0xb4, 0xff, 0x2d, 0xc5, 0xb6, 0xff,
  0x2d, 0xc5, 0xb6, 0xff, 0x2b, 0xc4, 0xb5, 0xff, 0x2a, 0xc4, 0xb5, 0xff, 0x2a, 0xc4, 0xb5, 0xff,
  0x2a, 0xc4, 0xb5, 0xff, 0x2a, 0xc4, 0xb5, 0xff, 0x2a, 0xc4, 0xb5, 0xff, 0x2a, 0xc4, 0xb5, 0xff,
  0x2a, 0xc4, 0xb5, 0xff, 0x2a, 0xc4, 0xb5, 0xff, 0x2a, 0xc4, 0xb5, 0xff, 0x2a, 0xc4, 0xb5, 0xff,
  0x2a, 0xc4, 0xb5, 0xff, 0x2a, 0xc4, 0xb5, 0xff, 0x2a, 0xc4, 0xb5, 0xff, 0x2a, 0xc4, 0xb5, 0xff,
  0x2a, 0xc4, 0xb5, 0xff, 0x2a, 0xc4, 0xb5, 0xff, 0x2a, 0xc4, 0xb5, 0xff, 0x2a, 0xc4, 0xb5, 0xff,
  0x2a, 0xc4, 0xb5, 0xff, 0x2a, 0xc4, 0xb5, 0xff, 0x2a, 0xc4, 0xb5, 0xff, 0x2a, 0xc4, 0xb5, 0xff,
  0x2a, 0xc4, 0xb5, 0xff, 0x2a, 0xc4, 0xb5, 0xff, 0x2a, 0xc4, 0xb5, 0xff, 0x2a, 0xc4, 0xb5, 0xff,
  0x2a, 0xc3, 0xb4, 0xfe, 0x2a, 0xc7, 0xb8, 0xff, 0x4a, 0xd4, 0xc8, 0xa8, 0x64, 0xe0, 0xd6, 0x8c,
  0x55, 0xd1, 0xca, 0x27, 0x00, 0x00, 0x00, 0x00, 0x7f, 0x7f, 0x7f, 0x02, 0x00, 0x00, 0x00, 0x00,
  0x00, 0x00, 0x00, 0x00, 0x00, 0xff, 0x00, 0x01, 0x00, 0x00, 0x00, 0x00, 0x45, 0xb9, 0xb9, 0x0b,
  0x60, 0xdf, 0xd3, 0x81, 0x58, 0xdb, 0xcf, 0x96, 0x2b, 0xc5, 0xb5, 0xf7, 0x2a, 0xc5, 0xb6, 0xff,
  0x2a, 0xc4, 0xb5, 0xfe, 0x2a, 0xc4, 0xb5, 0xff, 0x2a, 0xc4, 0xb5, 0xff, 0x2a, 0xc4, 0xb5, 0xff,
  0x2a, 0xc4, 0xb5, 0xff, 0x2a, 0xc4, 0xb5, 0xff, 0x2a, 0xc4, 0xb5, 0xff, 0x2a, 0xc4, 0xb5, 0xff,
  0x2a, 0xc4, 0xb5, 0xff, 0x2a, 0xc4, 0xb5, 0xff, 0x2a, 0xc4, 0xb5, 0xff, 0x2a, 0xc4, 0xb5, 0xff,
  0x2a, 0xc4, 0xb5, 0xff, 0x2a, 0xc4, 0xb5, 0xff, 0x2a, 0xc4, 0xb5, 0xff, 0x2a, 0xc4, 0xb5, 0xff,
  0x2a, 0xc4, 0xb5, 0xff, 0x2a, 0xc4, 0xb5, 0xff, 0x2a, 0xc4, 0xb5, 0xff, 0x2a, 0xc4, 0xb5, 0xff,
  0x2a, 0xc4, 0xb5, 0xff, 0x28, 0xc3, 0xb4, 0xff, 0xd5, 0xf3, 0xf0, 0xf7, 0xff, 0xff, 0xff, 0xf4,
  0xfb, 0xfd, 0xfd, 0xf5, 0xff, 0xff, 0xff, 0xf5, 0xff, 0xff, 0xff, 0xf5, 0xfb, 0xfd, 0xfd, 0xf5,
  0xff, 0xff, 0xff, 0xf4, 0xab, 0xe7, 0xe1, 0xf9, 0x1f, 0xc1, 0xb1, 0xff, 0x29, 0xc4, 0xb5, 0xff,
  0x24, 0xc2, 0xb3, 0xff, 0x1c, 0xc1, 0xb1, 0xff, 0x1f, 0xc1, 0xb2, 0xff, 0x42, 0xca, 0xbc, 0xfe,
  0x35, 0xc7, 0xb8, 0xfe, 0x2a, 0xc4, 0xb5, 0xff, 0x20, 0xc1, 0xb2, 0xff, 0x68, 0xd8, 0xcc, 0xf8,
  0xe8, 0xff, 0xfd, 0xea, 0xda, 0xfd, 0xf8, 0xeb, 0xde, 0xff, 0xf9, 0xeb, 0xde, 0xff, 0xf9, 0xeb,
  0xdc, 0xff, 0xf9, 0xea, 0xa8, 0xe8, 0xe2, 0xfc, 0xe4, 0xf8, 0xf6, 0xff, 0xff, 0xff, 0xff, 0xff,
  0xff, 0xff, 0xff, 0xff, 0xf1, 0xfc, 0xfa, 0xff, 0xad, 0xe8, 0xe2, 0xff, 0xcd, 0xf8, 0xf2, 0xee,
  0xe1, 0xff, 0xfb, 0xea, 0xde, 0xff, 0xf9, 0xeb, 0xdb, 0xfd, 0xf8, 0xeb, 0xeb, 0xff, 0xff, 0xea,
  0x98, 0xe8, 0xdf, 0xf2, 0x20, 0xc2, 0xb2, 0xff, 0x2d, 0xc5, 0xb6, 0xff, 0x24, 0xc3, 0xb3, 0xff,
  0xcf, 0xf0, 0xee, 0xf8, 0xff, 0xff, 0xff, 0xf4, 0xf8, 0xfc, 0xfc, 0xf5, 0xf9, 0xfd, 0xfc, 0xf5,
  0xff, 0xff, 0xff, 0xf5, 0x6e, 0xd8, 0xcd, 0xfb, 0x1d, 0xc1, 0xb1, 0xff, 0x2d, 0xc5, 0xb6, 0xff,
  0x2a, 0xc4, 0xb5, 0xff, 0x2a, 0xc4, 0xb5, 0xff, 0x2a, 0xc4, 0xb5, 0xff, 0x2a, 0xc4, 0xb5, 0xff,
  0x2a, 0xc4, 0xb5, 0xff, 0x2a, 0xc4, 0xb5, 0xff, 0x2a, 0xc4, 0xb5, 0xff, 0x2a, 0xc4, 0xb5, 0xff,
  0x2a, 0xc4, 0xb5, 0xff, 0x2a, 0xc4, 0xb5, 0xff, 0x2a, 0xc4, 0xb5, 0xff, 0x2a, 0xc4, 0xb5, 0xff,
  0x2a, 0xc4, 0xb5, 0xff, 0x2a, 0xc4, 0xb5, 0xff, 0x2a, 0xc4, 0xb5, 0xff, 0x2a, 0xc4, 0xb5, 0xff,
  0x2a, 0xc4, 0xb5, 0xff, 0x2a, 0xc4, 0xb5, 0xff, 0x2a, 0xc4, 0xb5, 0xff, 0x2a, 0xc4, 0xb5, 0xff,
  0x2a, 0xc4, 0xb5, 0xff, 0x2a, 0xc4, 0xb5, 0xff, 0x2a, 0xc4, 0xb5, 0xff, 0x2a, 0xc4, 0xb5, 0xff,
  0x2a, 0xc4, 0xb5, 0xff, 0x2a, 0xc4, 0xb5, 0xff, 0x2a, 0xc4, 0xb5, 0xff, 0x2a, 0xc4, 0xb5, 0xff,
  0x2a, 0xc3, 0xb4, 0xfe, 0x2a, 0xc7, 0xb8, 0xff, 0x4a, 0xd4, 0xc8, 0xa8, 0x64, 0xe0, 0xd6, 0x8c,
  0x55, 0xd1, 0xca, 0x27, 0x00, 0x00, 0x00, 0x00, 0x7f, 0x7f, 0x7f, 0x02, 0x00, 0x00, 0x00, 0x00,
  0x00, 0x00, 0x00, 0x00, 0x00, 0xff, 0x00, 0x01, 0x00, 0x00, 0x00, 0x00, 0x45, 0xb9, 0xb9, 0x0b,
  0x60, 0xdf, 0xd3, 0x81, 0x58, 0xdb, 0xcf, 0x96, 0x2b, 0xc5, 0xb5, 0xf7, 0x2a, 0xc5, 0xb6, 0xff,
  0x2a, 0xc4, 0xb5, 0xfe, 0x2a, 0xc4, 0xb5, 0xff, 0x2a, 0xc4, 0xb5, 0xff, 0x2a, 0xc4, 0xb5, 0xff,
  0x2a, 0xc4, 0xb5, 0xff, 0x2a, 0xc4, 0xb5, 0xff, 0x2a, 0xc4, 0xb5, 0xff, 0x2a, 0xc4, 0xb5, 0xff,
  0x2a, 0xc4, 0xb5, 0xff, 0x2a, 0xc4, 0xb5, 0xff, 0x2a, 0xc4, 0xb5, 0xff, 0x2a, 0xc4, 0xb5, 0xff,
  0x2a, 0xc4, 0xb5, 0xff, 0x2a, 0xc4, 0xb5, 0xff, 0x2a, 0xc4, 0xb5, 0xff, 0x2a, 0xc4, 0xb5, 0xff,
  0x2a, 0xc4, 0xb5, 0xff, 0x2a, 0xc4, 0xb5, 0xff, 0x2a, 0xc4, 0xb5, 0xff, 0x2e, 0xc5, 0xb6, 0xff,
  0x1a, 0xc0, 0xb0, 0xff, 0x8e, 0xe0, 0xd8, 0xfa, 0xff, 0xff, 0xff, 0xf4, 0xfb, 0xfd, 0xfd, 0xf5,
  0xff, 0xff, 0xff, 0xf5, 0xff, 0xff, 0xff, 0xf5, 0xfb, 0xfd, 0xfd, 0xf5, 0xff, 0xff, 0xff, 0xf4,
  0xd0, 0xf2, 0xef, 0xf7, 0x24, 0xc3, 0xb3, 0xff, 0x29, 0xc4, 0xb5, 0xff, 0x2c, 0xc4, 0xb5, 0xff,
  0x2b, 0xc4, 0xb5, 0xff, 0x2d, 0xc5, 0xb6, 0xff, 0x2c, 0xc5, 0xb6, 0xff, 0x24, 0xc3, 0xb3, 0xff,
  0x28, 0xc3, 0xb4, 0xff, 0x2b, 0xc4, 0xb5, 0xff, 0x27, 0xc3, 0xb4, 0xff, 0xc3, 0xf6, 0xee, 0xee,
  0xf4, 0xff, 0xff, 0xe9, 0xde, 0xff, 0xf9, 0xeb, 0xd7, 0xfd, 0xf7, 0xeb, 0xeb, 0xff, 0xfd, 0xea,
  0x98, 0xe8, 0xdf, 0xf2, 0x17, 0xbf, 0xaf, 0xff, 0x44, 0xcb, 0xbd, 0xfe, 0x6b, 0xd6, 0xcb, 0xfe,
  0x6d, 0xd6, 0xcc, 0xfe, 0x51, 0xce, 0xc2, 0xfe, 0x1c, 0xc0, 0xb0, 0xff, 0x69, 0xd8, 0xcd, 0xf7,
  0xec, 0xff, 0xff, 0xea, 0xdb, 0xff, 0xf8, 0xeb, 0xdd, 0xff, 0xf9, 0xeb, 0xe0, 0xff, 0xfa, 0xeb,
  0xd7, 0xfc, 0xf7, 0xeb, 0x3a, 0xc9, 0xbb, 0xfd, 0x2a, 0xc4, 0xb5, 0xff, 0x1c, 0xc1, 0xb0, 0xff,
  0xa3, 0xe6, 0xdf, 0xf9, 0xff, 0xff, 0xff, 0xf3, 0xff, 0xff, 0xff, 0xf4, 0xff, 0xff, 0xff, 0xf4,
  0xff, 0xff, 0xff, 0xf4, 0x95, 0xe2, 0xda, 0xfa, 0x1d, 0xc1, 0xb1, 0xff, 0x2d, 0xc5, 0xb6, 0xff,
  0x2a, 0xc4, 0xb5, 0xff, 0x2a, 0xc4, 0xb5, 0xff, 0x2a, 0xc4, 0xb5, 0xff, 0x2a, 0xc4, 0xb5, 0xff,
  0x2a, 0xc4, 0xb5, 0xff, 0x2a, 0xc4, 0xb5, 0xff, 0x2a, 0xc4, 0xb5, 0xff, 0x2a, 0xc4, 0xb5, 0xff,
  0x2a, 0xc4, 0xb5, 0xff, 0x2a, 0xc4, 0xb5, 0xff, 0x2a, 0xc4, 0xb5, 0xff, 0x2a, 0xc4, 0xb5, 0xff,
  0x2a, 0xc4, 0xb5, 0xff, 0x2a, 0xc4, 0xb5, 0xff, 0x2a, 0xc4, 0xb5, 0xff, 0x2a, 0xc4, 0xb5, 0xff,
  0x2a, 0xc4, 0xb5, 0xff, 0x2a, 0xc4, 0xb5, 0xff, 0x2a, 0xc4, 0xb5, 0xff, 0x2a, 0xc4, 0xb5, 0xff,
  0x2a, 0xc4, 0xb5, 0xff, 0x2a, 0xc4, 0xb5, 0xff, 0x2a, 0xc4, 0xb5, 0xff, 0x2a, 0xc4, 0xb5, 0xff,
  0x2a, 0xc4, 0xb5, 0xff, 0x2a, 0xc4, 0xb5, 0xff, 0x2a, 0xc4, 0xb5, 0xff, 0x2a, 0xc4, 0xb5, 0xff,
  0x2a, 0xc3, 0xb4, 0xfe, 0x2a, 0xc7, 0xb8, 0xff, 0x4a, 0xd4, 0xc8, 0xa8, 0x64, 0xe0, 0xd6, 0x8c,
  0x55, 0xd1, 0xca, 0x27, 0x00, 0x00, 0x00, 0x00, 0x7f, 0x7f, 0x7f, 0x02, 0x00, 0x00, 0x00, 0x00,
  0x00, 0x00, 0x00, 0x00, 0x00, 0xff, 0x00, 0x01, 0x00, 0x00, 0x00, 0x00, 0x45, 0xb9, 0xb9, 0x0b,
  0x60, 0xdf, 0xd3, 0x81, 0x58, 0xdb, 0xcf, 0x96, 0x2b, 0xc5, 0xb5, 0xf7, 0x2a, 0xc5, 0xb6, 0xff,
  0x2a, 0xc4, 0xb5, 0xfe, 0x2a, 0xc4, 0xb5, 0xff, 0x2a, 0xc4, 0xb5, 0xff, 0x2a, 0xc4, 0xb5, 0xff,
  0x2a, 0xc4, 0xb5, 0xff, 0x2a, 0xc4, 0xb5, 0xff, 0x2a, 0xc4, 0xb5, 0xff, 0x2a, 0xc4, 0xb5, 0xff,
  0x2a, 0xc4, 0xb5, 0xff, 0x2a, 0xc4, 0xb5, 0xff, 0x2a, 0xc4, 0xb5, 0xff, 0x2a, 0xc4, 0xb5, 0xff,
  0x2a, 0xc4, 0xb5, 0xff, 0x2a, 0xc4, 0xb5, 0xff, 0x2a, 0xc4, 0xb5, 0xff, 0x2a, 0xc4, 0xb5, 0xff,
  0x2a, 0xc4, 0xb5, 0xff, 0x2a, 0xc4, 0xb5, 0xff, 0x2b, 0xc5, 0xb5, 0xff, 0x24, 0xc2, 0xb3, 0xff,
  0x44, 0xcc, 0xbe, 0xfd, 0xf6, 0xfb, 0xfb, 0xf6, 0xff, 0xff, 0xff, 0xf5, 0xfd, 0xff, 0xff, 0xf5,
  0xff, 0xff, 0xff, 0xf5, 0xfd, 0xff, 0xff, 0xf5, 0xff, 0xff, 0xff, 0xf5, 0xef, 0xfa, 0xf9, 0xf6,
  0x38, 0xc7, 0xb9, 0xfe, 0x25, 0xc3, 0xb4, 0xff, 0x2c, 0xc5, 0xb6, 0xff, 0x2a, 0xc4, 0xb5, 0xff,
  0x2a, 0xc4, 0xb5, 0xff, 0x2a, 0xc4, 0xb5, 0xff, 0x2a, 0xc4, 0xb5, 0xff, 0x2b, 0xc4, 0xb5, 0xff,
  0x2b, 0xc4, 0xb5, 0xff, 0x29, 0xc4, 0xb5, 0xff, 0x2d, 0xc5, 0xb6, 0xff, 0x72, 0xdb, 0xd0, 0xf6,
  0xa6, 0xed, 0xe3, 0xf1, 0xd5, 0xfb, 0xf6, 0xec, 0xed, 0xff, 0xff, 0xe9, 0xe7, 0xff, 0xfc, 0xea,
  0x38, 0xc9, 0xbb, 0xfc, 0x57, 0xcf, 0xc4, 0xfe, 0xf8, 0xfd, 0xfc, 0xf5, 0xe3, 0xf7, 0xf4, 0xf6,
  0xe1, 0xf6, 0xf4, 0xf6, 0xf5, 0xfc, 0xfb, 0xf5, 0xbe, 0xed, 0xe8, 0xf8, 0x22, 0xc2, 0xb2, 0xff,
  0xc0, 0xf5, 0xed, 0xee, 0xe5, 0xff, 0xfc, 0xea, 0xdc, 0xff, 0xf8, 0xeb, 0xda, 0xfd, 0xf8, 0xeb,
  0xe8, 0xff, 0xfd, 0xea, 0x68, 0xd7, 0xcc, 0xf8, 0x21, 0xc2, 0xb2, 0xff, 0x23, 0xc3, 0xb3, 0xff,
  0x5d, 0xd2, 0xc7, 0xfc, 0xca, 0xf1, 0xed, 0xf7, 0x94, 0xe1, 0xda, 0xfa, 0x6d, 0xd6, 0xcc, 0xfc,
  0x49, 0xcc, 0xc0, 0xfd, 0x33, 0xc6, 0xb8, 0xfe, 0x2a, 0xc4, 0xb5, 0xff, 0x2a, 0xc4, 0xb5, 0xff,
  0x2a, 0xc4, 0xb5, 0xff, 0x2a, 0xc4, 0xb5, 0xff, 0x2a, 0xc4, 0xb5, 0xff, 0x2a, 0xc4, 0xb5, 0xff,
  0x2a, 0xc4, 0xb5, 0xff, 0x2a, 0xc4, 0xb5, 0xff, 0x2a, 0xc4, 0xb5, 0xff, 0x2a, 0xc4, 0xb5, 0xff,
  0x2a, 0xc4, 0xb5, 0xff, 0x2a, 0xc4, 0xb5, 0xff, 0x2a, 0xc4, 0xb5, 0xff, 0x2a, 0xc4, 0xb5, 0xff,
  0x2a, 0xc4, 0xb5, 0xff, 0x2a, 0xc4, 0xb5, 0xff, 0x2a, 0xc4, 0xb5, 0xff, 0x2a, 0xc4, 0xb5, 0xff,
  0x2a, 0xc4, 0xb5, 0xff, 0x2a, 0xc4, 0xb5, 0xff, 0x2a, 0xc4, 0xb5, 0xff, 0x2a, 0xc4, 0xb5, 0xff,
  0x2a, 0xc4, 0xb5, 0xff, 0x2a, 0xc4, 0xb5, 0xff, 0x2a, 0xc4, 0xb5, 0xff, 0x2a, 0xc4, 0xb5, 0xff,
  0x2a, 0xc4, 0xb5, 0xff, 0x2a, 0xc4, 0xb5, 0xff, 0x2a, 0xc4, 0xb5, 0xff, 0x2a, 0xc4, 0xb5, 0xff,
  0x2a, 0xc3, 0xb4, 0xfe, 0x2a, 0xc7, 0xb8, 0xff, 0x4a, 0xd4, 0xc8, 0xa8, 0x64, 0xe0, 0xd6, 0x8c,
  0x55, 0xd1, 0xca, 0x27, 0x00, 0x00, 0x00, 0x00, 0x7f, 0x7f, 0x7f, 0x02, 0x00, 0x00, 0x00, 0x00,
  0x00, 0x00, 0x00, 0x00, 0x00, 0xff, 0x00, 0x01, 0x00, 0x00, 0x00, 0x00, 0x45, 0xb9, 0xb9, 0x0b,
  0x60, 0xdf, 0xd3, 0x81, 0x58, 0xdb, 0xcf, 0x96, 0x2b, 0xc5, 0xb5, 0xf7, 0x2a, 0xc5, 0xb6, 0xff,
  0x2a, 0xc4, 0xb5, 0xfe, 0x2a, 0xc4, 0xb5, 0xff, 0x2a, 0xc4, 0xb5, 0xff, 0x2a, 0xc4, 0xb5, 0xff,
  0x2a, 0xc4, 0xb5, 0xff, 0x2a, 0xc4, 0xb5, 0xff, 0x2a, 0xc4, 0xb5, 0xff, 0x2a, 0xc4, 0xb5, 0xff,
  0x2a, 0xc4, 0xb5, 0xff, 0x2a, 0xc4, 0xb5, 0xff, 0x2a, 0xc4, 0xb5, 0xff, 0x2a, 0xc4, 0xb5, 0xff,
  0x2a, 0xc4, 0xb5, 0xff, 0x2a, 0xc4, 0xb5, 0xff, 0x2a, 0xc4, 0xb5, 0xff, 0x2a, 0xc4, 0xb5, 0xff,
  0x2a, 0xc4, 0xb5, 0xff, 0x2a, 0xc4, 0xb5, 0xff, 0x2d, 0xc5, 0xb6, 0xff, 0x1c, 0xc0, 0xb0, 0xff,
  0xae, 0xe8, 0xe2, 0xf9, 0xff, 0xff, 0xff, 0xf4, 0xfb, 0xfd, 0xfd, 0xf5, 0xff, 0xff, 0xff, 0xf5,
  0xff, 0xff, 0xff, 0xf5, 0xfc, 0xfd, 0xfd, 0xf5, 0xff, 0xff, 0xff, 0xf4, 0x70, 0xd7, 0xcc, 0xfc,
  0x1c, 0xc0, 0xb1, 0xff, 0x2e, 0xc5, 0xb6, 0xff, 0x2a, 0xc4, 0xb5, 0xff, 0x2a, 0xc4, 0xb5, 0xff,
  0x2a, 0xc4, 0xb5, 0xff, 0x2a, 0xc4, 0xb5, 0xff, 0x2a, 0xc4, 0xb5, 0xff, 0x2a, 0xc4, 0xb5, 0xff,
  0x2a, 0xc4, 0xb5, 0xff, 0x2a, 0xc4, 0xb5, 0xff, 0x2a, 0xc4, 0xb5, 0xff, 0x1f, 0xc1, 0xb2, 0xff,
  0x21, 0xc2, 0xb2, 0xff, 0x38, 0xc8, 0xba, 0xfd, 0x71, 0xda, 0xcf, 0xf7, 0x84, 0xe1, 0xd7, 0xf5,
  0x1a, 0xc0, 0xb0, 0xff, 0x61, 0xd3, 0xc8, 0xfc, 0xff, 0xff, 0xff, 0xf5, 0xff, 0xff, 0xff, 0xf5,
  0xff, 0xff, 0xff, 0xf5, 0xff, 0xff, 0xff, 0xf4, 0xcd, 0xf1, 0xed, 0xf7, 0x15, 0xbf, 0xae, 0xff,
  0x79, 0xdd, 0xd2, 0xf6, 0xeb, 0xff, 0xff, 0xe9, 0xdb, 0xfd, 0xf8, 0xeb, 0xdf, 0xff, 0xf9, 0xeb,
  0xf4, 0xff, 0xff, 0xe9, 0xaf, 0xf0, 0xe7, 0xf0, 0x21, 0xc2, 0xb2, 0xff, 0x2d, 0xc4, 0xb5, 0xff,
  0x26, 0xc3, 0xb4, 0xff, 0x20, 0xc1, 0xb2, 0xff, 0x1b, 0xc0, 0xb0, 0xff, 0x1d, 0xc1, 0xb1, 0xff,
  0x23, 0xc2, 0xb3, 0xff, 0x27, 0xc3, 0xb4, 0xff, 0x2a, 0xc4, 0xb5, 0xff, 0x2a, 0xc4, 0xb5, 0xff,
  0x2a, 0xc4, 0xb5, 0xff, 0x2a, 0xc4, 0xb5, 0xff, 0x2a, 0xc4, 0xb5, 0xff, 0x2a, 0xc4, 0xb5, 0xff,
  0x2a, 0xc4, 0xb5, 0xff, 0x2a, 0xc4, 0xb5, 0xff, 0x2a, 0xc4, 0xb5, 0xff, 0x2a, 0xc4, 0xb5, 0xff,
  0x2a, 0xc4, 0xb5, 0xff, 0x2a, 0xc4, 0xb5, 0xff, 0x2a, 0xc4, 0xb5, 0xff, 0x2a, 0xc4, 0xb5, 0xff,
  0x2a, 0xc4, 0xb5, 0xff, 0x2a, 0xc4, 0xb5, 0xff, 0x2a, 0xc4, 0xb5, 0xff, 0x2a, 0xc4, 0xb5, 0xff,
  0x2a, 0xc4, 0xb5, 0xff, 0x2a, 0xc4, 0xb5, 0xff, 0x2a, 0xc4, 0xb5, 0xff, 0x2a, 0xc4, 0xb5, 0xff,
  0x2a, 0xc4, 0xb5, 0xff, 0x2a, 0xc4, 0xb5, 0xff, 0x2a, 0xc4, 0xb5, 0xff, 0x2a, 0xc4, 0xb5, 0xff,
  0x2a, 0xc4, 0xb5, 0xff, 0x2a, 0xc4, 0xb5, 0xff, 0x2a, 0xc4, 0xb5, 0xff, 0x2a, 0xc4, 0xb5, 0xff,
  0x2a, 0xc3, 0xb4, 0xfe, 0x2a, 0xc7, 0xb8, 0xff, 0x4a, 0xd4, 0xc8, 0xa8, 0x64, 0xe0, 0xd6, 0x8c,
  0x55, 0xd1, 0xca, 0x27, 0x00, 0x00, 0x00, 0x00, 0x7f, 0x7f, 0x7f, 0x02, 0x00, 0x00, 0x00, 0x00,
  0x00, 0x00, 0x00, 0x00, 0x00, 0xff, 0x00, 0x01, 0x00, 0x00, 0x00, 0x00, 0x45, 0xb9, 0xb9, 0x0b,
  0x60, 0xdf, 0xd3, 0x81, 0x58, 0xdb, 0xcf, 0x96, 0x2b, 0xc5, 0xb5, 0xf7, 0x2a, 0xc5, 0xb6, 0xff,
  0x2a, 0xc4, 0xb5, 0xfe, 0x2a, 0xc4, 0xb5, 0xff, 0x2a, 0xc4, 0xb5, 0xff, 0x2a, 0xc4, 0xb5, 0xff,
  0x2a, 0xc4, 0xb5, 0xff, 0x2a, 0xc4, 0xb5, 0xff, 0x2a, 0xc4, 0xb5, 0xff, 0x2a, 0xc4, 0xb5, 0xff,
  0x2a, 0xc4, 0xb5, 0xff, 0x2a, 0xc4, 0xb5, 0xff, 0x2a, 0xc4, 0xb5, 0xff, 0x2a, 0xc4, 0xb5, 0xff,
  0x2a, 0xc4, 0xb5, 0xff, 0x2a, 0xc4, 0xb5, 0xff, 0x2a, 0xc4, 0xb5, 0xff, 0x2a, 0xc4, 0xb5, 0xff,
  0x2a, 0xc4, 0xb5, 0xff, 0x2c, 0xc5, 0xb6, 0xff, 0x23, 0xc2, 0xb3, 0xff, 0x49, 0xcd, 0xbf, 0xfd,
  0xfd, 0xff, 0xff, 0xf5, 0xff, 0xff, 0xff, 0xf5, 0xff, 0xff, 0xff, 0xf5, 0xff, 0xff, 0xff, 0xf5,
  0xfb, 0xfd, 0xfd, 0xf5, 0xff, 0xff, 0xff, 0xf4, 0xb6, 0xea, 0xe5, 0xf9, 0x1d, 0xc1, 0xb1, 0xff,
  0x2d, 0xc5, 0xb6, 0xff, 0x2a, 0xc4, 0xb5, 0xff, 0x2a, 0xc4, 0xb5, 0xff, 0x2a, 0xc4, 0xb5, 0xff,
  0x2a, 0xc4, 0xb5, 0xff, 0x2a, 0xc4, 0xb5, 0xff, 0x2a, 0xc4, 0xb5, 0xff, 0x2a, 0xc4, 0xb5, 0xff,
  0x2a, 0xc4, 0xb5, 0xff, 0x2a, 0xc4, 0xb5, 0xff, 0x2a, 0xc4, 0xb5, 0xff, 0x2c, 0xc5, 0xb6, 0xff,
  0x2c, 0xc4, 0xb6, 0xff, 0x26, 0xc3, 0xb4, 0xff, 0x1f, 0xc1, 0xb2, 0xff, 0x25, 0xc3, 0xb4, 0xff,
  0x20, 0xc1, 0xb2, 0xff, 0x5f, 0xd3, 0xc7, 0xfc, 0xff, 0xff, 0xff, 0xf5, 0xfb, 0xff, 0xfd, 0xf5,
  0xfa, 0xfd, 0xfd, 0xf5, 0xff, 0xff, 0xff, 0xf4, 0xc8, 0xf0, 0xec, 0xf7, 0x1a, 0xc0, 0xb0, 0xff,
  0x4e, 0xcf, 0xc2, 0xfb, 0xec, 0xff, 0xff, 0xe9, 0xdc, 0xff, 0xf9, 0xeb, 0xcd, 0xfa, 0xf4, 0xec,
  0xb4, 0xf1, 0xe9, 0xf0, 0x7d, 0xdf, 0xd5, 0xf5, 0x29, 0xc4, 0xb5, 0xff, 0x2a, 0xc4, 0xb5, 0xff,
  0x2b, 0xc4, 0xb5, 0xff, 0x2c, 0xc5, 0xb6, 0xff, 0x2d, 0xc5, 0xb6, 0xff, 0x2d, 0xc5, 0xb6, 0xff,
  0x2c, 0xc4, 0xb6, 0xff, 0x2b, 0xc4, 0xb5, 0xff, 0x2a, 0xc4, 0xb5, 0xff, 0x2a, 0xc4, 0xb5, 0xff,
  0x2a, 0xc4, 0xb5, 0xff, 0x2a, 0xc4, 0xb5, 0xff, 0x2a, 0xc4, 0xb5, 0xff, 0x2a, 0xc4, 0xb5, 0xff,
  0x2a, 0xc4, 0xb5, 0xff, 0x2a, 0xc4, 0xb5, 0xff, 0x2a, 0xc4, 0xb5, 0xff, 0x2a, 0xc4, 0xb5, 0xff,
  0x2a, 0xc4, 0xb5, 0xff, 0x2a, 0xc4, 0xb5, 0xff, 0x2a, 0xc4, 0xb5, 0xff, 0x2a, 0xc4, 0xb5, 0xff,
  0x2a, 0xc4, 0xb5, 0xff, 0x2a, 0xc4, 0xb5, 0xff, 0x2a, 0xc4, 0xb5, 0xff, 0x2a, 0xc4, 0xb5, 0xff,
  0x2a, 0xc4, 0xb5, 0xff, 0x2a, 0xc4, 0xb5, 0xff, 0x2a, 0xc4, 0xb5, 0xff, 0x2a, 0xc4, 0xb5, 0xff,
  0x2a, 0xc4, 0xb5, 0xff, 0x2a, 0xc4, 0xb5, 0xff, 0x2a, 0xc4, 0xb5, 0xff, 0x2a, 0xc4, 0xb5, 0xff,
  0x2a, 0xc4, 0xb5, 0xff, 0x2a, 0xc4, 0xb5, 0xff, 0x2a, 0xc4, 0xb5, 0xff, 0x2a, 0xc4, 0xb5, 0xff,
  0x2a, 0xc3, 0xb4, 0xfe, 0x2a, 0xc7, 0xb8, 0xff, 0x4a, 0xd4, 0xc8, 0xa8, 0x64, 0xe0, 0xd6, 0x8c,
  0x55, 0xd1, 0xca, 0x27, 0x00, 0x00, 0x00, 0x00, 0x7f, 0x7f, 0x7f, 0x02, 0x00, 0x00, 0x00, 0x00,
  0x00, 0x00, 0x00, 0x00, 0x00, 0xff, 0x00, 0x01, 0x00, 0x00, 0x00, 0x00, 0x45, 0xb9, 0xb9, 0x0b,
  0x60, 0xdf, 0xd3, 0x81, 0x58, 0xdb, 0xcf, 0x96, 0x2b, 0xc5, 0xb5, 0xf7, 0x2a, 0xc5, 0xb6, 0xff,
  0x2a, 0xc4, 0xb5, 0xfe, 0x2a, 0xc4, 0xb5, 0xff, 0x2a, 0xc4, 0xb5, 0xff, 0x2a, 0xc4, 0xb5, 0xff,
  0x2a, 0xc4, 0xb5, 0xff, 0x2a, 0xc4, 0xb5, 0xff, 0x2a, 0xc4, 0xb5, 0xff, 0x2a, 0xc4, 0xb5, 0xff,
  0x2a, 0xc4, 0xb5, 0xff, 0x2a, 0xc4, 0xb5, 0xff, 0x2a, 0xc4, 0xb5, 0xff, 0x2a, 0xc4, 0xb5, 0xff,
  0x2a, 0xc4, 0xb5, 0xff, 0x2a, 0xc4, 0xb5, 0xff, 0x2a, 0xc4, 0xb5, 0xff, 0x2a, 0xc4, 0xb5, 0xff,
  0x2a, 0xc4, 0xb5, 0xff, 0x2d, 0xc5, 0xb6, 0xff, 0x1d, 0xc1, 0xb1, 0xff, 0xae, 0xe8, 0xe2, 0xf9,
  0xff, 0xff, 0xff, 0xf4, 0xfb, 0xfd, 0xfd, 0xf5, 0xff, 0xff, 0xff, 0xf5, 0xfd, 0xff, 0xff, 0xf5,
  0xff, 0xff, 0xff, 0xf5, 0xf6, 0xfb, 0xfb, 0xf6, 0x43, 0xcb, 0xbe, 0xfd, 0x24, 0xc2, 0xb3, 0xff,
  0x2c, 0xc5, 0xb6, 0xff, 0x2a, 0xc4, 0xb5, 0xff, 0x2a, 0xc4, 0xb5, 0xff, 0x2a, 0xc4, 0xb5, 0xff,
  0x2a, 0xc4, 0xb5, 0xff, 0x2a, 0xc4, 0xb5, 0xff, 0x2a, 0xc4, 0xb5, 0xff, 0x2a, 0xc4, 0xb5, 0xff,
  0x2a, 0xc4, 0xb5, 0xff, 0x2a, 0xc4, 0xb5, 0xff, 0x2a, 0xc4, 0xb5, 0xff, 0x2a, 0xc4, 0xb5, 0xff,
  0x2a, 0xc4, 0xb5, 0xff, 0x2b, 0xc4, 0xb5, 0xff, 0x2d, 0xc5, 0xb6, 0xff, 0x2e, 0xc5, 0xb6, 0xff,
  0x1f, 0xc1, 0xb2, 0xff, 0x5f, 0xd3, 0xc7, 0xfc, 0xff, 0xff, 0xff, 0xf5, 0xfc, 0xff, 0xfd, 0xf5,
  0xfb, 0xfd, 0xfd, 0xf5, 0xff, 0xff, 0xff, 0xf4, 0xc6, 0xef, 0xeb, 0xf8, 0x20, 0xc2, 0xb2, 0xff,
  0x32, 0xc6, 0xb8, 0xfe, 0x5c, 0xd3, 0xc8, 0xf9, 0x44, 0xcc, 0xbf, 0xfc, 0x31, 0xc6, 0xb7, 0xfe,
  0x24, 0xc3, 0xb3, 0xff, 0x21, 0xc2, 0xb2, 0xff, 0x2a, 0xc4, 0xb5, 0xff, 0x2a, 0xc4, 0xb5, 0xff,
  0x2a, 0xc4, 0xb5, 0xff, 0x2a, 0xc4, 0xb5, 0xff, 0x2a, 0xc4, 0xb5, 0xff, 0x2a, 0xc4, 0xb5, 0xff,
  0x2a, 0xc4, 0xb5, 0xff, 0x2a, 0xc4, 0xb5, 0xff, 0x2a, 0xc4, 0xb5, 0xff, 0x2a, 0xc4, 0xb5, 0xff,
  0x2a, 0xc4, 0xb5, 0xff, 0x2a, 0xc4, 0xb5, 0xff, 0x2a, 0xc4, 0xb5, 0xff, 0x2a, 0xc4, 0xb5, 0xff,
  0x2a, 0xc4, 0xb5, 0xff, 0x2a, 0xc4, 0xb5, 0xff, 0x2a, 0xc4, 0xb5, 0xff, 0x2a, 0xc4, 0xb5, 0xff,
  0x2a, 0xc4, 0xb5, 0xff, 0x2a, 0xc4, 0xb5, 0xff, 0x2a, 0xc4, 0xb5, 0xff, 0x2a, 0xc4, 0xb5, 0xff,
  0x2a, 0xc4, 0xb5, 0xff, 0x2a, 0xc4, 0xb5, 0xff, 0x2a, 0xc4, 0xb5, 0xff, 0x2a, 0xc4, 0xb5, 0xff,
  0x2a, 0xc4, 0xb5, 0xff, 0x2a, 0xc4, 0xb5, 0xff, 0x2a, 0xc4, 0xb5, 0xff, 0x2a, 0xc4, 0xb5, 0xff,
  0x2a, 0xc4, 0xb5, 0xff, 0x2a, 0xc4, 0xb5, 0xff, 0x2a, 0xc4, 0xb5, 0xff, 0x2a, 0xc4, 0xb5, 0xff,
  0x2a, 0xc4, 0xb5, 0xff, 0x2a, 0xc4, 0xb5, 0xff, 0x2a, 0xc4, 0xb5, 0xff, 0x2a, 0xc4, 0xb5, 0xff,
  0x2a, 0xc3, 0xb4, 0xfe, 0x2a, 0xc7, 0xb8, 0xff, 0x4a, 0xd4, 0xc8, 0xa8, 0x64, 0xe0, 0xd6, 0x8c,
  0x55, 0xd1, 0xca, 0x27, 0x00, 0x00, 0x00, 0x00, 0x7f, 0x7f, 0x7f, 0x02, 0x00, 0x00, 0x00, 0x00,
  0x00, 0x00, 0x00, 0x00, 0x00, 0xff, 0x00, 0x01, 0x00, 0x00, 0x00, 0x00, 0x45, 0xb9, 0xb9, 0x0b,
  0x60, 0xdf, 0xd3, 0x81, 0x58, 0xdb, 0xcf, 0x96, 0x2b, 0xc5, 0xb5, 0xf7, 0x2a, 0xc5, 0xb6, 0xff,
  0x2a, 0xc4, 0xb5, 0xfe, 0x2a, 0xc4, 0xb5, 0xff, 0x2a, 0xc4, 0xb5, 0xff, 0x2a, 0xc4, 0xb5, 0xff,
  0x2a, 0xc4, 0xb5, 0xff, 0x2a, 0xc4, 0xb5, 0xff, 0x2a, 0xc4, 0xb5, 0xff, 0x2a, 0xc4, 0xb5, 0xff,
  0x2a, 0xc4, 0xb5, 0xff, 0x2a, 0xc4, 0xb5, 0xff, 0x2a, 0xc4, 0xb5, 0xff, 0x2a, 0xc4, 0xb5, 0xff,
  0x2a, 0xc4, 0xb5, 0xff, 0x2a, 0xc4, 0xb5, 0xff, 0x2a, 0xc4, 0xb5, 0xff, 0x2a, 0xc4, 0xb5, 0xff,
  0x2b, 0xc4, 0xb5, 0xff, 0x26, 0xc3, 0xb4, 0xff, 0x3d, 0xc9, 0xbb, 0xfe, 0xf4, 0xfb, 0xfa, 0xf6,
  0xff, 0xff, 0xff, 0xf5, 0xfd, 0xff, 0xff, 0xf5, 0xff, 0xff, 0xff, 0xf5, 0xfb, 0xfd, 0xfd, 0xf5,
  0xff, 0xff, 0xff, 0xf4, 0x91, 0xe1, 0xd9, 0xfa, 0x19, 0xc0, 0xb0, 0xff, 0x2e, 0xc5, 0xb6, 0xff,
  0x2a, 0xc4, 0xb5, 0xff, 0x2a, 0xc4, 0xb5, 0xff, 0x2a, 0xc4, 0xb5, 0xff, 0x2a, 0xc4, 0xb5, 0xff,
  0x2a, 0xc4, 0xb5, 0xff, 0x2a, 0xc4, 0xb5, 0xff, 0x2a, 0xc4, 0xb5, 0xff, 0x2a, 0xc4, 0xb5, 0xff,
  0x2a, 0xc4, 0xb5, 0xff, 0x2a, 0xc4, 0xb5, 0xff, 0x2a, 0xc4, 0xb5, 0xff, 0x2a, 0xc4, 0xb5, 0xff,
  0x2a, 0xc4, 0xb5, 0xff, 0x2a, 0xc4, 0xb5, 0xff, 0x2a, 0xc4, 0xb5, 0xff, 0x2c, 0xc5, 0xb6, 0xff,
  0x1f, 0xc1, 0xb2, 0xff, 0x5f, 0xd3, 0xc7, 0xfc, 0xff, 0xff, 0xff, 0xf5, 0xfc, 0xff, 0xfd, 0xf5,
  0xfb, 0xfd, 0xfd, 0xf5, 0xff, 0xff, 0xff, 0xf4, 0xc6, 0xee, 0xeb, 0xf8, 0x21, 0xc2, 0xb2, 0xff,
  0x2b, 0xc4, 0xb6, 0xff, 0x21, 0xc2, 0xb2, 0xff, 0x24, 0xc3, 0xb3, 0xff, 0x28, 0xc4, 0xb4, 0xff,
  0x2b, 0xc4, 0xb5, 0xff, 0x2c, 0xc4, 0xb6, 0xff, 0x2a, 0xc4, 0xb5, 0xff, 0x2a, 0xc4, 0xb5, 0xff,
  0x2a, 0xc4, 0xb5, 0xff, 0x2a, 0xc4, 0xb5, 0xff, 0x2a, 0xc4, 0xb5, 0xff, 0x2a, 0xc4, 0xb5, 0xff,
  0x2a, 0xc4, 0xb5, 0xff, 0x2a, 0xc4, 0xb5, 0xff, 0x2a, 0xc4, 0xb5, 0xff, 0x2a, 0xc4, 0xb5, 0xff,
  0x2a, 0xc4, 0xb5, 0xff, 0x2a, 0xc4, 0xb5, 0xff, 0x2a, 0xc4, 0xb5, 0xff, 0x2a, 0xc4, 0xb5, 0xff,
  0x2a, 0xc4, 0xb5, 0xff, 0x2a, 0xc4, 0xb5, 0xff, 0x2a, 0xc4, 0xb5, 0xff, 0x2a, 0xc4, 0xb5, 0xff,
  0x2a, 0xc4, 0xb5, 0xff, 0x2a, 0xc4, 0xb5, 0xff, 0x2a, 0xc4, 0xb5, 0xff, 0x2a, 0xc4, 0xb5, 0xff,
  0x2a, 0xc4, 0xb5, 0xff, 0x2a, 0xc4, 0xb5, 0xff, 0x2a, 0xc4, 0xb5, 0xff, 0x2a, 0xc4, 0xb5, 0xff,
  0x2a, 0xc4, 0xb5, 0xff, 0x2a, 0xc4, 0xb5, 0xff, 0x2a, 0xc4, 0xb5, 0xff, 0x2a, 0xc4, 0xb5, 0xff,
  0x2a, 0xc4, 0xb5, 0xff, 0x2a, 0xc4, 0xb5, 0xff, 0x2a, 0xc4, 0xb5, 0xff, 0x2a, 0xc4, 0xb5, 0xff,
  0x2a, 0xc4, 0xb5, 0xff, 0x2a, 0xc4, 0xb5, 0xff, 0x2a, 0xc4, 0xb5, 0xff, 0x2a, 0xc4, 0xb5, 0xff,
  0x2a, 0xc3, 0xb4, 0xfe, 0x2a, 0xc7, 0xb8, 0xff, 0x4a, 0xd4, 0xc8, 0xa8, 0x64, 0xe0, 0xd6, 0x8c,
  0x55, 0xd1, 0xca, 0x27, 0x00, 0x00, 0x00, 0x00, 0x7f, 0x7f, 0x7f, 0x02, 0x00, 0x00, 0x00, 0x00,
  0x00, 0x00, 0x00, 0x00, 0x00, 0xff, 0x00, 0x01, 0x00, 0x00, 0x00, 0x00, 0x45, 0xb9, 0xb9, 0x0b,
  0x60, 0xdf, 0xd3, 0x81, 0x58, 0xdb, 0xcf, 0x96, 0x2b, 0xc5, 0xb5, 0xf7, 0x2a, 0xc5, 0xb6, 0xff,
  0x2a, 0xc4, 0xb5, 0xfe, 0x2a, 0xc4, 0xb5, 0xff, 0x2a, 0xc4, 0xb5, 0xff, 0x2a, 0xc4, 0xb5, 0xff,
  0x2a, 0xc4, 0xb5, 0xff, 0x2a, 0xc4, 0xb5, 0xff, 0x2a, 0xc4, 0xb5, 0xff, 0x2a, 0xc4, 0xb5, 0xff,
  0x2a, 0xc4, 0xb5, 0xff, 0x2a, 0xc4, 0xb5, 0xff, 0x2a, 0xc4, 0xb5, 0xff, 0x2a, 0xc4, 0xb5, 0xff,
  0x2a, 0xc4, 0xb5, 0xff, 0x2a, 0xc4, 0xb5, 0xff, 0x2a, 0xc4, 0xb5, 0xff, 0x2a, 0xc4, 0xb5, 0xff,
  0x2d, 0xc5, 0xb6, 0xff, 0x1b, 0xc0, 0xb0, 0xff, 0x8b, 0xdf, 0xd7, 0xfa, 0xff, 0xff, 0xff, 0xf4,
  0xff, 0xff, 0xff, 0xf5, 0xfd, 0xff, 0xff, 0xf5, 0xfa, 0xfd, 0xfd, 0xf5, 0xff, 0xff, 0xff, 0xf5,
  0xef, 0xfa, 0xf9, 0xf6, 0x38, 0xc8, 0xb9, 0xfe, 0x27, 0xc3, 0xb4, 0xff, 0x2b, 0xc4, 0xb5, 0xff,
  0x2a, 0xc4, 0xb5, 0xff, 0x2a, 0xc4, 0xb5, 0xff, 0x2a, 0xc4, 0xb5, 0xff, 0x2a, 0xc4, 0xb5, 0xff,
  0x2a, 0xc4, 0xb5, 0xff, 0x2a, 0xc4, 0xb5, 0xff, 0x2a, 0xc4, 0xb5, 0xff, 0x2a, 0xc4, 0xb5, 0xff,
  0x2a, 0xc4, 0xb5, 0xff, 0x2a, 0xc4, 0xb5, 0xff, 0x2a, 0xc4, 0xb5, 0xff, 0x2a, 0xc4, 0xb5, 0xff,
  0x2a, 0xc4, 0xb5, 0xff, 0x2a, 0xc4, 0xb5, 0xff, 0x2a, 0xc4, 0xb5, 0xff, 0x2c, 0xc5, 0xb6, 0xff,
  0x1f, 0xc1, 0xb2, 0xff, 0x5f, 0xd3, 0xc7, 0xfc, 0xff, 0xff, 0xff, 0xf5, 0xfc, 0xff, 0xfd, 0xf5,
  0xfb, 0xfd, 0xfd, 0xf5, 0xff, 0xff, 0xff, 0xf4, 0xc6, 0xee, 0xeb, 0xf8, 0x21, 0xc2, 0xb2, 0xff,
  0x2c, 0xc4, 0xb6, 0xff, 0x2c, 0xc4, 0xb6, 0xff, 0x2b, 0xc4, 0xb5, 0xff, 0x2b, 0xc4, 0xb5, 0xff,
  0x2a, 0xc4, 0xb5, 0xff, 0x2a, 0xc4, 0xb5, 0xff, 0x2a, 0xc4, 0xb5, 0xff, 0x2a, 0xc4, 0xb5, 0xff,
  0x2a, 0xc4, 0xb5, 0xff, 0x2a, 0xc4, 0xb5, 0xff, 0x2a, 0xc4, 0xb5, 0xff, 0x2a, 0xc4, 0xb5, 0xff,
  0x2a, 0xc4, 0xb5, 0xff, 0x2a, 0xc4, 0xb5, 0xff, 0x2a, 0xc4, 0xb5, 0xff, 0x2a, 0xc4, 0xb5, 0xff,
  0x2a, 0xc4, 0xb5, 0xff, 0x2a, 0xc4, 0xb5, 0xff, 0x2a, 0xc4, 0xb5, 0xff, 0x2a, 0xc4, 0xb5, 0xff,
  0x2a, 0xc4, 0xb5, 0xff, 0x2a, 0xc4, 0xb5, 0xff, 0x2a, 0xc4, 0xb5, 0xff, 0x2a, 0xc4, 0xb5, 0xff,
  0x2a, 0xc4, 0xb5, 0xff, 0x2a, 0xc4, 0xb5, 0xff, 0x2a, 0xc4, 0xb5, 0xff, 0x2a, 0xc4, 0xb5, 0xff,
  0x2a, 0xc4, 0xb5, 0xff, 0x2a, 0xc4, 0xb5, 0xff, 0x2a, 0xc4, 0xb5, 0xff, 0x2a, 0xc4, 0xb5, 0xff,
  0x2a, 0xc4, 0xb5, 0xff, 0x2a, 0xc4, 0xb5, 0xff, 0x2a, 0xc4, 0xb5, 0xff, 0x2a, 0xc4, 0xb5, 0xff,
  0x2a, 0xc4, 0xb5, 0xff, 0x2a, 0xc4, 0xb5, 0xff, 0x2a, 0xc4, 0xb5, 0xff, 0x2a, 0xc4, 0xb5, 0xff,
  0x2a, 0xc4, 0xb5, 0xff, 0x2a, 0xc4, 0xb5, 0xff, 0x2a, 0xc4, 0xb5, 0xff, 0x2a, 0xc4, 0xb5, 0xff,
  0x2a, 0xc3, 0xb4, 0xfe, 0x2a, 0xc7, 0xb8, 0xff, 0x4a, 0xd4, 0xc8, 0xa8, 0x64, 0xe0, 0xd6, 0x8c,
  0x55, 0xd1, 0xca, 0x27, 0x00, 0x00, 0x00, 0x00, 0x7f, 0x7f, 0x7f, 0x02, 0x00, 0x00, 0x00, 0x00,
  0x00, 0x00, 0x00, 0x00, 0x00, 0xff, 0x00, 0x01, 0x00, 0x00, 0x00, 0x00, 0x45, 0xb9, 0xb9, 0x0b,
  0x60, 0xdf, 0xd3, 0x81, 0x58, 0xdb, 0xcf, 0x96, 0x2b, 0xc5, 0xb5, 0xf7, 0x2a, 0xc5, 0xb6, 0xff,
  0x2a, 0xc4, 0xb5, 0xfe, 0x2a, 0xc4, 0xb5, 0xff, 0x2a, 0xc4, 0xb5, 0xff, 0x2a, 0xc4, 0xb5, 0xff,
  0x2a, 0xc4, 0xb5, 0xff, 0x2a, 0xc4, 0xb5, 0xff, 0x2a, 0xc4, 0xb5, 0xff, 0x2a, 0xc4, 0xb5, 0xff,
  0x2a, 0xc4, 0xb5, 0xff, 0x2a, 0xc4, 0xb5, 0xff, 0x2a, 0xc4, 0xb5, 0xff, 0x2a, 0xc4, 0xb5, 0xff,
  0x2a, 0xc4, 0xb5, 0xff, 0x2a, 0xc4, 0xb5, 0xff, 0x2a, 0xc4, 0xb5, 0xff, 0x2a, 0xc4, 0xb5, 0xff,
  0x2b, 0xc4, 0xb5, 0xff, 0x27, 0xc3, 0xb4, 0xff, 0x44, 0xca, 0xbd, 0xfe, 0x88, 0xde, 0xd6, 0xfa,
  0xd8, 0xf4, 0xf1, 0xf7, 0xff, 0xff, 0xff, 0xf5, 0xff, 0xff, 0xff, 0xf4, 0xff, 0xff, 0xff, 0xf4,
  0xa8, 0xe7, 0xe1, 0xf9, 0x1c, 0xc0, 0xb0, 0xff, 0x2d, 0xc5, 0xb6, 0xff, 0x2a, 0xc4, 0xb5, 0xff,
  0x2a, 0xc4, 0xb5, 0xff, 0x2a, 0xc4, 0xb5, 0xff, 0x2a, 0xc4, 0xb5, 0xff, 0x2a, 0xc4, 0xb5, 0xff,
  0x2a, 0xc4, 0xb5, 0xff, 0x2a, 0xc4, 0xb5, 0xff, 0x2a, 0xc4, 0xb5, 0xff, 0x2a, 0xc4, 0xb5, 0xff,
  0x2a, 0xc4, 0xb5, 0xff, 0x2a, 0xc4, 0xb5, 0xff, 0x2a, 0xc4, 0xb5, 0xff, 0x2a, 0xc4, 0xb5, 0xff,
  0x2a, 0xc4, 0xb5, 0xff, 0x2a, 0xc4, 0xb5, 0xff, 0x2a, 0xc4, 0xb5, 0xff, 0x2c, 0xc5, 0xb6, 0xff,
  0x1f, 0xc1, 0xb2, 0xff, 0x5f, 0xd3, 0xc7, 0xfc, 0xff, 0xff, 0xff, 0xf5, 0xfc, 0xff, 0xfd, 0xf5,
  0xfb, 0xfd, 0xfd, 0xf5, 0xff, 0xff, 0xff, 0xf4, 0xc6, 0xee, 0xeb, 0xf8, 0x21, 0xc2, 0xb2, 0xff,
  0x2c, 0xc4, 0xb6, 0xff, 0x2a, 0xc4, 0xb5, 0xff, 0x2a, 0xc4, 0xb5, 0xff, 0x2a, 0xc4, 0xb5, 0xff,
  0x2a, 0xc4, 0xb5, 0xff, 0x2a, 0xc4, 0xb5, 0xff, 0x2a, 0xc4, 0xb5, 0xff, 0x2a, 0xc4, 0xb5, 0xff,
  0x2a, 0xc4, 0xb5, 0xff, 0x2a, 0xc4, 0xb5, 0xff, 0x2a, 0xc4, 0xb5, 0xff, 0x2a, 0xc4, 0xb5, 0xff,
  0x2a, 0xc4, 0xb5, 0xff, 0x2a, 0xc4, 0xb5, 0xff, 0x2a, 0xc4, 0xb5, 0xff, 0x2a, 0xc4, 0xb5, 0xff,
  0x2a, 0xc4, 0xb5, 0xff, 0x2a, 0xc4, 0xb5, 0xff, 0x2a, 0xc4, 0xb5, 0xff, 0x2a, 0xc4, 0xb5, 0xff,
  0x2a, 0xc4, 0xb5, 0xff, 0x2a, 0xc4, 0xb5, 0xff, 0x2a, 0xc4, 0xb5, 0xff, 0x2a, 0xc4, 0xb5, 0xff,
  0x2a, 0xc4, 0xb5, 0xff, 0x2a, 0xc4, 0xb5, 0xff, 0x2a, 0xc4, 0xb5, 0xff, 0x2a, 0xc4, 0xb5, 0xff,
  0x2a, 0xc4, 0xb5, 0xff, 0x2a, 0xc4, 0xb5, 0xff, 0x2a, 0xc4, 0xb5, 0xff, 0x2a, 0xc4, 0xb5, 0xff,
  0x2a, 0xc4, 0xb5, 0xff, 0x2a, 0xc4, 0xb5, 0xff, 0x2a, 0xc4, 0xb5, 0xff, 0x2a, 0xc4, 0xb5, 0xff,
  0x2a, 0xc4, 0xb5, 0xff, 0x2a, 0xc4, 0xb5, 0xff, 0x2a, 0xc4, 0xb5, 0xff, 0x2a, 0xc4, 0xb5, 0xff,
  0x2a, 0xc4, 0xb5, 0xff, 0x2a, 0xc4, 0xb5, 0xff, 0x2a, 0xc4, 0xb5, 0xff, 0x2a, 0xc4, 0xb5, 0xff,
  0x2a, 0xc3, 0xb4, 0xfe, 0x2a, 0xc7, 0xb8, 0xff, 0x4a, 0xd4, 0xc8, 0xa8, 0x64, 0xe0, 0xd6, 0x8c,
  0x55, 0xd1, 0xca, 0x27, 0x00, 0x00, 0x00, 0x00, 0x7f, 0x7f, 0x7f, 0x02, 0x00, 0x00, 0x00, 0x00,
  0x00, 0x00, 0x00, 0x00, 0x00, 0xff, 0x00, 0x01, 0x00, 0x00, 0x00, 0x00, 0x45, 0xb9, 0xb9, 0x0b,
  0x60, 0xdf, 0xd3, 0x81, 0x58, 0xdb, 0xcf, 0x96, 0x2b, 0xc5, 0xb5, 0xf7, 0x2a, 0xc5, 0xb6, 0xff,
  0x2a, 0xc4, 0xb5, 0xfe, 0x2a, 0xc4, 0xb5, 0xff, 0x2a, 0xc4, 0xb5, 0xff, 0x2a, 0xc4, 0xb5, 0xff,
  0x2a, 0xc4, 0xb5, 0xff, 0x2a, 0xc4, 0xb5, 0xff, 0x2a, 0xc4, 0xb5, 0xff, 0x2a, 0xc4, 0xb5, 0xff,
  0x2a, 0xc4, 0xb5, 0xff, 0x2a, 0xc4, 0xb5, 0xff, 0x2a, 0xc4, 0xb5, 0xff, 0x2a, 0xc4, 0xb5, 0xff,
  0x2a, 0xc4, 0xb5, 0xff, 0x2a, 0xc4, 0xb5, 0xff, 0x2a, 0xc4, 0xb5, 0xff, 0x2a, 0xc4, 0xb5, 0xff,
  0x2a, 0xc4, 0xb5, 0xff, 0x2b, 0xc4, 0xb5, 0xff, 0x24, 0xc3, 0xb3, 0xff, 0x1b, 0xc0, 0xb0, 0xff,
  0x2a, 0xc4, 0xb5, 0xff, 0x56, 0xd0, 0xc4, 0xfd, 0x9c, 0xe3, 0xdc, 0xfa, 0xe7, 0xf8, 0xf6, 0xf6,
  0x4b, 0xcd, 0xc1, 0xfd, 0x22, 0xc2, 0xb3, 0xff, 0x2b, 0xc5, 0xb5, 0xff, 0x2a, 0xc4, 0xb5, 0xff,
  0x2a, 0xc4, 0xb5, 0xff, 0x2a, 0xc4, 0xb5, 0xff, 0x2a, 0xc4, 0xb5, 0xff, 0x2a, 0xc4, 0xb5, 0xff,
  0x2a, 0xc4, 0xb5, 0xff, 0x2a, 0xc4, 0xb5, 0xff, 0x2a, 0xc4, 0xb5, 0xff, 0x2a, 0xc4, 0xb5, 0xff,
  0x2a, 0xc4, 0xb5, 0xff, 0x2a, 0xc4, 0xb5, 0xff, 0x2a, 0xc4, 0xb5, 0xff, 0x2a, 0xc4, 0xb5, 0xff,
  0x2a, 0xc4, 0xb5, 0xff, 0x2a, 0xc4, 0xb5, 0xff, 0x2a, 0xc4, 0xb5, 0xff, 0x2c, 0xc5, 0xb6, 0xff,
  0x1f, 0xc1, 0xb2, 0xff, 0x5f, 0xd3, 0xc7, 0xfc, 0xff, 0xff, 0xff, 0xf5, 0xfc, 0xff, 0xfd, 0xf5,
  0xfb, 0xfd, 0xfd, 0xf5, 0xff, 0xff, 0xff, 0xf4, 0xc6, 0xee, 0xeb, 0xf8, 0x21, 0xc2, 0xb2, 0xff,
  0x2c, 0xc4, 0xb6, 0xff, 0x2a, 0xc4, 0xb5, 0xff, 0x2a, 0xc4, 0xb5, 0xff, 0x2a, 0xc4, 0xb5, 0xff,
  0x2a, 0xc4, 0xb5, 0xff, 0x2a, 0xc4, 0xb5, 0xff, 0x2a, 0xc4, 0xb5, 0xff, 0x2a, 0xc4, 0xb5, 0xff,
  0x2a, 0xc4, 0xb5, 0xff, 0x2a, 0xc4, 0xb5, 0xff, 0x2a, 0xc4, 0xb5, 0xff, 0x2a, 0xc4, 0xb5, 0xff,
  0x2a, 0xc4, 0xb5, 0xff, 0x2a, 0xc4, 0xb5, 0xff, 0x2a, 0xc4, 0xb5, 0xff, 0x2a, 0xc4, 0xb5, 0xff,
  0x2a, 0xc4, 0xb5, 0xff, 0x2a, 0xc4, 0xb5, 0xff, 0x2a, 0xc4, 0xb5, 0xff, 0x2a, 0xc4, 0xb5, 0xff,
  0x2a, 0xc4, 0xb5, 0xff, 0x2a, 0xc4, 0xb5, 0xff, 0x2a, 0xc4, 0xb5, 0xff, 0x2a, 0xc4, 0xb5, 0xff,
  0x2a, 0xc4, 0xb5, 0xff, 0x2a, 0xc4, 0xb5, 0xff, 0x2a, 0xc4, 0xb5, 0xff, 0x2a, 0xc4, 0xb5, 0xff,
  0x2a, 0xc4, 0xb5, 0xff, 0x2a, 0xc4, 0xb5, 0xff, 0x2a, 0xc4, 0xb5, 0xff, 0x2a, 0xc4, 0xb5, 0xff,
  0x2a, 0xc4, 0xb5, 0xff, 0x2a, 0xc4, 0xb5, 0xff, 0x2a, 0xc4, 0xb5, 0xff, 0x2a, 0xc4, 0xb5, 0xff,
  0x2a, 0xc4, 0xb5, 0xff, 0x2a, 0xc4, 0xb5, 0xff, 0x2a, 0xc4, 0xb5, 0xff, 0x2a, 0xc4, 0xb5, 0xff,
  0x2a, 0xc4, 0xb5, 0xff, 0x2a, 0xc4, 0xb5, 0xff, 0x2a, 0xc4, 0xb5, 0xff, 0x2a, 0xc4, 0xb5, 0xff,
  0x2a, 0xc3, 0xb4, 0xfe, 0x2a, 0xc7, 0xb8, 0xff, 0x4a, 0xd4, 0xc8, 0xa8, 0x64, 0xe0, 0xd6, 0x8c,
  0x55, 0xd1, 0xca, 0x27, 0x00, 0x00, 0x00, 0x00, 0x7f, 0x7f, 0x7f, 0x02, 0x00, 0x00, 0x00, 0x00,
  0x00, 0x00, 0x00, 0x00, 0x00, 0xff, 0x00, 0x01, 0x00, 0x00, 0x00, 0x00, 0x45, 0xb9, 0xb9, 0x0b,
  0x60, 0xdf, 0xd3, 0x81, 0x58, 0xdb, 0xcf, 0x96, 0x2b, 0xc5, 0xb5, 0xf7, 0x2a, 0xc5, 0xb6, 0xff,
  0x2a, 0xc4, 0xb5, 0xfe, 0x2a, 0xc4, 0xb5, 0xff, 0x2a, 0xc4, 0xb5, 0xff, 0x2a, 0xc4, 0xb5, 0xff,
  0x2a, 0xc4, 0xb5, 0xff, 0x2a, 0xc4, 0xb5, 0xff, 0x2a, 0xc4, 0xb5, 0xff, 0x2a, 0xc4, 0xb5, 0xff,
  0x2a, 0xc4, 0xb5, 0xff, 0x2a, 0xc4, 0xb5, 0xff, 0x2a, 0xc4, 0xb5, 0xff, 0x2a, 0xc4, 0xb5, 0xff,
  0x2a, 0xc4, 0xb5, 0xff, 0x2a, 0xc4, 0xb5, 0xff, 0x2a, 0xc4, 0xb5, 0xff, 0x2a, 0xc4, 0xb5, 0xff,
  0x2a, 0xc4, 0xb5, 0xff, 0x2a, 0xc4, 0xb5, 0xff, 0x2b, 0xc4, 0xb5, 0xff, 0x2e, 0xc5, 0xb6, 0xff,
  0x2a, 0xc4, 0xb5, 0xff, 0x20, 0xc2, 0xb2, 0xff, 0x1c, 0xc1, 0xb1, 0xff, 0x2f, 0xc5, 0xb7, 0xff,
  0x29, 0xc4, 0xb5, 0xff, 0x2a, 0xc4, 0xb5, 0xff, 0x2a, 0xc4, 0xb5, 0xff, 0x2a, 0xc4, 0xb5, 0xff,
  0x2a, 0xc4, 0xb5, 0xff, 0x2a, 0xc4, 0xb5, 0xff, 0x2a, 0xc4, 0xb5, 0xff, 0x2a, 0xc4, 0xb5, 0xff,
  0x2a, 0xc4, 0xb5, 0xff, 0x2a, 0xc4, 0xb5, 0xff, 0x2a, 0xc4, 0xb5, 0xff, 0x2a, 0xc4, 0xb5, 0xff,
  0x2a, 0xc4, 0xb5, 0xff, 0x2a, 0xc4, 0xb5, 0xff, 0x2a, 0xc4, 0xb5, 0xff, 0x2a, 0xc4, 0xb5, 0xff,
  0x2a, 0xc4, 0xb5, 0xff, 0x2a, 0xc4, 0xb5, 0xff, 0x2a, 0xc4, 0xb5, 0xff, 0x2c, 0xc5, 0xb6, 0xff,
  0x1f, 0xc1, 0xb2, 0xff, 0x5f, 0xd3, 0xc7, 0xfc, 0xff, 0xff, 0xff, 0xf5, 0xfc, 0xff, 0xfd, 0xf5,
  0xfb, 0xfd, 0xfd, 0xf5, 0xff, 0xff, 0xff, 0xf4, 0xc6, 0xee, 0xeb, 0xf8, 0x21, 0xc2, 0xb2, 0xff,
  0x2c, 0xc4, 0xb6, 0xff, 0x2a, 0xc4, 0xb5, 0xff, 0x2a, 0xc4, 0xb5, 0xff, 0x2a, 0xc4, 0xb5, 0xff,
  0x2a, 0xc4, 0xb5, 0xff, 0x2a, 0xc4, 0xb5, 0xff, 0x2a, 0xc4, 0xb5, 0xff, 0x2a, 0xc4, 0xb5, 0xff,
  0x2a, 0xc4, 0xb5, 0xff, 0x2a, 0xc4, 0xb5, 0xff, 0x2a, 0xc4, 0xb5, 0xff, 0x2a, 0xc4, 0xb5, 0xff,
  0x2a, 0xc4, 0xb5, 0xff, 0x2a, 0xc4, 0xb5, 0xff, 0x2a, 0xc4, 0xb5, 0xff, 0x2a, 0xc4, 0xb5, 0xff,
  0x2a, 0xc4, 0xb5, 0xff, 0x2a, 0xc4, 0xb5, 0xff, 0x2a, 0xc4, 0xb5, 0xff, 0x2a, 0xc4, 0xb5, 0xff,
  0x2a, 0xc4, 0xb5, 0xff, 0x2a, 0xc4, 0xb5, 0xff, 0x2a, 0xc4, 0xb5, 0xff, 0x2a, 0xc4, 0xb5, 0xff,
  0x2a, 0xc4, 0xb5, 0xff, 0x2a, 0xc4, 0xb5, 0xff, 0x2a, 0xc4, 0xb5, 0xff, 0x2a, 0xc4, 0xb5, 0xff,
  0x2a, 0xc4, 0xb5, 0xff, 0x2a, 0xc4, 0xb5, 0xff, 0x2a, 0xc4, 0xb5, 0xff, 0x2a, 0xc4, 0xb5, 0xff,
  0x2a, 0xc4, 0xb5, 0xff, 0x2a, 0xc4, 0xb5, 0xff, 0x2a, 0xc4, 0xb5, 0xff, 0x2a, 0xc4, 0xb5, 0xff,
  0x2a, 0xc4, 0xb5, 0xff, 0x2a, 0xc4, 0xb5, 0xff, 0x2a, 0xc4, 0xb5, 0xff, 0x2a, 0xc4, 0xb5, 0xff,
  0x2a, 0xc4, 0xb5, 0xff, 0x2a, 0xc4, 0xb5, 0xff, 0x2a, 0xc4, 0xb5, 0xff, 0x2a, 0xc4, 0xb5, 0xff,
  0x2a, 0xc3, 0xb4, 0xfe, 0x2a, 0xc7, 0xb8, 0xff, 0x4a, 0xd4, 0xc8, 0xa8, 0x64, 0xe0, 0xd6, 0x8c,
  0x55, 0xd1, 0xca, 0x27, 0x00, 0x00, 0x00, 0x00, 0x7f, 0x7f, 0x7f, 0x02, 0x00, 0x00, 0x00, 0x00,
  0x00, 0x00, 0x00, 0x00, 0x00, 0xff, 0x00, 0x01, 0x00, 0x00, 0x00, 0x00, 0x45, 0xb9, 0xb9, 0x0b,
  0x60, 0xdf, 0xd3, 0x81, 0x58, 0xdb, 0xcf, 0x96, 0x2b, 0xc5, 0xb5, 0xf7, 0x2a, 0xc5, 0xb6, 0xff,
  0x2a, 0xc4, 0xb5, 0xfe, 0x2a, 0xc4, 0xb5, 0xff, 0x2a, 0xc4, 0xb5, 0xff, 0x2a, 0xc4, 0xb5, 0xff,
  0x2a, 0xc4, 0xb5, 0xff, 0x2a, 0xc4, 0xb5, 0xff, 0x2a, 0xc4, 0xb5, 0xff, 0x2a, 0xc4, 0xb5, 0xff,
  0x2a, 0xc4, 0xb5, 0xff, 0x2a, 0xc4, 0xb5, 0xff, 0x2a, 0xc4, 0xb5, 0xff, 0x2a, 0xc4, 0xb5, 0xff,
  0x2a, 0xc4, 0xb5, 0xff, 0x2a, 0xc4, 0xb5, 0xff, 0x2a, 0xc4, 0xb5, 0xff, 0x2a, 0xc4, 0xb5, 0xff,
  0x2a, 0xc4, 0xb5, 0xff, 0x2a, 0xc4, 0xb5, 0xff, 0x2a, 0xc4, 0xb5, 0xff, 0x2a, 0xc4, 0xb5, 0xff,
  0x2a, 0xc4, 0xb5, 0xff, 0x2c, 0xc5, 0xb6, 0xff, 0x2d, 0xc5, 0xb6, 0xff, 0x28, 0xc4, 0xb5, 0xff,
  0x2a, 0xc4, 0xb5, 0xff, 0x2a, 0xc4, 0xb5, 0xff, 0x2a, 0xc4, 0xb5, 0xff, 0x2a, 0xc4, 0xb5, 0xff,
  0x2a, 0xc4, 0xb5, 0xff, 0x2a, 0xc4, 0xb5, 0xff, 0x2a, 0xc4, 0xb5, 0xff, 0x2a, 0xc4, 0xb5, 0xff,
  0x2a, 0xc4, 0xb5, 0xff, 0x2a, 0xc4, 0xb5, 0xff, 0x2a, 0xc4, 0xb5, 0xff, 0x2a, 0xc4, 0xb5, 0xff,
  0x2a, 0xc4, 0xb5, 0xff, 0x2a, 0xc4, 0xb5, 0xff, 0x2a, 0xc4, 0xb5, 0xff, 0x2a, 0xc4, 0xb5, 0xff,
  0x2a, 0xc4, 0xb5, 0xff, 0x2a, 0xc4, 0xb5, 0xff, 0x2a, 0xc4, 0xb5, 0xff, 0x2c, 0xc5, 0xb6, 0xff,
  0x1f, 0xc1, 0xb2, 0xff, 0x5f, 0xd3, 0xc7, 0xfc, 0xff, 0xff, 0xff, 0xf5, 0xfc, 0xff, 0xfd, 0xf5,
  0xfb, 0xfd, 0xfd, 0xf5, 0xff, 0xff, 0xff, 0xf4, 0xc6, 0xee, 0xeb, 0xf8, 0x21, 0xc2, 0xb2, 0xff,
  0x2c, 0xc4, 0xb6, 0xff, 0x2a, 0xc4, 0xb5, 0xff, 0x2a, 0xc4, 0xb5, 0xff, 0x2a, 0xc4, 0xb5, 0xff,
  0x2a, 0xc4, 0xb5, 0xff, 0x2a, 0xc4, 0xb5, 0xff, 0x2a, 0xc4, 0xb5, 0xff, 0x2a, 0xc4, 0xb5, 0xff,
  0x2a, 0xc4, 0xb5, 0xff, 0x2a, 0xc4, 0xb5, 0xff, 0x2a, 0xc4, 0xb5, 0xff, 0x2a, 0xc4, 0xb5, 0xff,
  0x2a, 0xc4, 0xb5, 0xff, 0x2a, 0xc4, 0xb5, 0xff, 0x2a, 0xc4, 0xb5, 0xff, 0x2a, 0xc4, 0xb5, 0xff,
  0x2a, 0xc4, 0xb5, 0xff, 0x2a, 0xc4, 0xb5, 0xff, 0x2a, 0xc4, 0xb5, 0xff, 0x2a, 0xc4, 0xb5, 0xff,
  0x2a, 0xc4, 0xb5, 0xff, 0x2a, 0xc4, 0xb5, 0xff, 0x2a, 0xc4, 0xb5, 0xff, 0x2a, 0xc4, 0xb5, 0xff,
  0x2a, 0xc4, 0xb5, 0xff, 0x2a, 0xc4, 0xb5, 0xff, 0x2a, 0xc4, 0xb5, 0xff, 0x2a, 0xc4, 0xb5, 0xff,
  0x2a, 0xc4, 0xb5, 0xff, 0x2a, 0xc4, 0xb5, 0xff, 0x2a, 0xc4, 0xb5, 0xff, 0x2a, 0xc4, 0xb5, 0xff,
  0x2a, 0xc4, 0xb5, 0xff, 0x2a, 0xc4, 0xb5, 0xff, 0x2a, 0xc4, 0xb5, 0xff, 0x2a, 0xc4, 0xb5, 0xff,
  0x2a, 0xc4, 0xb5, 0xff, 0x2a, 0xc4, 0xb5, 0xff, 0x2a, 0xc4, 0xb5, 0xff, 0x2a, 0xc4, 0xb5, 0xff,
  0x2a, 0xc4, 0xb5, 0xff, 0x2a, 0xc4, 0xb5, 0xff, 0x2a, 0xc4, 0xb5, 0xff, 0x2a, 0xc4, 0xb5, 0xff,
  0x2a, 0xc3, 0xb4, 0xfe, 0x2a, 0xc7, 0xb8, 0xff, 0x4a, 0xd4, 0xc8, 0xa8, 0x64, 0xe0, 0xd6, 0x8c,
  0x55, 0xd1, 0xca, 0x27, 0x00, 0x00, 0x00, 0x00, 0x7f, 0x7f, 0x7f, 0x02, 0x00, 0x00, 0x00, 0x00,
  0x00, 0x00, 0x00, 0x00, 0x00, 0xff, 0x00, 0x01, 0x00, 0x00, 0x00, 0x00, 0x45, 0xb9, 0xb9, 0x0b,
  0x60, 0xdf, 0xd3, 0x81, 0x58, 0xdb, 0xcf, 0x96, 0x2b, 0xc5, 0xb5, 0xf7, 0x2a, 0xc5, 0xb6, 0xff,
  0x2a, 0xc4, 0xb5, 0xfe, 0x2a, 0xc4, 0xb5, 0xff, 0x2a, 0xc4, 0xb5, 0xff, 0x2a, 0xc4, 0xb5, 0xff,
  0x2a, 0xc4, 0xb5, 0xff, 0x2a, 0xc4, 0xb5, 0xff, 0x2a, 0xc4, 0xb5, 0xff, 0x2a, 0xc4, 0xb5, 0xff,
  0x2a, 0xc4, 0xb5, 0xff, 0x2a, 0xc4, 0xb5, 0xff, 0x2a, 0xc4, 0xb5, 0xff, 0x2a, 0xc4, 0xb5, 0xff,
  0x2a, 0xc4, 0xb5, 0xff, 0x2a, 0xc4, 0xb5, 0xff, 0x2a, 0xc4, 0xb5, 0xff, 0x2a, 0xc4, 0xb5, 0xff,
  0x2a, 0xc4, 0xb5, 0xff, 0x2a, 0xc4, 0xb5, 0xff, 0x2a, 0xc4, 0xb5, 0xff, 0x2a, 0xc4, 0xb5, 0xff,
  0x2a, 0xc4, 0xb5, 0xff, 0x2a, 0xc4, 0xb5, 0xff, 0x2a, 0xc4, 0xb5, 0xff, 0x2b, 0xc4, 0xb5, 0xff,
  0x2a, 0xc4, 0xb5, 0xff, 0x2a, 0xc4, 0xb5, 0xff, 0x2a, 0xc4, 0xb5, 0xff, 0x2a, 0xc4, 0xb5, 0xff,
  0x2a, 0xc4, 0xb5, 0xff, 0x2a, 0xc4, 0xb5, 0xff, 0x2a, 0xc4, 0xb5, 0xff, 0x2a, 0xc4, 0xb5, 0xff,
  0x2a, 0xc4, 0xb5, 0xff, 0x2a, 0xc4, 0xb5, 0xff, 0x2a, 0xc4, 0xb5, 0xff, 0x2a, 0xc4, 0xb5, 0xff,
  0x2a, 0xc4, 0xb5, 0xff, 0x2a, 0xc4, 0xb5, 0xff, 0x2a, 0xc4, 0xb5, 0xff, 0x2a, 0xc4, 0xb5, 0xff,
  0x2a, 0xc4, 0xb5, 0xff, 0x2a, 0xc4, 0xb5, 0xff, 0x2a, 0xc4, 0xb5, 0xff, 0x2c, 0xc5, 0xb6, 0xff,
  0x1f, 0xc1, 0xb2, 0xff, 0x5f, 0xd3, 0xc7, 0xfc, 0xff, 0xff, 0xff, 0xf5, 0xfc, 0xff, 0xfd, 0xf5,
  0xfb, 0xfd, 0xfd, 0xf5, 0xff, 0xff, 0xff, 0xf4, 0xc6, 0xee, 0xeb, 0xf8, 0x21, 0xc2, 0xb2, 0xff,
  0x2c, 0xc4, 0xb6, 0xff, 0x2a, 0xc4, 0xb5, 0xff, 0x2a, 0xc4, 0xb5, 0xff, 0x2a, 0xc4, 0xb5, 0xff,
  0x2a, 0xc4, 0xb5, 0xff, 0x2a, 0xc4, 0xb5, 0xff, 0x2a, 0xc4, 0xb5, 0xff, 0x2a, 0xc4, 0xb5, 0xff,
  0x2a, 0xc4, 0xb5, 0xff, 0x2a, 0xc4, 0xb5, 0xff, 0x2a, 0xc4, 0xb5, 0xff, 0x2a, 0xc4, 0xb5, 0xff,
  0x2a, 0xc4, 0xb5, 0xff, 0x2a, 0xc4, 0xb5, 0xff, 0x2a, 0xc4, 0xb5, 0xff, 0x2a, 0xc4, 0xb5, 0xff,
  0x2a, 0xc4, 0xb5, 0xff, 0x2a, 0xc4, 0xb5, 0xff, 0x2a, 0xc4, 0xb5, 0xff, 0x2a, 0xc4, 0xb5, 0xff,
  0x2a, 0xc4, 0xb5, 0xff, 0x2a, 0xc4, 0xb5, 0xff, 0x2a, 0xc4, 0xb5, 0xff, 0x2a, 0xc4, 0xb5, 0xff,
  0x2a, 0xc4, 0xb5, 0xff, 0x2a, 0xc4, 0xb5, 0xff, 0x2a, 0xc4, 0xb5, 0xff, 0x2a, 0xc4, 0xb5, 0xff,
  0x2a, 0xc4, 0xb5, 0xff, 0x2a, 0xc4, 0xb5, 0xff, 0x2a, 0xc4, 0xb5, 0xff, 0x2a, 0xc4, 0xb5, 0xff,
  0x2a, 0xc4, 0xb5, 0xff, 0x2a, 0xc4, 0xb5, 0xff, 0x2a, 0xc4, 0xb5, 0xff, 0x2a, 0xc4, 0xb5, 0xff,
  0x2a, 0xc4, 0xb5, 0xff, 0x2a, 0xc4, 0xb5, 0xff, 0x2a, 0xc4, 0xb5, 0xff, 0x2a, 0xc4, 0xb5, 0xff,
  0x2a, 0xc4, 0xb5, 0xff, 0x2a, 0xc4, 0xb5, 0xff, 0x2a, 0xc4, 0xb5, 0xff, 0x2a, 0xc4, 0xb5, 0xff,
  0x2a, 0xc3, 0xb4, 0xfe, 0x2a, 0xc7, 0xb8, 0xff, 0x4a, 0xd4, 0xc8, 0xa8, 0x64, 0xe0, 0xd6, 0x8c,
  0x55, 0xd1, 0xca, 0x27, 0x00, 0x00, 0x00, 0x00, 0x7f, 0x7f, 0x7f, 0x02, 0x00, 0x00, 0x00, 0x00,
  0x00, 0x00, 0x00, 0x00, 0x00, 0xff, 0x00, 0x01, 0x00, 0x00, 0x00, 0x00, 0x45, 0xb9, 0xb9, 0x0b,
  0x60, 0xdf, 0xd3, 0x81, 0x58, 0xdb, 0xcf, 0x96, 0x2b, 0xc5, 0xb5, 0xf7, 0x2a, 0xc5, 0xb6, 0xff,
  0x2a, 0xc4, 0xb5, 0xfe, 0x2a, 0xc4, 0xb5, 0xff, 0x2a, 0xc4, 0xb5, 0xff, 0x2a, 0xc4, 0xb5, 0xff,
  0x2a, 0xc4, 0xb5, 0xff, 0x2a, 0xc4, 0xb5, 0xff, 0x2a, 0xc4, 0xb5, 0xff, 0x2a, 0xc4, 0xb5, 0xff,
  0x2a, 0xc4, 0xb5, 0xff, 0x2a, 0xc4, 0xb5, 0xff, 0x2a, 0xc4, 0xb5, 0xff, 0x2a, 0xc4, 0xb5, 0xff,
  0x2a, 0xc4, 0xb5, 0xff, 0x2a, 0xc4, 0xb5, 0xff, 0x2a, 0xc4, 0xb5, 0xff, 0x2a, 0xc4, 0xb5, 0xff,
  0x2a, 0xc4, 0xb5, 0xff, 0x2a, 0xc4, 0xb5, 0xff, 0x2a, 0xc4, 0xb5, 0xff, 0x2a, 0xc4, 0xb5, 0xff,
  0x2a, 0xc4, 0xb5, 0xff, 0x2a, 0xc4, 0xb5, 0xff, 0x2a, 0xc4, 0xb5, 0xff, 0x2a, 0xc4, 0xb5, 0xff,
  0x2a, 0xc4, 0xb5, 0xff, 0x2a, 0xc4, 0xb5, 0xff, 0x2a, 0xc4, 0xb5, 0xff, 0x2a, 0xc4, 0xb5, 0xff,
  0x2a, 0xc4, 0xb5, 0xff, 0x2a, 0xc4, 0xb5, 0xff, 0x2a, 0xc4, 0xb5, 0xff, 0x2a, 0xc4, 0xb5, 0xff,
  0x2a, 0xc4, 0xb5, 0xff, 0x2a, 0xc4, 0xb5, 0xff, 0x2a, 0xc4, 0xb5, 0xff, 0x2a, 0xc4, 0xb5, 0xff,
  0x2a, 0xc4, 0xb5, 0xff, 0x2a, 0xc4, 0xb5, 0xff, 0x2a, 0xc4, 0xb5, 0xff, 0x2a, 0xc4, 0xb5, 0xff,
  0x2a, 0xc4, 0xb5, 0xff, 0x2a, 0xc4, 0xb5, 0xff, 0x2a, 0xc4, 0xb5, 0xff, 0x2c, 0xc5, 0xb6, 0xff,
  0x1f, 0xc1, 0xb2, 0xff, 0x5f, 0xd3, 0xc7, 0xfc, 0xff, 0xff, 0xff, 0xf5, 0xfc, 0xff, 0xfd, 0xf5,
  0xfb, 0xfd, 0xfd, 0xf5, 0xff, 0xff, 0xff, 0xf4, 0xc6, 0xee, 0xeb, 0xf8, 0x21, 0xc2, 0xb2, 0xff,
  0x2c, 0xc4, 0xb6, 0xff, 0x2a, 0xc4, 0xb5, 0xff, 0x2a, 0xc4, 0xb5, 0xff, 0x2a, 0xc4, 0xb5, 0xff,
  0x2a, 0xc4, 0xb5, 0xff, 0x2a, 0xc4, 0xb5, 0xff, 0x2a, 0xc4, 0xb5, 0xff, 0x2a, 0xc4, 0xb5, 0xff,
  0x2a, 0xc4, 0xb5, 0xff, 0x2a, 0xc4, 0xb5, 0xff, 0x2a, 0xc4, 0xb5, 0xff, 0x2a, 0xc4, 0xb5, 0xff,
  0x2a, 0xc4, 0xb5, 0xff, 0x2a, 0xc4, 0xb5, 0xff, 0x2a, 0xc4, 0xb5, 0xff, 0x2a, 0xc4, 0xb5, 0xff,
  0x2a, 0xc4, 0xb5, 0xff, 0x2a, 0xc4, 0xb5, 0xff, 0x2a, 0xc4, 0xb5, 0xff, 0x2a, 0xc4, 0xb5, 0xff,
  0x2a, 0xc4, 0xb5, 0xff, 0x2a, 0xc4, 0xb5, 0xff, 0x2a, 0xc4, 0xb5, 0xff, 0x2a, 0xc4, 0xb5, 0xff,
  0x2a, 0xc4, 0xb5, 0xff, 0x2a, 0xc4, 0xb5, 0xff, 0x2a, 0xc4, 0xb5, 0xff, 0x2a, 0xc4, 0xb5, 0xff,
  0x2a, 0xc4, 0xb5, 0xff, 0x2a, 0xc4, 0xb5, 0xff, 0x2a, 0xc4, 0xb5, 0xff, 0x2a, 0xc4, 0xb5, 0xff,
  0x2a, 0xc4, 0xb5, 0xff, 0x2a, 0xc4, 0xb5, 0xff, 0x2a, 0xc4, 0xb5, 0xff, 0x2a, 0xc4, 0xb5, 0xff,
  0x2a, 0xc4, 0xb5, 0xff, 0x2a, 0xc4, 0xb5, 0xff, 0x2a, 0xc4, 0xb5, 0xff, 0x2a, 0xc4, 0xb5, 0xff,
  0x2a, 0xc4, 0xb5, 0xff, 0x2a, 0xc4, 0xb5, 0xff, 0x2a, 0xc4, 0xb5, 0xff, 0x2a, 0xc4, 0xb5, 0xff,
  0x2a, 0xc3, 0xb4, 0xfe, 0x2a, 0xc7, 0xb8, 0xff, 0x4a, 0xd4, 0xc8, 0xa8, 0x64, 0xe0, 0xd6, 0x8c,
  0x55, 0xd1, 0xca, 0x27, 0x00, 0x00, 0x00, 0x00, 0x7f, 0x7f, 0x7f, 0x02, 0x00, 0x00, 0x00, 0x00,
  0x00, 0x00, 0x00, 0x00, 0x00, 0xff, 0x00, 0x01, 0x00, 0x00, 0x00, 0x00, 0x45, 0xb9, 0xb9, 0x0b,
  0x60, 0xdf, 0xd3, 0x81, 0x58, 0xdb, 0xcf, 0x96, 0x2b, 0xc5, 0xb5, 0xf7, 0x2a, 0xc5, 0xb6, 0xff,
  0x2a, 0xc4, 0xb5, 0xfe, 0x2a, 0xc4, 0xb5, 0xff, 0x2a, 0xc4, 0xb5, 0xff, 0x2a, 0xc4, 0xb5, 0xff,
  0x2a, 0xc4, 0xb5, 0xff, 0x2a, 0xc4, 0xb5, 0xff, 0x2a, 0xc4, 0xb5, 0xff, 0x2a, 0xc4, 0xb5, 0xff,
  0x2a, 0xc4, 0xb5, 0xff, 0x2a, 0xc4, 0xb5, 0xff, 0x2a, 0xc4, 0xb5, 0xff, 0x2a, 0xc4, 0xb5, 0xff,
  0x2a, 0xc4, 0xb5, 0xff, 0x2a, 0xc4, 0xb5, 0xff, 0x2a, 0xc4, 0xb5, 0xff, 0x2a, 0xc4, 0xb5, 0xff,
  0x2a, 0xc4, 0xb5, 0xff, 0x2a, 0xc4, 0xb5, 0xff, 0x2a, 0xc4, 0xb5, 0xff, 0x2a, 0xc4, 0xb5, 0xff,
  0x2a, 0xc4, 0xb5, 0xff, 0x2a, 0xc4, 0xb5, 0xff, 0x2a, 0xc4, 0xb5, 0xff, 0x2a, 0xc4, 0xb5, 0xff,
  0x2a, 0xc4, 0xb5, 0xff, 0x2a, 0xc4, 0xb5, 0xff, 0x2a, 0xc4, 0xb5, 0xff, 0x2a, 0xc4, 0xb5, 0xff,
  0x2a, 0xc4, 0xb5, 0xff, 0x2a, 0xc4, 0xb5, 0xff, 0x2a, 0xc4, 0xb5, 0xff, 0x2a, 0xc4, 0xb5, 0xff,
  0x2a, 0xc4, 0xb5, 0xff, 0x2a, 0xc4, 0xb5, 0xff, 0x2a, 0xc4, 0xb5, 0xff, 0x2a, 0xc4, 0xb5, 0xff,
  0x2a, 0xc4, 0xb5, 0xff, 0x2a, 0xc4, 0xb5, 0xff, 0x2a, 0xc4, 0xb5, 0xff, 0x2a, 0xc4, 0xb5, 0xff,
  0x2a, 0xc4, 0xb5, 0xff, 0x2a, 0xc4, 0xb5, 0xff, 0x2a, 0xc4, 0xb5, 0xff, 0x2c, 0xc5, 0xb6, 0xff,
  0x1f, 0xc1, 0xb2, 0xff, 0x5f, 0xd3, 0xc7, 0xfc, 0xff, 0xff, 0xff, 0xf5, 0xfc, 0xff, 0xfd, 0xf5,
  0xfb, 0xfd, 0xfd, 0xf5, 0xff, 0xff, 0xff, 0xf4, 0xc6, 0xee, 0xeb, 0xf8, 0x21, 0xc2, 0xb2, 0xff,
  0x2c, 0xc4, 0xb6, 0xff, 0x2a, 0xc4, 0xb5, 0xff, 0x2a, 0xc4, 0xb5, 0xff, 0x2a, 0xc4, 0xb5, 0xff,
  0x2a, 0xc4, 0xb5, 0xff, 0x2a, 0xc4, 0xb5, 0xff, 0x2a, 0xc4, 0xb5, 0xff, 0x2a, 0xc4, 0xb5, 0xff,
  0x2a, 0xc4, 0xb5, 0xff, 0x2a, 0xc4, 0xb5, 0xff, 0x2a, 0xc4, 0xb5, 0xff, 0x2a, 0xc4, 0xb5, 0xff,
  0x2a, 0xc4, 0xb5, 0xff, 0x2a, 0xc4, 0xb5, 0xff, 0x2a, 0xc4, 0xb5, 0xff, 0x2a, 0xc4, 0xb5, 0xff,
  0x2a, 0xc4, 0xb5, 0xff, 0x2a, 0xc4, 0xb5, 0xff, 0x2a, 0xc4, 0xb5, 0xff, 0x2a, 0xc4, 0xb5, 0xff,
  0x2a, 0xc4, 0xb5, 0xff, 0x2a, 0xc4, 0xb5, 0xff, 0x2a, 0xc4, 0xb5, 0xff, 0x2a, 0xc4, 0xb5, 0xff,
  0x2a, 0xc4, 0xb5, 0xff, 0x2a, 0xc4, 0xb5, 0xff, 0x2a, 0xc4, 0xb5, 0xff, 0x2a, 0xc4, 0xb5, 0xff,
  0x2a, 0xc4, 0xb5, 0xff, 0x2a, 0xc4, 0xb5, 0xff, 0x2a, 0xc4, 0xb5, 0xff, 0x2a, 0xc4, 0xb5, 0xff,
  0x2a, 0xc4, 0xb5, 0xff, 0x2a, 0xc4, 0xb5, 0xff, 0x2a, 0xc4, 0xb5, 0xff, 0x2a, 0xc4, 0xb5, 0xff,
  0x2a, 0xc4, 0xb5, 0xff, 0x2a, 0xc4, 0xb5, 0xff, 0x2a, 0xc4, 0xb5, 0xff, 0x2a, 0xc4, 0xb5, 0xff,
  0x2a, 0xc4, 0xb5, 0xff, 0x2a, 0xc4, 0xb5, 0xff, 0x2a, 0xc4, 0xb5, 0xff, 0x2a, 0xc4, 0xb5, 0xff,
  0x2a, 0xc3, 0xb4, 0xfe, 0x2a, 0xc7, 0xb8, 0xff, 0x4a, 0xd4, 0xc8, 0xa8, 0x64, 0xe0, 0xd6, 0x8c,
  0x55, 0xd1, 0xca, 0x27, 0x00, 0x00, 0x00, 0x00, 0x7f, 0x7f, 0x7f, 0x02, 0x00, 0x00, 0x00, 0x00,
  0x00, 0x00, 0x00, 0x00, 0x00, 0xff, 0x00, 0x01, 0x00, 0x00, 0x00, 0x00, 0x45, 0xb9, 0xb9, 0x0b,
  0x60, 0xdf, 0xd3, 0x81, 0x58, 0xdb, 0xcf, 0x96, 0x2b, 0xc5, 0xb5, 0xf7, 0x2a, 0xc5, 0xb6, 0xff,
  0x2a, 0xc4, 0xb5, 0xfe, 0x2a, 0xc4, 0xb5, 0xff, 0x2a, 0xc4, 0xb5, 0xff, 0x2a, 0xc4, 0xb5, 0xff,
  0x2a, 0xc4, 0xb5, 0xff, 0x2a, 0xc4, 0xb5, 0xff, 0x2a, 0xc4, 0xb5, 0xff, 0x2a, 0xc4, 0xb5, 0xff,
  0x2a, 0xc4, 0xb5, 0xff, 0x2a, 0xc4, 0xb5, 0xff, 0x2a, 0xc4, 0xb5, 0xff, 0x2a, 0xc4, 0xb5, 0xff,
  0x2a, 0xc4, 0xb5, 0xff, 0x2a, 0xc4, 0xb5, 0xff, 0x2a, 0xc4, 0xb5, 0xff, 0x2a, 0xc4, 0xb5, 0xff,
  0x2a, 0xc4, 0xb5, 0xff, 0x2a, 0xc4, 0xb5, 0xff, 0x2a, 0xc4, 0xb5, 0xff, 0x2a, 0xc4, 0xb5, 0xff,
  0x2a, 0xc4, 0xb5, 0xff, 0x2a, 0xc4, 0xb5, 0xff, 0x2a, 0xc4, 0xb5, 0xff, 0x2a, 0xc4, 0xb5, 0xff,
  0x2a, 0xc4, 0xb5, 0xff, 0x2a, 0xc4, 0xb5, 0xff, 0x2a, 0xc4, 0xb5, 0xff, 0x2a, 0xc4, 0xb5, 0xff,
  0x2a, 0xc4, 0xb5, 0xff, 0x2a, 0xc4, 0xb5, 0xff, 0x2a, 0xc4, 0xb5, 0xff, 0x2a, 0xc4, 0xb5, 0xff,
  0x2a, 0xc4, 0xb5, 0xff, 0x2a, 0xc4, 0xb5, 0xff, 0x2a, 0xc4, 0xb5, 0xff, 0x2a, 0xc4, 0xb5, 0xff,
  0x2a, 0xc4, 0xb5, 0xff, 0x2a, 0xc4, 0xb5, 0xff, 0x2a, 0xc4, 0xb5, 0xff, 0x2a, 0xc4, 0xb5, 0xff,
  0x2a, 0xc4, 0xb5, 0xff, 0x2a, 0xc4, 0xb5, 0xff, 0x2a, 0xc4, 0xb5, 0xff, 0x2c, 0xc5, 0xb6, 0xff,
  0x1f, 0xc1, 0xb2, 0xff, 0x5f, 0xd3, 0xc7, 0xfc, 0xff, 0xff, 0xff, 0xf5, 0xfc, 0xff, 0xfd, 0xf5,
  0xfb, 0xfd, 0xfd, 0xf5, 0xff, 0xff, 0xff, 0xf4, 0xc6, 0xee, 0xeb, 0xf8, 0x21, 0xc2, 0xb2, 0xff,
  0x2c, 0xc4, 0xb6, 0xff, 0x2a, 0xc4, 0xb5, 0xff, 0x2a, 0xc4, 0xb5, 0xff, 0x2a, 0xc4, 0xb5, 0xff,
  0x2a, 0xc4, 0xb5, 0xff, 0x2a, 0xc4, 0xb5, 0xff, 0x2a, 0xc4, 0xb5, 0xff, 0x2a, 0xc4, 0xb5, 0xff,
  0x2a, 0xc4, 0xb5, 0xff, 0x2a, 0xc4, 0xb5, 0xff, 0x2a, 0xc4, 0xb5, 0xff, 0x2a, 0xc4, 0xb5, 0xff,
  0x2a, 0xc4, 0xb5, 0xff, 0x2a, 0xc4, 0xb5, 0xff, 0x2a, 0xc4, 0xb5, 0xff, 0x2a, 0xc4, 0xb5, 0xff,
  0x2a, 0xc4, 0xb5, 0xff, 0x2a, 0xc4, 0xb5, 0xff, 0x2a, 0xc4, 0xb5, 0xff, 0x2a, 0xc4, 0xb5, 0xff,
  0x2a, 0xc4, 0xb5, 0xff, 0x2a, 0xc4, 0xb5, 0xff, 0x2a, 0xc4, 0xb5, 0xff, 0x2a, 0xc4, 0xb5, 0xff,
  0x2a, 0xc4, 0xb5, 0xff, 0x2a, 0xc4, 0xb5, 0xff, 0x2a, 0xc4, 0xb5, 0xff, 0x2a, 0xc4, 0xb5, 0xff,
  0x2a, 0xc4, 0xb5, 0xff, 0x2a, 0xc4, 0xb5, 0xff, 0x2a, 0xc4, 0xb5, 0xff, 0x2a, 0xc4, 0xb5, 0xff,
  0x2a, 0xc4, 0xb5, 0xff, 0x2a, 0xc4, 0xb5, 0xff, 0x2a, 0xc4, 0xb5, 0xff, 0x2a, 0xc4, 0xb5, 0xff,
  0x2a, 0xc4, 0xb5, 0xff, 0x2a, 0xc4, 0xb5, 0xff, 0x2a, 0xc4, 0xb5, 0xff, 0x2a, 0xc4, 0xb5, 0xff,
  0x2a, 0xc4, 0xb5, 0xff, 0x2a, 0xc4, 0xb5, 0xff, 0x2a, 0xc4, 0xb5, 0xff, 0x2a, 0xc4, 0xb5, 0xff,
  0x2a, 0xc3, 0xb4, 0xfe, 0x2a, 0xc7, 0xb8, 0xff, 0x4a, 0xd4, 0xc8, 0xa8, 0x64, 0xe0, 0xd6, 0x8c,
  0x55, 0xd1, 0xca, 0x27, 0x00, 0x00, 0x00, 0x00, 0x7f, 0x7f, 0x7f, 0x02, 0x00, 0x00, 0x00, 0x00,
  0x00, 0x00, 0x00, 0x00, 0x00, 0xff, 0x00, 0x01, 0x00, 0x00, 0x00, 0x00, 0x45, 0xb9, 0xb9, 0x0b,
  0x60, 0xdf, 0xd3, 0x81, 0x58, 0xdb, 0xcf, 0x96, 0x2b, 0xc5, 0xb5, 0xf7, 0x2a, 0xc5, 0xb6, 0xff,
  0x2a, 0xc4, 0xb5, 0xfe, 0x2a, 0xc4, 0xb5, 0xff, 0x2a, 0xc4, 0xb5, 0xff, 0x2a, 0xc4, 0xb5, 0xff,
  0x2a, 0xc4, 0xb5, 0xff, 0x2a, 0xc4, 0xb5, 0xff, 0x2a, 0xc4, 0xb5, 0xff, 0x2a, 0xc4, 0xb5, 0xff,
  0x2a, 0xc4, 0xb5, 0xff, 0x2a, 0xc4, 0xb5, 0xff, 0x2a, 0xc4, 0xb5, 0xff, 0x2a, 0xc4, 0xb5, 0xff,
  0x2a, 0xc4, 0xb5, 0xff, 0x2a, 0xc4, 0xb5, 0xff, 0x2a, 0xc4, 0xb5, 0xff, 0x2a, 0xc4, 0xb5, 0xff,
  0x2a, 0xc4, 0xb5, 0xff, 0x2a, 0xc4, 0xb5, 0xff, 0x2a, 0xc4, 0xb5, 0xff, 0x2a, 0xc4, 0xb5, 0xff,
  0x2a, 0xc4, 0xb5, 0xff, 0x2a, 0xc4, 0xb5, 0xff, 0x2a, 0xc4, 0xb5, 0xff, 0x2a, 0xc4, 0xb5, 0xff,
  0x2a, 0xc4, 0xb5, 0xff, 0x2a, 0xc4, 0xb5, 0xff, 0x2a, 0xc4, 0xb5, 0xff, 0x2a, 0xc4, 0xb5, 0xff,
  0x2a, 0xc4, 0xb5, 0xff, 0x2a, 0xc4, 0xb5, 0xff, 0x2a, 0xc4, 0xb5, 0xff, 0x2a, 0xc4, 0xb5, 0xff,
  0x2a, 0xc4, 0xb5, 0xff, 0x2a, 0xc4, 0xb5, 0xff, 0x2a, 0xc4, 0xb5, 0xff, 0x2a, 0xc4, 0xb5, 0xff,
  0x2a, 0xc4, 0xb5, 0xff, 0x2a, 0xc4, 0xb5, 0xff, 0x2a, 0xc4, 0xb5, 0xff, 0x2a, 0xc4, 0xb5, 0xff,
  0x2a, 0xc4, 0xb5, 0xff, 0x2a, 0xc4, 0xb5, 0xff, 0x2a, 0xc4, 0xb5, 0xff, 0x2c, 0xc5, 0xb6, 0xff,
  0x1f, 0xc1, 0xb2, 0xff, 0x5f, 0xd3, 0xc7, 0xfc, 0xff, 0xff, 0xff, 0xf5, 0xfc, 0xff, 0xfd, 0xf5,
  0xfb, 0xfd, 0xfd, 0xf5, 0xff, 0xff, 0xff, 0xf4, 0xc6, 0xee, 0xeb, 0xf8, 0x21, 0xc2, 0xb2, 0xff,
  0x2c, 0xc4, 0xb6, 0xff, 0x2a, 0xc4, 0xb5, 0xff, 0x2a, 0xc4, 0xb5, 0xff, 0x2a, 0xc4, 0xb5, 0xff,
  0x2a, 0xc4, 0xb5, 0xff, 0x2a, 0xc4, 0xb5, 0xff, 0x2a, 0xc4, 0xb5, 0xff, 0x2a, 0xc4, 0xb5, 0xff,
  0x2a, 0xc4, 0xb5, 0xff, 0x2a, 0xc4, 0xb5, 0xff, 0x2a, 0xc4, 0xb5, 0xff, 0x2a, 0xc4, 0xb5, 0xff,
  0x2a, 0xc4, 0xb5, 0xff, 0x2a, 0xc4, 0xb5, 0xff, 0x2a, 0xc4, 0xb5, 0xff, 0x2a, 0xc4, 0xb5, 0xff,
  0x2a, 0xc4, 0xb5, 0xff, 0x2a, 0xc4, 0xb5, 0xff, 0x2a, 0xc4, 0xb5, 0xff, 0x2a, 0xc4, 0xb5, 0xff,
  0x2a, 0xc4, 0xb5, 0xff, 0x2a, 0xc4, 0xb5, 0xff, 0x2a, 0xc4, 0xb5, 0xff, 0x2a, 0xc4, 0xb5, 0xff,
  0x2a, 0xc4, 0xb5, 0xff, 0x2a, 0xc4, 0xb5, 0xff, 0x2a, 0xc4, 0xb5, 0xff, 0x2a, 0xc4, 0xb5, 0xff,
  0x2a, 0xc4, 0xb5, 0xff, 0x2a, 0xc4, 0xb5, 0xff, 0x2a, 0xc4, 0xb5, 0xff, 0x2a, 0xc4, 0xb5, 0xff,
  0x2a, 0xc4, 0xb5, 0xff, 0x2a, 0xc4, 0xb5, 0xff, 0x2a, 0xc4, 0xb5, 0xff, 0x2a, 0xc4, 0xb5, 0xff,
  0x2a, 0xc4, 0xb5, 0xff, 0x2a, 0xc4, 0xb5, 0xff, 0x2a, 0xc4, 0xb5, 0xff, 0x2a, 0xc4, 0xb5, 0xff,
  0x2a, 0xc4, 0xb5, 0xff, 0x2a, 0xc4, 0xb5, 0xff, 0x2a, 0xc4, 0xb5, 0xff, 0x2a, 0xc4, 0xb5, 0xff,
  0x2a, 0xc3, 0xb4, 0xfe, 0x2a, 0xc7, 0xb8, 0xff, 0x4a, 0xd4, 0xc8, 0xa8, 0x64, 0xe0, 0xd6, 0x8c,
  0x55, 0xd1, 0xca, 0x27, 0x00, 0x00, 0x00, 0x00, 0x7f, 0x7f, 0x7f, 0x02, 0x00, 0x00, 0x00, 0x00,
  0x00, 0x00, 0x00, 0x00, 0x00, 0xff, 0x00, 0x01, 0x00, 0x00, 0x00, 0x00, 0x45, 0xb9, 0xb9, 0x0b,
  0x60, 0xdf, 0xd3, 0x81, 0x58, 0xdb, 0xcf, 0x96, 0x2b, 0xc5, 0xb5, 0xf7, 0x2a, 0xc5, 0xb6, 0xff,
  0x2a, 0xc4, 0xb5, 0xfe, 0x2a, 0xc4, 0xb5, 0xff, 0x2a, 0xc4, 0xb5, 0xff, 0x2a, 0xc4, 0xb5, 0xff,
  0x2a, 0xc4, 0xb5, 0xff, 0x2a, 0xc4, 0xb5, 0xff, 0x2a, 0xc4, 0xb5, 0xff, 0x2a, 0xc4, 0xb5, 0xff,
  0x2a, 0xc4, 0xb5, 0xff, 0x2a, 0xc4, 0xb5, 0xff, 0x2a, 0xc4, 0xb5, 0xff, 0x2a, 0xc4, 0xb5, 0xff,
  0x2a, 0xc4, 0xb5, 0xff, 0x2a, 0xc4, 0xb5, 0xff, 0x2a, 0xc4, 0xb5, 0xff, 0x2a, 0xc4, 0xb5, 0xff,
  0x2a, 0xc4, 0xb5, 0xff, 0x2a, 0xc4, 0xb5, 0xff, 0x2a, 0xc4, 0xb5, 0xff, 0x2a, 0xc4, 0xb5, 0xff,
  0x2a, 0xc4, 0xb5, 0xff, 0x2a, 0xc4, 0xb5, 0xff, 0x2a, 0xc4, 0xb5, 0xff, 0x2a, 0xc4, 0xb5, 0xff,
  0x2a, 0xc4, 0xb5, 0xff, 0x2a, 0xc4, 0xb5, 0xff, 0x2a, 0xc4, 0xb5, 0xff, 0x2a, 0xc4, 0xb5, 0xff,
  0x2a, 0xc4, 0xb5, 0xff, 0x2a, 0xc4, 0xb5, 0xff, 0x2a, 0xc4, 0xb5, 0xff, 0x2a, 0xc4, 0xb5, 0xff,
  0x2a, 0xc4, 0xb5, 0xff, 0x2a, 0xc4, 0xb5, 0xff, 0x2a, 0xc4, 0xb5, 0xff, 0x2a, 0xc4, 0xb5, 0xff,
  0x2a, 0xc4, 0xb5, 0xff, 0x2a, 0xc4, 0xb5, 0xff, 0x2a, 0xc4, 0xb5, 0xff, 0x2a, 0xc4, 0xb5, 0xff,
  0x2a, 0xc4, 0xb5, 0xff, 0x2a, 0xc4, 0xb5, 0xff, 0x2a, 0xc4, 0xb5, 0xff, 0x2c, 0xc5, 0xb6, 0xff,
  0x1f, 0xc1, 0xb2, 0xff, 0x5f, 0xd3, 0xc7, 0xfc, 0xff, 0xff, 0xff, 0xf5, 0xfc, 0xff, 0xfd, 0xf5,
  0xfb, 0xfd, 0xfd, 0xf5, 0xff, 0xff, 0xff, 0xf4, 0xc6, 0xee, 0xeb, 0xf8, 0x21, 0xc2, 0xb2, 0xff,
  0x2c, 0xc4, 0xb6, 0xff, 0x2a, 0xc4, 0xb5, 0xff, 0x2a, 0xc4, 0xb5, 0xff, 0x2a, 0xc4, 0xb5, 0xff,
  0x2a, 0xc4, 0xb5, 0xff, 0x2a, 0xc4, 0xb5, 0xff, 0x2a, 0xc4, 0xb5, 0xff, 0x2a, 0xc4, 0xb5, 0xff,
  0x2a, 0xc4, 0xb5, 0xff, 0x2a, 0xc4, 0xb5, 0xff, 0x2a, 0xc4, 0xb5, 0xff, 0x2a, 0xc4, 0xb5, 0xff,
  0x2a, 0xc4, 0xb5, 0xff, 0x2a, 0xc4, 0xb5, 0xff, 0x2a, 0xc4, 0xb5, 0xff, 0x2a, 0xc4, 0xb5, 0xff,
  0x2a, 0xc4, 0xb5, 0xff, 0x2a, 0xc4, 0xb5, 0xff, 0x2a, 0xc4, 0xb5, 0xff, 0x2a, 0xc4, 0xb5, 0xff,
  0x2a, 0xc4, 0xb5, 0xff, 0x2a, 0xc4, 0xb5, 0xff, 0x2a, 0xc4, 0xb5, 0xff, 0x2a, 0xc4, 0xb5, 0xff,
  0x2a, 0xc4, 0xb5, 0xff, 0x2a, 0xc4, 0xb5, 0xff, 0x2a, 0xc4, 0xb5, 0xff, 0x2a, 0xc4, 0xb5, 0xff,
  0x2a, 0xc4, 0xb5, 0xff, 0x2a, 0xc4, 0xb5, 0xff, 0x2a, 0xc4, 0xb5, 0xff, 0x2a, 0xc4, 0xb5, 0xff,
  0x2a, 0xc4, 0xb5, 0xff, 0x2a, 0xc4, 0xb5, 0xff, 0x2a, 0xc4, 0xb5, 0xff, 0x2a, 0xc4, 0xb5, 0xff,
  0x2a, 0xc4, 0xb5, 0xff, 0x2a, 0xc4, 0xb5, 0xff, 0x2a, 0xc4, 0xb5, 0xff, 0x2a, 0xc4, 0xb5, 0xff,
  0x2a, 0xc4, 0xb5, 0xff, 0x2a, 0xc4, 0xb5, 0xff, 0x2a, 0xc4, 0xb5, 0xff, 0x2a, 0xc4, 0xb5, 0xff,
  0x2a, 0xc3, 0xb4, 0xfe, 0x2a, 0xc7, 0xb8, 0xff, 0x4a, 0xd4, 0xc8, 0xa8, 0x64, 0xe0, 0xd6, 0x8c,
  0x55, 0xd1, 0xca, 0x27, 0x00, 0x00, 0x00, 0x00, 0x7f, 0x7f, 0x7f, 0x02, 0x00, 0x00, 0x00, 0x00,
  0x00, 0x00, 0x00, 0x00, 0x00, 0xff, 0x00, 0x01, 0x00, 0x00, 0x00, 0x00, 0x45, 0xb9, 0xb9, 0x0b,
  0x60, 0xdf, 0xd3, 0x81, 0x58, 0xdb, 0xcf, 0x96, 0x2b, 0xc5, 0xb5, 0xf7, 0x2a, 0xc5, 0xb6, 0xff,
  0x2a, 0xc4, 0xb5, 0xfe, 0x2a, 0xc4, 0xb5, 0xff, 0x2a, 0xc4, 0xb5, 0xff, 0x2a, 0xc4, 0xb5, 0xff,
  0x2a, 0xc4, 0xb5, 0xff, 0x2a, 0xc4, 0xb5, 0xff, 0x2a, 0xc4, 0xb5, 0xff, 0x2a, 0xc4, 0xb5, 0xff,
  0x2a, 0xc4, 0xb5, 0xff, 0x2a, 0xc4, 0xb5, 0xff, 0x2a, 0xc4, 0xb5, 0xff, 0x2a, 0xc4, 0xb5, 0xff,
  0x2a, 0xc4, 0xb5, 0xff, 0x2a, 0xc4, 0xb5, 0xff, 0x2a, 0xc4, 0xb5, 0xff, 0x2a, 0xc4, 0xb5, 0xff,
  0x2a, 0xc4, 0xb5, 0xff, 0x2a, 0xc4, 0xb5, 0xff, 0x2a, 0xc4, 0xb5, 0xff, 0x2a, 0xc4, 0xb5, 0xff,
  0x2a, 0xc4, 0xb5, 0xff, 0x2a, 0xc4, 0xb5, 0xff, 0x2a, 0xc4, 0xb5, 0xff, 0x2a, 0xc4, 0xb5, 0xff,
  0x2a, 0xc4, 0xb5, 0xff, 0x2a, 0xc4, 0xb5, 0xff, 0x2a, 0xc4, 0xb5, 0xff, 0x2a, 0xc4, 0xb5, 0xff,
  0x2a, 0xc4, 0xb5, 0xff, 0x2a, 0xc4, 0xb5, 0xff, 0x2a, 0xc4, 0xb5, 0xff, 0x2a, 0xc4, 0xb5, 0xff,
  0x2a, 0xc4, 0xb5, 0xff, 0x2a, 0xc4, 0xb5, 0xff, 0x2a, 0xc4, 0xb5, 0xff, 0x2a, 0xc4, 0xb5, 0xff,
  0x2a, 0xc4, 0xb5, 0xff, 0x2a, 0xc4, 0xb5, 0xff, 0x2a, 0xc4, 0xb5, 0xff, 0x2a, 0xc4, 0xb5, 0xff,
  0x2a, 0xc4, 0xb5, 0xff, 0x2a, 0xc4, 0xb5, 0xff, 0x2a, 0xc4, 0xb5, 0xff, 0x2c, 0xc5, 0xb6, 0xff,
  0x1f, 0xc1, 0xb2, 0xff, 0x5f, 0xd3, 0xc7, 0xfc, 0xff, 0xff, 0xff, 0xf5, 0xfc, 0xff, 0xfd, 0xf5,
  0xfb, 0xfd, 0xfd, 0xf5, 0xff, 0xff, 0xff, 0xf4, 0xc6, 0xee, 0xeb, 0xf8, 0x21, 0xc2, 0xb2, 0xff,
  0x2c, 0xc4, 0xb6, 0xff, 0x2a, 0xc4, 0xb5, 0xff, 0x2a, 0xc4, 0xb5, 0xff, 0x2a, 0xc4, 0xb5, 0xff,
  0x2a, 0xc4, 0xb5, 0xff, 0x2a, 0xc4, 0xb5, 0xff, 0x2a, 0xc4, 0xb5, 0xff, 0x2a, 0xc4, 0xb5, 0xff,
  0x2a, 0xc4, 0xb5, 0xff, 0x2a, 0xc4, 0xb5, 0xff, 0x2a, 0xc4, 0xb5, 0xff, 0x2a, 0xc4, 0xb5, 0xff,
  0x2a, 0xc4, 0xb5, 0xff, 0x2a, 0xc4, 0xb5, 0xff, 0x2a, 0xc4, 0xb5, 0xff, 0x2a, 0xc4, 0xb5, 0xff,
  0x2a, 0xc4, 0xb5, 0xff, 0x2a, 0xc4, 0xb5, 0xff, 0x2a, 0xc4, 0xb5, 0xff, 0x2a, 0xc4, 0xb5, 0xff,
  0x2a, 0xc4, 0xb5, 0xff, 0x2a, 0xc4, 0xb5, 0xff, 0x2a, 0xc4, 0xb5, 0xff, 0x2a, 0xc4, 0xb5, 0xff,
  0x2a, 0xc4, 0xb5, 0xff, 0x2a, 0xc4, 0xb5, 0xff, 0x2a, 0xc4, 0xb5, 0xff, 0x2a, 0xc4, 0xb5, 0xff,
  0x2a, 0xc4, 0xb5, 0xff, 0x2a, 0xc4, 0xb5, 0xff, 0x2a, 0xc4, 0xb5, 0xff, 0x2a, 0xc4, 0xb5, 0xff,
  0x2a, 0xc4, 0xb5, 0xff, 0x2a, 0xc4, 0xb5, 0xff, 0x2a, 0xc4, 0xb5, 0xff, 0x2a, 0xc4, 0xb5, 0xff,
  0x2a, 0xc4, 0xb5, 0xff, 0x2a, 0xc4, 0xb5, 0xff, 0x2a, 0xc4, 0xb5, 0xff, 0x2a, 0xc4, 0xb5, 0xff,
  0x2a, 0xc4, 0xb5, 0xff, 0x2a, 0xc4, 0xb5, 0xff, 0x2a, 0xc4, 0xb5, 0xff, 0x2a, 0xc4, 0xb5, 0xff,
  0x2a, 0xc3, 0xb4, 0xfe, 0x2a, 0xc7, 0xb8, 0xff, 0x4a, 0xd4, 0xc8, 0xa8, 0x64, 0xe0, 0xd6, 0x8c,
  0x55, 0xd1, 0xca, 0x27, 0x00, 0x00, 0x00, 0x00, 0x7f, 0x7f, 0x7f, 0x02, 0x00, 0x00, 0x00, 0x00,
  0x00, 0x00, 0x00, 0x00, 0x00, 0xff, 0x00, 0x01, 0x00, 0x00, 0x00, 0x00, 0x45, 0xb9, 0xb9, 0x0b,
  0x60, 0xdf, 0xd3, 0x81, 0x58, 0xdb, 0xcf, 0x96, 0x2b, 0xc5, 0xb5, 0xf7, 0x2a, 0xc5, 0xb6, 0xff,
  0x2a, 0xc4, 0xb5, 0xfe, 0x2a, 0xc4, 0xb5, 0xff, 0x2a, 0xc4, 0xb5, 0xff, 0x2a, 0xc4, 0xb5, 0xff,
  0x2a, 0xc4, 0xb5, 0xff, 0x2a, 0xc4, 0xb5, 0xff, 0x2a, 0xc4, 0xb5, 0xff, 0x2a, 0xc4, 0xb5, 0xff,
  0x2a, 0xc4, 0xb5, 0xff, 0x2a, 0xc4, 0xb5, 0xff, 0x2a, 0xc4, 0xb5, 0xff, 0x2a, 0xc4, 0xb5, 0xff,
  0x2a, 0xc4, 0xb5, 0xff, 0x2a, 0xc4, 0xb5, 0xff, 0x2a, 0xc4, 0xb5, 0xff, 0x2a, 0xc4, 0xb5, 0xff,
  0x2a, 0xc4, 0xb5, 0xff, 0x2a, 0xc4, 0xb5, 0xff, 0x2a, 0xc4, 0xb5, 0xff, 0x2a, 0xc4, 0xb5, 0xff,
  0x2a, 0xc4, 0xb5, 0xff, 0x2a, 0xc4, 0xb5, 0xff, 0x2a, 0xc4, 0xb5, 0xff, 0x2a, 0xc4, 0xb5, 0xff,
  0x2a, 0xc4, 0xb5, 0xff, 0x2a, 0xc4, 0xb5, 0xff, 0x2a, 0xc4, 0xb5, 0xff, 0x2a, 0xc4, 0xb5, 0xff,
  0x2a, 0xc4, 0xb5, 0xff, 0x2a, 0xc4, 0xb5, 0xff, 0x2a, 0xc4, 0xb5, 0xff, 0x2a, 0xc4, 0xb5, 0xff,
  0x2a, 0xc4, 0xb5, 0xff, 0x2a, 0xc4, 0xb5, 0xff, 0x2a, 0xc4, 0xb5, 0xff, 0x2a, 0xc4, 0xb5, 0xff,
  0x2a, 0xc4, 0xb5, 0xff, 0x2a, 0xc4, 0xb5, 0xff, 0x2a, 0xc4, 0xb5, 0xff, 0x2a, 0xc4, 0xb5, 0xff,
  0x2a, 0xc4, 0xb5, 0xff, 0x2a, 0xc4, 0xb5, 0xff, 0x2a, 0xc4, 0xb5, 0xff, 0x2c, 0xc5, 0xb6, 0xff,
  0x1f, 0xc1, 0xb2, 0xff, 0x5f, 0xd3, 0xc7, 0xfc, 0xff, 0xff, 0xff, 0xf5, 0xfc, 0xff, 0xfd, 0xf5,
  0xfb, 0xfd, 0xfd, 0xf5, 0xff, 0xff, 0xff, 0xf4, 0xc6, 0xee, 0xeb, 0xf8, 0x21, 0xc2, 0xb2, 0xff,
  0x2c, 0xc4, 0xb6, 0xff, 0x2a, 0xc4, 0xb5, 0xff, 0x2a, 0xc4, 0xb5, 0xff, 0x2a, 0xc4, 0xb5, 0xff,
  0x2a, 0xc4, 0xb5, 0xff, 0x2a, 0xc4, 0xb5, 0xff, 0x2a, 0xc4, 0xb5, 0xff, 0x2a, 0xc4, 0xb5, 0xff,
  0x2a, 0xc4, 0xb5, 0xff, 0x2a, 0xc4, 0xb5, 0xff, 0x2a, 0xc4, 0xb5, 0xff, 0x2a, 0xc4, 0xb5, 0xff,
  0x2a, 0xc4, 0xb5, 0xff, 0x2a, 0xc4, 0xb5, 0xff, 0x2a, 0xc4, 0xb5, 0xff, 0x2a, 0xc4, 0xb5, 0xff,
  0x2a, 0xc4, 0xb5, 0xff, 0x2a, 0xc4, 0xb5, 0xff, 0x2a, 0xc4, 0xb5, 0xff, 0x2a, 0xc4, 0xb5, 0xff,
  0x2a, 0xc4, 0xb5, 0xff, 0x2a, 0xc4, 0xb5, 0xff, 0x2a, 0xc4, 0xb5, 0xff, 0x2a, 0xc4, 0xb5, 0xff,
  0x2a, 0xc4, 0xb5, 0xff, 0x2a, 0xc4, 0xb5, 0xff, 0x2a, 0xc4, 0xb5, 0xff, 0x2a, 0xc4, 0xb5, 0xff,
  0x2a, 0xc4, 0xb5, 0xff, 0x2a, 0xc4, 0xb5, 0xff, 0x2a, 0xc4, 0xb5, 0xff, 0x2a, 0xc4, 0xb5, 0xff,
  0x2a, 0xc4, 0xb5, 0xff, 0x2a, 0xc4, 0xb5, 0xff, 0x2a, 0xc4, 0xb5, 0xff, 0x2a, 0xc4, 0xb5, 0xff,
  0x2a, 0xc4, 0xb5, 0xff, 0x2a, 0xc4, 0xb5, 0xff, 0x2a, 0xc4, 0xb5, 0xff, 0x2a, 0xc4, 0xb5, 0xff,
  0x2a, 0xc4, 0xb5, 0xff, 0x2a, 0xc4, 0xb5, 0xff, 0x2a, 0xc4, 0xb5, 0xff, 0x2a, 0xc4, 0xb5, 0xff,
  0x2a, 0xc3, 0xb4, 0xfe, 0x2a, 0xc7, 0xb8, 0xff, 0x4a, 0xd4, 0xc8, 0xa8, 0x64, 0xe0, 0xd6, 0x8c,
  0x55, 0xd1, 0xca, 0x27, 0x00, 0x00, 0x00, 0x00, 0x7f, 0x7f, 0x7f, 0x02, 0x00, 0x00, 0x00, 0x00,
  0x00, 0x00, 0x00, 0x00, 0x00, 0xff, 0x00, 0x01, 0x00, 0x00, 0x00, 0x00, 0x45, 0xb9, 0xb9, 0x0b,
  0x60, 0xdf, 0xd3, 0x81, 0x58, 0xdb, 0xcf, 0x96, 0x2b, 0xc5, 0xb5, 0xf7, 0x2a, 0xc5, 0xb6, 0xff,
  0x2a, 0xc4, 0xb5, 0xfe, 0x2a, 0xc4, 0xb5, 0xff, 0x2a, 0xc4, 0xb5, 0xff, 0x2a, 0xc4, 0xb5, 0xff,
  0x2a, 0xc4, 0xb5, 0xff, 0x2a, 0xc4, 0xb5, 0xff, 0x2a, 0xc4, 0xb5, 0xff, 0x2a, 0xc4, 0xb5, 0xff,
  0x2a, 0xc4, 0xb5, 0xff, 0x2a, 0xc4, 0xb5, 0xff, 0x2a, 0xc4, 0xb5, 0xff, 0x2a, 0xc4, 0xb5, 0xff,
  0x2a, 0xc4, 0xb5, 0xff, 0x2a, 0xc4, 0xb5, 0xff, 0x2a, 0xc4, 0xb5, 0xff, 0x2a, 0xc4, 0xb5, 0xff,
  0x2a, 0xc4, 0xb5, 0xff, 0x2a, 0xc4, 0xb5, 0xff, 0x2a, 0xc4, 0xb5, 0xff, 0x2a, 0xc4, 0xb5, 0xff,
  0x2a, 0xc4, 0xb5, 0xff, 0x2a, 0xc4, 0xb5, 0xff, 0x2a, 0xc4, 0xb5, 0xff, 0x2a, 0xc4, 0xb5, 0xff,
  0x2a, 0xc4, 0xb5, 0xff, 0x2a, 0xc4, 0xb5, 0xff, 0x2a, 0xc4, 0xb5, 0xff, 0x2a, 0xc4, 0xb5, 0xff,
  0x2a, 0xc4, 0xb5, 0xff, 0x2a, 0xc4, 0xb5, 0xff, 0x2a, 0xc4, 0xb5, 0xff, 0x2a, 0xc4, 0xb5, 0xff,
  0x2a, 0xc4, 0xb5, 0xff, 0x2a, 0xc4, 0xb5, 0xff, 0x2a, 0xc4, 0xb5, 0xff, 0x2a, 0xc4, 0xb5, 0xff,
  0x2a, 0xc4, 0xb5, 0xff, 0x2a, 0xc4, 0xb5, 0xff, 0x2a, 0xc4, 0xb5, 0xff, 0x2a, 0xc4, 0xb5, 0xff,
  0x2a, 0xc4, 0xb5, 0xff, 0x2a, 0xc4, 0xb5, 0xff, 0x2a, 0xc4, 0xb5, 0xff, 0x2c, 0xc5, 0xb6, 0xff,
  0x1f, 0xc1, 0xb2, 0xff, 0x5f, 0xd3, 0xc7, 0xfc, 0xff, 0xff, 0xff, 0xf5, 0xfc, 0xff, 0xfd, 0xf5,
  0xfb, 0xfd, 0xfd, 0xf5, 0xff, 0xff, 0xff, 0xf4, 0xc6, 0xee, 0xeb, 0xf8, 0x21, 0xc2, 0xb2, 0xff,
  0x2c, 0xc4, 0xb6, 0xff, 0x2a, 0xc4, 0xb5, 0xff, 0x2a, 0xc4, 0xb5, 0xff, 0x2a, 0xc4, 0xb5, 0xff,
  0x2a, 0xc4, 0xb5, 0xff, 0x2a, 0xc4, 0xb5, 0xff, 0x2a, 0xc4, 0xb5, 0xff, 0x2a, 0xc4, 0xb5, 0xff,
  0x2a, 0xc4, 0xb5, 0xff, 0x2a, 0xc4, 0xb5, 0xff, 0x2a, 0xc4, 0xb5, 0xff, 0x2a, 0xc4, 0xb5, 0xff,
  0x2a, 0xc4, 0xb5, 0xff, 0x2a, 0xc4, 0xb5, 0xff, 0x2a, 0xc4, 0xb5, 0xff, 0x2a, 0xc4, 0xb5, 0xff,
  0x2a, 0xc4, 0xb5, 0xff, 0x2a, 0xc4, 0xb5, 0xff, 0x2a, 0xc4, 0xb5, 0xff, 0x2a, 0xc4, 0xb5, 0xff,
  0x2a, 0xc4, 0xb5, 0xff, 0x2a, 0xc4, 0xb5, 0xff, 0x2a, 0xc4, 0xb5, 0xff, 0x2a, 0xc4, 0xb5, 0xff,
  0x2a, 0xc4, 0xb5, 0xff, 0x2a, 0xc4, 0xb5, 0xff, 0x2a, 0xc4, 0xb5, 0xff, 0x2a, 0xc4, 0xb5, 0xff,
  0x2a, 0xc4, 0xb5, 0xff, 0x2a, 0xc4, 0xb5, 0xff, 0x2a, 0xc4, 0xb5, 0xff, 0x2a, 0xc4, 0xb5, 0xff,
  0x2a, 0xc4, 0xb5, 0xff, 0x2a, 0xc4, 0xb5, 0xff, 0x2a, 0xc4, 0xb5, 0xff, 0x2a, 0xc4, 0xb5, 0xff,
  0x2a, 0xc4, 0xb5, 0xff, 0x2a, 0xc4, 0xb5, 0xff, 0x2a, 0xc4, 0xb5, 0xff, 0x2a, 0xc4, 0xb5, 0xff,
  0x2a, 0xc4, 0xb5, 0xff, 0x2a, 0xc4, 0xb5, 0xff, 0x2a, 0xc4, 0xb5, 0xff, 0x2a, 0xc4, 0xb5, 0xff,
  0x2a, 0xc3, 0xb4, 0xfe, 0x2a, 0xc7, 0xb8, 0xff, 0x4a, 0xd4, 0xc8, 0xa8, 0x64, 0xe0, 0xd6, 0x8c,
  0x55, 0xd1, 0xca, 0x27, 0x00, 0x00, 0x00, 0x00, 0x7f, 0x7f, 0x7f, 0x02, 0x00, 0x00, 0x00, 0x00,
  0x00, 0x00, 0x00, 0x00, 0x00, 0xff, 0x00, 0x01, 0x00, 0x00, 0x00, 0x00, 0x45, 0xb9, 0xb9, 0x0b,
  0x60, 0xdf, 0xd3, 0x81, 0x58, 0xdb, 0xcf, 0x96, 0x2b, 0xc5, 0xb5, 0xf7, 0x2a, 0xc5, 0xb6, 0xff,
  0x2a, 0xc4, 0xb5, 0xfe, 0x2a, 0xc4, 0xb5, 0xff, 0x2a, 0xc4, 0xb5, 0xff, 0x2a, 0xc4, 0xb5, 0xff,
  0x2a, 0xc4, 0xb5, 0xff, 0x2a, 0xc4, 0xb5, 0xff, 0x2a, 0xc4, 0xb5, 0xff, 0x2a, 0xc4, 0xb5, 0xff,
  0x2a, 0xc4, 0xb5, 0xff, 0x2a, 0xc4, 0xb5, 0xff, 0x2a, 0xc4, 0xb5, 0xff, 0x2a, 0xc4, 0xb5, 0xff,
  0x2a, 0xc4, 0xb5, 0xff, 0x2a, 0xc4, 0xb5, 0xff, 0x2a, 0xc4, 0xb5, 0xff, 0x2a, 0xc4, 0xb5, 0xff,
  0x2a, 0xc4, 0xb5, 0xff, 0x2a, 0xc4, 0xb5, 0xff, 0x2a, 0xc4, 0xb5, 0xff, 0x2a, 0xc4, 0xb5, 0xff,
  0x2a, 0xc4, 0xb5, 0xff, 0x2a, 0xc4, 0xb5, 0xff, 0x2a, 0xc4, 0xb5, 0xff, 0x2a, 0xc4, 0xb5, 0xff,
  0x2a, 0xc4, 0xb5, 0xff, 0x2a, 0xc4, 0xb5, 0xff, 0x2a, 0xc4, 0xb5, 0xff, 0x2a, 0xc4, 0xb5, 0xff,
  0x2a, 0xc4, 0xb5, 0xff, 0x2a, 0xc4, 0xb5, 0xff, 0x2a, 0xc4, 0xb5, 0xff, 0x2a, 0xc4, 0xb5, 0xff,
  0x2a, 0xc4, 0xb5, 0xff, 0x2a, 0xc4, 0xb5, 0xff, 0x2a, 0xc4, 0xb5, 0xff, 0x2a, 0xc4, 0xb5, 0xff,
  0x2a, 0xc4, 0xb5, 0xff, 0x2a, 0xc4, 0xb5, 0xff, 0x2a, 0xc4, 0xb5, 0xff, 0x2a, 0xc4, 0xb5, 0xff,
  0x2a, 0xc4, 0xb5, 0xff, 0x2a, 0xc4, 0xb5, 0xff, 0x2a, 0xc4, 0xb5, 0xff, 0x2c, 0xc5, 0xb6, 0xff,
  0x1f, 0xc1, 0xb2, 0xff, 0x5f, 0xd3, 0xc7, 0xfc, 0xff, 0xff, 0xff, 0xf5, 0xfc, 0xff, 0xfd, 0xf5,
  0xfb, 0xfd, 0xfd, 0xf5, 0xff, 0xff, 0xff, 0xf4, 0xc6, 0xee, 0xeb, 0xf8, 0x21, 0xc2, 0xb2, 0xff,
  0x2c, 0xc4, 0xb6, 0xff, 0x2a, 0xc4, 0xb5, 0xff, 0x2a, 0xc4, 0xb5, 0xff, 0x2a, 0xc4, 0xb5, 0xff,
  0x2a, 0xc4, 0xb5, 0xff, 0x2a, 0xc4, 0xb5, 0xff, 0x2a, 0xc4, 0xb5, 0xff, 0x2a, 0xc4, 0xb5, 0xff,
  0x2a, 0xc4, 0xb5, 0xff, 0x2a, 0xc4, 0xb5, 0xff, 0x2a, 0xc4, 0xb5, 0xff, 0x2a, 0xc4, 0xb5, 0xff,
  0x2a, 0xc4, 0xb5, 0xff, 0x2a, 0xc4, 0xb5, 0xff, 0x2a, 0xc4, 0xb5, 0xff, 0x2a, 0xc4, 0xb5, 0xff,
  0x2a, 0xc4, 0xb5, 0xff, 0x2a, 0xc4, 0xb5, 0xff, 0x2a, 0xc4, 0xb5, 0xff, 0x2a, 0xc4, 0xb5, 0xff,
  0x2a, 0xc4, 0xb5, 0xff, 0x2a, 0xc4, 0xb5, 0xff, 0x2a, 0xc4, 0xb5, 0xff, 0x2a, 0xc4, 0xb5, 0xff,
  0x2a, 0xc4, 0xb5, 0xff, 0x2a, 0xc4, 0xb5, 0xff, 0x2a, 0xc4, 0xb5, 0xff, 0x2a, 0xc4, 0xb5, 0xff,
  0x2a, 0xc4, 0xb5, 0xff, 0x2a, 0xc4, 0xb5, 0xff, 0x2a, 0xc4, 0xb5, 0xff, 0x2a, 0xc4, 0xb5, 0xff,
  0x2a, 0xc4, 0xb5, 0xff, 0x2a, 0xc4, 0xb5, 0xff, 0x2a, 0xc4, 0xb5, 0xff, 0x2a, 0xc4, 0xb5, 0xff,
  0x2a, 0xc4, 0xb5, 0xff, 0x2a, 0xc4, 0xb5, 0xff, 0x2a, 0xc4, 0xb5, 0xff, 0x2a, 0xc4, 0xb5, 0xff,
  0x2a, 0xc4, 0xb5, 0xff, 0x2a, 0xc4, 0xb5, 0xff, 0x2a, 0xc4, 0xb5, 0xff, 0x2a, 0xc4, 0xb5, 0xff,
  0x2a, 0xc3, 0xb4, 0xfe, 0x2a, 0xc7, 0xb8, 0xff, 0x4a, 0xd4, 0xc8, 0xa8, 0x64, 0xe0, 0xd6, 0x8c,
  0x55, 0xd1, 0xca, 0x27, 0x00, 0x00, 0x00, 0x00, 0x7f, 0x7f, 0x7f, 0x02, 0x00, 0x00, 0x00, 0x00,
  0x00, 0x00, 0x00, 0x00, 0x00, 0xff, 0x00, 0x01, 0x00, 0x00, 0x00, 0x00, 0x45, 0xb9, 0xb9, 0x0b,
  0x60, 0xdf, 0xd3, 0x81, 0x58, 0xdb, 0xcf, 0x96, 0x2b, 0xc5, 0xb5, 0xf7, 0x2a, 0xc5, 0xb6, 0xff,
  0x2a, 0xc4, 0xb5, 0xfe, 0x2a, 0xc4, 0xb5, 0xff, 0x2a, 0xc4, 0xb5, 0xff, 0x2a, 0xc4, 0xb5, 0xff,
  0x2a, 0xc4, 0xb5, 0xff, 0x2a, 0xc4, 0xb5, 0xff, 0x2a, 0xc4, 0xb5, 0xff, 0x2a, 0xc4, 0xb5, 0xff,
  0x2a, 0xc4, 0xb5, 0xff, 0x2a, 0xc4, 0xb5, 0xff, 0x2a, 0xc4, 0xb5, 0xff, 0x2a, 0xc4, 0xb5, 0xff,
  0x2a, 0xc4, 0xb5, 0xff, 0x2a, 0xc4, 0xb5, 0xff, 0x2a, 0xc4, 0xb5, 0xff, 0x2a, 0xc4, 0xb5, 0xff,
  0x2a, 0xc4, 0xb5, 0xff, 0x2a, 0xc4, 0xb5, 0xff, 0x2a, 0xc4, 0xb5, 0xff, 0x2a, 0xc4, 0xb5, 0xff,
  0x2a, 0xc4, 0xb5, 0xff, 0x2a, 0xc4, 0xb5, 0xff, 0x2a, 0xc4, 0xb5, 0xff, 0x2a, 0xc4, 0xb5, 0xff,
  0x2a, 0xc4, 0xb5, 0xff, 0x2a, 0xc4, 0xb5, 0xff, 0x2a, 0xc4, 0xb5, 0xff, 0x2a, 0xc4, 0xb5, 0xff,
  0x2a, 0xc4, 0xb5, 0xff, 0x2a, 0xc4, 0xb5, 0xff, 0x2a, 0xc4, 0xb5, 0xff, 0x2a, 0xc4, 0xb5, 0xff,
  0x2a, 0xc4, 0xb5, 0xff, 0x2a, 0xc4, 0xb5, 0xff, 0x2a, 0xc4, 0xb5, 0xff, 0x2a, 0xc4, 0xb5, 0xff,
  0x2a, 0xc4, 0xb5, 0xff, 0x2a, 0xc4, 0xb5, 0xff, 0x2a, 0xc4, 0xb5, 0xff, 0x2a, 0xc4, 0xb5, 0xff,
  0x2a, 0xc4, 0xb5, 0xff, 0x2a, 0xc4, 0xb5, 0xff, 0x2a, 0xc4, 0xb5, 0xff, 0x2c, 0xc5, 0xb6, 0xff,
  0x1f, 0xc1, 0xb2, 0xff, 0x5f, 0xd3, 0xc7, 0xfc, 0xff, 0xff, 0xff, 0xf5, 0xfc, 0xff, 0xfd, 0xf5,
  0xfb, 0xfd, 0xfd, 0xf5, 0xff, 0xff, 0xff, 0xf4, 0xc6, 0xee, 0xeb, 0xf8, 0x21, 0xc2, 0xb2, 0xff,
  0x2c, 0xc4, 0xb6, 0xff, 0x2a, 0xc4, 0xb5, 0xff, 0x2a, 0xc4, 0xb5, 0xff, 0x2a, 0xc4, 0xb5, 0xff,
  0x2a, 0xc4, 0xb5, 0xff, 0x2a, 0xc4, 0xb5, 0xff, 0x2a, 0xc4, 0xb5, 0xff, 0x2a, 0xc4, 0xb5, 0xff,
  0x2a, 0xc4, 0xb5, 0xff, 0x2a, 0xc4, 0xb5, 0xff, 0x2a, 0xc4, 0xb5, 0xff, 0x2a, 0xc4, 0xb5, 0xff,
  0x2a, 0xc4, 0xb5, 0xff, 0x2a, 0xc4, 0xb5, 0xff, 0x2a, 0xc4, 0xb5, 0xff, 0x2a, 0xc4, 0xb5, 0xff,
  0x2a, 0xc4, 0xb5, 0xff, 0x2a, 0xc4, 0xb5, 0xff, 0x2a, 0xc4, 0xb5, 0xff, 0x2a, 0xc4, 0xb5, 0xff,
  0x2a, 0xc4, 0xb5, 0xff, 0x2a, 0xc4, 0xb5, 0xff, 0x2a, 0xc4, 0xb5, 0xff, 0x2a, 0xc4, 0xb5, 0xff,
  0x2a, 0xc4, 0xb5, 0xff, 0x2a, 0xc4, 0xb5, 0xff, 0x2a, 0xc4, 0xb5, 0xff, 0x2a, 0xc4, 0xb5, 0xff,
  0x2a, 0xc4, 0xb5, 0xff, 0x2a, 0xc4, 0xb5, 0xff, 0x2a, 0xc4, 0xb5, 0xff, 0x2a, 0xc4, 0xb5, 0xff,
  0x2a, 0xc4, 0xb5, 0xff, 0x2a, 0xc4, 0xb5, 0xff, 0x2a, 0xc4, 0xb5, 0xff, 0x2a, 0xc4, 0xb5, 0xff,
  0x2a, 0xc4, 0xb5, 0xff, 0x2a, 0xc4, 0xb5, 0xff, 0x2a, 0xc4, 0xb5, 0xff, 0x2a, 0xc4, 0xb5, 0xff,
  0x2a, 0xc4, 0xb5, 0xff, 0x2a, 0xc4, 0xb5, 0xff, 0x2a, 0xc4, 0xb5, 0xff, 0x2a, 0xc4, 0xb5, 0xff,
  0x2a, 0xc3, 0xb4, 0xfe, 0x2a, 0xc7, 0xb8, 0xff, 0x4a, 0xd4, 0xc8, 0xa8, 0x64, 0xe0, 0xd6, 0x8c,
  0x55, 0xd1, 0xca, 0x27, 0x00, 0x00, 0x00, 0x00, 0x7f, 0x7f, 0x7f, 0x02, 0x00, 0x00, 0x00, 0x00,
  0x00, 0x00, 0x00, 0x00, 0x00, 0xff, 0x00, 0x01, 0x00, 0x00, 0x00, 0x00, 0x45, 0xb9, 0xb9, 0x0b,
  0x60, 0xdf, 0xd3, 0x81, 0x58, 0xdb, 0xcf, 0x96, 0x2b, 0xc5, 0xb5, 0xf7, 0x2a, 0xc5, 0xb6, 0xff,
  0x2a, 0xc4, 0xb5, 0xfe, 0x2a, 0xc4, 0xb5, 0xff, 0x2a, 0xc4, 0xb5, 0xff, 0x2a, 0xc4, 0xb5, 0xff,
  0x2a, 0xc4, 0xb5, 0xff, 0x2a, 0xc4, 0xb5, 0xff, 0x2a, 0xc4, 0xb5, 0xff, 0x2a, 0xc4, 0xb5, 0xff,
  0x2a, 0xc4, 0xb5, 0xff, 0x2a, 0xc4, 0xb5, 0xff, 0x2a, 0xc4, 0xb5, 0xff, 0x2a, 0xc4, 0xb5, 0xff,
  0x2a, 0xc4, 0xb5, 0xff, 0x2a, 0xc4, 0xb5, 0xff, 0x2a, 0xc4, 0xb5, 0xff, 0x2a, 0xc4, 0xb5, 0xff,
  0x2a, 0xc4, 0xb5, 0xff, 0x2a, 0xc4, 0xb5, 0xff, 0x2a, 0xc4, 0xb5, 0xff, 0x2a, 0xc4, 0xb5, 0xff,
  0x2a, 0xc4, 0xb5, 0xff, 0x2a, 0xc4, 0xb5, 0xff, 0x2a, 0xc4, 0xb5, 0xff, 0x2a, 0xc4, 0xb5, 0xff,
  0x2a, 0xc4, 0xb5, 0xff, 0x2a, 0xc4, 0xb5, 0xff, 0x2a, 0xc4, 0xb5, 0xff, 0x2a, 0xc4, 0xb5, 0xff,
  0x2a, 0xc4, 0xb5, 0xff, 0x2a, 0xc4, 0xb5, 0xff, 0x2a, 0xc4, 0xb5, 0xff, 0x2a, 0xc4, 0xb5, 0xff,
  0x2a, 0xc4, 0xb5, 0xff, 0x2a, 0xc4, 0xb5, 0xff, 0x2a, 0xc4, 0xb5, 0xff, 0x2a, 0xc4, 0xb5, 0xff,
  0x2a, 0xc4, 0xb5, 0xff, 0x2a, 0xc4, 0xb5, 0xff, 0x2a, 0xc4, 0xb5, 0xff, 0x2a, 0xc4, 0xb5, 0xff,
  0x2a, 0xc4, 0xb5, 0xff, 0x2a, 0xc4, 0xb5, 0xff, 0x2a, 0xc4, 0xb5, 0xff, 0x2c, 0xc5, 0xb6, 0xff,
  0x1f, 0xc1, 0xb2, 0xff, 0x5f, 0xd3, 0xc7, 0xfc, 0xff, 0xff, 0xff, 0xf5, 0xfc, 0xff, 0xfd, 0xf5,
  0xfb, 0xfd, 0xfd, 0xf5, 0xff, 0xff, 0xff, 0xf4, 0xc6, 0xee, 0xeb, 0xf8, 0x21, 0xc2, 0xb2, 0xff,
  0x2c, 0xc4, 0xb6, 0xff, 0x2a, 0xc4, 0xb5, 0xff, 0x2a, 0xc4, 0xb5, 0xff, 0x2a, 0xc4, 0xb5, 0xff,
  0x2a, 0xc4, 0xb5, 0xff, 0x2a, 0xc4, 0xb5, 0xff, 0x2a, 0xc4, 0xb5, 0xff, 0x2a, 0xc4, 0xb5, 0xff,
  0x2a, 0xc4, 0xb5, 0xff, 0x2a, 0xc4, 0xb5, 0xff, 0x2a, 0xc4, 0xb5, 0xff, 0x2a, 0xc4, 0xb5, 0xff,
  0x2a, 0xc4, 0xb5, 0xff, 0x2a, 0xc4, 0xb5, 0xff, 0x2a, 0xc4, 0xb5, 0xff, 0x2a, 0xc4, 0xb5, 0xff,
  0x2a, 0xc4, 0xb5, 0xff, 0x2a, 0xc4, 0xb5, 0xff, 0x2a, 0xc4, 0xb5, 0xff, 0x2a, 0xc4, 0xb5, 0xff,
  0x2a, 0xc4, 0xb5, 0xff, 0x2a, 0xc4, 0xb5, 0xff, 0x2a, 0xc4, 0xb5, 0xff, 0x2a, 0xc4, 0xb5, 0xff,
  0x2a, 0xc4, 0xb5, 0xff, 0x2a, 0xc4, 0xb5, 0xff, 0x2a, 0xc4, 0xb5, 0xff, 0x2a, 0xc4, 0xb5, 0xff,
  0x2a, 0xc4, 0xb5, 0xff, 0x2a, 0xc4, 0xb5, 0xff, 0x2a, 0xc4, 0xb5, 0xff, 0x2a, 0xc4, 0xb5, 0xff,
  0x2a, 0xc4, 0xb5, 0xff, 0x2a, 0xc4, 0xb5, 0xff, 0x2a, 0xc4, 0xb5, 0xff, 0x2a, 0xc4, 0xb5, 0xff,
  0x2a, 0xc4, 0xb5, 0xff, 0x2a, 0xc4, 0xb5, 0xff, 0x2a, 0xc4, 0xb5, 0xff, 0x2a, 0xc4, 0xb5, 0xff,
  0x2a, 0xc4, 0xb5, 0xff, 0x2a, 0xc4, 0xb5, 0xff, 0x2a, 0xc4, 0xb5, 0xff, 0x2a, 0xc4, 0xb5, 0xff,
  0x2a, 0xc3, 0xb4, 0xfe, 0x2a, 0xc7, 0xb8, 0xff, 0x4a, 0xd4, 0xc8, 0xa8, 0x64, 0xe0, 0xd6, 0x8c,
  0x55, 0xd1, 0xca, 0x27, 0x00, 0x00, 0x00, 0x00, 0x7f, 0x7f, 0x7f, 0x02, 0x00, 0x00, 0x00, 0x00,
  0x00, 0x00, 0x00, 0x00, 0x00, 0xff, 0x00, 0x01, 0x00, 0x00, 0x00, 0x00, 0x45, 0xb9, 0xb9, 0x0b,
  0x60, 0xdf, 0xd3, 0x81, 0x58, 0xdb, 0xcf, 0x96, 0x2b, 0xc5, 0xb5, 0xf7, 0x2a, 0xc5, 0xb6, 0xff,
  0x2a, 0xc4, 0xb5, 0xfe, 0x2a, 0xc4, 0xb5, 0xff, 0x2a, 0xc4, 0xb5, 0xff, 0x2a, 0xc4, 0xb5, 0xff,
  0x2a, 0xc4, 0xb5, 0xff, 0x2a, 0xc4, 0xb5, 0xff, 0x2a, 0xc4, 0xb5, 0xff, 0x2a, 0xc4, 0xb5, 0xff,
  0x2a, 0xc4, 0xb5, 0xff, 0x2a, 0xc4, 0xb5, 0xff, 0x2a, 0xc4, 0xb5, 0xff, 0x2a, 0xc4, 0xb5, 0xff,
  0x2a, 0xc4, 0xb5, 0xff, 0x2a, 0xc4, 0xb5, 0xff, 0x2a, 0xc4, 0xb5, 0xff, 0x2a, 0xc4, 0xb5, 0xff,
  0x2a, 0xc4, 0xb5, 0xff, 0x2a, 0xc4, 0xb5, 0xff, 0x2a, 0xc4, 0xb5, 0xff, 0x2a, 0xc4, 0xb5, 0xff,
  0x2a, 0xc4, 0xb5, 0xff, 0x2a, 0xc4, 0xb5, 0xff, 0x2a, 0xc4, 0xb5, 0xff, 0x2a, 0xc4, 0xb5, 0xff,
  0x2a, 0xc4, 0xb5, 0xff, 0x2a, 0xc4, 0xb5, 0xff, 0x2a, 0xc4, 0xb5, 0xff, 0x2a, 0xc4, 0xb5, 0xff,
  0x2a, 0xc4, 0xb5, 0xff, 0x2a, 0xc4, 0xb5, 0xff, 0x2a, 0xc4, 0xb5, 0xff, 0x2a, 0xc4, 0xb5, 0xff,
  0x2a, 0xc4, 0xb5, 0xff, 0x2a, 0xc4, 0xb5, 0xff, 0x2a, 0xc4, 0xb5, 0xff, 0x2a, 0xc4, 0xb5, 0xff,
  0x2a, 0xc4, 0xb5, 0xff, 0x2a, 0xc4, 0xb5, 0xff, 0x2a, 0xc4, 0xb5, 0xff, 0x2a, 0xc4, 0xb5, 0xff,
  0x2a, 0xc4, 0xb5, 0xff, 0x2a, 0xc4, 0xb5, 0xff, 0x2a, 0xc4, 0xb5, 0xff, 0x2c, 0xc5, 0xb6, 0xff,
  0x1f, 0xc1, 0xb2, 0xff, 0x5f, 0xd3, 0xc7, 0xfc, 0xff, 0xff, 0xff, 0xf5, 0xfc, 0xff, 0xfd, 0xf5,
  0xfb, 0xfd, 0xfd, 0xf5, 0xff, 0xff, 0xff, 0xf4, 0xc6, 0xee, 0xeb, 0xf8, 0x21, 0xc2, 0xb2, 0xff,
  0x2c, 0xc4, 0xb6, 0xff, 0x2a, 0xc4, 0xb5, 0xff, 0x2a, 0xc4, 0xb5, 0xff, 0x2a, 0xc4, 0xb5, 0xff,
  0x2a, 0xc4, 0xb5, 0xff, 0x2a, 0xc4, 0xb5, 0xff, 0x2a, 0xc4, 0xb5, 0xff, 0x2a, 0xc4, 0xb5, 0xff,
  0x2a, 0xc4, 0xb5, 0xff, 0x2a, 0xc4, 0xb5, 0xff, 0x2a, 0xc4, 0xb5, 0xff, 0x2a, 0xc4, 0xb5, 0xff,
  0x2a, 0xc4, 0xb5, 0xff, 0x2a, 0xc4, 0xb5, 0xff, 0x2a, 0xc4, 0xb5, 0xff, 0x2a, 0xc4, 0xb5, 0xff,
  0x2a, 0xc4, 0xb5, 0xff, 0x2a, 0xc4, 0xb5, 0xff, 0x2a, 0xc4, 0xb5, 0xff, 0x2a, 0xc4, 0xb5, 0xff,
  0x2a, 0xc4, 0xb5, 0xff, 0x2a, 0xc4, 0xb5, 0xff, 0x2a, 0xc4, 0xb5, 0xff, 0x2a, 0xc4, 0xb5, 0xff,
  0x2a, 0xc4, 0xb5, 0xff, 0x2a, 0xc4, 0xb5, 0xff, 0x2a, 0xc4, 0xb5, 0xff, 0x2a, 0xc4, 0xb5, 0xff,
  0x2a, 0xc4, 0xb5, 0xff, 0x2a, 0xc4, 0xb5, 0xff, 0x2a, 0xc4, 0xb5, 0xff, 0x2a, 0xc4, 0xb5, 0xff,
  0x2a, 0xc4, 0xb5, 0xff, 0x2a, 0xc4, 0xb5, 0xff, 0x2a, 0xc4, 0xb5, 0xff, 0x2a, 0xc4, 0xb5, 0xff,
  0x2a, 0xc4, 0xb5, 0xff, 0x2a, 0xc4, 0xb5, 0xff, 0x2a, 0xc4, 0xb5, 0xff, 0x2a, 0xc4, 0xb5, 0xff,
  0x2a, 0xc4, 0xb5, 0xff, 0x2a, 0xc4, 0xb5, 0xff, 0x2a, 0xc4, 0xb5, 0xff, 0x2a, 0xc4, 0xb5, 0xff,
  0x2a, 0xc3, 0xb4, 0xfe, 0x2a, 0xc7, 0xb8, 0xff, 0x4a, 0xd4, 0xc8, 0xa8, 0x64, 0xe0, 0xd6, 0x8c,
  0x55, 0xd1, 0xca, 0x27, 0x00, 0x00, 0x00, 0x00, 0x7f, 0x7f, 0x7f, 0x02, 0x00, 0x00, 0x00, 0x00,
  0x00, 0x00, 0x00, 0x00, 0x00, 0xff, 0x00, 0x01, 0x00, 0x00, 0x00, 0x00, 0x45, 0xb9, 0xb9, 0x0b,
  0x60, 0xdf, 0xd3, 0x81, 0x58, 0xdb, 0xcf, 0x96, 0x2b, 0xc5, 0xb5, 0xf7, 0x2a, 0xc5, 0xb6, 0xff,
  0x2a, 0xc4, 0xb5, 0xfe, 0x2a, 0xc4, 0xb5, 0xff, 0x2a, 0xc4, 0xb5, 0xff, 0x2a, 0xc4, 0xb5, 0xff,
  0x2a, 0xc4, 0xb5, 0xff, 0x2a, 0xc4, 0xb5, 0xff, 0x2a, 0xc4, 0xb5, 0xff, 0x2a, 0xc4, 0xb5, 0xff,
  0x2a, 0xc4, 0xb5, 0xff, 0x2a, 0xc4, 0xb5, 0xff, 0x2a, 0xc4, 0xb5, 0xff, 0x2a, 0xc4, 0xb5, 0xff,
  0x2a, 0xc4, 0xb5, 0xff, 0x2a, 0xc4, 0xb5, 0xff, 0x2a, 0xc4, 0xb5, 0xff, 0x2a, 0xc4, 0xb5, 0xff,
  0x2a, 0xc4, 0xb5, 0xff, 0x2a, 0xc4, 0xb5, 0xff, 0x2a, 0xc4, 0xb5, 0xff, 0x2a, 0xc4, 0xb5, 0xff,
  0x2a, 0xc4, 0xb5, 0xff, 0x2a, 0xc4, 0xb5, 0xff, 0x2a, 0xc4, 0xb5, 0xff, 0x2a, 0xc4, 0xb5, 0xff,
  0x2a, 0xc4, 0xb5, 0xff, 0x2a, 0xc4, 0xb5, 0xff, 0x2a, 0xc4, 0xb5, 0xff, 0x2a, 0xc4, 0xb5, 0xff,
  0x2a, 0xc4, 0xb5, 0xff, 0x2a, 0xc4, 0xb5, 0xff, 0x2a, 0xc4, 0xb5, 0xff, 0x2a, 0xc4, 0xb5, 0xff,
  0x2a, 0xc4, 0xb5, 0xff, 0x2a, 0xc4, 0xb5, 0xff, 0x2a, 0xc4, 0xb5, 0xff, 0x2a, 0xc4, 0xb5, 0xff,
  0x2a, 0xc4, 0xb5, 0xff, 0x2a, 0xc4, 0xb5, 0xff, 0x2a, 0xc4, 0xb5, 0xff, 0x2a, 0xc4, 0xb5, 0xff,
  0x2a, 0xc4, 0xb5, 0xff, 0x2a, 0xc4, 0xb5, 0xff, 0x2a, 0xc4, 0xb5, 0xff, 0x2c, 0xc5, 0xb6, 0xff,
  0x1f, 0xc1, 0xb2, 0xff, 0x5f, 0xd3, 0xc7, 0xfc, 0xff, 0xff, 0xff, 0xf5, 0xfc, 0xff, 0xfd, 0xf5,
  0xfb, 0xfd, 0xfd, 0xf5, 0xff, 0xff, 0xff, 0xf4, 0xc6, 0xee, 0xeb, 0xf8, 0x21, 0xc2, 0xb2, 0xff,
  0x2c, 0xc4, 0xb6, 0xff, 0x2a, 0xc4, 0xb5, 0xff, 0x2a, 0xc4, 0xb5, 0xff, 0x2a, 0xc4, 0xb5, 0xff,
  0x2a, 0xc4, 0xb5, 0xff, 0x2a, 0xc4, 0xb5, 0xff, 0x2a, 0xc4, 0xb5, 0xff, 0x2a, 0xc4, 0xb5, 0xff,
  0x2a, 0xc4, 0xb5, 0xff, 0x2a, 0xc4, 0xb5, 0xff, 0x2a, 0xc4, 0xb5, 0xff, 0x2a, 0xc4, 0xb5, 0xff,
  0x2a, 0xc4, 0xb5, 0xff, 0x2a, 0xc4, 0xb5, 0xff, 0x2a, 0xc4, 0xb5, 0xff, 0x2a, 0xc4, 0xb5, 0xff,
  0x2a, 0xc4, 0xb5, 0xff, 0x2a, 0xc4, 0xb5, 0xff, 0x2a, 0xc4, 0xb5, 0xff, 0x2a, 0xc4, 0xb5, 0xff,
  0x2a, 0xc4, 0xb5, 0xff, 0x2a, 0xc4, 0xb5, 0xff, 0x2a, 0xc4, 0xb5, 0xff, 0x2a, 0xc4, 0xb5, 0xff,
  0x2a, 0xc4, 0xb5, 0xff, 0x2a, 0xc4, 0xb5, 0xff, 0x2a, 0xc4, 0xb5, 0xff, 0x2a, 0xc4, 0xb5, 0xff,
  0x2a, 0xc4, 0xb5, 0xff, 0x2a, 0xc4, 0xb5, 0xff, 0x2a, 0xc4, 0xb5, 0xff, 0x2a, 0xc4, 0xb5, 0xff,
  0x2a, 0xc4, 0xb5, 0xff, 0x2a, 0xc4, 0xb5, 0xff, 0x2a, 0xc4, 0xb5, 0xff, 0x2a, 0xc4, 0xb5, 0xff,
  0x2a, 0xc4, 0xb5, 0xff, 0x2a, 0xc4, 0xb5, 0xff, 0x2a, 0xc4, 0xb5, 0xff, 0x2a, 0xc4, 0xb5, 0xff,
  0x2a, 0xc4, 0xb5, 0xff, 0x2a, 0xc4, 0xb5, 0xff, 0x2a, 0xc4, 0xb5, 0xff, 0x2a, 0xc4, 0xb5, 0xff,
  0x2a, 0xc3, 0xb4, 0xfe, 0x2a, 0xc7, 0xb8, 0xff, 0x4a, 0xd4, 0xc8, 0xa8, 0x64, 0xe0, 0xd6, 0x8c,
  0x55, 0xd1, 0xca, 0x27, 0x00, 0x00, 0x00, 0x00, 0x7f, 0x7f, 0x7f, 0x02, 0x00, 0x00, 0x00, 0x00,
  0x00, 0x00, 0x00, 0x00, 0x00, 0xff, 0x00, 0x01, 0x00, 0x00, 0x00, 0x00, 0x45, 0xb9, 0xb9, 0x0b,
  0x60, 0xdf, 0xd3, 0x81, 0x58, 0xdb, 0xcf, 0x96, 0x2b, 0xc5, 0xb5, 0xf7, 0x2a, 0xc5, 0xb6, 0xff,
  0x2a, 0xc4, 0xb5, 0xfe, 0x2a, 0xc4, 0xb5, 0xff, 0x2a, 0xc4, 0xb5, 0xff, 0x2a, 0xc4, 0xb5, 0xff,
  0x2a, 0xc4, 0xb5, 0xff, 0x2a, 0xc4, 0xb5, 0xff, 0x2a, 0xc4, 0xb5, 0xff, 0x2a, 0xc4, 0xb5, 0xff,
  0x2a, 0xc4, 0xb5, 0xff, 0x2a, 0xc4, 0xb5, 0xff, 0x2a, 0xc4, 0xb5, 0xff, 0x2a, 0xc4, 0xb5, 0xff,
  0x2a, 0xc4, 0xb5, 0xff, 0x2a, 0xc4, 0xb5, 0xff, 0x2a, 0xc4, 0xb5, 0xff, 0x2a, 0xc4, 0xb5, 0xff,
  0x2a, 0xc4, 0xb5, 0xff, 0x2a, 0xc4, 0xb5, 0xff, 0x2a, 0xc4, 0xb5, 0xff, 0x2a, 0xc4, 0xb5, 0xff,
  0x2a, 0xc4, 0xb5, 0xff, 0x2a, 0xc4, 0xb5, 0xff, 0x2a, 0xc4, 0xb5, 0xff, 0x2a, 0xc4, 0xb5, 0xff,
  0x2a, 0xc4, 0xb5, 0xff, 0x2a, 0xc4, 0xb5, 0xff, 0x2a, 0xc4, 0xb5, 0xff, 0x2a, 0xc4, 0xb5, 0xff,
  0x2c, 0xc4, 0xb6, 0xff, 0x2c, 0xc4, 0xb6, 0xff, 0x2c, 0xc4, 0xb6, 0xff, 0x2c, 0xc4, 0xb6, 0xff,
  0x2c, 0xc4, 0xb6, 0xff, 0x2a, 0xc4, 0xb5, 0xff, 0x2a, 0xc4, 0xb5, 0xff, 0x2a, 0xc4, 0xb5, 0xff,
  0x2a, 0xc4, 0xb5, 0xff, 0x2a, 0xc4, 0xb5, 0xff, 0x2a, 0xc4, 0xb5, 0xff, 0x2a, 0xc4, 0xb5, 0xff,
  0x2a, 0xc4, 0xb5, 0xff, 0x2a, 0xc4, 0xb5, 0xff, 0x2a, 0xc4, 0xb5, 0xff, 0x2c, 0xc5, 0xb6, 0xff,
  0x1f, 0xc1, 0xb2, 0xff, 0x5f, 0xd3, 0xc7, 0xfc, 0xff, 0xff, 0xff, 0xf5, 0xfc, 0xff, 0xfd, 0xf5,
  0xfb, 0xfd, 0xfd, 0xf5, 0xff, 0xff, 0xff, 0xf4, 0xc6, 0xee, 0xeb, 0xf8, 0x21, 0xc2, 0xb2, 0xff,
  0x2c, 0xc4, 0xb6, 0xff, 0x2a, 0xc4, 0xb5, 0xff, 0x2a, 0xc4, 0xb5, 0xff, 0x2a, 0xc4, 0xb5, 0xff,
  0x2a, 0xc4, 0xb5, 0xff, 0x2a, 0xc4, 0xb5, 0xff, 0x2a, 0xc4, 0xb5, 0xff, 0x2a, 0xc4, 0xb5, 0xff,
  0x2a, 0xc4, 0xb5, 0xff, 0x2a, 0xc4, 0xb5, 0xff, 0x2a, 0xc4, 0xb5, 0xff, 0x2a, 0xc4, 0xb5, 0xff,
  0x2a, 0xc4, 0xb5, 0xff, 0x2a, 0xc4, 0xb5, 0xff, 0x2a, 0xc4, 0xb5, 0xff, 0x2a, 0xc4, 0xb5, 0xff,
  0x2a, 0xc4, 0xb5, 0xff, 0x2a, 0xc4, 0xb5, 0xff, 0x2a, 0xc4, 0xb5, 0xff, 0x2a, 0xc4, 0xb5, 0xff,
  0x2a, 0xc4, 0xb5, 0xff, 0x2a, 0xc4, 0xb5, 0xff, 0x2a, 0xc4, 0xb5, 0xff, 0x2a, 0xc4, 0xb5, 0xff,
  0x2a, 0xc4, 0xb5, 0xff, 0x2a, 0xc4, 0xb5, 0xff, 0x2a, 0xc4, 0xb5, 0xff, 0x2a, 0xc4, 0xb5, 0xff,
  0x2a, 0xc4, 0xb5, 0xff, 0x2a, 0xc4, 0xb5, 0xff, 0x2a, 0xc4, 0xb5, 0xff, 0x2a, 0xc4, 0xb5, 0xff,
  0x2a, 0xc4, 0xb5, 0xff, 0x2a, 0xc4, 0xb5, 0xff, 0x2a, 0xc4, 0xb5, 0xff, 0x2a, 0xc4, 0xb5, 0xff,
  0x2a, 0xc4, 0xb5, 0xff, 0x2a, 0xc4, 0xb5, 0xff, 0x2a, 0xc4, 0xb5, 0xff, 0x2a, 0xc4, 0xb5, 0xff,
  0x2a, 0xc4, 0xb5, 0xff, 0x2a, 0xc4, 0xb5, 0xff, 0x2a, 0xc4, 0xb5, 0xff, 0x2a, 0xc4, 0xb5, 0xff,
  0x2a, 0xc3, 0xb4, 0xfe, 0x2a, 0xc7, 0xb8, 0xff, 0x4a, 0xd4, 0xc8, 0xa8, 0x64, 0xe0, 0xd6, 0x8c,
  0x55, 0xd1, 0xca, 0x27, 0x00, 0x00, 0x00, 0x00, 0x7f, 0x7f, 0x7f, 0x02, 0x00, 0x00, 0x00, 0x00,
  0x00, 0x00, 0x00, 0x00, 0x00, 0xff, 0x00, 0x01, 0x00, 0x00, 0x00, 0x00, 0x45, 0xb9, 0xb9, 0x0b,
  0x60, 0xdf, 0xd3, 0x81, 0x58, 0xdb, 0xcf, 0x96, 0x2b, 0xc5, 0xb5, 0xf7, 0x2a, 0xc5, 0xb6, 0xff,
  0x2a, 0xc4, 0xb5, 0xfe, 0x2a, 0xc4, 0xb5, 0xff, 0x2a, 0xc4, 0xb5, 0xff, 0x2a, 0xc4, 0xb5, 0xff,
  0x2a, 0xc4, 0xb5, 0xff, 0x2a, 0xc4, 0xb5, 0xff, 0x2a, 0xc4, 0xb5, 0xff, 0x2a, 0xc4, 0xb5, 0xff,
  0x2a, 0xc4, 0xb5, 0xff, 0x2a, 0xc4, 0xb5, 0xff, 0x2a, 0xc4, 0xb5, 0xff, 0x2a, 0xc4, 0xb5, 0xff,
  0x2a, 0xc4, 0xb5, 0xff, 0x2a, 0xc4, 0xb5, 0xff, 0x2a, 0xc4, 0xb5, 0xff, 0x2a, 0xc4, 0xb5, 0xff,
  0x2a, 0xc4, 0xb5, 0xff, 0x2a, 0xc4, 0xb5, 0xff, 0x2a, 0xc4, 0xb5, 0xff, 0x2a, 0xc4, 0xb5, 0xff,
  0x2a, 0xc4, 0xb5, 0xff, 0x2a, 0xc4, 0xb5, 0xff, 0x2a, 0xc4, 0xb5, 0xff, 0x2a, 0xc4, 0xb5, 0xff,
  0x2a, 0xc4, 0xb5, 0xff, 0x2a, 0xc4, 0xb5, 0xff, 0x2a, 0xc4, 0xb5, 0xff, 0x29, 0xc4, 0xb5, 0xff,
  0x22, 0xc2, 0xb3, 0xff, 0x21, 0xc2, 0xb2, 0xff, 0x21, 0xc2, 0xb2, 0xff, 0x21, 0xc2, 0xb2, 0xff,
  0x22, 0xc2, 0xb3, 0xff, 0x29, 0xc4, 0xb5, 0xff, 0x2a, 0xc4, 0xb5, 0xff, 0x2a, 0xc4, 0xb5, 0xff,
  0x2a, 0xc4, 0xb5, 0xff, 0x2a, 0xc4, 0xb5, 0xff, 0x2a, 0xc4, 0xb5, 0xff, 0x2a, 0xc4, 0xb5, 0xff,
  0x2a, 0xc4, 0xb5, 0xff, 0x2a, 0xc4, 0xb5, 0xff, 0x2a, 0xc4, 0xb5, 0xff, 0x2c, 0xc5, 0xb6, 0xff,
  0x1f, 0xc1, 0xb2, 0xff, 0x5f, 0xd3, 0xc7, 0xfc, 0xff, 0xff, 0xff, 0xf5, 0xfc, 0xff, 0xfd, 0xf5,
  0xfb, 0xfd, 0xfd, 0xf5, 0xff, 0xff, 0xff, 0xf4, 0xc6, 0xee, 0xeb, 0xf8, 0x21, 0xc2, 0xb2, 0xff,
  0x2c, 0xc4, 0xb6, 0xff, 0x2a, 0xc4, 0xb5, 0xff, 0x2a, 0xc4, 0xb5, 0xff, 0x2a, 0xc4, 0xb5, 0xff,
  0x2a, 0xc4, 0xb5, 0xff, 0x2a, 0xc4, 0xb5, 0xff, 0x2a, 0xc4, 0xb5, 0xff, 0x2a, 0xc4, 0xb5, 0xff,
  0x2a, 0xc4, 0xb5, 0xff, 0x2a, 0xc4, 0xb5, 0xff, 0x2a, 0xc4, 0xb5, 0xff, 0x2c, 0xc4, 0xb6, 0xff,
  0x2d, 0xc5, 0xb6, 0xff, 0x2e, 0xc5, 0xb6, 0xff, 0x2d, 0xc5, 0xb6, 0xff, 0x2c, 0xc5, 0xb6, 0xff,
  0x2a, 0xc4, 0xb5, 0xff, 0x2a, 0xc4, 0xb5, 0xff, 0x2a, 0xc4, 0xb5, 0xff, 0x2a, 0xc4, 0xb5, 0xff,
  0x2a, 0xc4, 0xb5, 0xff, 0x2a, 0xc4, 0xb5, 0xff, 0x2a, 0xc4, 0xb5, 0xff, 0x2a, 0xc4, 0xb5, 0xff,
  0x2a, 0xc4, 0xb5, 0xff, 0x2a, 0xc4, 0xb5, 0xff, 0x2a, 0xc4, 0xb5, 0xff, 0x2a, 0xc4, 0xb5, 0xff,
  0x2a, 0xc4, 0xb5, 0xff, 0x2a, 0xc4, 0xb5, 0xff, 0x2a, 0xc4, 0xb5, 0xff, 0x2a, 0xc4, 0xb5, 0xff,
  0x2a, 0xc4, 0xb5, 0xff, 0x2a, 0xc4, 0xb5, 0xff, 0x2a, 0xc4, 0xb5, 0xff, 0x2a, 0xc4, 0xb5, 0xff,
  0x2a, 0xc4, 0xb5, 0xff, 0x2a, 0xc4, 0xb5, 0xff, 0x2a, 0xc4, 0xb5, 0xff, 0x2a, 0xc4, 0xb5, 0xff,
  0x2a, 0xc4, 0xb5, 0xff, 0x2a, 0xc4, 0xb5, 0xff, 0x2a, 0xc4, 0xb5, 0xff, 0x2a, 0xc4, 0xb5, 0xff,
  0x2a, 0xc3, 0xb4, 0xfe, 0x2a, 0xc7, 0xb8, 0xff, 0x4a, 0xd4, 0xc8, 0xa8, 0x64, 0xe0, 0xd6, 0x8c,
  0x55, 0xd1, 0xca, 0x27, 0x00, 0x00, 0x00, 0x00, 0x7f, 0x7f, 0x7f, 0x02, 0x00, 0x00, 0x00, 0x00,
  0x00, 0x00, 0x00, 0x00, 0x00, 0xff, 0x00, 0x01, 0x00, 0x00, 0x00, 0x00, 0x45, 0xb9, 0xb9, 0x0b,
  0x60, 0xdf, 0xd3, 0x81, 0x58, 0xdb, 0xcf, 0x96, 0x2b, 0xc5, 0xb5, 0xf7, 0x2a, 0xc5, 0xb6, 0xff,
  0x2a, 0xc4, 0xb5, 0xfe, 0x2a, 0xc4, 0xb5, 0xff, 0x2a, 0xc4, 0xb5, 0xff, 0x2a, 0xc4, 0xb5, 0xff,
  0x2a, 0xc4, 0xb5, 0xff, 0x2a, 0xc4, 0xb5, 0xff, 0x2a, 0xc4, 0xb5, 0xff, 0x2a, 0xc4, 0xb5, 0xff,
  0x2a, 0xc4, 0xb5, 0xff, 0x2a, 0xc4, 0xb5, 0xff, 0x2a, 0xc4, 0xb5, 0xff, 0x2a, 0xc4, 0xb5, 0xff,
  0x2a, 0xc4, 0xb5, 0xff, 0x2a, 0xc4, 0xb5, 0xff, 0x2a, 0xc4, 0xb5, 0xff, 0x2a, 0xc4, 0xb5, 0xff,
  0x2a, 0xc4, 0xb5, 0xff, 0x2a, 0xc4, 0xb5, 0xff, 0x2a, 0xc4, 0xb5, 0xff, 0x2a, 0xc4, 0xb5, 0xff,
  0x2a, 0xc4, 0xb5, 0xff, 0x2a, 0xc4, 0xb5, 0xff, 0x2a, 0xc4, 0xb5, 0xff, 0x2a, 0xc4, 0xb5, 0xff,
  0x2a, 0xc4, 0xb5, 0xff, 0x2a, 0xc4, 0xb5, 0xff, 0x29, 0xc4, 0xb5, 0xff, 0x2d, 0xc5, 0xb6, 0xff,
  0x52, 0xd1, 0xc4, 0xfa, 0x56, 0xd2, 0xc5, 0xfa, 0x55, 0xd2, 0xc5, 0xfa, 0x56, 0xd2, 0xc5, 0xfa,
  0x52, 0xd1, 0xc4, 0xfa, 0x2d, 0xc5, 0xb6, 0xff, 0x29, 0xc4, 0xb5, 0xff, 0x2a, 0xc4, 0xb5, 0xff,
  0x2a, 0xc4, 0xb5, 0xff, 0x2a, 0xc4, 0xb5, 0xff, 0x2a, 0xc4, 0xb5, 0xff, 0x2a, 0xc4, 0xb5, 0xff,
  0x2a, 0xc4, 0xb5, 0xff, 0x2a, 0xc4, 0xb5, 0xff, 0x2a, 0xc4, 0xb5, 0xff, 0x2c, 0xc5, 0xb6, 0xff,
  0x1f, 0xc1, 0xb2, 0xff, 0x5f, 0xd3, 0xc7, 0xfc, 0xff, 0xff, 0xff, 0xf5, 0xfc, 0xff, 0xfd, 0xf5,
  0xfb, 0xfd, 0xfd, 0xf5, 0xff, 0xff, 0xff, 0xf4, 0xc6, 0xee, 0xeb, 0xf8, 0x21, 0xc2, 0xb2, 0xff,
  0x2c, 0xc4, 0xb6, 0xff, 0x2a, 0xc4, 0xb5, 0xff, 0x2a, 0xc4, 0xb5, 0xff, 0x2a, 0xc4, 0xb5, 0xff,
  0x2a, 0xc4, 0xb5, 0xff, 0x2a, 0xc4, 0xb5, 0xff, 0x2a, 0xc4, 0xb5, 0xff, 0x2a, 0xc4, 0xb5, 0xff,
  0x2a, 0xc4, 0xb5, 0xff, 0x2a, 0xc4, 0xb5, 0xff, 0x2a, 0xc4, 0xb5, 0xff, 0x22, 0xc2, 0xb3, 0xff,
  0x1e, 0xc1, 0xb1, 0xff, 0x1a, 0xc0, 0xb0, 0xff, 0x1e, 0xc1, 0xb1, 0xff, 0x1f, 0xc1, 0xb2, 0xff,
  0x29, 0xc4, 0xb5, 0xff, 0x2a, 0xc4, 0xb5, 0xff, 0x2a, 0xc4, 0xb5, 0xff, 0x2a, 0xc4, 0xb5, 0xff,
  0x2a, 0xc4, 0xb5, 0xff, 0x2a, 0xc4, 0xb5, 0xff, 0x2a, 0xc4, 0xb5, 0xff, 0x2a, 0xc4, 0xb5, 0xff,
  0x2a, 0xc4, 0xb5, 0xff, 0x2a, 0xc4, 0xb5, 0xff, 0x2a, 0xc4, 0xb5, 0xff, 0x2a, 0xc4, 0xb5, 0xff,
  0x2a, 0xc4, 0xb5, 0xff, 0x2a, 0xc4, 0xb5, 0xff, 0x2a, 0xc4, 0xb5, 0xff, 0x2a, 0xc4, 0xb5, 0xff,
  0x2a, 0xc4, 0xb5, 0xff, 0x2a, 0xc4, 0xb5, 0xff, 0x2a, 0xc4, 0xb5, 0xff, 0x2a, 0xc4, 0xb5, 0xff,
  0x2a, 0xc4, 0xb5, 0xff, 0x2a, 0xc4, 0xb5, 0xff, 0x2a, 0xc4, 0xb5, 0xff, 0x2a, 0xc4, 0xb5, 0xff,
  0x2a, 0xc4, 0xb5, 0xff, 0x2a, 0xc4, 0xb5, 0xff, 0x2a, 0xc4, 0xb5, 0xff, 0x2a, 0xc4, 0xb5, 0xff,
  0x2a, 0xc3, 0xb4, 0xfe, 0x2a, 0xc7, 0xb8, 0xff, 0x4a, 0xd4, 0xc8, 0xa8, 0x64, 0xe0, 0xd6, 0x8c,
  0x55, 0xd1, 0xca, 0x27, 0x00, 0x00, 0x00, 0x00, 0x7f, 0x7f, 0x7f, 0x02, 0x00, 0x00, 0x00, 0x00,
  0x00, 0x00, 0x00, 0x00, 0x00, 0xff, 0x00, 0x01, 0x00, 0x00, 0x00, 0x00, 0x45, 0xb9, 0xb9, 0x0b,
  0x60, 0xdf, 0xd3, 0x81, 0x58, 0xdb, 0xcf, 0x96, 0x2b, 0xc5, 0xb5, 0xf7, 0x2a, 0xc5, 0xb6, 0xff,
  0x2a, 0xc4, 0xb5, 0xfe, 0x2a, 0xc4, 0xb5, 0xff, 0x2a, 0xc4, 0xb5, 0xff, 0x2a, 0xc4, 0xb5, 0xff,
  0x2a, 0xc4, 0xb5, 0xff, 0x2a, 0xc4, 0xb5, 0xff, 0x2a, 0xc4, 0xb5, 0xff, 0x2a, 0xc4, 0xb5, 0xff,
  0x2a, 0xc4, 0xb5, 0xff, 0x2a, 0xc4, 0xb5, 0xff, 0x2a, 0xc4, 0xb5, 0xff, 0x2a, 0xc4, 0xb5, 0xff,
  0x2a, 0xc4, 0xb5, 0xff, 0x2a, 0xc4, 0xb5, 0xff, 0x2a, 0xc4, 0xb5, 0xff, 0x2a, 0xc4, 0xb5, 0xff,
  0x2a, 0xc4, 0xb5, 0xff, 0x2a, 0xc4, 0xb5, 0xff, 0x2a, 0xc4, 0xb5, 0xff, 0x2a, 0xc4, 0xb5, 0xff,
  0x2a, 0xc4, 0xb5, 0xff, 0x2a, 0xc4, 0xb5, 0xff, 0x2a, 0xc4, 0xb5, 0xff, 0x2a, 0xc4, 0xb5, 0xff,
  0x2a, 0xc4, 0xb5, 0xff, 0x2b, 0xc4, 0xb5, 0xff, 0x27, 0xc3, 0xb4, 0xff, 0x36, 0xc7, 0xb8, 0xfe,
  0xda, 0xfd, 0xf8, 0xeb, 0xea, 0xff, 0xfd, 0xea, 0xe5, 0xff, 0xfc, 0xea, 0xeb, 0xff, 0xfd, 0xea,
  0xda, 0xfd, 0xf8, 0xeb, 0x35, 0xc7, 0xb8, 0xfe, 0x27, 0xc3, 0xb4, 0xff, 0x2b, 0xc4, 0xb5, 0xff,
  0x2a, 0xc4, 0xb5, 0xff, 0x2a, 0xc4, 0xb5, 0xff, 0x2a, 0xc4, 0xb5, 0xff, 0x2a, 0xc4, 0xb5, 0xff,
  0x2a, 0xc4, 0xb5, 0xff, 0x2a, 0xc4, 0xb5, 0xff, 0x2a, 0xc4, 0xb5, 0xff, 0x2c, 0xc5, 0xb6, 0xff,
  0x1f, 0xc1, 0xb2, 0xff, 0x5f, 0xd3, 0xc7, 0xfc, 0xff, 0xff, 0xff, 0xf5, 0xfc, 0xff, 0xfd, 0xf5,
  0xfb, 0xfd, 0xfd, 0xf5, 0xff, 0xff, 0xff, 0xf4, 0xc6, 0xee, 0xeb, 0xf8, 0x21, 0xc2, 0xb2, 0xff,
  0x2c, 0xc4, 0xb6, 0xff, 0x2a, 0xc4, 0xb5, 0xff, 0x2a, 0xc4, 0xb5, 0xff, 0x2a, 0xc4, 0xb5, 0xff,
  0x2a, 0xc4, 0xb5, 0xff, 0x2a, 0xc4, 0xb5, 0xff, 0x2a, 0xc4, 0xb5, 0xff, 0x2a, 0xc4, 0xb5, 0xff,
  0x2b, 0xc4, 0xb5, 0xff, 0x28, 0xc3, 0xb4, 0xff, 0x32, 0xc6, 0xb7, 0xff, 0xbf, 0xed, 0xe9, 0xf8,
  0xaf, 0xe8, 0xe2, 0xf9, 0x8f, 0xe0, 0xd8, 0xfa, 0x6d, 0xd6, 0xcc, 0xfc, 0x5a, 0xd1, 0xc5, 0xfd,
  0x2f, 0xc5, 0xb7, 0xff, 0x29, 0xc4, 0xb5, 0xff, 0x2a, 0xc4, 0xb5, 0xff, 0x2a, 0xc4, 0xb5, 0xff,
  0x2a, 0xc4, 0xb5, 0xff, 0x2a, 0xc4, 0xb5, 0xff, 0x2a, 0xc4, 0xb5, 0xff, 0x2a, 0xc4, 0xb5, 0xff,
  0x2a, 0xc4, 0xb5, 0xff, 0x2a, 0xc4, 0xb5, 0xff, 0x2a, 0xc4, 0xb5, 0xff, 0x2a, 0xc4, 0xb5, 0xff,
  0x2a, 0xc4, 0xb5, 0xff, 0x2a, 0xc4, 0xb5, 0xff, 0x2a, 0xc4, 0xb5, 0xff, 0x2a, 0xc4, 0xb5, 0xff,
  0x2a, 0xc4, 0xb5, 0xff, 0x2a, 0xc4, 0xb5, 0xff, 0x2a, 0xc4, 0xb5, 0xff, 0x2a, 0xc4, 0xb5, 0xff,
  0x2a, 0xc4, 0xb5, 0xff, 0x2a, 0xc4, 0xb5, 0xff, 0x2a, 0xc4, 0xb5, 0xff, 0x2a, 0xc4, 0xb5, 0xff,
  0x2a, 0xc4, 0xb5, 0xff, 0x2a, 0xc4, 0xb5, 0xff, 0x2a, 0xc4, 0xb5, 0xff, 0x2a, 0xc4, 0xb5, 0xff,
  0x2a, 0xc3, 0xb4, 0xfe, 0x2a, 0xc7, 0xb8, 0xff, 0x4a, 0xd4, 0xc8, 0xa8, 0x64, 0xe0, 0xd6, 0x8c,
  0x55, 0xd1, 0xca, 0x27, 0x00, 0x00, 0x00, 0x00, 0x7f, 0x7f, 0x7f, 0x02, 0x00, 0x00, 0x00, 0x00,
  0x00, 0x00, 0x00, 0x00, 0x00, 0xff, 0x00, 0x01, 0x00, 0x00, 0x00, 0x00, 0x45, 0xb9, 0xb9, 0x0b,
  0x60, 0xdf, 0xd3, 0x81, 0x58, 0xdb, 0xcf, 0x96, 0x2b, 0xc5, 0xb5, 0xf7, 0x2a, 0xc5, 0xb6, 0xff,
  0x2a, 0xc4, 0xb5, 0xfe, 0x2a, 0xc4, 0xb5, 0xff, 0x2a, 0xc4, 0xb5, 0xff, 0x2a, 0xc4, 0xb5, 0xff,
  0x2a, 0xc4, 0xb5, 0xff, 0x2a, 0xc4, 0xb5, 0xff, 0x2a, 0xc4, 0xb5, 0xff, 0x2a, 0xc4, 0xb5, 0xff,
  0x2a, 0xc4, 0xb5, 0xff, 0x2a, 0xc4, 0xb5, 0xff, 0x2a, 0xc4, 0xb5, 0xff, 0x2a, 0xc4, 0xb5, 0xff,
  0x2a, 0xc4, 0xb5, 0xff, 0x2a, 0xc4, 0xb5, 0xff, 0x2a, 0xc4, 0xb5, 0xff, 0x2a, 0xc4, 0xb5, 0xff,
  0x2a, 0xc4, 0xb5, 0xff, 0x2a, 0xc4, 0xb5, 0xff, 0x2a, 0xc4, 0xb5, 0xff, 0x2a, 0xc4, 0xb5, 0xff,
  0x2a, 0xc4, 0xb5, 0xff, 0x2a, 0xc4, 0xb5, 0xff, 0x2a, 0xc4, 0xb5, 0xff, 0x2a, 0xc4, 0xb5, 0xff,
  0x2a, 0xc4, 0xb5, 0xff, 0x2b, 0xc4, 0xb5, 0xff, 0x27, 0xc3, 0xb4, 0xff, 0x34, 0xc7, 0xb8, 0xfe,
  0xcd, 0xf9, 0xf4, 0xec, 0xe0, 0xff, 0xfa, 0xeb, 0xdb, 0xff, 0xf8, 0xeb, 0xdf, 0xff, 0xf9, 0xeb,
  0xd1, 0xfa, 0xf5, 0xec, 0x37, 0xc7, 0xb9, 0xfe, 0x27, 0xc3, 0xb4, 0xff, 0x2b, 0xc4, 0xb5, 0xff,
  0x2a, 0xc4, 0xb5, 0xff, 0x2a, 0xc4, 0xb5, 0xff, 0x2a, 0xc4, 0xb5, 0xff, 0x2a, 0xc4, 0xb5, 0xff,
  0x2a, 0xc4, 0xb5, 0xff, 0x2a, 0xc4, 0xb5, 0xff, 0x2a, 0xc4, 0xb5, 0xff, 0x2c, 0xc5, 0xb6, 0xff,
  0x1f, 0xc1, 0xb2, 0xff, 0x5f, 0xd3, 0xc7, 0xfc, 0xff, 0xff, 0xff, 0xf5, 0xfc, 0xff, 0xfd, 0xf5,
  0xfb, 0xfd, 0xfd, 0xf5, 0xff, 0xff, 0xff, 0xf4, 0xc6, 0xee, 0xeb, 0xf8, 0x21, 0xc2, 0xb2, 0xff,
  0x2c, 0xc4, 0xb6, 0xff, 0x2a, 0xc4, 0xb5, 0xff, 0x2a, 0xc4, 0xb5, 0xff, 0x2a, 0xc4, 0xb5, 0xff,
  0x2a, 0xc4, 0xb5, 0xff, 0x2a, 0xc4, 0xb5, 0xff, 0x2a, 0xc4, 0xb5, 0xff, 0x2a, 0xc4, 0xb5, 0xff,
  0x2c, 0xc5, 0xb6, 0xff, 0x21, 0xc2, 0xb3, 0xff, 0x52, 0xcf, 0xc2, 0xfd, 0xff, 0xff, 0xff, 0xf5,
  0xff, 0xff, 0xff, 0xf4, 0xff, 0xff, 0xff, 0xf4, 0xff, 0xff, 0xff, 0xf4, 0xe6, 0xf6, 0xf5, 0xf7,
  0x2d, 0xc5, 0xb6, 0xfe, 0x29, 0xc3, 0xb5, 0xff, 0x2b, 0xc4, 0xb5, 0xff, 0x2a, 0xc4, 0xb5, 0xff,
  0x2a, 0xc4, 0xb5, 0xff, 0x2a, 0xc4, 0xb5, 0xff, 0x2a, 0xc4, 0xb5, 0xff, 0x2a, 0xc4, 0xb5, 0xff,
  0x2a, 0xc4, 0xb5, 0xff, 0x2a, 0xc4, 0xb5, 0xff, 0x2a, 0xc4, 0xb5, 0xff, 0x2a, 0xc4, 0xb5, 0xff,
  0x2a, 0xc4, 0xb5, 0xff, 0x2a, 0xc4, 0xb5, 0xff, 0x2a, 0xc4, 0xb5, 0xff, 0x2a, 0xc4, 0xb5, 0xff,
  0x2a, 0xc4, 0xb5, 0xff, 0x2a, 0xc4, 0xb5, 0xff, 0x2a, 0xc4, 0xb5, 0xff, 0x2a, 0xc4, 0xb5, 0xff,
  0x2a, 0xc4, 0xb5, 0xff, 0x2a, 0xc4, 0xb5, 0xff, 0x2a, 0xc4, 0xb5, 0xff, 0x2a, 0xc4, 0xb5, 0xff,
  0x2a, 0xc4, 0xb5, 0xff, 0x2a, 0xc4, 0xb5, 0xff, 0x2a, 0xc4, 0xb5, 0xff, 0x2a, 0xc4, 0xb5, 0xff,
  0x2a, 0xc3, 0xb4, 0xfe, 0x2a, 0xc7, 0xb8, 0xff, 0x4a, 0xd4, 0xc8, 0xa8, 0x64, 0xe0, 0xd6, 0x8c,
  0x55, 0xd1, 0xca, 0x27, 0x00, 0x00, 0x00, 0x00, 0x7f, 0x7f, 0x7f, 0x02, 0x00, 0x00, 0x00, 0x00,
  0x00, 0x00, 0x00, 0x00, 0x00, 0xff, 0x00, 0x01, 0x00, 0x00, 0x00, 0x00, 0x45, 0xb9, 0xb9, 0x0b,
  0x60, 0xdf, 0xd3, 0x81, 0x58, 0xdb, 0xcf, 0x96, 0x2b, 0xc5, 0xb5, 0xf7, 0x2a, 0xc5, 0xb6, 0xff,
  0x2a, 0xc4, 0xb5, 0xfe, 0x2a, 0xc4, 0xb5, 0xff, 0x2a, 0xc4, 0xb5, 0xff, 0x2a, 0xc4, 0xb5, 0xff,
  0x2a, 0xc4, 0xb5, 0xff, 0x2a, 0xc4, 0xb5, 0xff, 0x2a, 0xc4, 0xb5, 0xff, 0x2a, 0xc4, 0xb5, 0xff,
  0x2a, 0xc4, 0xb5, 0xff, 0x2a, 0xc4, 0xb5, 0xff, 0x2a, 0xc4, 0xb5, 0xff, 0x2a, 0xc4, 0xb5, 0xff,
  0x2a, 0xc4, 0xb5, 0xff, 0x2a, 0xc4, 0xb5, 0xff, 0x2a, 0xc4, 0xb5, 0xff, 0x2a, 0xc4, 0xb5, 0xff,
  0x2a, 0xc4, 0xb5, 0xff, 0x2a, 0xc4, 0xb5, 0xff, 0x2a, 0xc4, 0xb5, 0xff, 0x2a, 0xc4, 0xb5, 0xff,
  0x2a, 0xc4, 0xb5, 0xff, 0x2a, 0xc4, 0xb5, 0xff, 0x2a, 0xc4, 0xb5, 0xff, 0x2a, 0xc4, 0xb5, 0xff,
  0x2a, 0xc4, 0xb5, 0xff, 0x2a, 0xc4, 0xb5, 0xff, 0x2c, 0xc4, 0xb5, 0xff, 0x24, 0xc2, 0xb3, 0xff,
  0xb0, 0xf0, 0xe7, 0xf0, 0xe8, 0xff, 0xfd, 0xea, 0xdc, 0xff, 0xf8, 0xeb, 0xdc, 0xff, 0xf9, 0xeb,
  0xe5, 0xff, 0xfc, 0xea, 0x52, 0xd1, 0xc4, 0xfa, 0x21, 0xc2, 0xb2, 0xff, 0x2c, 0xc4, 0xb6, 0xff,
  0x2a, 0xc4, 0xb5, 0xff, 0x2a, 0xc4, 0xb5, 0xff, 0x2a, 0xc4, 0xb5, 0xff, 0x2a, 0xc4, 0xb5, 0xff,
  0x2a, 0xc4, 0xb5, 0xff, 0x2a, 0xc4, 0xb5, 0xff, 0x2a, 0xc4, 0xb5, 0xff, 0x2c, 0xc5, 0xb6, 0xff,
  0x1f, 0xc1, 0xb2, 0xff, 0x5f, 0xd3, 0xc7, 0xfc, 0xff, 0xff, 0xff, 0xf5, 0xfc, 0xff, 0xfd, 0xf5,
  0xfb, 0xfd, 0xfd, 0xf5, 0xff, 0xff, 0xff, 0xf4, 0xc6, 0xee, 0xeb, 0xf8, 0x21, 0xc2, 0xb2, 0xff,
  0x2c, 0xc4, 0xb6, 0xff, 0x2a, 0xc4, 0xb5, 0xff, 0x2a, 0xc4, 0xb5, 0xff, 0x2a, 0xc4, 0xb5, 0xff,
  0x2a, 0xc4, 0xb5, 0xff, 0x2a, 0xc4, 0xb5, 0xff, 0x2a, 0xc4, 0xb5, 0xff, 0x2a, 0xc4, 0xb5, 0xff,
  0x2d, 0xc5, 0xb6, 0xff, 0x1d, 0xc0, 0xb1, 0xff, 0x77, 0xda, 0xd0, 0xfb, 0xff, 0xff, 0xff, 0xf5,
  0xf8, 0xfd, 0xfc, 0xf5, 0xf8, 0xfc, 0xfc, 0xf5, 0xff, 0xff, 0xff, 0xf4, 0xb6, 0xea, 0xe5, 0xf9,
  0x1e, 0xc1, 0xb1, 0xff, 0x2d, 0xc4, 0xb6, 0xff, 0x2a, 0xc4, 0xb5, 0xff, 0x2a, 0xc4, 0xb5, 0xff,
  0x2a, 0xc4, 0xb5, 0xff, 0x2a, 0xc4, 0xb5, 0xff, 0x2a, 0xc4, 0xb5, 0xff, 0x2a, 0xc4, 0xb5, 0xff,
  0x2a, 0xc4, 0xb5, 0xff, 0x2a, 0xc4, 0xb5, 0xff, 0x2a, 0xc4, 0xb5, 0xff, 0x2a, 0xc4, 0xb5, 0xff,
  0x2a, 0xc4, 0xb5, 0xff, 0x2a, 0xc4, 0xb5, 0xff, 0x2a, 0xc4, 0xb5, 0xff, 0x2a, 0xc4, 0xb5, 0xff,
  0x2a, 0xc4, 0xb5, 0xff, 0x2a, 0xc4, 0xb5, 0xff, 0x2a, 0xc4, 0xb5, 0xff, 0x2a, 0xc4, 0xb5, 0xff,
  0x2a, 0xc4, 0xb5, 0xff, 0x2a, 0xc4, 0xb5, 0xff, 0x2a, 0xc4, 0xb5, 0xff, 0x2a, 0xc4, 0xb5, 0xff,
  0x2a, 0xc4, 0xb5, 0xff, 0x2a, 0xc4, 0xb5, 0xff, 0x2a, 0xc4, 0xb5, 0xff, 0x2a, 0xc4, 0xb5, 0xff,
  0x2a, 0xc3, 0xb4, 0xfe, 0x2a, 0xc7, 0xb8, 0xff, 0x4a, 0xd4, 0xc8, 0xa8, 0x64, 0xe0, 0xd6, 0x8c,
  0x55, 0xd1, 0xca, 0x27, 0x00, 0x00, 0x00, 0x00, 0x7f, 0x7f, 0x7f, 0x02, 0x00, 0x00, 0x00, 0x00,
  0x00, 0x00, 0x00, 0x00, 0x00, 0xff, 0x00, 0x01, 0x00, 0x00, 0x00, 0x00, 0x45, 0xb9, 0xb9, 0x0b,
  0x60, 0xdf, 0xd3, 0x81, 0x58, 0xdb, 0xcf, 0x96, 0x2b, 0xc5, 0xb5, 0xf7, 0x2a, 0xc5, 0xb6, 0xff,
  0x2a, 0xc4, 0xb5, 0xfe, 0x2a, 0xc4, 0xb5, 0xff, 0x2a, 0xc4, 0xb5, 0xff, 0x2a, 0xc4, 0xb5, 0xff,
  0x2a, 0xc4, 0xb5, 0xff, 0x2a, 0xc4, 0xb5, 0xff, 0x2a, 0xc4, 0xb5, 0xff, 0x2a, 0xc4, 0xb5, 0xff,
  0x2a, 0xc4, 0xb5, 0xff, 0x2a, 0xc4, 0xb5, 0xff, 0x2a, 0xc4, 0xb5, 0xff, 0x2a, 0xc4, 0xb5, 0xff,
  0x2a, 0xc4, 0xb5, 0xff, 0x2a, 0xc4, 0xb5, 0xff, 0x2a, 0xc4, 0xb5, 0xff, 0x2a, 0xc4, 0xb5, 0xff,
  0x2a, 0xc4, 0xb5, 0xff, 0x2a, 0xc4, 0xb5, 0xff, 0x2a, 0xc4, 0xb5, 0xff, 0x2a, 0xc4, 0xb5, 0xff,
  0x2a, 0xc4, 0xb5, 0xff, 0x2a, 0xc4, 0xb5, 0xff, 0x2a, 0xc4, 0xb5, 0xff, 0x2a, 0xc4, 0xb5, 0xff,
  0x2a, 0xc4, 0xb5, 0xff, 0x2a, 0xc4, 0xb5, 0xff, 0x2c, 0xc4, 0xb5, 0xff, 0x22, 0xc2, 0xb3, 0xff,
  0xa8, 0xee, 0xe5, 0xf0, 0xe9, 0xff, 0xfd, 0xea, 0xdc, 0xff, 0xf8, 0xeb, 0xdc, 0xff, 0xf9, 0xeb,
  0xe8, 0xff, 0xfc, 0xea, 0x59, 0xd3, 0xc6, 0xfa, 0x21, 0xc2, 0xb2, 0xff, 0x2c, 0xc4, 0xb6, 0xff,
  0x2a, 0xc4, 0xb5, 0xff, 0x2a, 0xc4, 0xb5, 0xff, 0x2a, 0xc4, 0xb5, 0xff, 0x2a, 0xc4, 0xb5, 0xff,
  0x2a, 0xc4, 0xb5, 0xff, 0x2a, 0xc4, 0xb5, 0xff, 0x2a, 0xc4, 0xb5, 0xff, 0x2c, 0xc5, 0xb6, 0xff,
  0x1f, 0xc1, 0xb2, 0xff, 0x5f, 0xd3, 0xc7, 0xfc, 0xff, 0xff, 0xff, 0xf5, 0xfc, 0xff, 0xfd, 0xf5,
  0xfb, 0xfd, 0xfd, 0xf5, 0xff, 0xff, 0xff, 0xf4, 0xc6, 0xee, 0xeb, 0xf8, 0x21, 0xc2, 0xb2, 0xff,
  0x2c, 0xc4, 0xb6, 0xff, 0x2a, 0xc4, 0xb5, 0xff, 0x2a, 0xc4, 0xb5, 0xff, 0x2a, 0xc4, 0xb5, 0xff,
  0x2a, 0xc4, 0xb5, 0xff, 0x2a, 0xc4, 0xb5, 0xff, 0x2a, 0xc4, 0xb5, 0xff, 0x2a, 0xc4, 0xb5, 0xff,
  0x2d, 0xc5, 0xb6, 0xff, 0x1d, 0xc1, 0xb1, 0xff, 0xae, 0xe8, 0xe2, 0xf9, 0xff, 0xff, 0xff, 0xf4,
  0xfb, 0xfd, 0xfd, 0xf5, 0xfb, 0xfd, 0xfd, 0xf5, 0xff, 0xff, 0xff, 0xf4, 0x85, 0xde, 0xd5, 0xfa,
  0x1c, 0xc0, 0xb0, 0xff, 0x2e, 0xc5, 0xb6, 0xff, 0x2b, 0xc4, 0xb5, 0xff, 0x2b, 0xc4, 0xb5, 0xff,
  0x2b, 0xc4, 0xb5, 0xff, 0x2a, 0xc4, 0xb5, 0xff, 0x2a, 0xc4, 0xb5, 0xff, 0x2a, 0xc4, 0xb5, 0xff,
  0x2a, 0xc4, 0xb5, 0xff, 0x2a, 0xc4, 0xb5, 0xff, 0x2a, 0xc4, 0xb5, 0xff, 0x2a, 0xc4, 0xb5, 0xff,
  0x2a, 0xc4, 0xb5, 0xff, 0x2a, 0xc4, 0xb5, 0xff, 0x2a, 0xc4, 0xb5, 0xff, 0x2a, 0xc4, 0xb5, 0xff,
  0x2a, 0xc4, 0xb5, 0xff, 0x2a, 0xc4, 0xb5, 0xff, 0x2a, 0xc4, 0xb5, 0xff, 0x2a, 0xc4, 0xb5, 0xff,
  0x2a, 0xc4, 0xb5, 0xff, 0x2a, 0xc4, 0xb5, 0xff, 0x2a, 0xc4, 0xb5, 0xff, 0x2a, 0xc4, 0xb5, 0xff,
  0x2a, 0xc4, 0xb5, 0xff, 0x2a, 0xc4, 0xb5, 0xff, 0x2a, 0xc4, 0xb5, 0xff, 0x2a, 0xc4, 0xb5, 0xff,
  0x2a, 0xc3, 0xb4, 0xfe, 0x2a, 0xc7, 0xb8, 0xff, 0x4a, 0xd4, 0xc8, 0xa8, 0x64, 0xe0, 0xd6, 0x8c,
  0x55, 0xd1, 0xca, 0x27, 0x00, 0x00, 0x00, 0x00, 0x7f, 0x7f, 0x7f, 0x02, 0x00, 0x00, 0x00, 0x00,
  0x00, 0x00, 0x00, 0x00, 0x00, 0xff, 0x00, 0x01, 0x00, 0x00, 0x00, 0x00, 0x45, 0xb9, 0xb9, 0x0b,
  0x60, 0xdf, 0xd3, 0x81, 0x58, 0xdb, 0xcf, 0x96, 0x2b, 0xc5, 0xb5, 0xf7, 0x2a, 0xc5, 0xb6, 0xff,
  0x2a, 0xc4, 0xb5, 0xfe, 0x2a, 0xc4, 0xb5, 0xff, 0x2a, 0xc4, 0xb5, 0xff, 0x2a, 0xc4, 0xb5, 0xff,
  0x2a, 0xc4, 0xb5, 0xff, 0x2a, 0xc4, 0xb5, 0xff, 0x2a, 0xc4, 0xb5, 0xff, 0x2a, 0xc4, 0xb5, 0xff,
  0x2a, 0xc4, 0xb5, 0xff, 0x2a, 0xc4, 0xb5, 0xff, 0x2a, 0xc4, 0xb5, 0xff, 0x2a, 0xc4, 0xb5, 0xff,
  0x2a, 0xc4, 0xb5, 0xff, 0x2a, 0xc4, 0xb5, 0xff, 0x2a, 0xc4, 0xb5, 0xff, 0x2a, 0xc4, 0xb5, 0xff,
  0x2a, 0xc4, 0xb5, 0xff, 0x2a, 0xc4, 0xb5, 0xff, 0x2a, 0xc4, 0xb5, 0xff, 0x2a, 0xc4, 0xb5, 0xff,
  0x2a, 0xc4, 0xb5, 0xff, 0x2a, 0xc4, 0xb5, 0xff, 0x2a, 0xc4, 0xb5, 0xff, 0x2a, 0xc4, 0xb5, 0xff,
  0x2a, 0xc4, 0xb5, 0xff, 0x2a, 0xc4, 0xb5, 0xff, 0x2d, 0xc5, 0xb6, 0xff, 0x1e, 0xc1, 0xb1, 0xff,
  0x86, 0xe2, 0xd8, 0xf4, 0xed, 0xff, 0xff, 0xe9, 0xdb, 0xfd, 0xf8, 0xeb, 0xdb, 0xfd, 0xf8, 0xeb,
  0xed, 0xff, 0xff, 0xe9, 0x7b, 0xde, 0xd4, 0xf6, 0x1e, 0xc1, 0xb1, 0xff, 0x2d, 0xc5, 0xb6, 0xff,
  0x2a, 0xc4, 0xb5, 0xff, 0x2a, 0xc4, 0xb5, 0xff, 0x2a, 0xc4, 0xb5, 0xff, 0x2a, 0xc4, 0xb5, 0xff,
  0x2a, 0xc4, 0xb5, 0xff, 0x2a, 0xc4, 0xb5, 0xff, 0x2a, 0xc4, 0xb5, 0xff, 0x2c, 0xc5, 0xb6, 0xff,
  0x1f, 0xc1, 0xb2, 0xff, 0x5f, 0xd3, 0xc7, 0xfc, 0xff, 0xff, 0xff, 0xf5, 0xfc, 0xff, 0xfd, 0xf5,
  0xfb, 0xfd, 0xfd, 0xf5, 0xff, 0xff, 0xff, 0xf4, 0xc6, 0xee, 0xeb, 0xf8, 0x21, 0xc2, 0xb2, 0xff,
  0x2c, 0xc4, 0xb6, 0xff, 0x2a, 0xc4, 0xb5, 0xff, 0x2a, 0xc4, 0xb5, 0xff, 0x2a, 0xc4, 0xb5, 0xff,
  0x2a, 0xc4, 0xb5, 0xff, 0x2a, 0xc4, 0xb5, 0xff, 0x2a, 0xc4, 0xb5, 0xff, 0x2b, 0xc4, 0xb5, 0xff,
  0x28, 0xc3, 0xb4, 0xff, 0x31, 0xc6, 0xb7, 0xfe, 0xea, 0xf8, 0xf7, 0xf6, 0xff, 0xff, 0xff, 0xf5,
  0xfc, 0xff, 0xff, 0xf5, 0xfd, 0xff, 0xfd, 0xf5, 0xff, 0xff, 0xff, 0xf5, 0x55, 0xd0, 0xc3, 0xfc,
  0x21, 0xc1, 0xb2, 0xff, 0x25, 0xc3, 0xb4, 0xff, 0x24, 0xc2, 0xb3, 0xff, 0x28, 0xc3, 0xb4, 0xff,
  0x27, 0xc3, 0xb4, 0xff, 0x2a, 0xc4, 0xb5, 0xff, 0x2a, 0xc4, 0xb5, 0xff, 0x2a, 0xc4, 0xb5, 0xff,
  0x2a, 0xc4, 0xb5, 0xff, 0x2a, 0xc4, 0xb5, 0xff, 0x2a, 0xc4, 0xb5, 0xff, 0x2a, 0xc4, 0xb5, 0xff,
  0x2a, 0xc4, 0xb5, 0xff, 0x2a, 0xc4, 0xb5, 0xff, 0x2a, 0xc4, 0xb5, 0xff, 0x2a, 0xc4, 0xb5, 0xff,
  0x2a, 0xc4, 0xb5, 0xff, 0x2a, 0xc4, 0xb5, 0xff, 0x2a, 0xc4, 0xb5, 0xff, 0x2a, 0xc4, 0xb5, 0xff,
  0x2a, 0xc4, 0xb5, 0xff, 0x2a, 0xc4, 0xb5, 0xff, 0x2a, 0xc4, 0xb5, 0xff, 0x2a, 0xc4, 0xb5, 0xff,
  0x2a, 0xc4, 0xb5, 0xff, 0x2a, 0xc4, 0xb5, 0xff, 0x2a, 0xc4, 0xb5, 0xff, 0x2a, 0xc4, 0xb5, 0xff,
  0x2a, 0xc3, 0xb4, 0xfe, 0x2a, 0xc7, 0xb8, 0xff, 0x4a, 0xd4, 0xc8, 0xa8, 0x64, 0xe0, 0xd6, 0x8c,
  0x55, 0xd1, 0xca, 0x27, 0x00, 0x00, 0x00, 0x00, 0x7f, 0x7f, 0x7f, 0x02, 0x00, 0x00, 0x00, 0x00,
  0x00, 0x00, 0x00, 0x00, 0x00, 0xff, 0x00, 0x01, 0x00, 0x00, 0x00, 0x00, 0x3f, 0xbf, 0xbf, 0x0c,
  0x61, 0xdf, 0xd4, 0x83, 0x57, 0xd9, 0xce, 0x97, 0x2b, 0xc4, 0xb5, 0xf9, 0x2a, 0xc5, 0xb6, 0xff,
  0x2a, 0xc4, 0xb5, 0xfe, 0x2a, 0xc4, 0xb5, 0xff, 0x2a, 0xc4, 0xb5, 0xff, 0x2a, 0xc3, 0xb4, 0xfe,
  0x2a, 0xc3, 0xb4, 0xfe, 0x2a, 0xc4, 0xb5, 0xff, 0x2a, 0xc6, 0xb6, 0xff, 0x2a, 0xc5, 0xb6, 0xff,
  0x2a, 0xc5, 0xb6, 0xff, 0x2a, 0xc5, 0xb6, 0xff, 0x2a, 0xc5, 0xb6, 0xff, 0x2a, 0xc5, 0xb6, 0xff,
  0x2a, 0xc5, 0xb6, 0xff, 0x2a, 0xc5, 0xb6, 0xff, 0x2a, 0xc5, 0xb6, 0xff, 0x2a, 0xc5, 0xb6, 0xff,
  0x2a, 0xc5, 0xb6, 0xff, 0x2a, 0xc5, 0xb6, 0xff, 0x2a, 0xc5, 0xb6, 0xff, 0x2a, 0xc5, 0xb6, 0xff,
  0x2a, 0xc5, 0xb6, 0xff, 0x2a, 0xc5, 0xb6, 0xff, 0x2a, 0xc5, 0xb6, 0xff, 0x2a, 0xc5, 0xb6, 0xff,
  0x2a, 0xc5, 0xb6, 0xff, 0x2a, 0xc5, 0xb6, 0xff, 0x2d, 0xc6, 0xb7, 0xff, 0x1f, 0xc3, 0xb3, 0xff,
  0x6c, 0xda, 0xce, 0xf9, 0xeb, 0xff, 0xff, 0xe9, 0xdb, 0xfd, 0xf8, 0xeb, 0xdb, 0xfd, 0xf8, 0xeb,
  0xec, 0xff, 0xff, 0xe9, 0x95, 0xe6, 0xdd, 0xf3, 0x20, 0xc3, 0xb3, 0xff, 0x2d, 0xc6, 0xb7, 0xff,
  0x2a, 0xc5, 0xb6, 0xff, 0x2a, 0xc5, 0xb6, 0xff, 0x2a, 0xc5, 0xb6, 0xff, 0x2a, 0xc5, 0xb6, 0xff,
  0x2a, 0xc5, 0xb6, 0xff, 0x2a, 0xc5, 0xb6, 0xff, 0x2a, 0xc5, 0xb6, 0xff, 0x2c, 0xc6, 0xb7, 0xff,
  0x1f, 0xc3, 0xb3, 0xff, 0x5e, 0xd3, 0xc7, 0xfd, 0xff, 0xff, 0xff, 0xf5, 0xfc, 0xff, 0xfd, 0xf5,
  0xfb, 0xfd, 0xfd, 0xf5, 0xff, 0xff, 0xff, 0xf4, 0xc6, 0xee, 0xeb, 0xf8, 0x21, 0xc4, 0xb3, 0xff,
  0x2c, 0xc5, 0xb7, 0xff, 0x2a, 0xc5, 0xb6, 0xff, 0x2a, 0xc5, 0xb6, 0xff, 0x2a, 0xc5, 0xb6, 0xff,
  0x2a, 0xc5, 0xb6, 0xff, 0x2a, 0xc5, 0xb6, 0xff, 0x2a, 0xc5, 0xb6, 0xff, 0x2d, 0xc7, 0xb8, 0xff,
  0x1d, 0xc2, 0xb2, 0xff, 0x76, 0xd9, 0xd0, 0xfb, 0xff, 0xff, 0xff, 0xf4, 0xfb, 0xfd, 0xfd, 0xf5,
  0xfd, 0xff, 0xff, 0xf5, 0xff, 0xff, 0xff, 0xf4, 0xde, 0xf5, 0xf3, 0xf8, 0x2c, 0xc6, 0xb7, 0xff,
  0x27, 0xc4, 0xb5, 0xff, 0x4c, 0xcf, 0xc2, 0xfb, 0x48, 0xce, 0xc1, 0xfb, 0x32, 0xc6, 0xb7, 0xfe,
  0x36, 0xc7, 0xb8, 0xfe, 0x28, 0xc4, 0xb5, 0xff, 0x2a, 0xc5, 0xb6, 0xff, 0x2b, 0xc5, 0xb6, 0xff,
  0x2a, 0xc5, 0xb6, 0xff, 0x2a, 0xc5, 0xb6, 0xff, 0x2a, 0xc5, 0xb6, 0xff, 0x2a, 0xc5, 0xb6, 0xff,
  0x2a, 0xc5, 0xb6, 0xff, 0x2a, 0xc5, 0xb6, 0xff, 0x2a, 0xc5, 0xb6, 0xff, 0x2a, 0xc5, 0xb6, 0xff,
  0x2a, 0xc5, 0xb6, 0xff, 0x2a, 0xc5, 0xb6, 0xff, 0x2a, 0xc5, 0xb6, 0xff, 0x2a, 0xc5, 0xb6, 0xff,
  0x2a, 0xc5, 0xb6, 0xff, 0x2a, 0xc6, 0xb6, 0xff, 0x2a, 0xc5, 0xb6, 0xff, 0x2a, 0xc3, 0xb4, 0xfe,
  0x2a, 0xc3, 0xb4, 0xfe, 0x2a, 0xc3, 0xb4, 0xfe, 0x2a, 0xc4, 0xb5, 0xff, 0x2a, 0xc4, 0xb5, 0xff,
  0x2a, 0xc3, 0xb4, 0xfe, 0x2a, 0xc8, 0xb9, 0xff, 0x49, 0xd4, 0xc8, 0xa9, 0x63, 0xe0, 0xd7, 0x8d,
  0x57, 0xd3, 0xcd, 0x29, 0x00, 0x00, 0x00, 0x00, 0x7f, 0x7f, 0x7f, 0x02, 0x00, 0x00, 0x00, 0x00,
  0x00, 0x00, 0x00, 0x00, 0x00, 0xff, 0x00, 0x01, 0x00, 0xff, 0xff, 0x01, 0x55, 0xaa, 0xaa, 0x06,
  0x5f, 0xdc, 0xd3, 0x75, 0x5e, 0xdd, 0xd3, 0x92, 0x2e, 0xc6, 0xb7, 0xeb, 0x2a, 0xc7, 0xb8, 0xff,
  0x2a, 0xc3, 0xb4, 0xfe, 0x2a, 0xc3, 0xb4, 0xfe, 0x2a, 0xc6, 0xb6, 0xff, 0x2c, 0xca, 0xba, 0xff,
  0x2b, 0xc9, 0xba, 0xff, 0x2a, 0xc3, 0xb4, 0xfe, 0x28, 0xc2, 0xb3, 0xf9, 0x29, 0xc2, 0xb3, 0xfa,
  0x29, 0xc2, 0xb4, 0xf9, 0x29, 0xc2, 0xb4, 0xf9, 0x29, 0xc2, 0xb4, 0xf9, 0x29, 0xc2, 0xb4, 0xf9,
  0x29, 0xc2, 0xb4, 0xf9, 0x29, 0xc2, 0xb4, 0xf9, 0x29, 0xc2, 0xb4, 0xf9, 0x29, 0xc2, 0xb4, 0xf9,
  0x29, 0xc2, 0xb4, 0xf9, 0x29, 0xc2, 0xb4, 0xf9, 0x29, 0xc2, 0xb4, 0xf9, 0x29, 0xc2, 0xb4, 0xf9,
  0x29, 0xc2, 0xb4, 0xf9, 0x29, 0xc2, 0xb4, 0xf9, 0x29, 0xc2, 0xb4, 0xf9, 0x29, 0xc2, 0xb4, 0xf9,
  0x29, 0xc2, 0xb4, 0xf9, 0x29, 0xc2, 0xb4, 0xf9, 0x2b, 0xc2, 0xb5, 0xf9, 0x22, 0xc1, 0xb2, 0xf9,
  0x43, 0xcb, 0xbd, 0xf8, 0xdd, 0xfd, 0xf8, 0xec, 0xde, 0xff, 0xf9, 0xeb, 0xdd, 0xff, 0xf9, 0xeb,
  0xe4, 0xff, 0xfb, 0xeb, 0xc1, 0xf5, 0xee, 0xed, 0x29, 0xc2, 0xb4, 0xf9, 0x28, 0xc1, 0xb3, 0xfa,
  0x29, 0xc2, 0xb4, 0xf9, 0x29, 0xc2, 0xb4, 0xf9, 0x29, 0xc2, 0xb4, 0xf9, 0x29, 0xc2, 0xb4, 0xf9,
  0x29, 0xc2, 0xb4, 0xf9, 0x29, 0xc2, 0xb4, 0xf9, 0x29, 0xc2, 0xb4, 0xf9, 0x2b, 0xc2, 0xb4, 0xfa,
  0x1e, 0xbf, 0xb1, 0xf9, 0x5f, 0xd2, 0xc6, 0xf8, 0xff, 0xff, 0xff, 0xf5, 0xfc, 0xff, 0xfd, 0xf5,
  0xfb, 0xfd, 0xfd, 0xf5, 0xff, 0xff, 0xff, 0xf4, 0xc7, 0xee, 0xeb, 0xf7, 0x20, 0xc0, 0xb1, 0xf9,
  0x2b, 0xc1, 0xb4, 0xfa, 0x29, 0xc2, 0xb4, 0xf9, 0x29, 0xc2, 0xb4, 0xf9, 0x29, 0xc2, 0xb4, 0xf9,
  0x29, 0xc2, 0xb4, 0xf9, 0x29, 0xc2, 0xb4, 0xf9, 0x29, 0xc2, 0xb3, 0xfa, 0x29, 0xc2, 0xb4, 0xfa,
  0x28, 0xc2, 0xb2, 0xf8, 0xdd, 0xf5, 0xf3, 0xf7, 0xff, 0xff, 0xff, 0xf4, 0xfd, 0xff, 0xff, 0xf5,
  0xfb, 0xfd, 0xfc, 0xf5, 0xff, 0xff, 0xff, 0xf5, 0x93, 0xe1, 0xd9, 0xf7, 0x18, 0xbe, 0xae, 0xf9,
  0x32, 0xc5, 0xb7, 0xf9, 0xcf, 0xf9, 0xf4, 0xec, 0xe1, 0xff, 0xfa, 0xeb, 0xcf, 0xfa, 0xf4, 0xec,
  0xd4, 0xfc, 0xf6, 0xec, 0xb2, 0xf0, 0xe8, 0xef, 0x37, 0xc7, 0xb9, 0xf8, 0x25, 0xc1, 0xb3, 0xf9,
  0x2b, 0xc2, 0xb4, 0xf9, 0x29, 0xc2, 0xb4, 0xf9, 0x29, 0xc2, 0xb4, 0xf9, 0x29, 0xc2, 0xb4, 0xf9,
  0x29, 0xc2, 0xb4, 0xf9, 0x29, 0xc2, 0xb4, 0xf9, 0x29, 0xc2, 0xb4, 0xf9, 0x29, 0xc2, 0xb4, 0xf9,
  0x29, 0xc2, 0xb4, 0xf9, 0x29, 0xc2, 0xb4, 0xf9, 0x29, 0xc2, 0xb4, 0xf9, 0x29, 0xc2, 0xb4, 0xf9,
  0x29, 0xc2, 0xb3, 0xfa, 0x28, 0xc2, 0xb4, 0xf9, 0x29, 0xc3, 0xb4, 0xfc, 0x2b, 0xc9, 0xb9, 0xff,
  0x2c, 0xca, 0xba, 0xff, 0x2b, 0xc7, 0xb8, 0xff, 0x2a, 0xc3, 0xb4, 0xfe, 0x2a, 0xc4, 0xb5, 0xfe,
  0x2a, 0xc4, 0xb5, 0xff, 0x2a, 0xc6, 0xb6, 0xfb, 0x51, 0xd6, 0xcb, 0x9f, 0x62, 0xde, 0xd3, 0x87,
  0x4e, 0xc4, 0xba, 0x1a, 0x00, 0x00, 0x00, 0x00, 0xff, 0xff, 0xff, 0x01, 0x00, 0x00, 0x00, 0x00,
  0x00, 0x00, 0x00, 0x00, 0x00, 0x00, 0x00, 0x00, 0x00, 0xff, 0xff, 0x01, 0x00, 0x00, 0x00, 0x00,
  0x5c, 0xd8, 0xcf, 0x6b, 0x63, 0xe2, 0xd7, 0x8d, 0x32, 0xc9, 0xba, 0xdf, 0x29, 0xc8, 0xb9, 0xff,
  0x2a, 0xc2, 0xb3, 0xfe, 0x2c, 0xca, 0xbb, 0xff, 0x2a, 0xc4, 0xb4, 0xf7, 0x27, 0xbc, 0xae, 0xdd,
  0x23, 0xb2, 0xa6, 0xc4, 0x20, 0xab, 0xa0, 0xb7, 0x1e, 0xa7, 0x9b, 0xaf, 0x1e, 0xa8, 0x9c, 0xb0,
  0x1e, 0xa8, 0x9c, 0xb0, 0x1e, 0xa8, 0x9c, 0xb0, 0x1e, 0xa8, 0x9c, 0xb0, 0x1e, 0xa8, 0x9c, 0xb0,
  0x1e, 0xa8, 0x9c, 0xb0, 0x1e, 0xa8, 0x9c, 0xb0, 0x1e, 0xa8, 0x9c, 0xb0, 0x1e, 0xa8, 0x9c, 0xb0,
  0x1e, 0xa8, 0x9c, 0xb0, 0x1e, 0xa8, 0x9c, 0xb0, 0x1e, 0xa8, 0x9c, 0xb0, 0x1e, 0xa8, 0x9c, 0xb0,
  0x1e, 0xa8, 0x9c, 0xb0, 0x1e, 0xa8, 0x9c, 0xb0, 0x1e, 0xa8, 0x9c, 0xb0, 0x1e, 0xa8, 0x9c, 0xb0,
  0x1e, 0xa8, 0x9c, 0xb0, 0x1e, 0xa8, 0x9c, 0xb0, 0x1f, 0xa8, 0x9c, 0xb0, 0x1e, 0xa6, 0x9c, 0xb0,
  0x1f, 0xa8, 0x9c, 0xb0, 0xc6, 0xf3, 0xee, 0xe2, 0xe3, 0xff, 0xfb, 0xed, 0xdd, 0xff, 0xf9, 0xea,
  0xdd, 0xff, 0xf9, 0xeb, 0xe2, 0xff, 0xfc, 0xec, 0x53, 0xbf, 0xb6, 0xbd, 0x13, 0xa3, 0x97, 0xac,
  0x21, 0xa9, 0x9f, 0xb0, 0x1e, 0xa8, 0x9c, 0xb0, 0x1e, 0xa8, 0x9c, 0xb0, 0x1e, 0xa8, 0x9c, 0xb0,
  0x1e, 0xa8, 0x9c, 0xb0, 0x1e, 0xa8, 0x9c, 0xb0, 0x1e, 0xa8, 0x9c, 0xb0, 0x22, 0xaa, 0x9f, 0xb0,
  0x0d, 0xa1, 0x94, 0xac, 0x68, 0xc4, 0xbc, 0xc1, 0xff, 0xff, 0xff, 0xf8, 0xfd, 0xff, 0xff, 0xf4,
  0xfc, 0xfd, 0xfd, 0xf4, 0xff, 0xff, 0xff, 0xf9, 0xd2, 0xed, 0xeb, 0xe3, 0x10, 0xa2, 0x96, 0xad,
  0x21, 0xa9, 0x9d, 0xb0, 0x1e, 0xa8, 0x9c, 0xb0, 0x1e, 0xa8, 0x9c, 0xb0, 0x1e, 0xa8, 0x9c, 0xb0,
  0x1e, 0xa8, 0x9c, 0xb0, 0x21, 0xa9, 0x9d, 0xb0, 0x26, 0xab, 0x9f, 0xb1, 0x00, 0x9c, 0x8e, 0xa8,
  0xa2, 0xdc, 0xd7, 0xd4, 0xff, 0xff, 0xff, 0xf9, 0xfc, 0xfd, 0xfd, 0xf4, 0xfd, 0xfd, 0xfd, 0xf5,
  0xff, 0xff, 0xff, 0xf6, 0xf4, 0xfa, 0xfa, 0xf0, 0x34, 0xb0, 0xa6, 0xb5, 0x14, 0xa3, 0x97, 0xad,
  0x35, 0xb1, 0xa6, 0xb5, 0xd5, 0xfa, 0xf5, 0xe8, 0xe0, 0xff, 0xfa, 0xec, 0xe0, 0xff, 0xfa, 0xea,
  0xe2, 0xff, 0xfb, 0xec, 0xdc, 0xfd, 0xf8, 0xe7, 0x30, 0xaf, 0xa4, 0xb4, 0x1a, 0xa5, 0x9b, 0xae,
  0x21, 0xa9, 0x9d, 0xb0, 0x1e, 0xa8, 0x9c, 0xb0, 0x1e, 0xa8, 0x9c, 0xb0, 0x1e, 0xa8, 0x9c, 0xb0,
  0x1e, 0xa8, 0x9c, 0xb0, 0x1e, 0xa8, 0x9c, 0xb0, 0x1e, 0xa8, 0x9c, 0xb0, 0x1e, 0xa8, 0x9c, 0xb0,
  0x1e, 0xa8, 0x9c, 0xb0, 0x1e, 0xa8, 0x9c, 0xb0, 0x1e, 0xa8, 0x9c, 0xb0, 0x1e, 0xa8, 0x9c, 0xb0,
  0x1e, 0xa8, 0x9c, 0xb0, 0x1e, 0xa7, 0x9b, 0xaf, 0x20, 0xaa, 0x9e, 0xb4, 0x22, 0xb0, 0xa4, 0xc0,
  0x25, 0xb7, 0xaa, 0xd7, 0x29, 0xc1, 0xb3, 0xf2, 0x2c, 0xca, 0xba, 0xff, 0x2a, 0xc5, 0xb6, 0xff,
  0x2a, 0xc4, 0xb5, 0xff, 0x2b, 0xc5, 0xb5, 0xf7, 0x58, 0xdb, 0xcf, 0x95, 0x5f, 0xdd, 0xd0, 0x83,
  0x2a, 0x94, 0x94, 0x0c, 0x00, 0x00, 0x00, 0x00, 0x00, 0xff, 0x00, 0x01, 0x00, 0x00, 0x00, 0x00,
  0x00, 0x00, 0x00, 0x00, 0x00, 0x00, 0x00, 0x00, 0x00, 0xff, 0xff, 0x02, 0x00, 0x00, 0x00, 0x00,
  0x5a, 0xd5, 0xcd, 0x5d, 0x65, 0xe2, 0xd7, 0x8d, 0x38, 0xcb, 0xbc, 0xcc, 0x2a, 0xcb, 0xbb, 0xff,
  0x2b, 0xc6, 0xb7, 0xff, 0x25, 0xb9, 0xac, 0xd5, 0x1e, 0xa7, 0x9d, 0xaf, 0x1b, 0xa1, 0x98, 0xa4,
  0x1d, 0xa2, 0x97, 0xa5, 0x1d, 0xa3, 0x98, 0xa7, 0x1e, 0xa4, 0x99, 0xa9, 0x1e, 0xa4, 0x99, 0xa9,
  0x1e, 0xa4, 0x99, 0xa9, 0x1e, 0xa4, 0x99, 0xa9, 0x1e, 0xa4, 0x99, 0xa9, 0x1e, 0xa4, 0x99, 0xa9,
  0x1e, 0xa4, 0x99, 0xa9, 0x1e, 0xa4, 0x99, 0xa9, 0x1e, 0xa4, 0x99, 0xa9, 0x1e, 0xa4, 0x99, 0xa9,
  0x1e, 0xa4, 0x99, 0xa9, 0x1e, 0xa4, 0x99, 0xa9, 0x1e, 0xa4, 0x99, 0xa9, 0x1e, 0xa4, 0x99, 0xa9,
  0x1e, 0xa4, 0x99, 0xa9, 0x1e, 0xa4, 0x99, 0xa9, 0x1e, 0xa4, 0x99, 0xa9, 0x1e, 0xa4, 0x99, 0xa9,
  0x1e, 0xa4, 0x99, 0xa9, 0x1e, 0xa4, 0x99, 0xa9, 0x1e, 0xa2, 0x99, 0xa9, 0x22, 0xa5, 0x9c, 0xaa,
  0x09, 0x9a, 0x8f, 0xa3, 0x97, 0xdd, 0xd6, 0xce, 0xe8, 0xff, 0xff, 0xf0, 0xdc, 0xfd, 0xf8, 0xea,
  0xdc, 0xfd, 0xf8, 0xea, 0xe8, 0xff, 0xff, 0xf0, 0x96, 0xdd, 0xd5, 0xcc, 0x09, 0x9a, 0x8f, 0xa3,
  0x22, 0xa6, 0x9c, 0xaa, 0x1c, 0xa3, 0x9a, 0xa8, 0x1e, 0xa4, 0x99, 0xa9, 0x1e, 0xa4, 0x99, 0xa9,
  0x1e, 0xa4, 0x99, 0xa9, 0x1e, 0xa4, 0x99, 0xa9, 0x1e, 0xa4, 0x99, 0xa9, 0x22, 0xa6, 0x9c, 0xaa,
  0x0c, 0x9d, 0x92, 0xa4, 0x69, 0xc3, 0xbb, 0xbc, 0xff, 0xff, 0xff, 0xf8, 0xfd, 0xff, 0xff, 0xf4,
  0xfc, 0xfd, 0xfd, 0xf4, 0xff, 0xff, 0xff, 0xf9, 0xd2, 0xec, 0xeb, 0xe2, 0x0f, 0x9c, 0x93, 0xa6,
  0x21, 0xa5, 0x9a, 0xaa, 0x1e, 0xa4, 0x99, 0xa9, 0x1c, 0xa2, 0x99, 0xa9, 0x1e, 0xa4, 0x99, 0xa9,
  0x21, 0xa5, 0x9b, 0xa9, 0x18, 0xa1, 0x97, 0xa7, 0x00, 0x96, 0x89, 0xa1, 0x8c, 0xd0, 0xcb, 0xc6,
  0xff, 0xff, 0xff, 0xf7, 0xfd, 0xff, 0xff, 0xf5, 0xff, 0xff, 0xff, 0xf5, 0xfc, 0xfd, 0xfd, 0xf3,
  0xff, 0xff, 0xff, 0xfb, 0xa3, 0xda, 0xd5, 0xd0, 0x07, 0x9a, 0x8f, 0xa3, 0x15, 0xa1, 0x96, 0xa6,
  0x59, 0xc0, 0xb8, 0xb9, 0xe3, 0xff, 0xfb, 0xee, 0xdd, 0xff, 0xf9, 0xea, 0xdc, 0xfd, 0xf8, 0xea,
  0xe3, 0xff, 0xfb, 0xee, 0xbf, 0xf1, 0xea, 0xde, 0x19, 0xa0, 0x97, 0xa8, 0x1e, 0xa4, 0x99, 0xa9,
  0x1e, 0xa4, 0x99, 0xa9, 0x1e, 0xa4, 0x99, 0xa9, 0x1e, 0xa4, 0x99, 0xa9, 0x1e, 0xa4, 0x99, 0xa9,
  0x1e, 0xa4, 0x99, 0xa9, 0x1e, 0xa4, 0x99, 0xa9, 0x1e, 0xa4, 0x99, 0xa9, 0x1e, 0xa4, 0x99, 0xa9,
  0x1e, 0xa4, 0x99, 0xa9, 0x1e, 0xa4, 0x99, 0xa9, 0x1e, 0xa4, 0x99, 0xa9, 0x1e, 0xa4, 0x99, 0xa9,
  0x1e, 0xa4, 0x99, 0xa9, 0x1e, 0xa4, 0x99, 0xa9, 0x1c, 0xa3, 0x99, 0xa8, 0x1d, 0xa2, 0x99, 0xa5,
  0x1b, 0xa1, 0x96, 0xa4, 0x1d, 0xa5, 0x99, 0xab, 0x23, 0xb4, 0xa7, 0xc9, 0x2a, 0xc4, 0xb4, 0xf8,
  0x2b, 0xcb, 0xbc, 0xff, 0x2f, 0xc6, 0xb8, 0xe7, 0x60, 0xde, 0xd4, 0x8f, 0x5e, 0xdb, 0xd0, 0x79,
  0x48, 0x91, 0x91, 0x07, 0x00, 0x00, 0x00, 0x00, 0x00, 0xff, 0x00, 0x01, 0x00, 0x00, 0x00, 0x00,
  0x00, 0x00, 0x00, 0x00, 0x00, 0x00, 0x00, 0x00, 0x7f, 0xff, 0xff, 0x02, 0x00, 0x00, 0x00, 0x00,
  0x53, 0xc9, 0xc2, 0x43, 0x67, 0xe2, 0xd7, 0x8d, 0x42, 0xd1, 0xc4, 0xb7, 0x28, 0xc7, 0xb8, 0xfc,
  0x22, 0xaf, 0xa3, 0xbe, 0x1b, 0xa0, 0x96, 0xa4, 0x1e, 0xa4, 0x99, 0xa9, 0x1d, 0xa5, 0x9b, 0xab,
  0x1d, 0xa5, 0x9b, 0xab, 0x1d, 0xa5, 0x9b, 0xab, 0x1e, 0xa5, 0x9a, 0xaa, 0x1e, 0xa5, 0x9a, 0xaa,
  0x1e, 0xa5, 0x9a, 0xaa, 0x1e, 0xa5, 0x9a, 0xaa, 0x1e, 0xa5, 0x9a, 0xaa, 0x1e, 0xa5, 0x9a, 0xaa,
  0x1e, 0xa5, 0x9a, 0xaa, 0x1e, 0xa5, 0x9a, 0xaa, 0x1e, 0xa5, 0x9a, 0xaa, 0x1e, 0xa5, 0x9a, 0xaa,
  0x1e, 0xa5, 0x9a, 0xaa, 0x1e, 0xa5, 0x9a, 0xaa, 0x1e, 0xa5, 0x9a, 0xaa, 0x1e, 0xa5, 0x9a, 0xaa,
  0x1e, 0xa5, 0x9a, 0xaa, 0x1e, 0xa5, 0x9a, 0xaa, 0x1e, 0xa5, 0x9a, 0xaa, 0x1e, 0xa5, 0x9a, 0xaa,
  0x1e, 0xa5, 0x9a, 0xaa, 0x1e, 0xa5, 0x9a, 0xaa, 0x1e, 0xa5, 0x9a, 0xaa, 0x20, 0xa5, 0x9c, 0xab,
  0x13, 0xa0, 0x94, 0xa8, 0x49, 0xb9, 0xb0, 0xb5, 0xdf, 0xff, 0xf9, 0xec, 0xde, 0xff, 0xf9, 0xeb,
  0xdd, 0xfd, 0xf8, 0xeb, 0xe0, 0xff, 0xfa, 0xec, 0xd3, 0xf9, 0xf3, 0xe7, 0x2b, 0xab, 0xa1, 0xae,
  0x1b, 0xa3, 0x99, 0xaa, 0x20, 0xa7, 0x9c, 0xab, 0x1e, 0xa5, 0x9a, 0xaa, 0x1e, 0xa5, 0x9a, 0xaa,
  0x1e, 0xa5, 0x9a, 0xaa, 0x1e, 0xa5, 0x9a, 0xaa, 0x1e, 0xa5, 0x9a, 0xaa, 0x22, 0xa7, 0x9c, 0xab,
  0x0c, 0x9e, 0x91, 0xa6, 0x69, 0xc3, 0xbb, 0xbd, 0xff, 0xff, 0xff, 0xf7, 0xfc, 0xff, 0xff, 0xf3,
  0xfb, 0xfd, 0xfd, 0xf3, 0xff, 0xff, 0xff, 0xf8, 0xd0, 0xeb, 0xea, 0xe2, 0x0f, 0x9e, 0x94, 0xa7,
  0x20, 0xa5, 0x9b, 0xab, 0x1e, 0xa5, 0x9a, 0xaa, 0x1f, 0xa5, 0x9b, 0xab, 0x1b, 0xa3, 0x99, 0xaa,
  0x0f, 0xa0, 0x94, 0xa7, 0x36, 0xae, 0xa5, 0xb1, 0xa7, 0xdb, 0xd7, 0xd1, 0xff, 0xff, 0xff, 0xf8,
  0xff, 0xff, 0xff, 0xf6, 0xfd, 0xfd, 0xfd, 0xf5, 0xfc, 0xfd, 0xfd, 0xf5, 0xff, 0xff, 0xff, 0xf7,
  0xf2, 0xf9, 0xf9, 0xef, 0x31, 0xac, 0xa2, 0xae, 0x1e, 0xa5, 0x9c, 0xaa, 0x0c, 0x9c, 0x91, 0xa6,
  0x94, 0xdc, 0xd4, 0xcd, 0xe8, 0xff, 0xff, 0xf0, 0xdc, 0xfd, 0xf8, 0xea, 0xdc, 0xfd, 0xf8, 0xea,
  0xe8, 0xff, 0xff, 0xf0, 0x99, 0xde, 0xd7, 0xcf, 0x09, 0x9c, 0x8f, 0xa5, 0x22, 0xa6, 0x9b, 0xac,
  0x1e, 0xa5, 0x9a, 0xaa, 0x1e, 0xa5, 0x9a, 0xaa, 0x1e, 0xa5, 0x9a, 0xaa, 0x1e, 0xa5, 0x9a, 0xaa,
  0x1e, 0xa5, 0x9a, 0xaa, 0x1e, 0xa5, 0x9a, 0xaa, 0x1e, 0xa5, 0x9a, 0xaa, 0x1e, 0xa5, 0x9a, 0xaa,
  0x1e, 0xa5, 0x9a, 0xaa, 0x1e, 0xa5, 0x9a, 0xaa, 0x1e, 0xa5, 0x9a, 0xaa, 0x1e, 0xa5, 0x9a, 0xaa,
  0x1e, 0xa5, 0x9a, 0xaa, 0x1e, 0xa5, 0x9a, 0xaa, 0x1d, 0xa5, 0x99, 0xab, 0x1d, 0xa5, 0x9b, 0xab,
  0x1d, 0xa5, 0x9b, 0xab, 0x1e, 0xa5, 0x9a, 0xaa, 0x1b, 0xa0, 0x96, 0xa4, 0x20, 0xaa, 0x9f, 0xb2,
  0x26, 0xc2, 0xb3, 0xf3, 0x36, 0xca, 0xbc, 0xd7, 0x64, 0xe1, 0xd8, 0x8b, 0x59, 0xd6, 0xc9, 0x64,
  0x00, 0x00, 0x00, 0x00, 0x00, 0xff, 0xff, 0x01, 0x00, 0x00, 0x00, 0x00, 0x00, 0x00, 0x00, 0x00,
  0x00, 0x00, 0x00, 0x00, 0x00, 0x00, 0x00, 0x00, 0xff, 0xff, 0xff, 0x01, 0x00, 0x00, 0x00, 0x00,
  0x43, 0xa7, 0xa7, 0x26, 0x61, 0xde, 0xd3, 0x8d, 0x51, 0xd7, 0xcc, 0x9c, 0x21, 0xac, 0xa0, 0xbd,
  0x1c, 0xa1, 0x97, 0xa3, 0x1d, 0xa6, 0x9b, 0xac, 0x1e, 0xa5, 0x9a, 0xaa, 0x1e, 0xa5, 0x9a, 0xaa,
  0x1e, 0xa5, 0x9a, 0xaa, 0x1e, 0xa5, 0x9a, 0xaa, 0x1e, 0xa5, 0x9a, 0xaa, 0x1e, 0xa5, 0x9a, 0xaa,
  0x1e, 0xa5, 0x9a, 0xaa, 0x1e, 0xa5, 0x9a, 0xaa, 0x1e, 0xa5, 0x9a, 0xaa, 0x1e, 0xa5, 0x9a, 0xaa,
  0x1e, 0xa5, 0x9a, 0xaa, 0x1e, 0xa5, 0x9a, 0xaa, 0x1e, 0xa5, 0x9a, 0xaa, 0x1e, 0xa5, 0x9a, 0xaa,
  0x1e, 0xa5, 0x9a, 0xaa, 0x1e, 0xa5, 0x9a, 0xaa, 0x1e, 0xa5, 0x9a, 0xaa, 0x1e, 0xa5, 0x9a, 0xaa,
  0x1e, 0xa5, 0x9a, 0xaa, 0x1e, 0xa5, 0x9a, 0xaa, 0x1e, 0xa5, 0x9a, 0xaa, 0x1e, 0xa5, 0x9a, 0xaa,
  0x1e, 0xa5, 0x9a, 0xaa, 0x1e, 0xa5, 0x9a, 0xaa, 0x1e, 0xa5, 0x9a, 0xaa, 0x1e, 0xa5, 0x9a, 0xaa,
  0x20, 0xa5, 0x9b, 0xab, 0x12, 0xa0, 0x94, 0xa7, 0xb7, 0xed, 0xe6, 0xda, 0xe5, 0xff, 0xfc, 0xef,
  0xdd, 0xff, 0xf8, 0xea, 0xdc, 0xfd, 0xf8, 0xea, 0xe6, 0xff, 0xfd, 0xf0, 0x9c, 0xe0, 0xd8, 0xd0,
  0x01, 0x97, 0x8b, 0xa3, 0x1f, 0xa5, 0x9c, 0xaa, 0x1f, 0xa6, 0x9c, 0xaa, 0x1e, 0xa5, 0x9a, 0xaa,
  0x1e, 0xa5, 0x9a, 0xaa, 0x1e, 0xa5, 0x9a, 0xaa, 0x1e, 0xa5, 0x9a, 0xaa, 0x22, 0xa7, 0x9c, 0xab,
  0x0a, 0x9e, 0x91, 0xa6, 0x6c, 0xc5, 0xbd, 0xbe, 0xff, 0xff, 0xff, 0xfc, 0xff, 0xff, 0xff, 0xf7,
  0xff, 0xff, 0xff, 0xf7, 0xff, 0xff, 0xff, 0xfd, 0xd9, 0xef, 0xee, 0xe5, 0x0f, 0x9e, 0x94, 0xa7,
  0x20, 0xa5, 0x9b, 0xab, 0x20, 0xa5, 0x9b, 0xab, 0x10, 0xa0, 0x94, 0xa7, 0x57, 0xbc, 0xb4, 0xb8,
  0xda, 0xf0, 0xee, 0xe5, 0xf5, 0xfb, 0xfa, 0xf1, 0xff, 0xff, 0xff, 0xfa, 0xfd, 0xfd, 0xfd, 0xf5,
  0xfd, 0xff, 0xfd, 0xf5, 0xfd, 0xfd, 0xfd, 0xf5, 0xfc, 0xfd, 0xfd, 0xf4, 0xff, 0xff, 0xff, 0xf8,
  0x6b, 0xc3, 0xbb, 0xbe, 0x0c, 0x9e, 0x91, 0xa6, 0x22, 0xa5, 0x9c, 0xab, 0x1f, 0xa5, 0x9a, 0xaa,
  0xc9, 0xf4, 0xef, 0xe2, 0xe3, 0xff, 0xfb, 0xed, 0xdd, 0xfd, 0xf8, 0xeb, 0xdd, 0xff, 0xf9, 0xea,
  0xe5, 0xff, 0xfd, 0xee, 0x66, 0xc6, 0xbe, 0xbe, 0x0d, 0x9e, 0x91, 0xa6, 0x20, 0xa5, 0x9c, 0xab,
  0x1e, 0xa5, 0x9a, 0xaa, 0x1e, 0xa5, 0x9a, 0xaa, 0x1e, 0xa5, 0x9a, 0xaa, 0x1e, 0xa5, 0x9a, 0xaa,
  0x1e, 0xa5, 0x9a, 0xaa, 0x1e, 0xa5, 0x9a, 0xaa, 0x1e, 0xa5, 0x9a, 0xaa, 0x1e, 0xa5, 0x9a, 0xaa,
  0x1e, 0xa5, 0x9a, 0xaa, 0x1e, 0xa5, 0x9a, 0xaa, 0x1e, 0xa5, 0x9a, 0xaa, 0x1e, 0xa5, 0x9a, 0xaa,
  0x1e, 0xa5, 0x9a, 0xaa, 0x1e, 0xa5, 0x9a, 0xaa, 0x1e, 0xa5, 0x9a, 0xaa, 0x1e, 0xa5, 0x9a, 0xaa,
  0x1e, 0xa5, 0x9a, 0xaa, 0x1e, 0xa5, 0x9a, 0xaa, 0x1d, 0xa6, 0x9b, 0xac, 0x1d, 0xa3, 0x98, 0xa4,
  0x1c, 0xa6, 0x9a, 0xb5, 0x42, 0xcd, 0xc1, 0xa9, 0x64, 0xe4, 0xd8, 0x90, 0x53, 0xc8, 0xbd, 0x46,
  0x00, 0x00, 0x00, 0x00, 0x7f, 0xff, 0xff, 0x02, 0x00, 0x00, 0x00, 0x00, 0x00, 0x00, 0x00, 0x00,
  0x00, 0x00, 0x00, 0x00, 0x00, 0x00, 0x00, 0x00, 0x00, 0xff, 0xff, 0x01, 0x00, 0x00, 0x00, 0x01,
  0x15, 0x3f, 0x3f, 0x0c, 0x5a, 0xd9, 0xce, 0x79, 0x60, 0xe0, 0xd5, 0x8e, 0x29, 0xae, 0xa3, 0x9f,
  0x1c, 0xa3, 0x99, 0xad, 0x1e, 0xa5, 0x9a, 0xaa, 0x1e, 0xa5, 0x9a, 0xaa, 0x1e, 0xa5, 0x9a, 0xaa,
  0x1e, 0xa5, 0x9a, 0xaa, 0x1e, 0xa5, 0x9a, 0xaa, 0x1e, 0xa5, 0x9a, 0xaa, 0x1e, 0xa5, 0x9a, 0xaa,
  0x1e, 0xa5, 0x9a, 0xaa, 0x1e, 0xa5, 0x9a, 0xaa, 0x1e, 0xa5, 0x9a, 0xaa, 0x1e, 0xa5, 0x9a, 0xaa,
  0x1e, 0xa5, 0x9a, 0xaa, 0x1e, 0xa5, 0x9a, 0xaa, 0x1e, 0xa5, 0x9a, 0xaa, 0x1e, 0xa5, 0x9a, 0xaa,
  0x1e, 0xa5, 0x9a, 0xaa, 0x1e, 0xa5, 0x9a, 0xaa, 0x1e, 0xa5, 0x9a, 0xaa, 0x1e, 0xa5, 0x9a, 0xaa,
  0x1e, 0xa5, 0x9a, 0xaa, 0x1e, 0xa5, 0x9a, 0xaa, 0x1e, 0xa5, 0x9a, 0xaa, 0x1e, 0xa5, 0x9a, 0xaa,
  0x1e, 0xa5, 0x9a, 0xaa, 0x1e, 0xa5, 0x9a, 0xaa, 0x1e, 0xa5, 0x9a, 0xaa, 0x1e, 0xa5, 0x9a, 0xaa,
  0x20, 0xa5, 0x9c, 0xab, 0x0f, 0x9e, 0x93, 0xa6, 0x5c, 0xc1, 0xb9, 0xbb, 0xe5, 0xff, 0xfc, 0xef,
  0xdd, 0xff, 0xf8, 0xea, 0xde, 0xff, 0xf9, 0xeb, 0xdd, 0xfd, 0xf8, 0xeb, 0xe3, 0xff, 0xfb, 0xed,
  0x83, 0xd4, 0xcd, 0xc7, 0x19, 0xa2, 0x98, 0xa9, 0x19, 0xa2, 0x98, 0xa9, 0x1f, 0xa6, 0x9c, 0xaa,
  0x1e, 0xa5, 0x9a, 0xaa, 0x1e, 0xa5, 0x9a, 0xaa, 0x1e, 0xa5, 0x9a, 0xaa, 0x1f, 0xa6, 0x9c, 0xaa,
  0x19, 0xa2, 0x98, 0xa9, 0x33, 0xad, 0xa3, 0xaf, 0x6b, 0xc3, 0xbd, 0xbe, 0x67, 0xc2, 0xbb, 0xbd,
  0x67, 0xc2, 0xbb, 0xbd, 0x6b, 0xc3, 0xbd, 0xbe, 0x57, 0xbc, 0xb4, 0xb8, 0x19, 0xa2, 0x98, 0xa9,
  0x1f, 0xa5, 0x9a, 0xaa, 0x22, 0xa7, 0x9c, 0xab, 0x0a, 0x9e, 0x91, 0xa6, 0x6b, 0xc3, 0xbb, 0xbe,
  0xff, 0xff, 0xff, 0xfc, 0xff, 0xff, 0xff, 0xf5, 0xfc, 0xfd, 0xfd, 0xf4, 0xff, 0xff, 0xff, 0xf5,
  0xfd, 0xff, 0xff, 0xf4, 0xfc, 0xfd, 0xfd, 0xf4, 0xff, 0xff, 0xff, 0xfd, 0x95, 0xd4, 0xcf, 0xcb,
  0x06, 0x9c, 0x8f, 0xa5, 0x2a, 0xaa, 0xa0, 0xad, 0x09, 0x9c, 0x8f, 0xa5, 0x74, 0xcd, 0xc5, 0xc3,
  0xe6, 0xff, 0xfd, 0xf0, 0xdc, 0xfd, 0xf8, 0xea, 0xdd, 0xfd, 0xf8, 0xeb, 0xe1, 0xff, 0xfb, 0xec,
  0xd2, 0xf9, 0xf3, 0xe5, 0x28, 0xaa, 0xa0, 0xac, 0x1b, 0xa4, 0x99, 0xa9, 0x1f, 0xa6, 0x9c, 0xaa,
  0x1e, 0xa5, 0x9a, 0xaa, 0x1e, 0xa5, 0x9a, 0xaa, 0x1e, 0xa5, 0x9a, 0xaa, 0x1e, 0xa5, 0x9a, 0xaa,
  0x1e, 0xa5, 0x9a, 0xaa, 0x1e, 0xa5, 0x9a, 0xaa, 0x1e, 0xa5, 0x9a, 0xaa, 0x1e, 0xa5, 0x9a, 0xaa,
  0x1e, 0xa5, 0x9a, 0xaa, 0x1e, 0xa5, 0x9a, 0xaa, 0x1e, 0xa5, 0x9a, 0xaa, 0x1e, 0xa5, 0x9a, 0xaa,
  0x1e, 0xa5, 0x9a, 0xaa, 0x1e, 0xa5, 0x9a, 0xaa, 0x1e, 0xa5, 0x9a, 0xaa, 0x1e, 0xa5, 0x9a, 0xaa,
  0x1e, 0xa5, 0x9a, 0xaa, 0x1e, 0xa5, 0x9a, 0xaa, 0x1e, 0xa5, 0x9a, 0xaa, 0x1c, 0xa4, 0x9a, 0xac,
  0x20, 0xa6, 0x9b, 0xa7, 0x57, 0xd6, 0xcd, 0x8c, 0x5f, 0xdf, 0xd4, 0x8b, 0x3d, 0x92, 0x8b, 0x21,
  0x00, 0x00, 0x00, 0x00, 0x00, 0xff, 0xff, 0x01, 0x00, 0x00, 0x00, 0x00, 0x00, 0x00, 0x00, 0x00,
  0x00, 0x00, 0x00, 0x00, 0x00, 0x00, 0x00, 0x00, 0x00, 0x00, 0x00, 0x00, 0x55, 0xaa, 0xaa, 0x03,
  0x00, 0x00, 0x00, 0x00, 0x4e, 0xc6, 0xbb, 0x5e, 0x65, 0xe6, 0xdc, 0x92, 0x3d, 0xc1, 0xb5, 0x99,
  0x1a, 0xa1, 0x97, 0xac, 0x1f, 0xa5, 0x9b, 0xa9, 0x1e, 0xa5, 0x9a, 0xaa, 0x1e, 0xa5, 0x9a, 0xaa,
  0x1e, 0xa5, 0x9a, 0xaa, 0x1e, 0xa5, 0x9a, 0xaa, 0x1e, 0xa5, 0x9a, 0xaa, 0x1e, 0xa5, 0x9a, 0xaa,
  0x1e, 0xa5, 0x9a, 0xaa, 0x1e, 0xa5, 0x9a, 0xaa, 0x1e, 0xa5, 0x9a, 0xaa, 0x1e, 0xa5, 0x9a, 0xaa,
  0x1e, 0xa5, 0x9a, 0xaa, 0x1e, 0xa5, 0x9a, 0xaa, 0x1e, 0xa5, 0x9a, 0xaa, 0x1e, 0xa5, 0x9a, 0xaa,
  0x1e, 0xa5, 0x9a, 0xaa, 0x1e, 0xa5, 0x9a, 0xaa, 0x1e, 0xa5, 0x9a, 0xaa, 0x1e, 0xa5, 0x9a, 0xaa,
  0x1e, 0xa5, 0x9a, 0xaa, 0x1e, 0xa5, 0x9a, 0xaa, 0x1e, 0xa5, 0x9a, 0xaa, 0x1e, 0xa5, 0x9a, 0xaa,
  0x1e, 0xa5, 0x9a, 0xaa, 0x1e, 0xa5, 0x9a, 0xaa, 0x1e, 0xa5, 0x9a, 0xaa, 0x1e, 0xa5, 0x9a, 0xaa,
  0x1e, 0xa5, 0x9a, 0xaa, 0x20, 0xa5, 0x9b, 0xab, 0x10, 0x9f, 0x93, 0xa6, 0xab, 0xe7, 0xe1, 0xd5,
  0xe6, 0xff, 0xfd, 0xf0, 0xdb, 0xfc, 0xf7, 0xea, 0xde, 0xff, 0xf9, 0xeb, 0xde, 0xff, 0xf9, 0xeb,
  0xe6, 0xff, 0xfd, 0xee, 0xcd, 0xf7, 0xf1, 0xe3, 0x4a, 0xb8, 0xb0, 0xb6, 0x13, 0xa0, 0x95, 0xa7,
  0x20, 0xa5, 0x9b, 0xab, 0x1e, 0xa5, 0x9a, 0xaa, 0x1e, 0xa5, 0x9a, 0xaa, 0x1e, 0xa5, 0x9a, 0xaa,
  0x1f, 0xa5, 0x9a, 0xaa, 0x19, 0xa2, 0x98, 0xa9, 0x0a, 0x9c, 0x91, 0xa6, 0x0c, 0x9e, 0x91, 0xa6,
  0x0c, 0x9e, 0x91, 0xa6, 0x0a, 0x9c, 0x91, 0xa6, 0x10, 0xa0, 0x94, 0xa7, 0x1f, 0xa5, 0x9a, 0xaa,
  0x1e, 0xa5, 0x9a, 0xaa, 0x22, 0xa7, 0x9c, 0xab, 0x0c, 0x9e, 0x91, 0xa6, 0x6c, 0xc5, 0xbd, 0xbe,
  0xff, 0xff, 0xff, 0xf7, 0xfc, 0xfd, 0xfd, 0xf4, 0xfd, 0xff, 0xff, 0xf4, 0xfa, 0xfc, 0xfc, 0xf4,
  0xff, 0xff, 0xff, 0xf7, 0xff, 0xff, 0xff, 0xf8, 0xa1, 0xda, 0xd5, 0xcf, 0x13, 0xa0, 0x96, 0xa8,
  0x23, 0xa7, 0x9c, 0xab, 0x0d, 0x9e, 0x93, 0xa6, 0x2e, 0xac, 0xa2, 0xae, 0xd3, 0xfa, 0xf5, 0xe6,
  0xe1, 0xff, 0xfb, 0xec, 0xdd, 0xfd, 0xf8, 0xeb, 0xdc, 0xfd, 0xf8, 0xea, 0xe7, 0xff, 0xff, 0xf0,
  0x8f, 0xd9, 0xd1, 0xcb, 0x0a, 0x9c, 0x91, 0xa5, 0x22, 0xa7, 0x9c, 0xab, 0x1e, 0xa5, 0x9a, 0xaa,
  0x1e, 0xa5, 0x9a, 0xaa, 0x1e, 0xa5, 0x9a, 0xaa, 0x1e, 0xa5, 0x9a, 0xaa, 0x1e, 0xa5, 0x9a, 0xaa,
  0x1e, 0xa5, 0x9a, 0xaa, 0x1e, 0xa5, 0x9a, 0xaa, 0x1e, 0xa5, 0x9a, 0xaa, 0x1e, 0xa5, 0x9a, 0xaa,
  0x1e, 0xa5, 0x9a, 0xaa, 0x1e, 0xa5, 0x9a, 0xaa, 0x1e, 0xa5, 0x9a, 0xaa, 0x1e, 0xa5, 0x9a, 0xaa,
  0x1e, 0xa5, 0x9a, 0xaa, 0x1e, 0xa5, 0x9a, 0xaa, 0x1e, 0xa5, 0x9a, 0xaa, 0x1e, 0xa5, 0x9a, 0xaa,
  0x1e, 0xa5, 0x9a, 0xaa, 0x1e, 0xa5, 0x9a, 0xaa, 0x1e, 0xa5, 0x9a, 0xaa, 0x1a, 0xa1, 0x97, 0xac,
  0x2d, 0xb2, 0xa7, 0xa1, 0x63, 0xe4, 0xd9, 0x8f, 0x55, 0xd1, 0xc8, 0x7a, 0x00, 0x00, 0x15, 0x0c,
  0x00, 0x00, 0x00, 0x01, 0x00, 0x00, 0x00, 0x00, 0x00, 0x00, 0x00, 0x00, 0x00, 0x00, 0x00, 0x00,
  0x00, 0x00, 0x00, 0x00, 0x00, 0x00, 0x00, 0x00, 0x00, 0x00, 0x00, 0x01, 0x00, 0x00, 0x00, 0x00,
  0x0d, 0x78, 0x6b, 0x13, 0x28, 0xac, 0xa1, 0x98, 0x5f, 0xde, 0xd3, 0x8e, 0x57, 0xd9, 0xce, 0x8e,
  0x21, 0xa8, 0x9d, 0xa8, 0x1c, 0xa4, 0x99, 0xab, 0x1e, 0xa5, 0x9a, 0xaa, 0x1e, 0xa5, 0x9a, 0xaa,
  0x1e, 0xa5, 0x9a, 0xaa, 0x1e, 0xa5, 0x9a, 0xaa, 0x1e, 0xa5, 0x9a, 0xaa, 0x1e, 0xa5, 0x9a, 0xaa,
  0x1e, 0xa5, 0x9a, 0xaa, 0x1e, 0xa5, 0x9a, 0xaa, 0x1e, 0xa5, 0x9a, 0xaa, 0x1e, 0xa5, 0x9a, 0xaa,
  0x1e, 0xa5, 0x9a, 0xaa, 0x1e, 0xa5, 0x9a, 0xaa, 0x1e, 0xa5, 0x9a, 0xaa, 0x1e, 0xa5, 0x9a, 0xaa,
  0x1e, 0xa5, 0x9a, 0xaa, 0x1e, 0xa5, 0x9a, 0xaa, 0x1e, 0xa5, 0x9a, 0xaa, 0x1e, 0xa5, 0x9a, 0xaa,
  0x1e, 0xa5, 0x9a, 0xaa, 0x1e, 0xa5, 0x9a, 0xaa, 0x1e, 0xa5, 0x9a, 0xaa, 0x1e, 0xa5, 0x9a, 0xaa,
  0x1e, 0xa5, 0x9a, 0xaa, 0x1e, 0xa5, 0x9a, 0xaa, 0x1e, 0xa5, 0x9a, 0xaa, 0x1e, 0xa5, 0x9a, 0xaa,
  0x1e, 0xa5, 0x9a, 0xaa, 0x1f, 0xa6, 0x9c, 0xaa, 0x18, 0xa1, 0x96, 0xa9, 0x2e, 0xac, 0xa2, 0xae,
  0xd5, 0xfa, 0xf5, 0xe7, 0xe4, 0xff, 0xfc, 0xed, 0xdc, 0xfd, 0xf8, 0xea, 0xde, 0xff, 0xf9, 0xeb,
  0xdb, 0xfd, 0xf8, 0xe9, 0xe8, 0xff, 0xff, 0xf0, 0x5b, 0xc1, 0xb9, 0xbb, 0x0f, 0x9e, 0x93, 0xa6,
  0x20, 0xa5, 0x9c, 0xab, 0x1e, 0xa5, 0x9a, 0xaa, 0x1e, 0xa5, 0x9a, 0xaa, 0x1e, 0xa5, 0x9a, 0xaa,
  0x1e, 0xa5, 0x9a, 0xaa, 0x1f, 0xa5, 0x9a, 0xaa, 0x22, 0xa7, 0x9c, 0xab, 0x22, 0xa7, 0x9c, 0xab,
  0x22, 0xa7, 0x9c, 0xab, 0x22, 0xa7, 0x9c, 0xab, 0x20, 0xa5, 0x9b, 0xab, 0x1e, 0xa5, 0x9a, 0xaa,
  0x1e, 0xa5, 0x9a, 0xaa, 0x23, 0xa7, 0x9c, 0xab, 0x04, 0x9b, 0x8f, 0xa4, 0x9e, 0xd8, 0xd3, 0xce,
  0xff, 0xff, 0xff, 0xfa, 0xfb, 0xfd, 0xfd, 0xf4, 0xff, 0xff, 0xff, 0xf8, 0xff, 0xff, 0xff, 0xfb,
  0xf1, 0xf9, 0xf9, 0xf0, 0x7a, 0xca, 0xc3, 0xc2, 0x03, 0x99, 0x8d, 0xa4, 0x20, 0xa5, 0x9b, 0xab,
  0x15, 0xa0, 0x94, 0xa8, 0x40, 0xb4, 0xaa, 0xb3, 0xc2, 0xf1, 0xeb, 0xdf, 0xe4, 0xff, 0xfc, 0xee,
  0xdd, 0xff, 0xf8, 0xea, 0xdd, 0xfd, 0xf8, 0xeb, 0xe0, 0xff, 0xfa, 0xec, 0xd6, 0xfb, 0xf5, 0xe7,
  0x2e, 0xac, 0xa2, 0xae, 0x19, 0xa2, 0x98, 0xa9, 0x1f, 0xa6, 0x9c, 0xaa, 0x1e, 0xa5, 0x9a, 0xaa,
  0x1e, 0xa5, 0x9a, 0xaa, 0x1e, 0xa5, 0x9a, 0xaa, 0x1e, 0xa5, 0x9a, 0xaa, 0x1e, 0xa5, 0x9a, 0xaa,
  0x1e, 0xa5, 0x9a, 0xaa, 0x1e, 0xa5, 0x9a, 0xaa, 0x1e, 0xa5, 0x9a, 0xaa, 0x1e, 0xa5, 0x9a, 0xaa,
  0x1e, 0xa5, 0x9a, 0xaa, 0x1e, 0xa5, 0x9a, 0xaa, 0x1e, 0xa5, 0x9a, 0xaa, 0x1e, 0xa5, 0x9a, 0xaa,
  0x1e, 0xa5, 0x9a, 0xaa, 0x1e, 0xa5, 0x9a, 0xaa, 0x1e, 0xa5, 0x9a, 0xaa, 0x1e, 0xa5, 0x9a, 0xaa,
  0x1e, 0xa5, 0x9a, 0xaa, 0x1e, 0xa5, 0x9a, 0xaa, 0x1e, 0xa5, 0x9a, 0xaa, 0x1c, 0xa2, 0x98, 0xab,
  0x4a, 0xcb, 0xc0, 0x94, 0x69, 0xe8, 0xdd, 0x87, 0x33, 0xb8, 0xad, 0xa3, 0x0e, 0x84, 0x7f, 0x34,
  0x00, 0x00, 0x00, 0x00, 0x00, 0x7f, 0x7f, 0x02, 0x00, 0x00, 0x00, 0x00, 0x00, 0x00, 0x00, 0x00,
  0x00, 0x00, 0x00, 0x00, 0x00, 0x00, 0x00, 0x00, 0x00, 0xaa, 0xaa, 0x03, 0x00, 0x00, 0x00, 0x00,
  0x1e, 0x9f, 0x98, 0x43, 0x1b, 0xa3, 0x98, 0xb8, 0x4b, 0xcc, 0xc1, 0x92, 0x69, 0xe8, 0xdd, 0x88,
  0x3b, 0xbe, 0xb3, 0x9b, 0x1a, 0xa1, 0x97, 0xac, 0x1f, 0xa5, 0x9b, 0xa9, 0x1e, 0xa5, 0x9a, 0xaa,
  0x1e, 0xa5, 0x9a, 0xaa, 0x1e, 0xa5, 0x9a, 0xaa, 0x1e, 0xa5, 0x9a, 0xaa, 0x1e, 0xa5, 0x9a, 0xaa,
  0x1e, 0xa5, 0x9a, 0xaa, 0x1e, 0xa5, 0x9a, 0xaa, 0x1e, 0xa5, 0x9a, 0xaa, 0x1e, 0xa5, 0x9a, 0xaa,
  0x1e, 0xa5, 0x9a, 0xaa, 0x1e, 0xa5, 0x9a, 0xaa, 0x1e, 0xa5, 0x9a, 0xaa, 0x1e, 0xa5, 0x9a, 0xaa,
  0x1e, 0xa5, 0x9a, 0xaa, 0x1e, 0xa5, 0x9a, 0xaa, 0x1e, 0xa5, 0x9a, 0xaa, 0x1e, 0xa5, 0x9a, 0xaa,
  0x1e, 0xa5, 0x9a, 0xaa, 0x1e, 0xa5, 0x9a, 0xaa, 0x1e, 0xa5, 0x9a, 0xaa, 0x1e, 0xa5, 0x9a, 0xaa,
  0x1e, 0xa5, 0x9a, 0xaa, 0x1e, 0xa5, 0x9a, 0xaa, 0x1e, 0xa5, 0x9a, 0xaa, 0x1e, 0xa5, 0x9a, 0xaa,
  0x1e, 0xa5, 0x9a, 0xaa, 0x1e, 0xa5, 0x9a, 0xaa, 0x20, 0xa7, 0x9c, 0xab, 0x12, 0x9e, 0x94, 0xa7,
  0x4d, 0xba, 0xb1, 0xb6, 0xd9, 0xfc, 0xf7, 0xe9, 0xe4, 0xff, 0xfc, 0xed, 0xdb, 0xfc, 0xf7, 0xea,
  0xdc, 0xfd, 0xf8, 0xea, 0xe5, 0xff, 0xfd, 0xee, 0x74, 0xcd, 0xc5, 0xc3, 0x0c, 0x9c, 0x91, 0xa6,
  0x20, 0xa5, 0x9c, 0xab, 0x1e, 0xa5, 0x9a, 0xaa, 0x1e, 0xa5, 0x9a, 0xaa, 0x1e, 0xa5, 0x9a, 0xaa,
  0x1e, 0xa5, 0x9a, 0xaa, 0x1e, 0xa5, 0x9a, 0xaa, 0x1e, 0xa5, 0x9a, 0xaa, 0x1e, 0xa5, 0x9a, 0xaa,
  0x1e, 0xa5, 0x9a, 0xaa, 0x1e, 0xa5, 0x9a, 0xaa, 0x1e, 0xa5, 0x9a, 0xaa, 0x1e, 0xa5, 0x9a, 0xaa,
  0x1e, 0xa5, 0x9a, 0xaa, 0x23, 0xa7, 0x9c, 0xab, 0x03, 0x99, 0x8d, 0xa4, 0xa8, 0xdb, 0xd8, 0xd2,
  0xff, 0xff, 0xff, 0xff, 0xfa, 0xfc, 0xfc, 0xf4, 0xe5, 0xf5, 0xf4, 0xea, 0xa3, 0xda, 0xd5, 0xd0,
  0x31, 0xac, 0xa2, 0xae, 0x09, 0x9c, 0x90, 0xa6, 0x26, 0xa7, 0x9d, 0xac, 0x15, 0xa0, 0x96, 0xa8,
  0x98, 0xdd, 0xd6, 0xce, 0xe1, 0xff, 0xfa, 0xed, 0xe3, 0xff, 0xfb, 0xed, 0xdd, 0xfd, 0xf8, 0xea,
  0xdf, 0xff, 0xf9, 0xeb, 0xdb, 0xfd, 0xf8, 0xe9, 0xe9, 0xff, 0xff, 0xf0, 0x8a, 0xd7, 0xd0, 0xc9,
  0x0a, 0x9c, 0x91, 0xa5, 0x22, 0xa7, 0x9c, 0xab, 0x1e, 0xa5, 0x9a, 0xaa, 0x1e, 0xa5, 0x9a, 0xaa,
  0x1e, 0xa5, 0x9a, 0xaa, 0x1e, 0xa5, 0x9a, 0xaa, 0x1e, 0xa5, 0x9a, 0xaa, 0x1e, 0xa5, 0x9a, 0xaa,
  0x1e, 0xa5, 0x9a, 0xaa, 0x1e, 0xa5, 0x9a, 0xaa, 0x1e, 0xa5, 0x9a, 0xaa, 0x1e, 0xa5, 0x9a, 0xaa,
  0x1e, 0xa5, 0x9a, 0xaa, 0x1e, 0xa5, 0x9a, 0xaa, 0x1e, 0xa5, 0x9a, 0xaa, 0x1e, 0xa5, 0x9a, 0xaa,
  0x1e, 0xa5, 0x9a, 0xaa, 0x1e, 0xa5, 0x9a, 0xaa, 0x1e, 0xa5, 0x9a, 0xaa, 0x1e, 0xa5, 0x9a, 0xaa,
  0x1e, 0xa5, 0x9a, 0xaa, 0x1e, 0xa5, 0x9a, 0xaa, 0x1a, 0xa1, 0x97, 0xac, 0x2c, 0xb1, 0xa6, 0xa2,
  0x63, 0xe3, 0xd8, 0x8a, 0x59, 0xda, 0xcf, 0x8b, 0x22, 0xa8, 0x9d, 0xb4, 0x1b, 0xa2, 0x96, 0x6e,
  0x00, 0x00, 0x00, 0x00, 0x00, 0xff, 0xff, 0x02, 0x00, 0x00, 0x00, 0x00, 0x00, 0x00, 0x00, 0x00,
  0x00, 0x00, 0x00, 0x00, 0x00, 0x00, 0x00, 0x00, 0x00, 0x7f, 0x7f, 0x02, 0x00, 0x00, 0x00, 0x00,
  0x1e, 0xa4, 0x9c, 0x74, 0x1a, 0xa2, 0x98, 0xb6, 0x2c, 0xb2, 0xa7, 0xa0, 0x63, 0xe3, 0xd8, 0x8a,
  0x59, 0xd9, 0xce, 0x8e, 0x21, 0xa8, 0x9d, 0xa8, 0x1c, 0xa4, 0x99, 0xab, 0x1e, 0xa5, 0x9a, 0xaa,
  0x1e, 0xa5, 0x9a, 0xaa, 0x1e, 0xa5, 0x9a, 0xaa, 0x1e, 0xa5, 0x9a, 0xaa, 0x1e, 0xa5, 0x9a, 0xaa,
  0x1e, 0xa5, 0x9a, 0xaa, 0x1e, 0xa5, 0x9a, 0xaa, 0x1e, 0xa5, 0x9a, 0xaa, 0x1e, 0xa5, 0x9a, 0xaa,
  0x1e, 0xa5, 0x9a, 0xaa, 0x1e, 0xa5, 0x9a, 0xaa, 0x1e, 0xa5, 0x9a, 0xaa, 0x1e, 0xa5, 0x9a, 0xaa,
  0x1e, 0xa5, 0x9a, 0xaa, 0x1e, 0xa5, 0x9a, 0xaa, 0x1e, 0xa5, 0x9a, 0xaa, 0x1e, 0xa5, 0x9a, 0xaa,
  0x1e, 0xa5, 0x9a, 0xaa, 0x1e, 0xa5, 0x9a, 0xaa, 0x1e, 0xa5, 0x9a, 0xaa, 0x1e, 0xa5, 0x9a, 0xaa,
  0x1e, 0xa5, 0x9a, 0xaa, 0x1e, 0xa5, 0x9a, 0xaa, 0x1e, 0xa5, 0x9a, 0xaa, 0x1e, 0xa5, 0x9a, 0xaa,
  0x1e, 0xa5, 0x9a, 0xaa, 0x1e, 0xa5, 0x9a, 0xaa, 0x1e, 0xa5, 0x9a, 0xaa, 0x22, 0xa7, 0x9c, 0xab,
  0x0c, 0x9c, 0x91, 0xa6, 0x4d, 0xba, 0xb1, 0xb6, 0xd5, 0xfa, 0xf5, 0xe7, 0xe7, 0xff, 0xfd, 0xf0,
  0xdd, 0xfd, 0xf8, 0xeb, 0xe7, 0xff, 0xfd, 0xf0, 0x91, 0xda, 0xd3, 0xcc, 0x09, 0x9c, 0x8f, 0xa5,
  0x22, 0xa7, 0x9c, 0xab, 0x1e, 0xa5, 0x9a, 0xaa, 0x1e, 0xa5, 0x9a, 0xaa, 0x1e, 0xa5, 0x9a, 0xaa,
  0x1e, 0xa5, 0x9a, 0xaa, 0x1e, 0xa5, 0x9a, 0xaa, 0x1e, 0xa5, 0x9a, 0xaa, 0x1e, 0xa5, 0x9a, 0xaa,
  0x1e, 0xa5, 0x9a, 0xaa, 0x1e, 0xa5, 0x9a, 0xaa, 0x1e, 0xa5, 0x9a, 0xaa, 0x1e, 0xa5, 0x9a, 0xaa,
  0x1e, 0xa5, 0x9a, 0xaa, 0x1f, 0xa6, 0x9c, 0xaa, 0x18, 0xa2, 0x97, 0xa8, 0x44, 0xb4, 0xac, 0xb3,
  0x6a, 0xc4, 0xbd, 0xbf, 0x4f, 0xb8, 0xb0, 0xb6, 0x1c, 0xa5, 0x99, 0xaa, 0x06, 0x9a, 0x8f, 0xa5,
  0x18, 0xa2, 0x98, 0xa9, 0x22, 0xa7, 0x9c, 0xab, 0x20, 0xa5, 0x9b, 0xab, 0x12, 0x9e, 0x94, 0xa7,
  0xbe, 0xf0, 0xe9, 0xdd, 0xe6, 0xff, 0xfd, 0xef, 0xdb, 0xff, 0xf8, 0xe9, 0xde, 0xff, 0xf9, 0xeb,
  0xda, 0xfd, 0xf7, 0xe9, 0xe9, 0xff, 0xff, 0xf0, 0xb7, 0xed, 0xe6, 0xda, 0x13, 0x9f, 0x94, 0xa8,
  0x1f, 0xa5, 0x9b, 0xab, 0x1e, 0xa5, 0x9a, 0xaa, 0x1e, 0xa5, 0x9a, 0xaa, 0x1e, 0xa5, 0x9a, 0xaa,
  0x1e, 0xa5, 0x9a, 0xaa, 0x1e, 0xa5, 0x9a, 0xaa, 0x1e, 0xa5, 0x9a, 0xaa, 0x1e, 0xa5, 0x9a, 0xaa,
  0x1e, 0xa5, 0x9a, 0xaa, 0x1e, 0xa5, 0x9a, 0xaa, 0x1e, 0xa5, 0x9a, 0xaa, 0x1e, 0xa5, 0x9a, 0xaa,
  0x1e, 0xa5, 0x9a, 0xaa, 0x1e, 0xa5, 0x9a, 0xaa, 0x1e, 0xa5, 0x9a, 0xaa, 0x1e, 0xa5, 0x9a, 0xaa,
  0x1e, 0xa5, 0x9a, 0xaa, 0x1e, 0xa5, 0x9a, 0xaa, 0x1e, 0xa5, 0x9a, 0xaa, 0x1e, 0xa5, 0x9a, 0xaa,
  0x1e, 0xa5, 0x9a, 0xaa, 0x1e, 0xa5, 0x9a, 0xaa, 0x1c, 0xa2, 0x98, 0xab, 0x4a, 0xcd, 0xc0, 0x94,
  0x69, 0xe8, 0xdd, 0x88, 0x3b, 0xbd, 0xb3, 0x9b, 0x1a, 0xa2, 0x98, 0xb0, 0x1e, 0xa4, 0x9a, 0x98,
  0x00, 0xaa, 0xaa, 0x06, 0x00, 0x00, 0x00, 0x00, 0x00, 0x00, 0x00, 0x01, 0x00, 0x00, 0x00, 0x00,
  0x00, 0x00, 0x00, 0x00, 0x00, 0x00, 0x00, 0x01, 0x00, 0x00, 0x00, 0x01, 0x2a, 0xaa, 0xaa, 0x06,
  0x1e, 0xa4, 0x9a, 0x90, 0x1e, 0xa5, 0x9b, 0xb0, 0x1b, 0xa3, 0x99, 0xaa, 0x49, 0xcb, 0xbf, 0x95,
  0x69, 0xe8, 0xdd, 0x88, 0x3f, 0xc3, 0xb7, 0x99, 0x1a, 0xa1, 0x97, 0xac, 0x1e, 0xa5, 0x9a, 0xaa,
  0x1e, 0xa5, 0x9a, 0xaa, 0x1e, 0xa5, 0x9a, 0xaa, 0x1e, 0xa5, 0x9a, 0xaa, 0x1e, 0xa5, 0x9a, 0xaa,
  0x1e, 0xa5, 0x9a, 0xaa, 0x1e, 0xa5, 0x9a, 0xaa, 0x1e, 0xa5, 0x9a, 0xaa, 0x1e, 0xa5, 0x9a, 0xaa,
  0x1e, 0xa5, 0x9a, 0xaa, 0x1e, 0xa5, 0x9a, 0xaa, 0x1e, 0xa5, 0x9a, 0xaa, 0x1e, 0xa5, 0x9a, 0xaa,
  0x1e, 0xa5, 0x9a, 0xaa, 0x1e, 0xa5, 0x9a, 0xaa, 0x1e, 0xa5, 0x9a, 0xaa, 0x1e, 0xa5, 0x9a, 0xaa,
  0x1e, 0xa5, 0x9a, 0xaa, 0x1e, 0xa5, 0x9a, 0xaa, 0x1e, 0xa5, 0x9a, 0xaa, 0x1e, 0xa5, 0x9a, 0xaa,
  0x1e, 0xa5, 0x9a, 0xaa, 0x1e, 0xa5, 0x9a, 0xaa, 0x1e, 0xa5, 0x9a, 0xaa, 0x1e, 0xa5, 0x9a, 0xaa,
  0x1e, 0xa5, 0x9a, 0xaa, 0x1e, 0xa5, 0x9a, 0xaa, 0x1e, 0xa5, 0x9a, 0xaa, 0x1e, 0xa5, 0x9a, 0xaa,
  0x22, 0xa7, 0x9c, 0xab, 0x12, 0x9e, 0x94, 0xa7, 0x30, 0xad, 0xa3, 0xaf, 0xa5, 0xe4, 0xde, 0xd3,
  0xd3, 0xf9, 0xf3, 0xe7, 0xed, 0xff, 0xff, 0xf3, 0x92, 0xda, 0xd3, 0xcc, 0x07, 0x9c, 0x8f, 0xa5,
  0x22, 0xa7, 0x9c, 0xab, 0x1e, 0xa5, 0x9a, 0xaa, 0x1e, 0xa5, 0x9a, 0xaa, 0x1e, 0xa5, 0x9a, 0xaa,
  0x1e, 0xa5, 0x9a, 0xaa, 0x1e, 0xa5, 0x9a, 0xaa, 0x1e, 0xa5, 0x9a, 0xaa, 0x1e, 0xa5, 0x9a, 0xaa,
  0x1e, 0xa5, 0x9a, 0xaa, 0x1e, 0xa5, 0x9a, 0xaa, 0x1e, 0xa5, 0x9a, 0xaa, 0x1e, 0xa5, 0x9a, 0xaa,
  0x1e, 0xa5, 0x9a, 0xaa, 0x1e, 0xa5, 0x9a, 0xaa, 0x1f, 0xa6, 0x9c, 0xaa, 0x15, 0xa0, 0x96, 0xa8,
  0x0a, 0x9c, 0x91, 0xa6, 0x12, 0xa0, 0x95, 0xa7, 0x1e, 0xa5, 0x9a, 0xaa, 0x23, 0xa7, 0x9c, 0xab,
  0x1f, 0xa6, 0x9c, 0xaa, 0x1e, 0xa5, 0x9a, 0xaa, 0x20, 0xa5, 0x9b, 0xab, 0x12, 0x9e, 0x94, 0xa7,
  0xb7, 0xed, 0xe6, 0xd9, 0xe4, 0xff, 0xfb, 0xef, 0xdb, 0xff, 0xf8, 0xe9, 0xdb, 0xfc, 0xf7, 0xea,
  0xe9, 0xff, 0xff, 0xf0, 0xc2, 0xf2, 0xeb, 0xdf, 0x29, 0xa9, 0x9f, 0xad, 0x19, 0xa2, 0x98, 0xa9,
  0x1f, 0xa6, 0x9c, 0xaa, 0x1e, 0xa5, 0x9a, 0xaa, 0x1e, 0xa5, 0x9a, 0xaa, 0x1e, 0xa5, 0x9a, 0xaa,
  0x1e, 0xa5, 0x9a, 0xaa, 0x1e, 0xa5, 0x9a, 0xaa, 0x1e, 0xa5, 0x9a, 0xaa, 0x1e, 0xa5, 0x9a, 0xaa,
  0x1e, 0xa5, 0x9a, 0xaa, 0x1e, 0xa5, 0x9a, 0xaa, 0x1e, 0xa5, 0x9a, 0xaa, 0x1e, 0xa5, 0x9a, 0xaa,
  0x1e, 0xa5, 0x9a, 0xaa, 0x1e, 0xa5, 0x9a, 0xaa, 0x1e, 0xa5, 0x9a, 0xaa, 0x1e, 0xa5, 0x9a, 0xaa,
  0x1e, 0xa5, 0x9a, 0xaa, 0x1e, 0xa5, 0x9a, 0xaa, 0x1e, 0xa5, 0x9a, 0xaa, 0x1e, 0xa5, 0x9a, 0xaa,
  0x1f, 0xa5, 0x9b, 0xa9, 0x1a, 0xa1, 0x97, 0xac, 0x31, 0xb5, 0xaa, 0xa0, 0x63, 0xe3, 0xd8, 0x8a,
  0x57, 0xd7, 0xcd, 0x8f, 0x21, 0xa8, 0x9d, 0xa8, 0x1d, 0xa4, 0x99, 0xab, 0x1e, 0xa5, 0x9a, 0xaa,
  0x1b, 0xa3, 0x9a, 0x1c, 0x00, 0x00, 0x00, 0x00, 0x00, 0x7f, 0x7f, 0x02, 0x00, 0x00, 0x00, 0x00,
  0x00, 0x00, 0x00, 0x00, 0x00, 0x00, 0x00, 0x01, 0x00, 0x00, 0x00, 0x00, 0x15, 0x94, 0x94, 0x0c,
  0x1e, 0xa4, 0x99, 0xa1, 0x1d, 0xa5, 0x9a, 0xad, 0x1a, 0xa2, 0x98, 0xab, 0x26, 0xad, 0xa2, 0xa5,
  0x5e, 0xde, 0xd3, 0x8c, 0x61, 0xdf, 0xd4, 0x8b, 0x2c, 0xb1, 0xa6, 0xa2, 0x1a, 0xa1, 0x97, 0xac,
  0x1e, 0xa5, 0x9a, 0xaa, 0x1e, 0xa5, 0x9a, 0xaa, 0x1e, 0xa5, 0x9a, 0xaa, 0x1e, 0xa5, 0x9a, 0xaa,
  0x1e, 0xa5, 0x9a, 0xaa, 0x1e, 0xa5, 0x9a, 0xaa, 0x1e, 0xa5, 0x9a, 0xaa, 0x1e, 0xa5, 0x9a, 0xaa,
  0x1e, 0xa5, 0x9a, 0xaa, 0x1e, 0xa5, 0x9a, 0xaa, 0x1e, 0xa5, 0x9a, 0xaa, 0x1e, 0xa5, 0x9a, 0xaa,
  0x1e, 0xa5, 0x9a, 0xaa, 0x1e, 0xa5, 0x9a, 0xaa, 0x1e, 0xa5, 0x9a, 0xaa, 0x1e, 0xa5, 0x9a, 0xaa,
  0x1e, 0xa5, 0x9a, 0xaa, 0x1e, 0xa5, 0x9a, 0xaa, 0x1e, 0xa5, 0x9a, 0xaa, 0x1e, 0xa5, 0x9a, 0xaa,
  0x1e, 0xa5, 0x9a, 0xaa, 0x1e, 0xa5, 0x9a, 0xaa, 0x1e, 0xa5, 0x9a, 0xaa, 0x1e, 0xa5, 0x9a, 0xaa,
  0x1e, 0xa5, 0x9a, 0xaa, 0x1e, 0xa5, 0x9a, 0xaa, 0x1e, 0xa5, 0x9a, 0xaa, 0x1e, 0xa5, 0x9a, 0xaa,
  0x1e, 0xa5, 0x9a, 0xaa, 0x20, 0xa7, 0x9c, 0xab, 0x18, 0xa2, 0x97, 0xa8, 0x0d, 0x9e, 0x93, 0xa6,
  0x30, 0xae, 0xa4, 0xae, 0x5e, 0xc3, 0xba, 0xbb, 0x3e, 0xb3, 0xaa, 0xb3, 0x18, 0xa2, 0x96, 0xa9,
  0x1f, 0xa6, 0x9c, 0xaa, 0x1e, 0xa5, 0x9a, 0xaa, 0x1e, 0xa5, 0x9a, 0xaa, 0x1e, 0xa5, 0x9a, 0xaa,
  0x1e, 0xa5, 0x9a, 0xaa, 0x1e, 0xa5, 0x9a, 0xaa, 0x1e, 0xa5, 0x9a, 0xaa, 0x1e, 0xa5, 0x9a, 0xaa,
  0x1e, 0xa5, 0x9a, 0xaa, 0x1e, 0xa5, 0x9a, 0xaa, 0x1e, 0xa5, 0x9a, 0xaa, 0x1e, 0xa5, 0x9a, 0xaa,
  0x1e, 0xa5, 0x9a, 0xaa, 0x1e, 0xa5, 0x9a, 0xaa, 0x1e, 0xa5, 0x9a, 0xaa, 0x1f, 0xa6, 0x9c, 0xaa,
  0x22, 0xa7, 0x9c, 0xab, 0x20, 0xa5, 0x9b, 0xab, 0x1e, 0xa5, 0x9a, 0xaa, 0x1e, 0xa5, 0x9a, 0xaa,
  0x1e, 0xa5, 0x9a, 0xaa, 0x1e, 0xa5, 0x9a, 0xaa, 0x20, 0xa5, 0x9b, 0xab, 0x12, 0x9e, 0x94, 0xa7,
  0xb7, 0xed, 0xe6, 0xd9, 0xe5, 0xff, 0xfc, 0xef, 0xe4, 0xff, 0xfb, 0xed, 0xe8, 0xff, 0xff, 0xf0,
  0xb7, 0xec, 0xe6, 0xda, 0x29, 0xa9, 0x9f, 0xad, 0x15, 0xa0, 0x96, 0xa8, 0x20, 0xa5, 0x9c, 0xab,
  0x1e, 0xa5, 0x9a, 0xaa, 0x1e, 0xa5, 0x9a, 0xaa, 0x1e, 0xa5, 0x9a, 0xaa, 0x1e, 0xa5, 0x9a, 0xaa,
  0x1e, 0xa5, 0x9a, 0xaa, 0x1e, 0xa5, 0x9a, 0xaa, 0x1e, 0xa5, 0x9a, 0xaa, 0x1e, 0xa5, 0x9a, 0xaa,
  0x1e, 0xa5, 0x9a, 0xaa, 0x1e, 0xa5, 0x9a, 0xaa, 0x1e, 0xa5, 0x9a, 0xaa, 0x1e, 0xa5, 0x9a, 0xaa,
  0x1e, 0xa5, 0x9a, 0xaa, 0x1e, 0xa5, 0x9a, 0xaa, 0x1e, 0xa5, 0x9a, 0xaa, 0x1e, 0xa5, 0x9a, 0xaa,
  0x1e, 0xa5, 0x9a, 0xaa, 0x1e, 0xa5, 0x9a, 0xaa, 0x1e, 0xa5, 0x9a, 0xaa, 0x1e, 0xa5, 0x9a, 0xaa,
  0x1c, 0xa4, 0x99, 0xab, 0x21, 0xa8, 0x9d, 0xa8, 0x57, 0xd9, 0xce, 0x8e, 0x66, 0xe4, 0xd9, 0x89,
  0x33, 0xb6, 0xab, 0x9f, 0x1a, 0xa1, 0x97, 0xac, 0x1e, 0xa5, 0x9a, 0xa8, 0x1d, 0xa5, 0x9b, 0xb3,
  0x1b, 0xa0, 0x95, 0x2e, 0x00, 0x00, 0x00, 0x00, 0x00, 0x7f, 0x7f, 0x02, 0x00, 0x00, 0x00, 0x00,
  0x00, 0x00, 0x00, 0x00, 0x00, 0x00, 0x00, 0x01, 0x00, 0x00, 0x00, 0x00, 0x17, 0xa2, 0xa2, 0x0b,
  0x1e, 0xa5, 0x9a, 0xa0, 0x1d, 0xa5, 0x9a, 0xad, 0x1e, 0xa5, 0x9b, 0xa9, 0x1a, 0xa1, 0x97, 0xac,
  0x37, 0xba, 0xaf, 0x9d, 0x66, 0xe4, 0xd9, 0x89, 0x57, 0xd7, 0xcd, 0x8f, 0x21, 0xa8, 0x9d, 0xa8,
  0x1c, 0xa4, 0x99, 0xab, 0x1e, 0xa5, 0x9a, 0xaa, 0x1e, 0xa5, 0x9a, 0xaa, 0x1e, 0xa5, 0x9a, 0xaa,
  0x1e, 0xa5, 0x9a, 0xaa, 0x1e, 0xa5, 0x9a, 0xaa, 0x1e, 0xa5, 0x9a, 0xaa, 0x1e, 0xa5, 0x9a, 0xaa,
  0x1e, 0xa5, 0x9a, 0xaa, 0x1e, 0xa5, 0x9a, 0xaa, 0x1e, 0xa5, 0x9a, 0xaa, 0x1e, 0xa5, 0x9a, 0xaa,
  0x1e, 0xa5, 0x9a, 0xaa, 0x1e, 0xa5, 0x9a, 0xaa, 0x1e, 0xa5, 0x9a, 0xaa, 0x1e, 0xa5, 0x9a, 0xaa,
  0x1e, 0xa5, 0x9a, 0xaa, 0x1e, 0xa5, 0x9a, 0xaa, 0x1e, 0xa5, 0x9a, 0xaa, 0x1e, 0xa5, 0x9a, 0xaa,
  0x1e, 0xa5, 0x9a, 0xaa, 0x1e, 0xa5, 0x9a, 0xaa, 0x1e, 0xa5, 0x9a, 0xaa, 0x1e, 0xa5, 0x9a, 0xaa,
  0x1e, 0xa5, 0x9a, 0xaa, 0x1e, 0xa5, 0x9a, 0xaa, 0x1e, 0xa5, 0x9a, 0xaa, 0x1e, 0xa5, 0x9a, 0xaa,
  0x1e, 0xa5, 0x9a, 0xaa, 0x1e, 0xa5, 0x9a, 0xaa, 0x1f, 0xa6, 0x9c, 0xaa, 0x20, 0xa7, 0x9c, 0xab,
  0x19, 0xa2, 0x98, 0xa9, 0x0f, 0x9e, 0x93, 0xa6, 0x16, 0xa2, 0x97, 0xa8, 0x1f, 0xa6, 0x9c, 0xaa,
  0x1e, 0xa5, 0x9a, 0xaa, 0x1e, 0xa5, 0x9a, 0xaa, 0x1e, 0xa5, 0x9a, 0xaa, 0x1e, 0xa5, 0x9a, 0xaa,
  0x1e, 0xa5, 0x9a, 0xaa, 0x1e, 0xa5, 0x9a, 0xaa, 0x1e, 0xa5, 0x9a, 0xaa, 0x1e, 0xa5, 0x9a, 0xaa,
  0x1e, 0xa5, 0x9a, 0xaa, 0x1e, 0xa5, 0x9a, 0xaa, 0x1e, 0xa5, 0x9a, 0xaa, 0x1e, 0xa5, 0x9a, 0xaa,
  0x1e, 0xa5, 0x9a, 0xaa, 0x1e, 0xa5, 0x9a, 0xaa, 0x1e, 0xa5, 0x9a, 0xaa, 0x1e, 0xa5, 0x9a, 0xaa,
  0x1e, 0xa5, 0x9a, 0xaa, 0x1e, 0xa5, 0x9a, 0xaa, 0x1e, 0xa5, 0x9a, 0xaa, 0x1e, 0xa5, 0x9a, 0xaa,
  0x1e, 0xa5, 0x9a, 0xaa, 0x1e, 0xa5, 0x9a, 0xaa, 0x20, 0xa5, 0x9b, 0xab, 0x10, 0x9e, 0x94, 0xa7,
  0xbe, 0xf0, 0xe9, 0xdd, 0xe6, 0xff, 0xfd, 0xee, 0xbe, 0xef, 0xea, 0xdc, 0x75, 0xce, 0xc5, 0xc3,
  0x13, 0xa0, 0x96, 0xa8, 0x19, 0xa2, 0x98, 0xa9, 0x20, 0xa5, 0x9c, 0xab, 0x1e, 0xa5, 0x9a, 0xaa,
  0x1e, 0xa5, 0x9a, 0xaa, 0x1e, 0xa5, 0x9a, 0xaa, 0x1e, 0xa5, 0x9a, 0xaa, 0x1e, 0xa5, 0x9a, 0xaa,
  0x1e, 0xa5, 0x9a, 0xaa, 0x1e, 0xa5, 0x9a, 0xaa, 0x1e, 0xa5, 0x9a, 0xaa, 0x1e, 0xa5, 0x9a, 0xaa,
  0x1e, 0xa5, 0x9a, 0xaa, 0x1e, 0xa5, 0x9a, 0xaa, 0x1e, 0xa5, 0x9a, 0xaa, 0x1e, 0xa5, 0x9a, 0xaa,
  0x1e, 0xa5, 0x9a, 0xaa, 0x1e, 0xa5, 0x9a, 0xaa, 0x1e, 0xa5, 0x9a, 0xaa, 0x1e, 0xa5, 0x9a, 0xaa,
  0x1e, 0xa5, 0x9a, 0xaa, 0x1e, 0xa5, 0x9a, 0xaa, 0x1e, 0xa5, 0x9a, 0xaa, 0x1e, 0xa5, 0x9a, 0xaa,
  0x1a, 0xa2, 0x98, 0xab, 0x4a, 0xcd, 0xc0, 0x94, 0x69, 0xe6, 0xdb, 0x88, 0x45, 0xc8, 0xbe, 0x96,
  0x1c, 0xa2, 0x98, 0xab, 0x1e, 0xa5, 0x9a, 0xaa, 0x1e, 0xa5, 0x9a, 0xa8, 0x1d, 0xa3, 0x99, 0xb3,
  0x1c, 0xa4, 0x99, 0x2d, 0x00, 0x00, 0x00, 0x00, 0x00, 0x7f, 0x7f, 0x02, 0x00, 0x00, 0x00, 0x00,
  0x00, 0x00, 0x00, 0x00, 0x00, 0x00, 0x00, 0x01, 0x00, 0x00, 0x00, 0x00, 0x1f, 0x9f, 0x9f, 0x08,
  0x1e, 0xa5, 0x99, 0x97, 0x1d, 0xa5, 0x9b, 0xae, 0x1e, 0xa5, 0x9b, 0xa9, 0x1e, 0xa5, 0x9a, 0xaa,
  0x1a, 0xa2, 0x98, 0xab, 0x45, 0xc8, 0xbe, 0x96, 0x69, 0xe6, 0xdb, 0x88, 0x4e, 0xcf, 0xc5, 0x92,
  0x1f, 0xa5, 0x9b, 0xa9, 0x1c, 0xa4, 0x99, 0xab, 0x1e, 0xa5, 0x9a, 0xaa, 0x1e, 0xa5, 0x9a, 0xaa,
  0x1e, 0xa5, 0x9a, 0xaa, 0x1e, 0xa5, 0x9a, 0xaa, 0x1e, 0xa5, 0x9a, 0xaa, 0x1e, 0xa5, 0x9a, 0xaa,
  0x1e, 0xa5, 0x9a, 0xaa, 0x1e, 0xa5, 0x9a, 0xaa, 0x1e, 0xa5, 0x9a, 0xaa, 0x1e, 0xa5, 0x9a, 0xaa,
  0x1e, 0xa5, 0x9a, 0xaa, 0x1e, 0xa5, 0x9a, 0xaa, 0x1e, 0xa5, 0x9a, 0xaa, 0x1e, 0xa5, 0x9a, 0xaa,
  0x1e, 0xa5, 0x9a, 0xaa, 0x1e, 0xa5, 0x9a, 0xaa, 0x1e, 0xa5, 0x9a, 0xaa, 0x1e, 0xa5, 0x9a, 0xaa,
  0x1e, 0xa5, 0x9a, 0xaa, 0x1e, 0xa5, 0x9a, 0xaa, 0x1e, 0xa5, 0x9a, 0xaa, 0x1e, 0xa5, 0x9a, 0xaa,
  0x1e, 0xa5, 0x9a, 0xaa, 0x1e, 0xa5, 0x9a, 0xaa, 0x1e, 0xa5, 0x9a, 0xaa, 0x1e, 0xa5, 0x9a, 0xaa,
  0x1e, 0xa5, 0x9a, 0xaa, 0x1e, 0xa5, 0x9a, 0xaa, 0x1e, 0xa5, 0x9a, 0xaa, 0x1e, 0xa5, 0x9a, 0xaa,
  0x1f, 0xa6, 0x9c, 0xaa, 0x20, 0xa7, 0x9c, 0xab, 0x1f, 0xa6, 0x9c, 0xaa, 0x1e, 0xa5, 0x9a, 0xaa,
  0x1e, 0xa5, 0x9a, 0xaa, 0x1e, 0xa5, 0x9a, 0xaa, 0x1e, 0xa5, 0x9a, 0xaa, 0x1e, 0xa5, 0x9a, 0xaa,
  0x1e, 0xa5, 0x9a, 0xaa, 0x1e, 0xa5, 0x9a, 0xaa, 0x1e, 0xa5, 0x9a, 0xaa, 0x1e, 0xa5, 0x9a, 0xaa,
  0x1e, 0xa5, 0x9a, 0xaa, 0x1e, 0xa5, 0x9a, 0xaa, 0x1e, 0xa5, 0x9a, 0xaa, 0x1e, 0xa5, 0x9a, 0xaa,
  0x1e, 0xa5, 0x9a, 0xaa, 0x1e, 0xa5, 0x9a, 0xaa, 0x1e, 0xa5, 0x9a, 0xaa, 0x1e, 0xa5, 0x9a, 0xaa,
  0x1e, 0xa5, 0x9a, 0xaa, 0x1e, 0xa5, 0x9a, 0xaa, 0x1e, 0xa5, 0x9a, 0xaa, 0x1e, 0xa5, 0x9a, 0xaa,
  0x1e, 0xa5, 0x9a, 0xaa, 0x1e, 0xa5, 0x9a, 0xaa, 0x1f, 0xa5, 0x9a, 0xaa, 0x19, 0xa2, 0x98, 0xa9,
  0x50, 0xbc, 0xb3, 0xb7, 0x4a, 0xb8, 0xb0, 0xb6, 0x13, 0xa0, 0x95, 0xa7, 0x0c, 0x9c, 0x91, 0xa6,
  0x1f, 0xa6, 0x9c, 0xaa, 0x1f, 0xa6, 0x9c, 0xaa, 0x1e, 0xa5, 0x9a, 0xaa, 0x1e, 0xa5, 0x9a, 0xaa,
  0x1e, 0xa5, 0x9a, 0xaa, 0x1e, 0xa5, 0x9a, 0xaa, 0x1e, 0xa5, 0x9a, 0xaa, 0x1e, 0xa5, 0x9a, 0xaa,
  0x1e, 0xa5, 0x9a, 0xaa, 0x1e, 0xa5, 0x9a, 0xaa, 0x1e, 0xa5, 0x9a, 0xaa, 0x1e, 0xa5, 0x9a, 0xaa,
  0x1e, 0xa5, 0x9a, 0xaa, 0x1e, 0xa5, 0x9a, 0xaa, 0x1e, 0xa5, 0x9a, 0xaa, 0x1e, 0xa5, 0x9a, 0xaa,
  0x1e, 0xa5, 0x9a, 0xaa, 0x1e, 0xa5, 0x9a, 0xaa, 0x1e, 0xa5, 0x9a, 0xaa, 0x1e, 0xa5, 0x9a, 0xaa,
  0x1e, 0xa5, 0x9a, 0xaa, 0x1e, 0xa5, 0x9a, 0xaa, 0x1e, 0xa5, 0x9a, 0xaa, 0x1a, 0xa1, 0x97, 0xac,
  0x41, 0xc4, 0xba, 0x98, 0x66, 0xe4, 0xd9, 0x89, 0x55, 0xd6, 0xc9, 0x90, 0x1f, 0xa5, 0x9b, 0xa9,
  0x1c, 0xa4, 0x99, 0xab, 0x1e, 0xa5, 0x9a, 0xaa, 0x1e, 0xa5, 0x9b, 0xa9, 0x1d, 0xa5, 0x9a, 0xad,
  0x1c, 0xa2, 0x94, 0x24, 0x00, 0x00, 0x00, 0x00, 0x00, 0x7f, 0x7f, 0x02, 0x00, 0x00, 0x00, 0x00,
  0x00, 0x00, 0x00, 0x00, 0x00, 0x00, 0x00, 0x00, 0x00, 0x7f, 0x7f, 0x02, 0x00, 0x00, 0x00, 0x00,
  0x1f, 0xa5, 0x9d, 0x7b, 0x1d, 0xa5, 0x9b, 0xb3, 0x1e, 0xa5, 0x9a, 0xa8, 0x1e, 0xa5, 0x9a, 0xaa,
  0x1c, 0xa4, 0x99, 0xab, 0x1f, 0xa5, 0x9b, 0xa9, 0x4e, 0xd1, 0xc5, 0x92, 0x69, 0xe8, 0xdd, 0x88,
  0x47, 0xc9, 0xbf, 0x95, 0x1e, 0xa5, 0x9a, 0xaa, 0x1c, 0xa4, 0x99, 0xab, 0x1f, 0xa5, 0x9b, 0xa9,
  0x1e, 0xa5, 0x9a, 0xaa, 0x1e, 0xa5, 0x9a, 0xaa, 0x1e, 0xa5, 0x9a, 0xaa, 0x1e, 0xa5, 0x9a, 0xaa,
  0x1e, 0xa5, 0x9a, 0xaa, 0x1e, 0xa5, 0x9a, 0xaa, 0x1e, 0xa5, 0x9a, 0xaa, 0x1e, 0xa5, 0x9a, 0xaa,
  0x1e, 0xa5, 0x9a, 0xaa, 0x1e, 0xa5, 0x9a, 0xaa, 0x1e, 0xa5, 0x9a, 0xaa, 0x1e, 0xa5, 0x9a, 0xaa,
  0x1e, 0xa5, 0x9a, 0xaa, 0x1e, 0xa5, 0x9a, 0xaa, 0x1e, 0xa5, 0x9a, 0xaa, 0x1e, 0xa5, 0x9a, 0xaa,
  0x1e, 0xa5, 0x9a, 0xaa, 0x1e, 0xa5, 0x9a, 0xaa, 0x1e, 0xa5, 0x9a, 0xaa, 0x1e, 0xa5, 0x9a, 0xaa,
  0x1e, 0xa5, 0x9a, 0xaa, 0x1e, 0xa5, 0x9a, 0xaa, 0x1e, 0xa5, 0x9a, 0xaa, 0x1e, 0xa5, 0x9a, 0xaa,
  0x1e, 0xa5, 0x9a, 0xaa, 0x1e, 0xa5, 0x9a, 0xaa, 0x1e, 0xa5, 0x9a, 0xaa, 0x1e, 0xa5, 0x9a, 0xaa,
  0x1e, 0xa5, 0x9a, 0xaa, 0x1e, 0xa5, 0x9a, 0xaa, 0x1e, 0xa5, 0x9a, 0xaa, 0x1e, 0xa5, 0x9a, 0xaa,
  0x1e, 0xa5, 0x9a, 0xaa, 0x1e, 0xa5, 0x9a, 0xaa, 0x1e, 0xa5, 0x9a, 0xaa, 0x1e, 0xa5, 0x9a, 0xaa,
  0x1e, 0xa5, 0x9a, 0xaa, 0x1e, 0xa5, 0x9a, 0xaa, 0x1e, 0xa5, 0x9a, 0xaa, 0x1e, 0xa5, 0x9a, 0xaa,
  0x1e, 0xa5, 0x9a, 0xaa, 0x1e, 0xa5, 0x9a, 0xaa, 0x1e, 0xa5, 0x9a, 0xaa, 0x1e, 0xa5, 0x9a, 0xaa,
  0x1e, 0xa5, 0x9a, 0xaa, 0x1e, 0xa5, 0x9a, 0xaa, 0x1e, 0xa5, 0x9a, 0xaa, 0x1e, 0xa5, 0x9a, 0xaa,
  0x1e, 0xa5, 0x9a, 0xaa, 0x1e, 0xa5, 0x9a, 0xaa, 0x1e, 0xa5, 0x9a, 0xaa, 0x1e, 0xa5, 0x9a, 0xaa,
  0x1e, 0xa5, 0x9a, 0xaa, 0x1e, 0xa5, 0x9a, 0xaa, 0x1e, 0xa5, 0x9a, 0xaa, 0x1f, 0xa5, 0x9a, 0xaa,
  0x12, 0xa0, 0x95, 0xa7, 0x13, 0xa0, 0x95, 0xa7, 0x1f, 0xa6, 0x9c, 0xaa, 0x22, 0xa7, 0x9c, 0xab,
  0x1e, 0xa5, 0x9a, 0xaa, 0x1e, 0xa5, 0x9a, 0xaa, 0x1e, 0xa5, 0x9a, 0xaa, 0x1e, 0xa5, 0x9a, 0xaa,
  0x1e, 0xa5, 0x9a, 0xaa, 0x1e, 0xa5, 0x9a, 0xaa, 0x1e, 0xa5, 0x9a, 0xaa, 0x1e, 0xa5, 0x9a, 0xaa,
  0x1e, 0xa5, 0x9a, 0xaa, 0x1e, 0xa5, 0x9a, 0xaa, 0x1e, 0xa5, 0x9a, 0xaa, 0x1e, 0xa5, 0x9a, 0xaa,
  0x1e, 0xa5, 0x9a, 0xaa, 0x1e, 0xa5, 0x9a, 0xaa, 0x1e, 0xa5, 0x9a, 0xaa, 0x1e, 0xa5, 0x9a, 0xaa,
  0x1e, 0xa5, 0x9a, 0xaa, 0x1e, 0xa5, 0x9a, 0xaa, 0x1e, 0xa5, 0x9a, 0xaa, 0x1e, 0xa5, 0x9a, 0xaa,
  0x1e, 0xa5, 0x9a, 0xaa, 0x1e, 0xa5, 0x9a, 0xaa, 0x1a, 0xa1, 0x97, 0xac, 0x39, 0xbe, 0xb3, 0x9b,
  0x66, 0xe4, 0xd9, 0x89, 0x5a, 0xda, 0xcf, 0x8d, 0x28, 0xae, 0xa3, 0xa4, 0x1a, 0xa1, 0x97, 0xac,
  0x1e, 0xa5, 0x9a, 0xaa, 0x1e, 0xa5, 0x9b, 0xa9, 0x1d, 0xa5, 0x9a, 0xad, 0x1e, 0xa5, 0x9a, 0x9d,
  0x1c, 0xaa, 0xaa, 0x09, 0x00, 0x00, 0x00, 0x00, 0x00, 0x00, 0x00, 0x01, 0x00, 0x00, 0x00, 0x00,
  0x00, 0x00, 0x00, 0x00, 0x00, 0x00, 0x00, 0x00, 0x00, 0xaa, 0xaa, 0x03, 0x00, 0x00, 0x00, 0x00,
  0x1c, 0xa5, 0x9c, 0x50, 0x1e, 0xa5, 0x9b, 0xb6, 0x1e, 0xa4, 0x9a, 0xa7, 0x1e, 0xa5, 0x9a, 0xaa,
  0x1e, 0xa5, 0x9a, 0xaa, 0x1c, 0xa4, 0x99, 0xab, 0x1f, 0xa5, 0x9b, 0xa9, 0x50, 0xd1, 0xc5, 0x92,
  0x69, 0xe8, 0xdd, 0x88, 0x4e, 0xcf, 0xc5, 0x92, 0x1f, 0xa5, 0x9b, 0xa9, 0x1a, 0xa1, 0x97, 0xac,
  0x1f, 0xa5, 0x9b, 0xa9, 0x1e, 0xa5, 0x9a, 0xaa, 0x1e, 0xa5, 0x9a, 0xaa, 0x1e, 0xa5, 0x9a, 0xaa,
  0x1e, 0xa5, 0x9a, 0xaa, 0x1e, 0xa5, 0x9a, 0xaa, 0x1e, 0xa5, 0x9a, 0xaa, 0x1e, 0xa5, 0x9a, 0xaa,
  0x1e, 0xa5, 0x9a, 0xaa, 0x1e, 0xa5, 0x9a, 0xaa, 0x1e, 0xa5, 0x9a, 0xaa, 0x1e, 0xa5, 0x9a, 0xaa,
  0x1e, 0xa5, 0x9a, 0xaa, 0x1e, 0xa5, 0x9a, 0xaa, 0x1e, 0xa5, 0x9a, 0xaa, 0x1e, 0xa5, 0x9a, 0xaa,
  0x1e, 0xa5, 0x9a, 0xaa, 0x1e, 0xa5, 0x9a, 0xaa, 0x1e, 0xa5, 0x9a, 0xaa, 0x1e, 0xa5, 0x9a, 0xaa,
  0x1e, 0xa5, 0x9a, 0xaa, 0x1e, 0xa5, 0x9a, 0xaa, 0x1e, 0xa5, 0x9a, 0xaa, 0x1e, 0xa5, 0x9a, 0xaa,
  0x1e, 0xa5, 0x9a, 0xaa, 0x1e, 0xa5, 0x9a, 0xaa, 0x1e, 0xa5, 0x9a, 0xaa, 0x1e, 0xa5, 0x9a, 0xaa,
  0x1e, 0xa5, 0x9a, 0xaa, 0x1e, 0xa5, 0x9a, 0xaa, 0x1e, 0xa5, 0x9a, 0xaa, 0x1e, 0xa5, 0x9a, 0xaa,
  0x1e, 0xa5, 0x9a, 0xaa, 0x1e, 0xa5, 0x9a, 0xaa, 0x1e, 0xa5, 0x9a, 0xaa, 0x1e, 0xa5, 0x9a, 0xaa,
  0x1e, 0xa5, 0x9a, 0xaa, 0x1e, 0xa5, 0x9a, 0xaa, 0x1e, 0xa5, 0x9a, 0xaa, 0x1e, 0xa5, 0x9a, 0xaa,
  0x1e, 0xa5, 0x9a, 0xaa, 0x1e, 0xa5, 0x9a, 0xaa, 0x1e, 0xa5, 0x9a, 0xaa, 0x1e, 0xa5, 0x9a, 0xaa,
  0x1e, 0xa5, 0x9a, 0xaa, 0x1e, 0xa5, 0x9a, 0xaa, 0x1e, 0xa5, 0x9a, 0xaa, 0x1e, 0xa5, 0x9a, 0xaa,
  0x1e, 0xa5, 0x9a, 0xaa, 0x1e, 0xa5, 0x9a, 0xaa, 0x1e, 0xa5, 0x9a, 0xaa, 0x1e, 0xa5, 0x9a, 0xaa,
  0x1e, 0xa5, 0x9a, 0xaa, 0x1e, 0xa5, 0x9a, 0xaa, 0x1e, 0xa5, 0x9a, 0xaa, 0x1e, 0xa5, 0x9a, 0xaa,
  0x20, 0xa5, 0x9b, 0xab, 0x20, 0xa5, 0x9b, 0xab, 0x1e, 0xa5, 0x9a, 0xaa, 0x1e, 0xa5, 0x9a, 0xaa,
  0x1e, 0xa5, 0x9a, 0xaa, 0x1e, 0xa5, 0x9a, 0xaa, 0x1e, 0xa5, 0x9a, 0xaa, 0x1e, 0xa5, 0x9a, 0xaa,
  0x1e, 0xa5, 0x9a, 0xaa, 0x1e, 0xa5, 0x9a, 0xaa, 0x1e, 0xa5, 0x9a, 0xaa, 0x1e, 0xa5, 0x9a, 0xaa,
  0x1e, 0xa5, 0x9a, 0xaa, 0x1e, 0xa5, 0x9a, 0xaa, 0x1e, 0xa5, 0x9a, 0xaa, 0x1e, 0xa5, 0x9a, 0xaa,
  0x1e, 0xa5, 0x9a, 0xaa, 0x1e, 0xa5, 0x9a, 0xaa, 0x1e, 0xa5, 0x9a, 0xaa, 0x1e, 0xa5, 0x9a, 0xaa,
  0x1e, 0xa5, 0x9a, 0xaa, 0x1e, 0xa5, 0x9a, 0xaa, 0x1e, 0xa5, 0x9a, 0xaa, 0x1f, 0xa5, 0x9a, 0xaa,
  0x1c, 0xa4, 0x99, 0xab, 0x1a, 0xa1, 0x97, 0xac, 0x41, 0xc4, 0xba, 0x98, 0x66, 0xe4, 0xd9, 0x89,
  0x5c, 0xda, 0xcf, 0x8d, 0x28, 0xae, 0xa3, 0xa4, 0x1a, 0xa1, 0x97, 0xac, 0x1e, 0xa5, 0x9a, 0xaa,
  0x1e, 0xa5, 0x9a, 0xaa, 0x1e, 0xa5, 0x9a, 0xa8, 0x1d, 0xa4, 0x9a, 0xb4, 0x1d, 0xa6, 0x9b, 0x79,
  0x00, 0xff, 0xff, 0x01, 0x00, 0x7f, 0x7f, 0x02, 0x00, 0x00, 0x00, 0x00, 0x00, 0x00, 0x00, 0x00,
  0x00, 0x00, 0x00, 0x00, 0x00, 0x00, 0x00, 0x00, 0x00, 0x00, 0x00, 0x01, 0x00, 0x00, 0x00, 0x00,
  0x1f, 0x9f, 0x94, 0x18, 0x1e, 0xa5, 0x9b, 0xa9, 0x1e, 0xa5, 0x9a, 0xaa, 0x1e, 0xa5, 0x9a, 0xaa,
  0x1e, 0xa5, 0x9a, 0xaa, 0x1e, 0xa5, 0x9a, 0xaa, 0x1c, 0xa4, 0x99, 0xab, 0x1f, 0xa5, 0x9b, 0xa9,
  0x50, 0xd1, 0xc5, 0x92, 0x69, 0xe8, 0xdd, 0x88, 0x55, 0xd4, 0xc9, 0x90, 0x29, 0xae, 0xa4, 0xa4,
  0x19, 0xa0, 0x96, 0xad, 0x1e, 0xa5, 0x9a, 0xaa, 0x1f, 0xa5, 0x9b, 0xa9, 0x1e, 0xa5, 0x9a, 0xaa,
  0x1e, 0xa5, 0x9a, 0xaa, 0x1e, 0xa5, 0x9a, 0xaa, 0x1e, 0xa5, 0x9a, 0xaa, 0x1e, 0xa5, 0x9a, 0xaa,
  0x1e, 0xa5, 0x9a, 0xaa, 0x1e, 0xa5, 0x9a, 0xaa, 0x1e, 0xa5, 0x9a, 0xaa, 0x1e, 0xa5, 0x9a, 0xaa,
  0x1e, 0xa5, 0x9a, 0xaa, 0x1e, 0xa5, 0x9a, 0xaa, 0x1e, 0xa5, 0x9a, 0xaa, 0x1e, 0xa5, 0x9a, 0xaa,
  0x1e, 0xa5, 0x9a, 0xaa, 0x1e, 0xa5, 0x9a, 0xaa, 0x1e, 0xa5, 0x9a, 0xaa, 0x1e, 0xa5, 0x9a, 0xaa,
  0x1e, 0xa5, 0x9a, 0xaa, 0x1e, 0xa5, 0x9a, 0xaa, 0x1e, 0xa5, 0x9a, 0xaa, 0x1e, 0xa5, 0x9a, 0xaa,
  0x1e, 0xa5, 0x9a, 0xaa, 0x1e, 0xa5, 0x9a, 0xaa, 0x1e, 0xa5, 0x9a, 0xaa, 0x1e, 0xa5, 0x9a, 0xaa,
  0x1e, 0xa5, 0x9a, 0xaa, 0x1e, 0xa5, 0x9a, 0xaa, 0x1e, 0xa5, 0x9a, 0xaa, 0x1e, 0xa5, 0x9a, 0xaa,
  0x1e, 0xa5, 0x9a, 0xaa, 0x1e, 0xa5, 0x9a, 0xaa, 0x1e, 0xa5, 0x9a, 0xaa, 0x1e, 0xa5, 0x9a, 0xaa,
  0x1e, 0xa5, 0x9a, 0xaa, 0x1e, 0xa5, 0x9a, 0xaa, 0x1e, 0xa5, 0x9a, 0xaa, 0x1e, 0xa5, 0x9a, 0xaa,
  0x1e, 0xa5, 0x9a, 0xaa, 0x1e, 0xa5, 0x9a, 0xaa, 0x1e, 0xa5, 0x9a, 0xaa, 0x1e, 0xa5, 0x9a, 0xaa,
  0x1e, 0xa5, 0x9a, 0xaa, 0x1e, 0xa5, 0x9a, 0xaa, 0x1e, 0xa5, 0x9a, 0xaa, 0x1e, 0xa5, 0x9a, 0xaa,
  0x1e, 0xa5, 0x9a, 0xaa, 0x1e, 0xa5, 0x9a, 0xaa, 0x1e, 0xa5, 0x9a, 0xaa, 0x1e, 0xa5, 0x9a, 0xaa,
  0x1e, 0xa5, 0x9a, 0xaa, 0x1e, 0xa5, 0x9a, 0xaa, 0x1e, 0xa5, 0x9a, 0xaa, 0x1e, 0xa5, 0x9a, 0xaa,
  0x1e, 0xa5, 0x9a, 0xaa, 0x1e, 0xa5, 0x9a, 0xaa, 0x1e, 0xa5, 0x9a, 0xaa, 0x1e, 0xa5, 0x9a, 0xaa,
  0x1e, 0xa5, 0x9a, 0xaa, 0x1e, 0xa5, 0x9a, 0xaa, 0x1e, 0xa5, 0x9a, 0xaa, 0x1e, 0xa5, 0x9a, 0xaa,
  0x1e, 0xa5, 0x9a, 0xaa, 0x1e, 0xa5, 0x9a, 0xaa, 0x1e, 0xa5, 0x9a, 0xaa, 0x1e, 0xa5, 0x9a, 0xaa,
  0x1e, 0xa5, 0x9a, 0xaa, 0x1e, 0xa5, 0x9a, 0xaa, 0x1e, 0xa5, 0x9a, 0xaa, 0x1e, 0xa5, 0x9a, 0xaa,
  0x1e, 0xa5, 0x9a, 0xaa, 0x1e, 0xa5, 0x9a, 0xaa, 0x1e, 0xa5, 0x9a, 0xaa, 0x1e, 0xa5, 0x9a, 0xaa,
  0x1e, 0xa5, 0x9a, 0xaa, 0x1e, 0xa5, 0x9a, 0xaa, 0x1e, 0xa5, 0x9a, 0xaa, 0x1a, 0xa1, 0x97, 0xac,
  0x21, 0xa8, 0x9d, 0xa8, 0x4a, 0xcb, 0xc0, 0x94, 0x66, 0xe4, 0xd9, 0x89, 0x5c, 0xda, 0xcf, 0x8d,
  0x28, 0xae, 0xa3, 0xa4, 0x1a, 0xa1, 0x97, 0xac, 0x1f, 0xa5, 0x9b, 0xa9, 0x1e, 0xa5, 0x9a, 0xaa,
  0x1e, 0xa5, 0x9a, 0xaa, 0x1e, 0xa4, 0x9a, 0xa7, 0x1e, 0xa3, 0x9a, 0xb6, 0x1d, 0xa3, 0x9a, 0x3d,
  0x00, 0x00, 0x00, 0x00, 0x00, 0x55, 0x55, 0x03, 0x00, 0x00, 0x00, 0x00, 0x00, 0x00, 0x00, 0x00,
  0x00, 0x00, 0x00, 0x00, 0x00, 0x00, 0x00, 0x00, 0x00, 0x00, 0x00, 0x00, 0x00, 0x7f, 0x7f, 0x02,
  0x00, 0x00, 0x00, 0x00, 0x1f, 0xa5, 0x9c, 0x6a, 0x1e, 0xa4, 0x9b, 0xb8, 0x1e, 0xa5, 0x9b, 0xa6,
  0x1e, 0xa5, 0x9a, 0xaa, 0x1e, 0xa5, 0x9a, 0xaa, 0x1e, 0xa5, 0x9a, 0xaa, 0x1c, 0xa4, 0x99, 0xab,
  0x1f, 0xa5, 0x9b, 0xa9, 0x4a, 0xcd, 0xc2, 0x94, 0x66, 0xe4, 0xdb, 0x89, 0x5e, 0xde, 0xd3, 0x8c,
  0x3b, 0xbe, 0xb3, 0x9b, 0x1e, 0xa5, 0x9a, 0xaa, 0x1a, 0xa1, 0x97, 0xac, 0x1e, 0xa5, 0x9a, 0xaa,
  0x1f, 0xa5, 0x9b, 0xa9, 0x1e, 0xa5, 0x9a, 0xaa, 0x1e, 0xa5, 0x9a, 0xaa, 0x1e, 0xa5, 0x9a, 0xaa,
  0x1e, 0xa5, 0x9a, 0xaa, 0x1e, 0xa5, 0x9a, 0xaa, 0x1e, 0xa5, 0x9a, 0xaa, 0x1e, 0xa5, 0x9a, 0xaa,
  0x1e, 0xa5, 0x9a, 0xaa, 0x1e, 0xa5, 0x9a, 0xaa, 0x1e, 0xa5, 0x9a, 0xaa, 0x1e, 0xa5, 0x9a, 0xaa,
  0x1e, 0xa5, 0x9a, 0xaa, 0x1e, 0xa5, 0x9a, 0xaa, 0x1e, 0xa5, 0x9a, 0xaa, 0x1e, 0xa5, 0x9a, 0xaa,
  0x1e, 0xa5, 0x9a, 0xaa, 0x1e, 0xa5, 0x9a, 0xaa, 0x1e, 0xa5, 0x9a, 0xaa, 0x1e, 0xa5, 0x9a, 0xaa,
  0x1e, 0xa5, 0x9a, 0xaa, 0x1e, 0xa5, 0x9a, 0xaa, 0x1e, 0xa5, 0x9a, 0xaa, 0x1e, 0xa5, 0x9a, 0xaa,
  0x1e, 0xa5, 0x9a, 0xaa, 0x1e, 0xa5, 0x9a, 0xaa, 0x1e, 0xa5, 0x9a, 0xaa, 0x1e, 0xa5, 0x9a, 0xaa,
  0x1e, 0xa5, 0x9a, 0xaa, 0x1e, 0xa5, 0x9a, 0xaa, 0x1e, 0xa5, 0x9a, 0xaa, 0x1e, 0xa5, 0x9a, 0xaa,
  0x1e, 0xa5, 0x9a, 0xaa, 0x1e, 0xa5, 0x9a, 0xaa, 0x1e, 0xa5, 0x9a, 0xaa, 0x1e, 0xa5, 0x9a, 0xaa,
  0x1e, 0xa5, 0x9a, 0xaa, 0x1e, 0xa5, 0x9a, 0xaa, 0x1e, 0xa5, 0x9a, 0xaa, 0x1e, 0xa5, 0x9a, 0xaa,
  0x1e, 0xa5, 0x9a, 0xaa, 0x1e, 0xa5, 0x9a, 0xaa, 0x1e, 0xa5, 0x9a, 0xaa, 0x1e, 0xa5, 0x9a, 0xaa,
  0x1e, 0xa5, 0x9a, 0xaa, 0x1e, 0xa5, 0x9a, 0xaa, 0x1e, 0xa5, 0x9a, 0xaa, 0x1e, 0xa5, 0x9a, 0xaa,
  0x1e, 0xa5, 0x9a, 0xaa, 0x1e, 0xa5, 0x9a, 0xaa, 0x1e, 0xa5, 0x9a, 0xaa, 0x1e, 0xa5, 0x9a, 0xaa,
  0x1e, 0xa5, 0x9a, 0xaa, 0x1e, 0xa5, 0x9a, 0xaa, 0x1e, 0xa5, 0x9a, 0xaa, 0x1e, 0xa5, 0x9a, 0xaa,
  0x1e, 0xa5, 0x9a, 0xaa, 0x1e, 0xa5, 0x9a, 0xaa, 0x1e, 0xa5, 0x9a, 0xaa, 0x1e, 0xa5, 0x9a, 0xaa,
  0x1e, 0xa5, 0x9a, 0xaa, 0x1e, 0xa5, 0x9a, 0xaa, 0x1e, 0xa5, 0x9a, 0xaa, 0x1e, 0xa5, 0x9a, 0xaa,
  0x1e, 0xa5, 0x9a, 0xaa, 0x1e, 0xa5, 0x9a, 0xaa, 0x1e, 0xa5, 0x9a, 0xaa, 0x1e, 0xa5, 0x9a, 0xaa,
  0x1e, 0xa5, 0x9a, 0xaa, 0x1e, 0xa5, 0x9a, 0xaa, 0x1e, 0xa5, 0x9a, 0xaa, 0x1e, 0xa5, 0x9a, 0xaa,
  0x1e, 0xa5, 0x9a, 0xaa, 0x1a, 0xa1, 0x97, 0xac, 0x1a, 0xa1, 0x97, 0xac, 0x31, 0xb5, 0xaa, 0xa0,
  0x57, 0xd7, 0xcd, 0x8f, 0x69, 0xe6, 0xdd, 0x88, 0x55, 0xd4, 0xcb, 0x90, 0x28, 0xad, 0xa2, 0xa5,
  0x1a, 0xa1, 0x97, 0xac, 0x1f, 0xa5, 0x9b, 0xa9, 0x1e, 0xa5, 0x9a, 0xaa, 0x1e, 0xa5, 0x9a, 0xaa,
  0x1e, 0xa5, 0x9a, 0xa8, 0x1e, 0xa4, 0x9a, 0xb1, 0x1d, 0xa5, 0x9a, 0x91, 0x00, 0x99, 0x99, 0x05,
  0x00, 0xff, 0xff, 0x01, 0x00, 0x00, 0x00, 0x00, 0x00, 0x00, 0x00, 0x00, 0x00, 0x00, 0x00, 0x00,
  0x00, 0x00, 0x00, 0x00, 0x00, 0x00, 0x00, 0x00, 0x00, 0x00, 0x00, 0x00, 0x00, 0x00, 0x00, 0x01,
  0x00, 0x7f, 0x7f, 0x02, 0x13, 0x9c, 0x9c, 0x0d, 0x1e, 0xa4, 0x9a, 0x96, 0x1e, 0xa4, 0x9a, 0xb2,
  0x1e, 0xa4, 0x9a, 0xa7, 0x1e, 0xa5, 0x9a, 0xaa, 0x1e, 0xa5, 0x9a, 0xaa, 0x1e, 0xa5, 0x9a, 0xaa,
  0x1c, 0xa4, 0x99, 0xab, 0x1c, 0xa2, 0x98, 0xab, 0x3b, 0xbe, 0xb3, 0x9b, 0x61, 0xe1, 0xd6, 0x8b,
  0x66, 0xe4, 0xdb, 0x89, 0x50, 0xd3, 0xc8, 0x91, 0x33, 0xb6, 0xad, 0x9f, 0x1e, 0xa5, 0x9a, 0xaa,
  0x1a, 0xa1, 0x97, 0xac, 0x1c, 0xa4, 0x99, 0xab, 0x1e, 0xa5, 0x9a, 0xaa, 0x1f, 0xa5, 0x9b, 0xa9,
  0x1e, 0xa5, 0x9a, 0xaa, 0x1e, 0xa5, 0x9a, 0xaa, 0x1e, 0xa5, 0x9a, 0xaa, 0x1e, 0xa5, 0x9a, 0xaa,
  0x1e, 0xa5, 0x9a, 0xaa, 0x1e, 0xa5, 0x9a, 0xaa, 0x1e, 0xa5, 0x9a, 0xaa, 0x1e, 0xa5, 0x9a, 0xaa,
  0x1e, 0xa5, 0x9a, 0xaa, 0x1e, 0xa5, 0x9a, 0xaa, 0x1e, 0xa5, 0x9a, 0xaa, 0x1e, 0xa5, 0x9a, 0xaa,
  0x1e, 0xa5, 0x9a, 0xaa, 0x1e, 0xa5, 0x9a, 0xaa, 0x1e, 0xa5, 0x9a, 0xaa, 0x1e, 0xa5, 0x9a, 0xaa,
  0x1e, 0xa5, 0x9a, 0xaa, 0x1e, 0xa5, 0x9a, 0xaa, 0x1e, 0xa5, 0x9a, 0xaa, 0x1e, 0xa5, 0x9a, 0xaa,
  0x1e, 0xa5, 0x9a, 0xaa, 0x1e, 0xa5, 0x9a, 0xaa, 0x1e, 0xa5, 0x9a, 0xaa, 0x1e, 0xa5, 0x9a, 0xaa,
  0x1e, 0xa5, 0x9a, 0xaa, 0x1e, 0xa5, 0x9a, 0xaa, 0x1e, 0xa5, 0x9a, 0xaa, 0x1e, 0xa5, 0x9a, 0xaa,
  0x1e, 0xa5, 0x9a, 0xaa, 0x1e, 0xa5, 0x9a, 0xaa, 0x1e, 0xa5, 0x9a, 0xaa, 0x1e, 0xa5, 0x9a, 0xaa,
  0x1e, 0xa5, 0x9a, 0xaa, 0x1e, 0xa5, 0x9a, 0xaa, 0x1e, 0xa5, 0x9a, 0xaa, 0x1e, 0xa5, 0x9a, 0xaa,
  0x1e, 0xa5, 0x9a, 0xaa, 0x1e, 0xa5, 0x9a, 0xaa, 0x1e, 0xa5, 0x9a, 0xaa, 0x1e, 0xa5, 0x9a, 0xaa,
  0x1e, 0xa5, 0x9a, 0xaa, 0x1e, 0xa5, 0x9a, 0xaa, 0x1e, 0xa5, 0x9a, 0xaa, 0x1e, 0xa5, 0x9a, 0xaa,
  0x1e, 0xa5, 0x9a, 0xaa, 0x1e, 0xa5, 0x9a, 0xaa, 0x1e, 0xa5, 0x9a, 0xaa, 0x1e, 0xa5, 0x9a, 0xaa,
  0x1e, 0xa5, 0x9a, 0xaa, 0x1e, 0xa5, 0x9a, 0xaa, 0x1e, 0xa5, 0x9a, 0xaa, 0x1e, 0xa5, 0x9a, 0xaa,
  0x1e, 0xa5, 0x9a, 0xaa, 0x1e, 0xa5, 0x9a, 0xaa, 0x1e, 0xa5, 0x9a, 0xaa, 0x1e, 0xa5, 0x9a, 0xaa,
  0x1e, 0xa5, 0x9a, 0xaa, 0x1e, 0xa5, 0x9a, 0xaa, 0x1e, 0xa5, 0x9a, 0xaa, 0x1e, 0xa5, 0x9a, 0xaa,
  0x1e, 0xa5, 0x9a, 0xaa, 0x1e, 0xa5, 0x9a, 0xaa, 0x1e, 0xa5, 0x9a, 0xaa, 0x1e, 0xa5, 0x9a, 0xaa,
  0x1e, 0xa5, 0x9a, 0xaa, 0x1e, 0xa5, 0x9a, 0xaa, 0x1e, 0xa5, 0x9a, 0xaa, 0x1a, 0xa1, 0x97, 0xac,
  0x1a, 0xa2, 0x98, 0xab, 0x2c, 0xb1, 0xa6, 0xa2, 0x4a, 0xcd, 0xc2, 0x94, 0x63, 0xe3, 0xd8, 0x8a,
  0x66, 0xe4, 0xd9, 0x89, 0x45, 0xc8, 0xbe, 0x96, 0x1f, 0xa5, 0x9b, 0xa9, 0x1a, 0xa1, 0x97, 0xac,
  0x1e, 0xa5, 0x9a, 0xaa, 0x1e, 0xa5, 0x9a, 0xaa, 0x1e, 0xa5, 0x9a, 0xaa, 0x1e, 0xa5, 0x9a, 0xa8,
  0x1d, 0xa5, 0x9b, 0xab, 0x1e, 0xa4, 0x9a, 0xaf, 0x1b, 0xa5, 0x9e, 0x25, 0x00, 0x00, 0x00, 0x00,
  0x00, 0x7f, 0x7f, 0x02, 0x00, 0x00, 0x00, 0x00, 0x00, 0x00, 0x00, 0x00, 0x00, 0x00, 0x00, 0x00,
  0x00, 0x00, 0x00, 0x00, 0x00, 0x00, 0x00, 0x00, 0x00, 0x00, 0x00, 0x00, 0x00, 0x00, 0x00, 0x00,
  0x00, 0x7f, 0x7f, 0x02, 0x00, 0x00, 0x00, 0x00, 0x1e, 0xa5, 0x9d, 0x22, 0x1d, 0xa4, 0x9b, 0xa4,
  0x1e, 0xa5, 0x9b, 0xb0, 0x1e, 0xa4, 0x9a, 0xa7, 0x1e, 0xa5, 0x9a, 0xaa, 0x1e, 0xa5, 0x9a, 0xaa,
  0x1e, 0xa5, 0x9a, 0xaa, 0x1e, 0xa5, 0x9a, 0xaa, 0x1a, 0xa1, 0x97, 0xac, 0x2b, 0xb0, 0xa5, 0xa3,
  0x4e, 0xd1, 0xc7, 0x92, 0x68, 0xe6, 0xdb, 0x89, 0x66, 0xe4, 0xd9, 0x89, 0x52, 0xd3, 0xc8, 0x91,
  0x33, 0xb8, 0xad, 0x9f, 0x23, 0xa9, 0x9e, 0xa7, 0x1a, 0xa1, 0x97, 0xac, 0x1a, 0xa1, 0x97, 0xac,
  0x1a, 0xa1, 0x97, 0xac, 0x1c, 0xa4, 0x99, 0xab, 0x1e, 0xa5, 0x9a, 0xaa, 0x1e, 0xa5, 0x9a, 0xaa,
  0x1e, 0xa5, 0x9a, 0xaa, 0x1e, 0xa5, 0x9a, 0xaa, 0x1e, 0xa5, 0x9a, 0xaa, 0x1e, 0xa5, 0x9a, 0xaa,
  0x1e, 0xa5, 0x9a, 0xaa, 0x1e, 0xa5, 0x9a, 0xaa, 0x1e, 0xa5, 0x9a, 0xaa, 0x1e, 0xa5, 0x9a, 0xaa,
  0x1e, 0xa5, 0x9a, 0xaa, 0x1e, 0xa5, 0x9a, 0xaa, 0x1e, 0xa5, 0x9a, 0xaa, 0x1e, 0xa5, 0x9a, 0xaa,
  0x1e, 0xa5, 0x9a, 0xaa, 0x1e, 0xa5, 0x9a, 0xaa, 0x1e, 0xa5, 0x9a, 0xaa, 0x1e, 0xa5, 0x9a, 0xaa,
  0x1e, 0xa5, 0x9a, 0xaa, 0x1e, 0xa5, 0x9a, 0xaa, 0x1e, 0xa5, 0x9a, 0xaa, 0x1e, 0xa5, 0x9a, 0xaa,
  0x1e, 0xa5, 0x9a, 0xaa, 0x1e, 0xa5, 0x9a, 0xaa, 0x1e, 0xa5, 0x9a, 0xaa, 0x1e, 0xa5, 0x9a, 0xaa,
  0x1e, 0xa5, 0x9a, 0xaa, 0x1e, 0xa5, 0x9a, 0xaa, 0x1e, 0xa5, 0x9a, 0xaa, 0x1e, 0xa5, 0x9a, 0xaa,
  0x1e, 0xa5, 0x9a, 0xaa, 0x1e, 0xa5, 0x9a, 0xaa, 0x1e, 0xa5, 0x9a, 0xaa, 0x1e, 0xa5, 0x9a, 0xaa,
  0x1e, 0xa5, 0x9a, 0xaa, 0x1e, 0xa5, 0x9a, 0xaa, 0x1e, 0xa5, 0x9a, 0xaa, 0x1e, 0xa5, 0x9a, 0xaa,
  0x1e, 0xa5, 0x9a, 0xaa, 0x1e, 0xa5, 0x9a, 0xaa, 0x1e, 0xa5, 0x9a, 0xaa, 0x1e, 0xa5, 0x9a, 0xaa,
  0x1e, 0xa5, 0x9a, 0xaa, 0x1e, 0xa5, 0x9a, 0xaa, 0x1e, 0xa5, 0x9a, 0xaa, 0x1e, 0xa5, 0x9a, 0xaa,
  0x1e, 0xa5, 0x9a, 0xaa, 0x1e, 0xa5, 0x9a, 0xaa, 0x1e, 0xa5, 0x9a, 0xaa, 0x1e, 0xa5, 0x9a, 0xaa,
  0x1e, 0xa5, 0x9a, 0xaa, 0x1e, 0xa5, 0x9a, 0xaa, 0x1e, 0xa5, 0x9a, 0xaa, 0x1e, 0xa5, 0x9a, 0xaa,
  0x1e, 0xa5, 0x9a, 0xaa, 0x1e, 0xa5, 0x9a, 0xaa, 0x1e, 0xa5, 0x9a, 0xaa, 0x1e, 0xa5, 0x9a, 0xaa,
  0x1e, 0xa5, 0x9a, 0xaa, 0x1e, 0xa5, 0x9a, 0xaa, 0x1c, 0xa4, 0x99, 0xab, 0x1c, 0xa2, 0x98, 0xab,
  0x1a, 0xa1, 0x97, 0xac, 0x1a, 0xa1, 0x97, 0xac, 0x1f, 0xa5, 0x9b, 0xa9, 0x2d, 0xb1, 0xa6, 0xa2,
  0x4a, 0xcd, 0xc0, 0x94, 0x63, 0xe3, 0xd8, 0x8a, 0x69, 0xe8, 0xdd, 0x88, 0x57, 0xd7, 0xcd, 0x8f,
  0x33, 0xb6, 0xad, 0x9f, 0x1c, 0xa4, 0x98, 0xab, 0x1c, 0xa4, 0x99, 0xab, 0x1e, 0xa5, 0x9a, 0xaa,
  0x1e, 0xa5, 0x9a, 0xaa, 0x1e, 0xa5, 0x9a, 0xaa, 0x1e, 0xa5, 0x9a, 0xa8, 0x1d, 0xa5, 0x9b, 0xab,
  0x1d, 0xa5, 0x9b, 0xb3, 0x1e, 0xa6, 0x9a, 0x42, 0x00, 0x00, 0x00, 0x00, 0x00, 0x7f, 0x7f, 0x02,
  0x00, 0x00, 0x00, 0x00, 0x00, 0x00, 0x00, 0x00, 0x00, 0x00, 0x00, 0x00, 0x00, 0x00, 0x00, 0x00,
  0x00, 0x00, 0x00, 0x00, 0x00, 0x00, 0x00, 0x00, 0x00, 0x00, 0x00, 0x00, 0x00, 0x00, 0x00, 0x00,
  0x00, 0x00, 0x00, 0x00, 0x00, 0x7f, 0x7f, 0x02, 0x00, 0x00, 0x00, 0x00, 0x1e, 0xa5, 0x9d, 0x22,
  0x1e, 0xa5, 0x99, 0x9f, 0x1d, 0xa5, 0x9a, 0xb4, 0x1e, 0xa5, 0x9a, 0xa8, 0x1e, 0xa4, 0x9a, 0xa7,
  0x1e, 0xa4, 0x99, 0xa9, 0x1e, 0xa5, 0x9a, 0xaa, 0x1f, 0xa5, 0x9b, 0xa9, 0x1a, 0xa1, 0x97, 0xac,
  0x1e, 0xa5, 0x9a, 0xaa, 0x33, 0xb6, 0xad, 0x9f, 0x52, 0xd3, 0xc8, 0x91, 0x66, 0xe4, 0xd9, 0x89,
  0x69, 0xe8, 0xdd, 0x88, 0x5c, 0xdc, 0xd1, 0x8d, 0x47, 0xc9, 0xbf, 0x95, 0x35, 0xb9, 0xae, 0x9e,
  0x2a, 0xaf, 0xa5, 0xa3, 0x22, 0xa8, 0x9d, 0xa8, 0x1f, 0xa5, 0x9b, 0xa9, 0x1a, 0xa2, 0x98, 0xab,
  0x1c, 0xa2, 0x98, 0xab, 0x1c, 0xa2, 0x98, 0xab, 0x1c, 0xa2, 0x98, 0xab, 0x1c, 0xa2, 0x98, 0xab,
  0x1c, 0xa2, 0x98, 0xab, 0x1c, 0xa2, 0x98, 0xab, 0x1c, 0xa2, 0x98, 0xab, 0x1c, 0xa2, 0x98, 0xab,
  0x1c, 0xa2, 0x98, 0xab, 0x1c, 0xa2, 0x98, 0xab, 0x1c, 0xa2, 0x98, 0xab, 0x1c, 0xa2, 0x98, 0xab,
  0x1c, 0xa2, 0x98, 0xab, 0x1c, 0xa2, 0x98, 0xab, 0x1c, 0xa2, 0x98, 0xab, 0x1c, 0xa2, 0x98, 0xab,
  0x1c, 0xa2, 0x98, 0xab, 0x1c, 0xa2, 0x98, 0xab, 0x1c, 0xa2, 0x98, 0xab, 0x1c, 0xa2, 0x98, 0xab,
  0x1c, 0xa2, 0x98, 0xab, 0x1c, 0xa2, 0x98, 0xab, 0x1c, 0xa2, 0x98, 0xab, 0x1c, 0xa2, 0x98, 0xab,
  0x1c, 0xa2, 0x98, 0xab, 0x1c, 0xa2, 0x98, 0xab, 0x1c, 0xa2, 0x98, 0xab, 0x1c, 0xa2, 0x98, 0xab,
  0x1c, 0xa2, 0x98, 0xab, 0x1c, 0xa2, 0x98, 0xab, 0x1c, 0xa2, 0x98, 0xab, 0x1c, 0xa2, 0x98, 0xab,
  0x1c, 0xa2, 0x98, 0xab, 0x1c, 0xa2, 0x98, 0xab, 0x1c, 0xa2, 0x98, 0xab, 0x1c, 0xa2, 0x98, 0xab,
  0x1c, 0xa2, 0x98, 0xab, 0x1c, 0xa2, 0x98, 0xab, 0x1c, 0xa2, 0x98, 0xab, 0x1c, 0xa2, 0x98, 0xab,
  0x1c, 0xa2, 0x98, 0xab, 0x1c, 0xa2, 0x98, 0xab, 0x1c, 0xa2, 0x98, 0xab, 0x1c, 0xa2, 0x98, 0xab,
  0x1c, 0xa2, 0x98, 0xab, 0x1c, 0xa2, 0x98, 0xab, 0x1c, 0xa2, 0x98, 0xab, 0x1c, 0xa2, 0x98, 0xab,
  0x1c, 0xa2, 0x98, 0xab, 0x1c, 0xa2, 0x98, 0xab, 0x1c, 0xa2, 0x98, 0xab, 0x1c, 0xa2, 0x98, 0xab,
  0x1c, 0xa2, 0x98, 0xab, 0x1c, 0xa2, 0x98, 0xab, 0x1c, 0xa2, 0x98, 0xab, 0x1c, 0xa2, 0x98, 0xab,
  0x1a, 0xa1, 0x97, 0xac, 0x1e, 0xa5, 0x9a, 0xaa, 0x21, 0xa8, 0x9d, 0xa8, 0x28, 0xae, 0xa3, 0xa4,
  0x33, 0xb6, 0xad, 0x9f, 0x43, 0xc4, 0xba, 0x98, 0x57, 0xd7, 0xcd, 0x8f, 0x66, 0xe4, 0xd9, 0x89,
  0x69, 0xe8, 0xdd, 0x88, 0x59, 0xd9, 0xce, 0x8e, 0x3b, 0xbe, 0xb3, 0x9b, 0x21, 0xa6, 0x9d, 0xa8,
  0x1a, 0xa1, 0x97, 0xac, 0x1e, 0xa5, 0x9a, 0xaa, 0x1e, 0xa5, 0x9a, 0xaa, 0x1e, 0xa5, 0x9b, 0xa9,
  0x1e, 0xa5, 0x9a, 0xa8, 0x1e, 0xa4, 0x9a, 0xa7, 0x1e, 0xa4, 0x9a, 0xb1, 0x1e, 0xa4, 0x9a, 0xaf,
  0x1e, 0xa3, 0x9c, 0x43, 0x00, 0x00, 0x00, 0x00, 0x00, 0xaa, 0xaa, 0x03, 0x00, 0x00, 0x00, 0x00,
  0x00, 0x00, 0x00, 0x00, 0x00, 0x00, 0x00, 0x00, 0x00, 0x00, 0x00, 0x00, 0x00, 0x00, 0x00, 0x00,
  0x00, 0x00, 0x00, 0x00, 0x00, 0x00, 0x00, 0x00, 0x00, 0x00, 0x00, 0x00, 0x00, 0x00, 0x00, 0x00,
  0x00, 0x00, 0x00, 0x00, 0x00, 0x00, 0x00, 0x00, 0x00, 0x7f, 0x7f, 0x02, 0x00, 0x00, 0x00, 0x00,
  0x1f, 0x9f, 0x9f, 0x10, 0x1e, 0xa4, 0x9a, 0x7c, 0x1e, 0xa4, 0x9a, 0xb2, 0x1d, 0xa4, 0x9a, 0xb5,
  0x1d, 0xa5, 0x99, 0xae, 0x1e, 0xa5, 0x9a, 0xaa, 0x1e, 0xa5, 0x9a, 0xa8, 0x1e, 0xa5, 0x9a, 0xa8,
  0x1e, 0xa4, 0x99, 0xa9, 0x19, 0xa1, 0x96, 0xab, 0x1e, 0xa4, 0x99, 0xa9, 0x2e, 0xb2, 0xa8, 0xa0,
  0x47, 0xc8, 0xbd, 0x95, 0x5c, 0xdc, 0xd1, 0x8c, 0x69, 0xe8, 0xdd, 0x87, 0x69, 0xe8, 0xdd, 0x87,
  0x64, 0xe3, 0xd7, 0x89, 0x5c, 0xdc, 0xd1, 0x8c, 0x55, 0xd5, 0xcb, 0x8f, 0x4a, 0xcb, 0xc0, 0x94,
  0x4a, 0xcc, 0xc2, 0x93, 0x4a, 0xcc, 0xc2, 0x93, 0x4a, 0xcc, 0xc2, 0x93, 0x4a, 0xcc, 0xc2, 0x93,
  0x4a, 0xcc, 0xc2, 0x93, 0x4a, 0xcc, 0xc2, 0x93, 0x4a, 0xcc, 0xc2, 0x93, 0x4a, 0xcc, 0xc2, 0x93,
  0x4a, 0xcc, 0xc2, 0x93, 0x4a, 0xcc, 0xc2, 0x93, 0x4a, 0xcc, 0xc2, 0x93, 0x4a, 0xcc, 0xc2, 0x93,
  0x4a, 0xcc, 0xc2, 0x93, 0x4a, 0xcc, 0xc2, 0x93, 0x4a, 0xcc, 0xc2, 0x93, 0x4a, 0xcc, 0xc2, 0x93,
  0x4a, 0xcc, 0xc2, 0x93, 0x4a, 0xcc, 0xc2, 0x93, 0x4a, 0xcc, 0xc2, 0x93, 0x4a, 0xcc, 0xc2, 0x93,
  0x4a, 0xcc, 0xc2, 0x93, 0x4a, 0xcc, 0xc2, 0x93, 0x4a, 0xcc, 0xc2, 0x93, 0x4a, 0xcc, 0xc2, 0x93,
  0x4a, 0xcc, 0xc2, 0x93, 0x4a, 0xcc, 0xc2, 0x93, 0x4a, 0xcc, 0xc2, 0x93, 0x4a, 0xcc, 0xc2, 0x93,
  0x4a, 0xcc, 0xc2, 0x93, 0x4a, 0xcc, 0xc2, 0x93, 0x4a, 0xcc, 0xc2, 0x93, 0x4a, 0xcc, 0xc2, 0x93,
  0x4a, 0xcc, 0xc2, 0x93, 0x4a, 0xcc, 0xc2, 0x93, 0x4a, 0xcc, 0xc2, 0x93, 0x4a, 0xcc, 0xc2, 0x93,
  0x4a, 0xcc, 0xc2, 0x93, 0x4a, 0xcc, 0xc2, 0x93, 0x4a, 0xcc, 0xc2, 0x93, 0x4a, 0xcc, 0xc2, 0x93,
  0x4a, 0xcc, 0xc2, 0x93, 0x4a, 0xcc, 0xc2, 0x93, 0x4a, 0xcc, 0xc2, 0x93, 0x4a, 0xcc, 0xc2, 0x93,
  0x4a, 0xcc, 0xc2, 0x93, 0x4a, 0xcc, 0xc2, 0x93, 0x4a, 0xcc, 0xc2, 0x93, 0x4a, 0xcc, 0xc2, 0x93,
  0x4a, 0xcc, 0xc2, 0x93, 0x4a, 0xcc, 0xc2, 0x93, 0x4a, 0xcc, 0xc2, 0x93, 0x4a, 0xcc, 0xc2, 0x93,
  0x4a, 0xcc, 0xc2, 0x93, 0x4a, 0xcc, 0xc2, 0x93, 0x4a, 0xcc, 0xc2, 0x93, 0x4c, 0xcc, 0xc2, 0x93,
  0x4a, 0xcb, 0xc0, 0x94, 0x53, 0xd2, 0xc8, 0x90, 0x5c, 0xda, 0xcf, 0x8d, 0x61, 0xe1, 0xd6, 0x8a,
  0x69, 0xe6, 0xdb, 0x88, 0x69, 0xe8, 0xdd, 0x87, 0x5f, 0xdf, 0xd4, 0x8b, 0x4e, 0xce, 0xc3, 0x92,
  0x33, 0xb7, 0xac, 0x9e, 0x21, 0xa7, 0x9d, 0xa7, 0x19, 0xa1, 0x96, 0xab, 0x1c, 0xa4, 0x99, 0xa9,
  0x1e, 0xa5, 0x9a, 0xa8, 0x1e, 0xa5, 0x9a, 0xa8, 0x1e, 0xa5, 0x9b, 0xa9, 0x1d, 0xa5, 0x9a, 0xad,
  0x1d, 0xa5, 0x9b, 0xb3, 0x1d, 0xa4, 0x9a, 0xb5, 0x1d, 0xa4, 0x9b, 0x92, 0x20, 0xa3, 0x9c, 0x27,
  0x00, 0x00, 0x00, 0x00, 0x00, 0xaa, 0xaa, 0x03, 0x00, 0x00, 0x00, 0x00, 0x00, 0x00, 0x00, 0x00,
  0x00, 0x00, 0x00, 0x00, 0x00, 0x00, 0x00, 0x00, 0x00, 0x00, 0x00, 0x00, 0x00, 0x00, 0x00, 0x00,
  0x00, 0x00, 0x00, 0x00, 0x00, 0x00, 0x00, 0x00, 0x00, 0x00, 0x00, 0x00, 0x00, 0x00, 0x00, 0x00,
  0x00, 0x00, 0x00, 0x00, 0x00, 0x00, 0x00, 0x00, 0x00, 0x00, 0x00, 0x00, 0x00, 0x7f, 0x7f, 0x02,
  0x00, 0x00, 0x00, 0x00, 0x00, 0x00, 0x00, 0x00, 0x20, 0xa8, 0x9d, 0x2f, 0x1e, 0xa6, 0x9c, 0x6d,
  0x1e, 0xa5, 0x9b, 0x99, 0x1e, 0xa5, 0x9b, 0xa9, 0x1e, 0xa6, 0x9a, 0xb2, 0x1e, 0xa5, 0x9a, 0xb1,
  0x1e, 0xa6, 0x9c, 0xb0, 0x1e, 0xa7, 0x9d, 0xaf, 0x1e, 0xa6, 0x9b, 0xaf, 0x1b, 0xa3, 0x99, 0xb0,
  0x1b, 0xa4, 0x9a, 0xaf, 0x24, 0xac, 0xa0, 0xaa, 0x32, 0xb9, 0xae, 0xa2, 0x42, 0xc8, 0xbc, 0x9a,
  0x4e, 0xd2, 0xc6, 0x95, 0x5a, 0xdd, 0xd0, 0x90, 0x5e, 0xde, 0xd4, 0x8f, 0x66, 0xe7, 0xda, 0x8c,
  0x66, 0xe7, 0xda, 0x8c, 0x66, 0xe7, 0xda, 0x8c, 0x66, 0xe7, 0xda, 0x8c, 0x66, 0xe7, 0xda, 0x8c,
  0x66, 0xe7, 0xda, 0x8c, 0x66, 0xe7, 0xda, 0x8c, 0x66, 0xe7, 0xda, 0x8c, 0x66, 0xe7, 0xda, 0x8c,
  0x66, 0xe7, 0xda, 0x8c, 0x66, 0xe7, 0xda, 0x8c, 0x66, 0xe7, 0xda, 0x8c, 0x66, 0xe7, 0xda, 0x8c,
  0x66, 0xe7, 0xda, 0x8c, 0x66, 0xe7, 0xda, 0x8c, 0x66, 0xe7, 0xda, 0x8c, 0x66, 0xe7, 0xda, 0x8c,
  0x66, 0xe7, 0xda, 0x8c, 0x66, 0xe7, 0xda, 0x8c, 0x66, 0xe7, 0xda, 0x8c, 0x66, 0xe7, 0xda, 0x8c,
  0x66, 0xe7, 0xda, 0x8c, 0x66, 0xe7, 0xda, 0x8c, 0x66, 0xe7, 0xda, 0x8c, 0x66, 0xe7, 0xda, 0x8c,
  0x66, 0xe7, 0xda, 0x8c, 0x66, 0xe7, 0xda, 0x8c, 0x66, 0xe7, 0xda, 0x8c, 0x66, 0xe7, 0xda, 0x8c,
  0x66, 0xe7, 0xda, 0x8c, 0x66, 0xe7, 0xda, 0x8c, 0x66, 0xe7, 0xda, 0x8c, 0x66, 0xe7, 0xda, 0x8c,
  0x66, 0xe7, 0xda, 0x8c, 0x66, 0xe7, 0xda, 0x8c, 0x66, 0xe7, 0xda, 0x8c, 0x66, 0xe7, 0xda, 0x8c,
  0x66, 0xe7, 0xda, 0x8c, 0x66, 0xe7, 0xda, 0x8c, 0x66, 0xe7, 0xda, 0x8c, 0x66, 0xe7, 0xda, 0x8c,
  0x66, 0xe7, 0xda, 0x8c, 0x66, 0xe7, 0xda, 0x8c, 0x66, 0xe7, 0xda, 0x8c, 0x66, 0xe7, 0xda, 0x8c,
  0x66, 0xe7, 0xda, 0x8c, 0x66, 0xe7, 0xda, 0x8c, 0x66, 0xe7, 0xda, 0x8c, 0x66, 0xe7, 0xda, 0x8c,
  0x66, 0xe7, 0xda, 0x8c, 0x66, 0xe7, 0xda, 0x8c, 0x66, 0xe7, 0xda, 0x8c, 0x66, 0xe7, 0xda, 0x8c,
  0x66, 0xe7, 0xda, 0x8c, 0x66, 0xe7, 0xda, 0x8c, 0x66, 0xe7, 0xda, 0x8c, 0x66, 0xe7, 0xda, 0x8c,
  0x66, 0xe8, 0xdc, 0x8b, 0x60, 0xe2, 0xd5, 0x8e, 0x5a, 0xdd, 0xd0, 0x90, 0x53, 0xd7, 0xca, 0x93,
  0x46, 0xc9, 0xbf, 0x99, 0x37, 0xbd, 0xb2, 0xa0, 0x27, 0xae, 0xa3, 0xa8, 0x1d, 0xa5, 0x9b, 0xae,
  0x1b, 0xa3, 0x99, 0xb0, 0x1d, 0xa6, 0x9b, 0xaf, 0x1e, 0xa7, 0x9d, 0xaf, 0x1e, 0xa6, 0x9c, 0xb0,
  0x1e, 0xa5, 0x9a, 0xb1, 0x1e, 0xa6, 0x9a, 0xb2, 0x1d, 0xa5, 0x9a, 0xad, 0x1e, 0xa6, 0x9a, 0x9e,
  0x1d, 0xa5, 0x9a, 0x7a, 0x1f, 0xa3, 0x9b, 0x40, 0x00, 0xaa, 0xaa, 0x03, 0x00, 0x00, 0x00, 0x00,
  0x00, 0x7f, 0x7f, 0x02, 0x00, 0x00, 0x00, 0x00, 0x00, 0x00, 0x00, 0x00, 0x00, 0x00, 0x00, 0x00,
  0x00, 0x00, 0x00, 0x00, 0x00, 0x00, 0x00, 0x00, 0x00, 0x00, 0x00, 0x00, 0x00, 0x00, 0x00, 0x00,
  0x00, 0x00, 0x00, 0x00, 0x00, 0x00, 0x00, 0x00, 0x00, 0x00, 0x00, 0x00, 0x00, 0x00, 0x00, 0x00,
  0x00, 0x00, 0x00, 0x00, 0x00, 0x00, 0x00, 0x00, 0x00, 0x00, 0x00, 0x00, 0x00, 0x00, 0x00, 0x00,
  0x00, 0xff, 0xff, 0x01, 0x00, 0xff, 0xff, 0x01, 0x00, 0x00, 0x00, 0x00, 0x00, 0x00, 0x00, 0x00,
  0x24, 0x91, 0x91, 0x07, 0x18, 0x94, 0x8b, 0x1f, 0x1d, 0x93, 0x89, 0x34, 0x15, 0x7f, 0x76, 0x3a,
  0x11, 0x6f, 0x6b, 0x47, 0x0f, 0x69, 0x63, 0x55, 0x0d, 0x65, 0x62, 0x62, 0x0e, 0x6a, 0x67, 0x6c,
  0x0a, 0x6b, 0x69, 0x74, 0x08, 0x6b, 0x6b, 0x79, 0x06, 0x68, 0x6a, 0x7d, 0x06, 0x6b, 0x69, 0x7e,
  0x0a, 0x6e, 0x6c, 0x7d, 0x0e, 0x71, 0x6f, 0x7c, 0x12, 0x72, 0x72, 0x7a, 0x1c, 0x7b, 0x7b, 0x76,
  0x1c, 0x7b, 0x7b, 0x76, 0x1c, 0x7b, 0x7b, 0x76, 0x1c, 0x7b, 0x7b, 0x76, 0x1c, 0x7b, 0x7b, 0x76,
  0x1c, 0x7b, 0x7b, 0x76, 0x1c, 0x7b, 0x7b, 0x76, 0x1c, 0x7b, 0x7b, 0x76, 0x1c, 0x7b, 0x7b, 0x76,
  0x1c, 0x7b, 0x7b, 0x76, 0x1c, 0x7b, 0x7b, 0x76, 0x1c, 0x7b, 0x7b, 0x76, 0x1c, 0x7b, 0x7b, 0x76,
  0x1c, 0x7b, 0x7b, 0x76, 0x1c, 0x7b, 0x7b, 0x76, 0x1c, 0x7b, 0x7b, 0x76, 0x1c, 0x7b, 0x7b, 0x76,
  0x1c, 0x7b, 0x7b, 0x76, 0x1c, 0x7b, 0x7b, 0x76, 0x1c, 0x7b, 0x7b, 0x76, 0x1c, 0x7b, 0x7b, 0x76,
  0x1c, 0x7b, 0x7b, 0x76, 0x1c, 0x7b, 0x7b, 0x76, 0x1c, 0x7b, 0x7b, 0x76, 0x1c, 0x7b, 0x7b, 0x76,
  0x1c, 0x7b, 0x7b, 0x76, 0x1c, 0x7b, 0x7b, 0x76, 0x1c, 0x7b, 0x7b, 0x76, 0x1c, 0x7b, 0x7b, 0x76,
  0x1c, 0x7b, 0x7b, 0x76, 0x1c, 0x7b, 0x7b, 0x76, 0x1c, 0x7b, 0x7b, 0x76, 0x1c, 0x7b, 0x7b, 0x76,
  0x1c, 0x7b, 0x7b, 0x76, 0x1c, 0x7b, 0x7b, 0x76, 0x1c, 0x7b, 0x7b, 0x76, 0x1c, 0x7b, 0x7b, 0x76,
  0x1c, 0x7b, 0x7b, 0x76, 0x1c, 0x7b, 0x7b, 0x76, 0x1c, 0x7b, 0x7b, 0x76, 0x1c, 0x7b, 0x7b, 0x76,
  0x1c, 0x7b, 0x7b, 0x76, 0x1c, 0x7b, 0x7b, 0x76, 0x1c, 0x7b, 0x7b, 0x76, 0x1c, 0x7b, 0x7b, 0x76,
  0x1c, 0x7b, 0x7b, 0x76, 0x1c, 0x7b, 0x7b, 0x76, 0x1c, 0x7b, 0x7b, 0x76, 0x1c, 0x7b, 0x7b, 0x76,
  0x1c, 0x7b, 0x7b, 0x76, 0x1c, 0x7b, 0x7b, 0x76, 0x1c, 0x7b, 0x7b, 0x76, 0x1c, 0x7b, 0x7b, 0x76,
  0x1c, 0x7b, 0x7b, 0x76, 0x1c, 0x7b, 0x7b, 0x76, 0x1c, 0x7b, 0x7b, 0x76, 0x1c, 0x7b, 0x7b, 0x76,
  0x1c, 0x7b, 0x7b, 0x76, 0x15, 0x76, 0x76, 0x79, 0x0e, 0x71, 0x71, 0x7c, 0x0c, 0x6e, 0x6e, 0x7d,
  0x06, 0x6b, 0x6b, 0x7e, 0x06, 0x6a, 0x6a, 0x7d, 0x08, 0x6a, 0x6a, 0x7a, 0x0a, 0x6a, 0x6a, 0x75,
  0x0d, 0x6a, 0x68, 0x6e, 0x0c, 0x67, 0x64, 0x65, 0x0e, 0x68, 0x65, 0x58, 0x11, 0x6e, 0x67, 0x4a,
  0x14, 0x7d, 0x75, 0x3d, 0x18, 0x8b, 0x86, 0x35, 0x1a, 0x96, 0x8f, 0x27, 0x17, 0xa2, 0x8b, 0x0b,
  0x00, 0x00, 0x00, 0x00, 0x00, 0x00, 0x00, 0x00, 0x00, 0x00, 0x00, 0x00, 0x00, 0xff, 0xff, 0x01,
  0x00, 0x00, 0x00, 0x00, 0x00, 0x00, 0x00, 0x00, 0x00, 0x00, 0x00, 0x00, 0x00, 0x00, 0x00, 0x00,
  0x00, 0x00, 0x00, 0x00, 0x00, 0x00, 0x00, 0x00, 0x00, 0x00, 0x00, 0x00, 0x00, 0x00, 0x00, 0x00,
  0x00, 0x00, 0x00, 0x00, 0x00, 0x00, 0x00, 0x00, 0x00, 0x00, 0x00, 0x00, 0x00, 0x00, 0x00, 0x00,
  0x00, 0x00, 0x00, 0x00, 0x00, 0x00, 0x00, 0x00, 0x00, 0x00, 0x00, 0x00, 0x00, 0x00, 0x00, 0x00,
  0x00, 0x00, 0x00, 0x00, 0x00, 0x00, 0x00, 0x00, 0x00, 0x7f, 0x7f, 0x02, 0x00, 0x7f, 0x7f, 0x02,
  0x00, 0x00, 0x00, 0x00, 0x00, 0x00, 0x00, 0x00, 0x00, 0x00, 0x00, 0x00, 0x00, 0x00, 0x00, 0x00,
  0x00, 0x00, 0x00, 0x0a, 0x00, 0x00, 0x00, 0x18, 0x00, 0x06, 0x0c, 0x2a, 0x00, 0x1e, 0x22, 0x3b,
  0x00, 0x29, 0x30, 0x49, 0x00, 0x36, 0x3f, 0x55, 0x00, 0x3f, 0x44, 0x5d, 0x00, 0x41, 0x48, 0x62,
  0x00, 0x44, 0x4b, 0x65, 0x00, 0x44, 0x4c, 0x68, 0x00, 0x46, 0x4d, 0x69, 0x00, 0x45, 0x4c, 0x6b,
  0x00, 0x45, 0x4c, 0x6b, 0x00, 0x45, 0x4c, 0x6b, 0x00, 0x45, 0x4c, 0x6b, 0x00, 0x45, 0x4c, 0x6b,
  0x00, 0x45, 0x4c, 0x6b, 0x00, 0x45, 0x4c, 0x6b, 0x00, 0x45, 0x4c, 0x6b, 0x00, 0x45, 0x4c, 0x6b,
  0x00, 0x45, 0x4c, 0x6b, 0x00, 0x45, 0x4c, 0x6b, 0x00, 0x45, 0x4c, 0x6b, 0x00, 0x45, 0x4c, 0x6b,
  0x00, 0x45, 0x4c, 0x6b, 0x00, 0x45, 0x4c, 0x6b, 0x00, 0x45, 0x4c, 0x6b, 0x00, 0x45, 0x4c, 0x6b,
  0x00, 0x45, 0x4c, 0x6b, 0x00, 0x45, 0x4c, 0x6b, 0x00, 0x45, 0x4c, 0x6b, 0x00, 0x45, 0x4c, 0x6b,
  0x00, 0x45, 0x4c, 0x6b, 0x00, 0x45, 0x4c, 0x6b, 0x00, 0x45, 0x4c, 0x6b, 0x00, 0x45, 0x4c, 0x6b,
  0x00, 0x45, 0x4c, 0x6b, 0x00, 0x45, 0x4c, 0x6b, 0x00, 0x45, 0x4c, 0x6b, 0x00, 0x45, 0x4c, 0x6b,
  0x00, 0x45, 0x4c, 0x6b, 0x00, 0x45, 0x4c, 0x6b, 0x00, 0x45, 0x4c, 0x6b, 0x00, 0x45, 0x4c, 0x6b,
  0x00, 0x45, 0x4c, 0x6b, 0x00, 0x45, 0x4c, 0x6b, 0x00, 0x45, 0x4c, 0x6b, 0x00, 0x45, 0x4c, 0x6b,
  0x00, 0x45, 0x4c, 0x6b, 0x00, 0x45, 0x4c, 0x6b, 0x00, 0x45, 0x4c, 0x6b, 0x00, 0x45, 0x4c, 0x6b,
  0x00, 0x45, 0x4c, 0x6b, 0x00, 0x45, 0x4c, 0x6b, 0x00, 0x45, 0x4c, 0x6b, 0x00, 0x45, 0x4c, 0x6b,
  0x00, 0x45, 0x4c, 0x6b, 0x00, 0x45, 0x4c, 0x6b, 0x00, 0x45, 0x4c, 0x6b, 0x00, 0x45, 0x4c, 0x6b,
  0x00, 0x45, 0x4c, 0x6b, 0x00, 0x45, 0x4c, 0x6b, 0x00, 0x45, 0x4c, 0x6b, 0x00, 0x45, 0x4c, 0x6b,
  0x00, 0x45, 0x4c, 0x6b, 0x00, 0x45, 0x4c, 0x6b, 0x00, 0x45, 0x4c, 0x6b, 0x00, 0x47, 0x4c, 0x6b,
  0x00, 0x45, 0x4c, 0x6b, 0x00, 0x45, 0x4c, 0x6a, 0x00, 0x47, 0x4e, 0x68, 0x00, 0x46, 0x4b, 0x66,
  0x00, 0x42, 0x4a, 0x63, 0x00, 0x3e, 0x46, 0x5e, 0x00, 0x3a, 0x40, 0x57, 0x00, 0x2e, 0x35, 0x4c,
  0x00, 0x20, 0x25, 0x3e, 0x00, 0x10, 0x10, 0x2e, 0x00, 0x00, 0x00, 0x1c, 0x00, 0x00, 0x00, 0x0d,
  0x00, 0x00, 0x00, 0x02, 0x00, 0x00, 0x00, 0x00, 0x00, 0x00, 0x00, 0x00, 0x00, 0x00, 0x00, 0x00,
  0x00, 0x7f, 0x7f, 0x02, 0x00, 0xff, 0x7f, 0x02, 0x00, 0x00, 0x00, 0x00, 0x00, 0x00, 0x00, 0x00,
  0x00, 0x00, 0x00, 0x00, 0x00, 0x00, 0x00, 0x00, 0x00, 0x00, 0x00, 0x00, 0x00, 0x00, 0x00, 0x00,
  0x00, 0x00, 0x00, 0x00, 0x00, 0x00, 0x00, 0x00, 0x00, 0x00, 0x00, 0x00, 0x00, 0x00, 0x00, 0x00,
  0x00, 0x00, 0x00, 0x00, 0x00, 0x00, 0x00, 0x00, 0x00, 0x00, 0x00, 0x00, 0x00, 0x00, 0x00, 0x00,
  0x00, 0x00, 0x00, 0x00, 0x00, 0x00, 0x00, 0x00, 0x00, 0x00, 0x00, 0x00, 0x00, 0x00, 0x00, 0x00,
  0x00, 0x00, 0x00, 0x00, 0x00, 0x00, 0x00, 0x00, 0x00, 0x00, 0x00, 0x00, 0x00, 0x00, 0x00, 0x00,
  0x00, 0x00, 0x00, 0x01, 0x00, 0xff, 0xff, 0x01, 0x00, 0x7f, 0x7f, 0x02, 0x00, 0x55, 0x55, 0x03,
  0x00, 0x2a, 0x2a, 0x06, 0x00, 0x17, 0x17, 0x0b, 0x00, 0x19, 0x19, 0x14, 0x00, 0x1e, 0x1e, 0x21,
  0x00, 0x26, 0x26, 0x2e, 0x00, 0x2e, 0x33, 0x3c, 0x00, 0x35, 0x38, 0x48, 0x00, 0x3b, 0x42, 0x51,
  0x00, 0x42, 0x45, 0x58, 0x00, 0x44, 0x4a, 0x5d, 0x00, 0x46, 0x4c, 0x61, 0x02, 0x4a, 0x4f, 0x63,
  0x02, 0x4b, 0x50, 0x65, 0x02, 0x4b, 0x52, 0x66, 0x02, 0x4d, 0x52, 0x66, 0x02, 0x4d, 0x52, 0x66,
  0x02, 0x4d, 0x52, 0x66, 0x02, 0x4d, 0x52, 0x66, 0x02, 0x4d, 0x52, 0x66, 0x02, 0x4d, 0x52, 0x66,
  0x02, 0x4d, 0x52, 0x66, 0x02, 0x4d, 0x52, 0x66, 0x02, 0x4d, 0x52, 0x66, 0x02, 0x4d, 0x52, 0x66,
  0x02, 0x4d, 0x52, 0x66, 0x02, 0x4d, 0x52, 0x66, 0x02, 0x4d, 0x52, 0x66, 0x02, 0x4d, 0x52, 0x66,
  0x02, 0x4d, 0x52, 0x66, 0x02, 0x4d, 0x52, 0x66, 0x02, 0x4d, 0x52, 0x66, 0x02, 0x4d, 0x52, 0x66,
  0x02, 0x4d, 0x52, 0x66, 0x02, 0x4d, 0x52, 0x66, 0x02, 0x4d, 0x52, 0x66, 0x02, 0x4d, 0x52, 0x66,
  0x02, 0x4d, 0x52, 0x66, 0x02, 0x4d, 0x52, 0x66, 0x02, 0x4d, 0x52, 0x66, 0x02, 0x4d, 0x52, 0x66,
  0x02, 0x4d, 0x52, 0x66, 0x02, 0x4d, 0x52, 0x66, 0x02, 0x4d, 0x52, 0x66, 0x02, 0x4d, 0x52, 0x66,
  0x02, 0x4d, 0x52, 0x66, 0x02, 0x4d, 0x52, 0x66, 0x02, 0x4d, 0x52, 0x66, 0x02, 0x4d, 0x52, 0x66,
  0x02, 0x4d, 0x52, 0x66, 0x02, 0x4d, 0x52, 0x66, 0x02, 0x4d, 0x52, 0x66, 0x02, 0x4d, 0x52, 0x66,
  0x02, 0x4d, 0x52, 0x66, 0x02, 0x4d, 0x52, 0x66, 0x02, 0x4d, 0x52, 0x66, 0x02, 0x4d, 0x52, 0x66,
  0x02, 0x4d, 0x52, 0x66, 0x02, 0x4d, 0x52, 0x66, 0x02, 0x4d, 0x52, 0x66, 0x02, 0x4d, 0x52, 0x66,
  0x02, 0x4d, 0x52, 0x66, 0x02, 0x4d, 0x52, 0x66, 0x02, 0x4d, 0x52, 0x66, 0x02, 0x4d, 0x52, 0x66,
  0x02, 0x4d, 0x52, 0x66, 0x02, 0x4d, 0x52, 0x66, 0x02, 0x4d, 0x52, 0x66, 0x02, 0x4b, 0x50, 0x65,
  0x02, 0x49, 0x4f, 0x64, 0x00, 0x49, 0x4e, 0x61, 0x00, 0x46, 0x4b, 0x5e, 0x00, 0x44, 0x46, 0x5a,
  0x00, 0x3d, 0x43, 0x53, 0x00, 0x37, 0x3a, 0x4a, 0x00, 0x30, 0x34, 0x3f, 0x00, 0x28, 0x28, 0x32,
  0x00, 0x23, 0x23, 0x24, 0x00, 0x16, 0x16, 0x17, 0x00, 0x27, 0x13, 0x0d, 0x00, 0x24, 0x24, 0x07,
  0x00, 0x55, 0x55, 0x03, 0x00, 0x7f, 0x7f, 0x02, 0x00, 0x7f, 0x7f, 0x02, 0x00, 0x00, 0x00, 0x01,
  0x00, 0x00, 0x00, 0x00, 0x00, 0x00, 0x00, 0x00, 0x00, 0x00, 0x00, 0x00, 0x00, 0x00, 0x00, 0x00,
  0x00, 0x00, 0x00, 0x00, 0x00, 0x00, 0x00, 0x00, 0x00, 0x00, 0x00, 0x00, 0x00, 0x00, 0x00, 0x00,
  0x00, 0x00, 0x00, 0x00, 0x00, 0x00, 0x00, 0x00, 0x00, 0x00, 0x00, 0x00, 0x00, 0x00, 0x00, 0x00,
  0x00, 0x00, 0x00, 0x00, 0x00, 0x00, 0x00, 0x00, 0x00, 0x00, 0x00, 0x00, 0x00, 0x00, 0x00, 0x00,
  0x00, 0x00, 0x00, 0x00, 0x00, 0x00, 0x00, 0x00, 0x00, 0x00, 0x00, 0x00, 0x00, 0x00, 0x00, 0x00,
  0x00, 0x00, 0x00, 0x00, 0x00, 0x00, 0x00, 0x00, 0x00, 0x00, 0x00, 0x00, 0x00, 0x00, 0x00, 0x00,
  0x00, 0x00, 0x00, 0x00, 0x00, 0x00, 0x00, 0x00, 0x00, 0x00, 0x00, 0x00, 0x00, 0x00, 0x00, 0x00,
  0x00, 0x00, 0x00, 0x00, 0x00, 0x00, 0x00, 0x02, 0x00, 0x00, 0x00, 0x05, 0x00, 0x00, 0x00, 0x0b,
  0x00, 0x0e, 0x0e, 0x12, 0x00, 0x12, 0x1b, 0x1c, 0x00, 0x1a, 0x1a, 0x26, 0x00, 0x25, 0x25, 0x30,
  0x00, 0x28, 0x2c, 0x39, 0x00, 0x2f, 0x33, 0x40, 0x00, 0x33, 0x36, 0x46, 0x00, 0x37, 0x3a, 0x4a,
  0x00, 0x37, 0x3e, 0x4e, 0x00, 0x3a, 0x3d, 0x4f, 0x00, 0x39, 0x3f, 0x50, 0x00, 0x39, 0x3f, 0x50,
  0x00, 0x39, 0x3f, 0x50, 0x00, 0x39, 0x3f, 0x50, 0x00, 0x39, 0x3f, 0x50, 0x00, 0x39, 0x3f, 0x50,
  0x00, 0x39, 0x3f, 0x50, 0x00, 0x39, 0x3f, 0x50, 0x00, 0x39, 0x3f, 0x50, 0x00, 0x39, 0x3f, 0x50,
  0x00, 0x39, 0x3f, 0x50, 0x00, 0x39, 0x3f, 0x50, 0x00, 0x39, 0x3f, 0x50, 0x00, 0x39, 0x3f, 0x50,
  0x00, 0x39, 0x3f, 0x50, 0x00, 0x39, 0x3f, 0x50, 0x00, 0x39, 0x3f, 0x50, 0x00, 0x39, 0x3f, 0x50,
  0x00, 0x39, 0x3f, 0x50, 0x00, 0x39, 0x3f, 0x50, 0x00, 0x39, 0x3f, 0x50, 0x00, 0x39, 0x3f, 0x50,
  0x00, 0x39, 0x3f, 0x50, 0x00, 0x39, 0x3f, 0x50, 0x00, 0x39, 0x3f, 0x50, 0x00, 0x39, 0x3f, 0x50,
  0x00, 0x39, 0x3f, 0x50, 0x00, 0x39, 0x3f, 0x50, 0x00, 0x39, 0x3f, 0x50, 0x00, 0x39, 0x3f, 0x50,
  0x00, 0x39, 0x3f, 0x50, 0x00, 0x39, 0x3f, 0x50, 0x00, 0x39, 0x3f, 0x50, 0x00, 0x39, 0x3f, 0x50,
  0x00, 0x39, 0x3f, 0x50, 0x00, 0x39, 0x3f, 0x50, 0x00, 0x39, 0x3f, 0x50, 0x00, 0x39, 0x3f, 0x50,
  0x00, 0x39, 0x3f, 0x50, 0x00, 0x39, 0x3f, 0x50, 0x00, 0x39, 0x3f, 0x50, 0x00, 0x39, 0x3f, 0x50,
  0x00, 0x39, 0x3f, 0x50, 0x00, 0x39, 0x3f, 0x50, 0x00, 0x39, 0x3f, 0x50, 0x00, 0x39, 0x3f, 0x50,
  0x00, 0x39, 0x3f, 0x50, 0x00, 0x39, 0x3f, 0x50, 0x00, 0x39, 0x3f, 0x50, 0x00, 0x39, 0x3f, 0x50,
  0x00, 0x39, 0x3f, 0x50, 0x00, 0x39, 0x3f, 0x50, 0x00, 0x39, 0x3f, 0x50, 0x00, 0x37, 0x3e, 0x4e,
  0x00, 0x35, 0x39, 0x4c, 0x00, 0x32, 0x35, 0x47, 0x00, 0x2f, 0x33, 0x41, 0x00, 0x2b, 0x2f, 0x3b,
  0x00, 0x23, 0x28, 0x32, 0x00, 0x1f, 0x1f, 0x29, 0x00, 0x10, 0x10, 0x1f, 0x00, 0x0c, 0x0c, 0x15,
  0x00, 0x00, 0x00, 0x0c, 0x00, 0x00, 0x00, 0x06, 0x00, 0x00, 0x00, 0x02, 0x00, 0x00, 0x00, 0x01,
  0x00, 0x00, 0x00, 0x00, 0x00, 0x00, 0x00, 0x00, 0x00, 0x00, 0x00, 0x00, 0x00, 0x00, 0x00, 0x00,
  0x00, 0x00, 0x00, 0x00, 0x00, 0x00, 0x00, 0x00, 0x00, 0x00, 0x00, 0x00, 0x00, 0x00, 0x00, 0x00,
  0x00, 0x00, 0x00, 0x00, 0x00, 0x00, 0x00, 0x00, 0x00, 0x00, 0x00, 0x00, 0x00, 0x00, 0x00, 0x00,
  0x00, 0x00, 0x00, 0x00, 0x00, 0x00, 0x00, 0x00, 0x00, 0x00, 0x00, 0x00, 0x00, 0x00, 0x00, 0x00,
  0x00, 0x00, 0x00, 0x00, 0x00, 0x00, 0x00, 0x00, 0x00, 0x00, 0x00, 0x00, 0x00, 0x00, 0x00, 0x00,
  0x00, 0x00, 0x00, 0x00, 0x00, 0x00, 0x00, 0x00, 0x00, 0x00, 0x00, 0x00, 0x00, 0x00, 0x00, 0x00,
  0x00, 0x00, 0x00, 0x00, 0x00, 0x00, 0x00, 0x00, 0x00, 0x00, 0x00, 0x00, 0x00, 0x00, 0x00, 0x00,
  0x00, 0x00, 0x00, 0x00, 0x00, 0x00, 0x00, 0x00, 0x00, 0x00, 0x00, 0x00, 0x00, 0x00, 0x00, 0x00,
  0x00, 0x00, 0x00, 0x00, 0x00, 0x00, 0x00, 0x00, 0x00, 0x00, 0x00, 0x01, 0x00, 0x00, 0x00, 0x02,
  0x00, 0x00, 0x00, 0x04, 0x00, 0x00, 0x00, 0x08, 0x00, 0x00, 0x00, 0x0d, 0x00, 0x0e, 0x0e, 0x12,
  0x00, 0x15, 0x15, 0x18, 0x00, 0x18, 0x18, 0x1f, 0x00, 0x1d, 0x1d, 0x23, 0x00, 0x1f, 0x1f, 0x28,
  0x00, 0x23, 0x23, 0x2b, 0x00, 0x22, 0x22, 0x2d, 0x00, 0x21, 0x21, 0x2e, 0x00, 0x21, 0x21, 0x2e,
  0x00, 0x21, 0x21, 0x2e, 0x00, 0x21, 0x21, 0x2e, 0x00, 0x21, 0x21, 0x2e, 0x00, 0x21, 0x21, 0x2e,
  0x00, 0x21, 0x21, 0x2e, 0x00, 0x21, 0x21, 0x2e, 0x00, 0x21, 0x21, 0x2e, 0x00, 0x21, 0x21, 0x2e,
  0x00, 0x21, 0x21, 0x2e, 0x00, 0x21, 0x21, 0x2e, 0x00, 0x21, 0x21, 0x2e, 0x00, 0x21, 0x21, 0x2e,
  0x00, 0x21, 0x21, 0x2e, 0x00, 0x21, 0x21, 0x2e, 0x00, 0x21, 0x21, 0x2e, 0x00, 0x21, 0x21, 0x2e,
  0x00, 0x21, 0x21, 0x2e, 0x00, 0x21, 0x21, 0x2e, 0x00, 0x21, 0x21, 0x2e, 0x00, 0x21, 0x21, 0x2e,
  0x00, 0x21, 0x21, 0x2e, 0x00, 0x21, 0x21, 0x2e, 0x00, 0x21, 0x21, 0x2e, 0x00, 0x21, 0x21, 0x2e,
  0x00, 0x21, 0x21, 0x2e, 0x00, 0x21, 0x21, 0x2e, 0x00, 0x21, 0x21, 0x2e, 0x00, 0x21, 0x21, 0x2e,
  0x00, 0x21, 0x21, 0x2e, 0x00, 0x21, 0x21, 0x2e, 0x00, 0x21, 0x21, 0x2e, 0x00, 0x21, 0x21, 0x2e,
  0x00, 0x21, 0x21, 0x2e, 0x00, 0x21, 0x21, 0x2e, 0x00, 0x21, 0x21, 0x2e, 0x00, 0x21, 0x21, 0x2e,
  0x00, 0x21, 0x21, 0x2e, 0x00, 0x21, 0x21, 0x2e, 0x00, 0x21, 0x21, 0x2e, 0x00, 0x21, 0x21, 0x2e,
  0x00, 0x21, 0x21, 0x2e, 0x00, 0x21, 0x21, 0x2e, 0x00, 0x21, 0x21, 0x2e, 0x00, 0x21, 0x21, 0x2e,
  0x00, 0x21, 0x21, 0x2e, 0x00, 0x21, 0x21, 0x2e, 0x00, 0x21, 0x21, 0x2e, 0x00, 0x21, 0x21, 0x2e,
  0x00, 0x21, 0x21, 0x2e, 0x00, 0x21, 0x21, 0x2e, 0x00, 0x21, 0x21, 0x2e, 0x00, 0x22, 0x22, 0x2c,
  0x00, 0x1f, 0x1f, 0x29, 0x00, 0x1c, 0x1c, 0x24, 0x00, 0x17, 0x17, 0x20, 0x00, 0x13, 0x13, 0x1a,
  0x00, 0x0c, 0x0c, 0x14, 0x00, 0x12, 0x12, 0x0e, 0x00, 0x00, 0x00, 0x09, 0x00, 0x00, 0x00, 0x05,
  0x00, 0x00, 0x00, 0x02, 0x00, 0x00, 0x00, 0x01, 0x00, 0x00, 0x00, 0x00, 0x00, 0x00, 0x00, 0x00,
  0x00, 0x00, 0x00, 0x00, 0x00, 0x00, 0x00, 0x00, 0x00, 0x00, 0x00, 0x00, 0x00, 0x00, 0x00, 0x00,
  0x00, 0x00, 0x00, 0x00, 0x00, 0x00, 0x00, 0x00, 0x00, 0x00, 0x00, 0x00, 0x00, 0x00, 0x00, 0x00,
  0x00, 0x00, 0x00, 0x00, 0x00, 0x00, 0x00, 0x00, 0x00, 0x00, 0x00, 0x00, 0x00, 0x00, 0x00, 0x00,
  0x00, 0x00, 0x00, 0x00, 0x00, 0x00, 0x00, 0x00, 0x00, 0x00, 0x00, 0x00, 0x00, 0x00, 0x00, 0x00,
  0x00, 0x00, 0x00, 0x00, 0x00, 0x00, 0x00, 0x00, 0x00, 0x00, 0x00, 0x00, 0x00, 0x00, 0x00, 0x00,
  0x00, 0x00, 0x00, 0x00, 0x00, 0x00, 0x00, 0x00, 0x00, 0x00, 0x00, 0x00, 0x00, 0x00, 0x00, 0x00,
  0x00, 0x00, 0x00, 0x00, 0x00, 0x00, 0x00, 0x00, 0x00, 0x00, 0x00, 0x00, 0x00, 0x00, 0x00, 0x00,
  0x00, 0x00, 0x00, 0x00, 0x00, 0x00, 0x00, 0x00, 0x00, 0x00, 0x00, 0x00, 0x00, 0x00, 0x00, 0x00,
  0x00, 0x00, 0x00, 0x00, 0x00, 0x00, 0x00, 0x00, 0x00, 0x00, 0x00, 0x00, 0x00, 0x00, 0x00, 0x00,
  0x00, 0x00, 0x00, 0x00, 0x00, 0x00, 0x00, 0x01, 0x00, 0x00, 0x00, 0x03, 0x00, 0x00, 0x00, 0x04,
  0x00, 0x00, 0x00, 0x06, 0x00, 0x00, 0x00, 0x0a, 0x00, 0x00, 0x00, 0x0c, 0x00, 0x00, 0x11, 0x0f,
  0x00, 0x0f, 0x0f, 0x11, 0x00, 0x0d, 0x0d, 0x13, 0x00, 0x0d, 0x0d, 0x13, 0x00, 0x0d, 0x0d, 0x13,
  0x00, 0x0d, 0x0d, 0x13, 0x00, 0x0d, 0x0d, 0x13, 0x00, 0x0d, 0x0d, 0x13, 0x00, 0x0d, 0x0d, 0x13,
  0x00, 0x0d, 0x0d, 0x13, 0x00, 0x0d, 0x0d, 0x13, 0x00, 0x0d, 0x0d, 0x13, 0x00, 0x0d, 0x0d, 0x13,
  0x00, 0x0d, 0x0d, 0x13, 0x00, 0x0d, 0x0d, 0x13, 0x00, 0x0d, 0x0d, 0x13, 0x00, 0x0d, 0x0d, 0x13,
  0x00, 0x0d, 0x0d, 0x13, 0x00, 0x0d, 0x0d, 0x13, 0x00, 0x0d, 0x0d, 0x13, 0x00, 0x0d, 0x0d, 0x13,
  0x00, 0x0d, 0x0d, 0x13, 0x00, 0x0d, 0x0d, 0x13, 0x00, 0x0d, 0x0d, 0x13, 0x00, 0x0d, 0x0d, 0x13,
  0x00, 0x0d, 0x0d, 0x13, 0x00, 0x0d, 0x0d, 0x13, 0x00, 0x0d, 0x0d, 0x13, 0x00, 0x0d, 0x0d, 0x13,
  0x00, 0x0d, 0x0d, 0x13, 0x00, 0x0d, 0x0d, 0x13, 0x00, 0x0d, 0x0d, 0x13, 0x00, 0x0d, 0x0d, 0x13,
  0x00, 0x0d, 0x0d, 0x13, 0x00, 0x0d, 0x0d, 0x13, 0x00, 0x0d, 0x0d, 0x13, 0x00, 0x0d, 0x0d, 0x13,
  0x00, 0x0d, 0x0d, 0x13, 0x00, 0x0d, 0x0d, 0x13, 0x00, 0x0d, 0x0d, 0x13, 0x00, 0x0d, 0x0d, 0x13,
  0x00, 0x0d, 0x0d, 0x13, 0x00, 0x0d, 0x0d, 0x13, 0x00, 0x0d, 0x0d, 0x13, 0x00, 0x0d, 0x0d, 0x13,
  0x00, 0x0d, 0x0d, 0x13, 0x00, 0x0d, 0x0d, 0x13, 0x00, 0x0d, 0x0d, 0x13, 0x00, 0x0d, 0x0d, 0x13,
  0x00, 0x0d, 0x0d, 0x13, 0x00, 0x0d, 0x0d, 0x13, 0x00, 0x0d, 0x0d, 0x13, 0x00, 0x0d, 0x0d, 0x13,
  0x00, 0x0d, 0x0d, 0x13, 0x00, 0x0d, 0x0d, 0x13, 0x00, 0x0d, 0x0d, 0x13, 0x00, 0x0e, 0x0e, 0x12,
  0x00, 0x11, 0x11, 0x0f, 0x00, 0x00, 0x00, 0x0d, 0x00, 0x00, 0x00, 0x0a, 0x00, 0x00, 0x00, 0x07,
  0x00, 0x00, 0x00, 0x05, 0x00, 0x00, 0x00, 0x03, 0x00, 0x00, 0x00, 0x01, 0x00, 0x00, 0x00, 0x01,
  0x00, 0x00, 0x00, 0x00, 0x00, 0x00, 0x00, 0x00, 0x00, 0x00, 0x00, 0x00, 0x00, 0x00, 0x00, 0x00,
  0x00, 0x00, 0x00, 0x00, 0x00, 0x00, 0x00, 0x00, 0x00, 0x00, 0x00, 0x00, 0x00, 0x00, 0x00, 0x00,
  0x00, 0x00, 0x00, 0x00, 0x00, 0x00, 0x00, 0x00, 0x00, 0x00, 0x00, 0x00, 0x00, 0x00, 0x00, 0x00,
  0x00, 0x00, 0x00, 0x00, 0x00, 0x00, 0x00, 0x00, 0x00, 0x00, 0x00, 0x00, 0x00, 0x00, 0x00, 0x00,
  0x00, 0x00, 0x00, 0x00, 0x00, 0x00, 0x00, 0x00, 0x00, 0x00, 0x00, 0x00, 0x00, 0x00, 0x00, 0x00,
#else
  #error "img_app_fingerprint supports LV_COLOR_DEPTH 16 or 32"
#endif
};

const lv_img_dsc_t img_app_fingerprint = {
  .header.cf = LV_IMG_CF_TRUE_COLOR_ALPHA,
  .header.always_zero = 0,
  .header.reserved = 0,
  .header.w = 112,
  .header.h = 112,
  .data_size = 12544 * LV_IMG_PX_SIZE_ALPHA_BYTE,
  .data = img_app_fingerprint_map,
};
