#ifdef __has_include
    #if __has_include("lvgl.h")
        #ifndef LV_LVGL_H_INCLUDE_SIMPLE
            #define LV_LVGL_H_INCLUDE_SIMPLE
        #endif
    #endif
#endif

#if defined(LV_LVGL_H_INCLUDE_SIMPLE)
    #include "lvgl.h"
#else
    #include "lvgl/lvgl.h"
#endif

#ifndef LV_ATTRIBUTE_MEM_ALIGN
#define LV_ATTRIBUTE_MEM_ALIGN
#endif

#ifndef LV_ATTRIBUTE_IMG_IMG_APP_ENVIRONMENT_MONITOR
#define LV_ATTRIBUTE_IMG_IMG_APP_ENVIRONMENT_MONITOR
#endif

const LV_ATTRIBUTE_MEM_ALIGN LV_ATTRIBUTE_LARGE_CONST LV_ATTRIBUTE_IMG_IMG_APP_ENVIRONMENT_MONITOR uint8_t img_app_environment_monitor_map[] = {
#if LV_COLOR_DEPTH == 16
  /*Pixel format: Red: 5 bit, Green: 6 bit, Blue: 5 bit + Alpha 8 bit*/
  0x00, 0x00, 0x00, 0x00, 0x00, 0x00, 0x00, 0x00, 0x00, 0x00, 0x00, 0x00, 0x00, 0x00, 0x00, 0x00,
  0x00, 0x00, 0x00, 0x00, 0x00, 0x00, 0x00, 0x00, 0x00, 0x00, 0x00, 0x00, 0x00, 0x00, 0x00, 0x00,
  0x00, 0x00, 0x00, 0x00, 0x00, 0x00, 0x00, 0x00, 0x00, 0x00, 0x00, 0x00, 0x00, 0x00, 0x00, 0x00,
  0x00, 0x00, 0x00, 0x00, 0x00, 0x00, 0x00, 0x00, 0x00, 0x00, 0x00, 0x00, 0x00, 0x00, 0x00, 0x00,
  0x00, 0x00, 0x00, 0x00, 0x00, 0x00, 0x00, 0x00, 0x00, 0x00, 0x00, 0x00, 0x00, 0x00, 0x00, 0x00,
  0x00, 0x00, 0x00, 0x00, 0x00, 0x00, 0x00, 0x00, 0x00, 0x00, 0x00, 0x00, 0x00, 0x00, 0x00, 0x00,
  0x00, 0x00, 0x00, 0x00, 0x00, 0x00, 0x00, 0x00, 0x00, 0x00, 0x00, 0x00, 0x00, 0x00, 0x00, 0x00,
  0x00, 0x00, 0x00, 0x00, 0x00, 0x00, 0x00, 0x00, 0x00, 0x00, 0x00, 0x00, 0x00, 0x00, 0x00, 0x00,
  0x00, 0x00, 0x00, 0x00, 0x00, 0x00, 0x00, 0x00, 0x00, 0x00, 0x00, 0x00, 0x00, 0x00, 0x00, 0x00,
  0x00, 0x00, 0x00, 0x00, 0x00, 0x00, 0x00, 0x00, 0x00, 0x00, 0x00, 0x00, 0x00, 0x00, 0x00, 0x00,
  0x00, 0x00, 0x00, 0x00, 0x00, 0x00, 0x00, 0x00, 0x00, 0x00, 0x00, 0x00, 0x00, 0x00, 0x00, 0x00,
  0x00, 0x00, 0x00, 0x00, 0x00, 0x00, 0x00, 0x00, 0x00, 0x00, 0x00, 0x00, 0x00, 0x00, 0x00, 0x00,
  0x00, 0x00, 0x00, 0x00, 0x00, 0x00, 0x00, 0x00, 0x00, 0x00, 0x00, 0x00, 0x00, 0x00, 0x00, 0x00,
  0x00, 0x00, 0x00, 0x00, 0x00, 0x00, 0x00, 0x00, 0x00, 0x00, 0x00, 0x00, 0x00, 0x00, 0x00, 0x00,
  0x00, 0x00, 0x00, 0x00, 0x00, 0x00, 0x00, 0x00, 0x00, 0x00, 0x00, 0x00, 0x00, 0x00, 0x00, 0x00,
  0x00, 0x00, 0x00, 0x00, 0x00, 0x00, 0x00, 0x00, 0x00, 0x00, 0x00, 0x00, 0x00, 0x00, 0x00, 0x00,
  0x00, 0x00, 0x00, 0x00, 0x00, 0x00, 0x00, 0x00, 0x00, 0x00, 0x00, 0x00, 0x00, 0x00, 0x00, 0x00,
  0x00, 0x00, 0x00, 0x00, 0x00, 0x00, 0x00, 0x00, 0x00, 0x00, 0x00, 0x00, 0x00, 0x00, 0x00, 0x00,
  0x00, 0x00, 0x00, 0x00, 0x00, 0x00, 0x00, 0x00, 0x00, 0x00, 0x00, 0x00, 0x00, 0x00, 0x00, 0x00,
  0x00, 0x00, 0x00, 0x00, 0x00, 0x00, 0x00, 0x00, 0x00, 0x00, 0x00, 0x00, 0x00, 0x00, 0x00, 0x00,
  0x00, 0x00, 0x00, 0x00, 0x00, 0x00, 0x00, 0x00, 0x00, 0x00, 0x00, 0x00, 0x00, 0x00, 0x00, 0x00,
  0x00, 0x00, 0x00, 0x00, 0x00, 0x00, 0x00, 0x00, 0x00, 0x00, 0x00, 0x00, 0x00, 0x00, 0x00, 0x00,
  0x00, 0x00, 0x00, 0x00, 0x00, 0x00, 0x00, 0x00, 0x00, 0x00, 0x00, 0x00, 0x00, 0x00, 0x00, 0x00,
  0x00, 0x00, 0x00, 0x00, 0x00, 0x00, 0x00, 0x00, 0x00, 0x00, 0x00, 0x00, 0x00, 0x00, 0x00, 0x00,
  0x00, 0x00, 0x00, 0x00, 0x00, 0x00, 0x00, 0x00, 0x00, 0x00, 0x00, 0x00, 0x00, 0x00, 0x00, 0x00,
  0x00, 0x00, 0x00, 0x00, 0x00, 0x00, 0x00, 0x00, 0x00, 0x00, 0x00, 0x00, 0x00, 0x00, 0x00, 0x00,
  0x00, 0x00, 0x00, 0x00, 0x00, 0x00, 0x00, 0x00, 0x00, 0x00, 0x00, 0x00, 0x00, 0x00, 0x00, 0x00,
  0x00, 0x00, 0x00, 0x00, 0x00, 0x00, 0x00, 0x00, 0x00, 0x00, 0x00, 0x00, 0x00, 0x00, 0x00, 0x00,
  0x00, 0x00, 0x00, 0x00, 0x00, 0x00, 0x00, 0x00, 0x00, 0x00, 0x00, 0x00, 0x00, 0x00, 0x00, 0x00,
  0x00, 0x00, 0x00, 0x00, 0x00, 0x00, 0x00, 0x00, 0x00, 0x00, 0x00, 0x00, 0x00, 0x00, 0x00, 0x00,
  0x00, 0x00, 0x00, 0x00, 0x00, 0x00, 0x00, 0x00, 0x00, 0x00, 0x00, 0x00, 0x00, 0x00, 0x00, 0x00,
  0x00, 0x00, 0x00, 0x00, 0x00, 0x00, 0x00, 0x00, 0x00, 0x00, 0x00, 0x00, 0x00, 0x00, 0x00, 0x00,
  0x00, 0x00, 0x00, 0x00, 0x00, 0x00, 0x00, 0x00, 0x00, 0x00, 0x00, 0x00, 0x00, 0x00, 0x00, 0x00,
  0x00, 0x00, 0x00, 0x00, 0x00, 0x00, 0x00, 0x00, 0x00, 0x00, 0x00, 0x00, 0x00, 0x00, 0x00, 0x00,
  0x00, 0x00, 0x00, 0x00, 0x00, 0x00, 0x00, 0x00, 0x00, 0x00, 0x00, 0x00, 0x00, 0x00, 0x00, 0x00,
  0x00, 0x00, 0x00, 0x00, 0x00, 0x00, 0x00, 0x00, 0x00, 0x00, 0x00, 0x00, 0x00, 0x00, 0x00, 0x00,
  0x00, 0x00, 0x00, 0x00, 0x00, 0x00, 0x00, 0x00, 0x00, 0x00, 0x00, 0x00, 0x00, 0x00, 0x00, 0x00,
  0x00, 0x00, 0x00, 0x00, 0x00, 0x00, 0x00, 0x00, 0x00, 0x00, 0x00, 0x00, 0x00, 0x00, 0x00, 0x00,
  0x00, 0x00, 0x00, 0x00, 0x00, 0x00, 0x00, 0x00, 0x00, 0x00, 0x00, 0x00, 0x00, 0x00, 0x00, 0x00,
  0x00, 0x00, 0x00, 0x00, 0x00, 0x00, 0x00, 0x00, 0x00, 0x00, 0x00, 0x00, 0x00, 0x00, 0x00, 0x00,
  0x00, 0x00, 0x00, 0x00, 0x00, 0x00, 0x00, 0x00, 0x00, 0x00, 0x00, 0x00, 0x00, 0x00, 0x00, 0x00,
  0x00, 0x00, 0x00, 0x00, 0x00, 0x00, 0x00, 0x00, 0x00, 0x00, 0x00, 0x00, 0x00, 0x00, 0x00, 0x00,
  0x00, 0x00, 0x00, 0x00, 0x00, 0x00, 0x00, 0x00, 0x00, 0x00, 0x00, 0x00, 0x00, 0x00, 0x00, 0x00,
  0x00, 0x00, 0x00, 0x00, 0x00, 0x00, 0x00, 0x00, 0x00, 0x00, 0x00, 0x00, 0x00, 0x00, 0x00, 0x00,
  0x00, 0x00, 0x00, 0x00, 0x00, 0x00, 0x00, 0x00, 0x00, 0x00, 0x00, 0x00, 0x00, 0x00, 0x00, 0x00,
  0x00, 0x00, 0x00, 0x00, 0x00, 0x00, 0x00, 0x00, 0x00, 0x00, 0x00, 0x00, 0x00, 0x00, 0x00, 0x00,
  0x00, 0x00, 0x00, 0x00, 0x00, 0x00, 0x00, 0x00, 0x00, 0x00, 0x00, 0x00, 0x00, 0x00, 0x00, 0x00,
  0x00, 0x00, 0x00, 0x00, 0x00, 0x00, 0x00, 0x00, 0x00, 0x00, 0x00, 0x00, 0x00, 0x00, 0x00, 0x00,
  0x00, 0x00, 0x00, 0x00, 0x00, 0x00, 0x00, 0x00, 0x00, 0x00, 0x00, 0x00, 0x00, 0x00, 0x00, 0x00,
  0x00, 0x00, 0x00, 0x00, 0x00, 0x00, 0x00, 0x00, 0x00, 0x00, 0x00, 0x00, 0x00, 0x00, 0x00, 0x00,
  0x00, 0x00, 0x00, 0x00, 0x00, 0x00, 0x00, 0x00, 0x00, 0x00, 0x00, 0x00, 0x00, 0x00, 0x00, 0x00,
  0x00, 0x00, 0x00, 0x00, 0x00, 0x00, 0x00, 0x00, 0x00, 0x00, 0x00, 0x00, 0x00, 0x00, 0x00, 0x00,
  0x00, 0x00, 0x00, 0x00, 0x00, 0x00, 0x00, 0x00, 0x00, 0x00, 0x00, 0x00, 0x00, 0x00, 0x00, 0x00,
  0x00, 0x00, 0x00, 0x00, 0x00, 0x00, 0x00, 0x00, 0x00, 0x00, 0x00, 0x00, 0x00, 0x00, 0x00, 0x00,
  0x00, 0x00, 0x00, 0x00, 0x00, 0x00, 0x00, 0x00, 0x00, 0x00, 0x00, 0x00, 0x00, 0x00, 0x00, 0x00,
  0x00, 0x00, 0x00, 0x00, 0x00, 0x00, 0x00, 0x00, 0x00, 0x00, 0x00, 0x00, 0x00, 0x00, 0x00, 0x00,
  0x00, 0x00, 0x00, 0x00, 0x00, 0x00, 0x00, 0x00, 0x00, 0x00, 0x00, 0x00, 0x00, 0x00, 0x00, 0x00,
  0x00, 0x00, 0x00, 0x00, 0x00, 0x00, 0x00, 0x00, 0x00, 0x00, 0x00, 0x00, 0x00, 0x00, 0x00, 0x00,
  0x00, 0x00, 0x00, 0x00, 0x00, 0x00, 0x00, 0x00, 0x00, 0x00, 0x00, 0x00, 0x00, 0x00, 0x00, 0x00,
  0x00, 0x00, 0x00, 0x00, 0x00, 0x00, 0x00, 0x00, 0x00, 0x00, 0x00, 0x00, 0x00, 0x00, 0x00, 0x00,
  0x00, 0x00, 0x00, 0x00, 0x00, 0x00, 0x00, 0x00, 0x00, 0x00, 0x00, 0x00, 0x00, 0x00, 0x00, 0x00,
  0x00, 0x00, 0x00, 0x00, 0x00, 0x00, 0x00, 0x00, 0x00, 0x00, 0x00, 0x00, 0x00, 0x00, 0x00, 0x00,
  0x00, 0x00, 0x00, 0x00, 0x00, 0x00, 0x00, 0x00, 0x00, 0x00, 0x00, 0x00, 0x00, 0x00, 0x00, 0x00,
  0x00, 0x00, 0x00, 0x00, 0x00, 0x00, 0x00, 0x00, 0x00, 0x00, 0x00, 0x00, 0x00, 0x00, 0x00, 0x00,
  0x00, 0x00, 0x00, 0x00, 0x00, 0x00, 0x00, 0x00, 0x00, 0x00, 0x00, 0x00, 0x00, 0x00, 0x00, 0x00,
  0x00, 0x00, 0x00, 0x00, 0x00, 0x00, 0x00, 0x00, 0x00, 0x00, 0x00, 0x00, 0x00, 0x00, 0x00, 0x00,
  0x00, 0x00, 0x00, 0x00, 0x00, 0x00, 0x00, 0x00, 0x00, 0x00, 0x00, 0x00, 0x00, 0x00, 0x00, 0x00,
  0x00, 0x00, 0x00, 0x00, 0x00, 0x00, 0x00, 0x00, 0x00, 0x00, 0x00, 0x00, 0x00, 0x00, 0x00, 0x00,
  0x00, 0x00, 0x00, 0x00, 0x00, 0x00, 0x00, 0x00, 0x00, 0x00, 0x00, 0x00, 0x00, 0x00, 0x00, 0x00,
  0x00, 0x00, 0x00, 0x00, 0x00, 0x00, 0x00, 0x00, 0x00, 0x00, 0x00, 0x00, 0x00, 0x00, 0x00, 0x00,
  0x00, 0x00, 0x00, 0x00, 0x00, 0x00, 0x00, 0x00, 0x00, 0x00, 0x00, 0x00, 0x00, 0x00, 0x00, 0x00,
  0x00, 0x00, 0x00, 0x00, 0x00, 0x00, 0x00, 0x00, 0x00, 0x00, 0x00, 0x00, 0x00, 0x00, 0x00, 0x00,
  0x00, 0x00, 0x00, 0x00, 0x00, 0x00, 0x00, 0x00, 0x00, 0x00, 0x00, 0x00, 0x00, 0x00, 0x00, 0x00,
  0x00, 0x00, 0x00, 0x00, 0x00, 0x00, 0x00, 0x00, 0x26, 0x11, 0x00, 0x00, 0x00, 0x00, 0x00, 0x00,
  0x00, 0x00, 0x00, 0x00, 0x00, 0x00, 0x00, 0x00, 0x00, 0x00, 0x00, 0x00, 0x00, 0x00, 0x00, 0x00,
  0x00, 0x00, 0x00, 0x00, 0x00, 0x00, 0x00, 0x00, 0x00, 0x00, 0x00, 0x00, 0x00, 0x00, 0x00, 0x00,
  0x00, 0x00, 0x00, 0x00, 0x00, 0x00, 0x00, 0x00, 0x00, 0x00, 0x00, 0x00, 0x00, 0x00, 0x00, 0x00,
  0x00, 0x00, 0x00, 0x00, 0x00, 0x00, 0x00, 0x00, 0x00, 0x00, 0x00, 0x00, 0x00, 0x00, 0x00, 0x00,
  0x00, 0x00, 0x00, 0x00, 0x00, 0x00, 0x00, 0x00, 0x00, 0x00, 0x00, 0x00, 0x00, 0x00, 0x00, 0x00,
  0x00, 0x00, 0x00, 0x00, 0x00, 0x00, 0x00, 0x00, 0x00, 0x00, 0x00, 0x00, 0x00, 0x00, 0x00, 0x00,
  0x00, 0x00, 0x00, 0x00, 0x00, 0x00, 0x00, 0x00, 0x00, 0x00, 0x00, 0x00, 0x00, 0x00, 0x00, 0x00,
  0x00, 0x00, 0x00, 0x00, 0x00, 0x00, 0x00, 0x00, 0x00, 0x00, 0x00, 0x00, 0x00, 0x00, 0x00, 0x00,
  0x00, 0x00, 0x00, 0x00, 0x00, 0x00, 0x00, 0x00, 0x00, 0x00, 0x00, 0x00, 0x00, 0x00, 0x00, 0x00,
  0x00, 0x00, 0x00, 0x00, 0x00, 0x00, 0x00, 0x00, 0x00, 0x00, 0x00, 0x00, 0x00, 0x00, 0x00, 0x00,
  0x00, 0x00, 0x00, 0x00, 0x00, 0x00, 0x00, 0x00, 0x00, 0x00, 0x00, 0x00, 0x00, 0x00, 0x00, 0x00,
  0x00, 0x00, 0x00, 0x00, 0x00, 0x00, 0x00, 0x00, 0x00, 0x00, 0x00, 0x00, 0x00, 0x00, 0x00, 0x00,
  0x00, 0x00, 0x00, 0x00, 0x00, 0x00, 0x00, 0x00, 0x00, 0x00, 0x00, 0x00, 0x00, 0x00, 0x00, 0x00,
  0x00, 0x00, 0x00, 0x00, 0x00, 0x00, 0x00, 0x00, 0x00, 0x00, 0x00, 0x00, 0x00, 0x00, 0x00, 0x00,
  0x00, 0x00, 0x00, 0x00, 0x00, 0x00, 0x00, 0x00, 0x00, 0x00, 0x00, 0x00, 0x00, 0x00, 0x00, 0x00,
  0x00, 0x00, 0x00, 0x00, 0x00, 0x00, 0x00, 0x00, 0x00, 0x00, 0x00, 0x00, 0x00, 0x00, 0x00, 0x00,
  0x00, 0x00, 0x00, 0x00, 0x00, 0x00, 0x00, 0x00, 0x00, 0x00, 0x00, 0x00, 0x00, 0x00, 0x00, 0x00,
  0x00, 0x00, 0x00, 0x00, 0x00, 0x00, 0x00, 0x00, 0x00, 0x00, 0x00, 0x00, 0x00, 0x00, 0x00, 0x00,
  0x00, 0x00, 0x00, 0x00, 0x00, 0x00, 0x00, 0x00, 0x00, 0x00, 0x26, 0x11, 0x02, 0x26, 0x11, 0x0a,
  0x26, 0x11, 0x10, 0x26, 0x11, 0x17, 0x26, 0x11, 0x1c, 0x26, 0x11, 0x20, 0x26, 0x11, 0x24, 0x26,
  0x11, 0x27, 0x26, 0x11, 0x29, 0x26, 0x11, 0x2a, 0x26, 0x11, 0x2b, 0x26, 0x11, 0x2a, 0x26, 0x11,
  0x29, 0x26, 0x11, 0x27, 0x26, 0x11, 0x24, 0x26, 0x11, 0x20, 0x26, 0x11, 0x1c, 0x26, 0x11, 0x17,
  0x26, 0x11, 0x10, 0x26, 0x11, 0x0a, 0x26, 0x11, 0x02, 0x00, 0x00, 0x00, 0x00, 0x00, 0x00, 0x00,
  0x00, 0x00, 0x00, 0x00, 0x00, 0x00, 0x00, 0x00, 0x00, 0x00, 0x00, 0x00, 0x00, 0x00, 0x00, 0x00,
  0x00, 0x00, 0x00, 0x00, 0x00, 0x00, 0x00, 0x00, 0x00, 0x00, 0x00, 0x00, 0x00, 0x00, 0x00, 0x00,
  0x00, 0x00, 0x00, 0x00, 0x00, 0x00, 0x00, 0x00, 0x00, 0x00, 0x00, 0x00, 0x00, 0x00, 0x00, 0x00,
  0x00, 0x00, 0x00, 0x00, 0x00, 0x00, 0x00, 0x00, 0x00, 0x00, 0x00, 0x00, 0x00, 0x00, 0x00, 0x00,
  0x00, 0x00, 0x00, 0x00, 0x00, 0x00, 0x00, 0x00, 0x00, 0x00, 0x00, 0x00, 0x00, 0x00, 0x00, 0x00,
  0x00, 0x00, 0x00, 0x00, 0x00, 0x00, 0x00, 0x00, 0x00, 0x00, 0x00, 0x00, 0x00, 0x00, 0x00, 0x00,
  0x00, 0x00, 0x00, 0x00, 0x00, 0x00, 0x00, 0x00, 0x00, 0x00, 0x00, 0x00, 0x00, 0x00, 0x00, 0x00,
  0x00, 0x00, 0x00, 0x00, 0x00, 0x00, 0x00, 0x00, 0x00, 0x00, 0x00, 0x00, 0x00, 0x00, 0x00, 0x00,
  0x00, 0x00, 0x00, 0x00, 0x00, 0x00, 0x00, 0x00, 0x00, 0x00, 0x00, 0x00, 0x00, 0x00, 0x00, 0x00,
  0x00, 0x00, 0x00, 0x00, 0x00, 0x00, 0x00, 0x00, 0x00, 0x00, 0x00, 0x00, 0x00, 0x00, 0x00, 0x00,
  0x00, 0x00, 0x00, 0x00, 0x00, 0x00, 0x00, 0x00, 0x00, 0x00, 0x00, 0x00, 0x00, 0x00, 0x00, 0x00,
  0x00, 0x00, 0x00, 0x00, 0x00, 0x00, 0x00, 0x00, 0x00, 0x00, 0x00, 0x00, 0x00, 0x00, 0x00, 0x00,
  0x00, 0x00, 0x00, 0x00, 0x00, 0x00, 0x00, 0x00, 0x00, 0x00, 0x00, 0x00, 0x00, 0x00, 0x00, 0x00,
  0x00, 0x00, 0x00, 0x00, 0x00, 0x00, 0x00, 0x00, 0x00, 0x00, 0x00, 0x00, 0x00, 0x00, 0x00, 0x00,
  0x00, 0x00, 0x00, 0x00, 0x00, 0x00, 0x00, 0x00, 0x00, 0x00, 0x00, 0x00, 0x00, 0x00, 0x00, 0x00,
  0x00, 0x00, 0x00, 0x00, 0x00, 0x00, 0x00, 0x00, 0x00, 0x00, 0x00, 0x00, 0x00, 0x00, 0x26, 0x11,
  0x05, 0x26, 0x11, 0x10, 0x26, 0x11, 0x1a, 0x26, 0x11, 0x23, 0x26, 0x11, 0x2c, 0x26, 0x11, 0x34,
  0x26, 0x11, 0x3a, 0x26, 0x11, 0x41, 0x26, 0x11, 0x46, 0x26, 0x11, 0x4b, 0x26, 0x11, 0x4e, 0x26,
  0x11, 0x51, 0x26, 0x11, 0x53, 0x26, 0x11, 0x55, 0x26, 0x11, 0x55, 0x26, 0x11, 0x55, 0x26, 0x11,
  0x53, 0x26, 0x11, 0x51, 0x26, 0x11, 0x4e, 0x26, 0x11, 0x4b, 0x26, 0x11, 0x46, 0x26, 0x11, 0x41,
  0x26, 0x11, 0x3a, 0x26, 0x11, 0x34, 0x26, 0x11, 0x2c, 0x26, 0x11, 0x23, 0x26, 0x11, 0x1a, 0x26,
  0x11, 0x10, 0x26, 0x11, 0x05, 0x00, 0x00, 0x00, 0x00, 0x00, 0x00, 0x00, 0x00, 0x00, 0x00, 0x00,
  0x00, 0x00, 0x00, 0x00, 0x00, 0x00, 0x00, 0x00, 0x00, 0x00, 0x00, 0x00, 0x00, 0x00, 0x00, 0x00,
  0x00, 0x00, 0x00, 0x00, 0x00, 0x00, 0x00, 0x00, 0x00, 0x00, 0x00, 0x00, 0x00, 0x00, 0x00, 0x00,
  0x00, 0x00, 0x00, 0x00, 0x00, 0x00, 0x00, 0x00, 0x00, 0x00, 0x00, 0x00, 0x00, 0x00, 0x00, 0x00,
  0x00, 0x00, 0x00, 0x00, 0x00, 0x00, 0x00, 0x00, 0x00, 0x00, 0x00, 0x00, 0x00, 0x00, 0x00, 0x00,
  0x00, 0x00, 0x00, 0x00, 0x00, 0x00, 0x00, 0x00, 0x00, 0x00, 0x00, 0x00, 0x00, 0x00, 0x00, 0x00,
  0x00, 0x00, 0x00, 0x00, 0x00, 0x00, 0x00, 0x00, 0x00, 0x00, 0x00, 0x00, 0x00, 0x00, 0x00, 0x00,
  0x00, 0x00, 0x00, 0x00, 0x00, 0x00, 0x00, 0x00, 0x00, 0x00, 0x00, 0x00, 0x00, 0x00, 0x00, 0x00,
  0x00, 0x00, 0x00, 0x00, 0x00, 0x00, 0x00, 0x00, 0x00, 0x00, 0x00, 0x00, 0x00, 0x00, 0x00, 0x00,
  0x00, 0x00, 0x00, 0x00, 0x00, 0x00, 0x00, 0x00, 0x00, 0x00, 0x00, 0x00, 0x00, 0x00, 0x00, 0x00,
  0x00, 0x00, 0x00, 0x00, 0x00, 0x00, 0x00, 0x00, 0x00, 0x00, 0x00, 0x00, 0x00, 0x00, 0x00, 0x00,
  0x00, 0x00, 0x00, 0x00, 0x00, 0x00, 0x00, 0x00, 0x00, 0x00, 0x00, 0x00, 0x00, 0x00, 0x00, 0x00,
  0x00, 0x00, 0x00, 0x00, 0x00, 0x00, 0x00, 0x00, 0x00, 0x00, 0x00, 0x00, 0x00, 0x00, 0x00, 0x00,
  0x00, 0x00, 0x00, 0x00, 0x00, 0x00, 0x00, 0x00, 0x00, 0x00, 0x00, 0x00, 0x00, 0x00, 0x00, 0x00,
  0x00, 0x00, 0x00, 0x00, 0x00, 0x00, 0x00, 0x00, 0x00, 0x00, 0x00, 0x00, 0x00, 0x00, 0x00, 0x00,
  0x00, 0x00, 0x00, 0x00, 0x00, 0x26, 0x11, 0x08, 0x26, 0x11, 0x15, 0x26, 0x11, 0x22, 0x26, 0x11,
  0x2e, 0x26, 0x11, 0x39, 0x26, 0x11, 0x43, 0x26, 0x11, 0x4d, 0x26, 0x11, 0x55, 0x26, 0x11, 0x5d,
  0x26, 0x11, 0x64, 0x26, 0x11, 0x6b, 0x26, 0x11, 0x70, 0x26, 0x11, 0x75, 0x26, 0x11, 0x79, 0x26,
  0x11, 0x7c, 0x26, 0x11, 0x7e, 0x26, 0x11, 0x7f, 0x26, 0x11, 0x80, 0x26, 0x11, 0x7f, 0x26, 0x11,
  0x7e, 0x26, 0x11, 0x7c, 0x26, 0x11, 0x79, 0x26, 0x11, 0x75, 0x26, 0x11, 0x70, 0x26, 0x11, 0x6b,
  0x26, 0x11, 0x64, 0x26, 0x11, 0x5d, 0x26, 0x11, 0x55, 0x26, 0x11, 0x4d, 0x26, 0x11, 0x43, 0x26,
  0x11, 0x39, 0x26, 0x11, 0x2e, 0x26, 0x11, 0x22, 0x26, 0x11, 0x15, 0x26, 0x11, 0x08, 0x00, 0x00,
  0x00, 0x00, 0x00, 0x00, 0x00, 0x00, 0x00, 0x00, 0x00, 0x00, 0x00, 0x00, 0x00, 0x00, 0x00, 0x00,
  0x00, 0x00, 0x00, 0x00, 0x00, 0x00, 0x00, 0x00, 0x00, 0x00, 0x00, 0x00, 0x00, 0x00, 0x00, 0x00,
  0x00, 0x00, 0x00, 0x00, 0x00, 0x00, 0x00, 0x00, 0x00, 0x00, 0x00, 0x00, 0x00, 0x00, 0x00, 0x00,
  0x00, 0x00, 0x00, 0x00, 0x00, 0x00, 0x00, 0x00, 0x00, 0x00, 0x00, 0x00, 0x00, 0x00, 0x00, 0x00,
  0x00, 0x00, 0x00, 0x00, 0x00, 0x00, 0x00, 0x00, 0x00, 0x00, 0x00, 0x00, 0x00, 0x00, 0x00, 0x00,
  0x00, 0x00, 0x00, 0x00, 0x00, 0x00, 0x00, 0x00, 0x00, 0x00, 0x00, 0x00, 0x00, 0x00, 0x00, 0x00,
  0x00, 0x00, 0x00, 0x00, 0x00, 0x00, 0x00, 0x00, 0x00, 0x00, 0x00, 0x00, 0x00, 0x00, 0x00, 0x00,
  0x00, 0x00, 0x00, 0x00, 0x00, 0x00, 0x00, 0x00, 0x00, 0x00, 0x00, 0x00, 0x00, 0x00, 0x00, 0x00,
  0x00, 0x00, 0x00, 0x00, 0x00, 0x00, 0x00, 0x00, 0x00, 0x00, 0x00, 0x00, 0x00, 0x00, 0x00, 0x00,
  0x00, 0x00, 0x00, 0x00, 0x00, 0x00, 0x00, 0x00, 0x00, 0x00, 0x00, 0x00, 0x00, 0x00, 0x00, 0x00,
  0x00, 0x00, 0x00, 0x00, 0x00, 0x00, 0x00, 0x00, 0x00, 0x00, 0x00, 0x00, 0x00, 0x00, 0x00, 0x00,
  0x00, 0x00, 0x00, 0x00, 0x00, 0x00, 0x00, 0x00, 0x00, 0x00, 0x00, 0x00, 0x00, 0x00, 0x00, 0x00,
  0x00, 0x00, 0x00, 0x00, 0x00, 0x00, 0x00, 0x00, 0x00, 0x00, 0x00, 0x00, 0x00, 0x00, 0x00, 0x00,
  0x00, 0x00, 0x00, 0x00, 0x00, 0x00, 0x00, 0x00, 0x00, 0x00, 0x00, 0x00, 0x26, 0x11, 0x03, 0x26,
  0x11, 0x13, 0x26, 0x11, 0x22, 0x26, 0x11, 0x30, 0x26, 0x11, 0x3e, 0x26, 0x11, 0x4b, 0x26, 0x11,
  0x57, 0x26, 0x11, 0x62, 0x26, 0x11, 0x6c, 0x26, 0x11, 0x76, 0x26, 0x11, 0x7f, 0x26, 0x11, 0x87,
  0x26, 0x11, 0x8e, 0x26, 0x11, 0x95, 0x26, 0x11, 0x9a, 0x26, 0x11, 0x9f, 0x26, 0x11, 0xa3, 0x26,
  0x11, 0xa6, 0x26, 0x11, 0xa8, 0x26, 0x11, 0xaa, 0x26, 0x11, 0xaa, 0x26, 0x11, 0xaa, 0x26, 0x11,
  0xa8, 0x26, 0x11, 0xa6, 0x26, 0x11, 0xa3, 0x26, 0x11, 0x9f, 0x26, 0x11, 0x9a, 0x26, 0x11, 0x95,
  0x26, 0x11, 0x8e, 0x26, 0x11, 0x87, 0x26, 0x11, 0x7f, 0x26, 0x11, 0x76, 0x26, 0x11, 0x6c, 0x26,
  0x11, 0x62, 0x26, 0x11, 0x57, 0x26, 0x11, 0x4b, 0x26, 0x11, 0x3e, 0x26, 0x11, 0x30, 0x26, 0x11,
  0x22, 0x26, 0x11, 0x13, 0x26, 0x11, 0x03, 0x00, 0x00, 0x00, 0x00, 0x00, 0x00, 0x00, 0x00, 0x00,
  0x00, 0x00, 0x00, 0x00, 0x00, 0x00, 0x00, 0x00, 0x00, 0x00, 0x00, 0x00, 0x00, 0x00, 0x00, 0x00,
  0x00, 0x00, 0x00, 0x00, 0x00, 0x00, 0x00, 0x00, 0x00, 0x00, 0x00, 0x00, 0x00, 0x00, 0x00, 0x00,
  0x00, 0x00, 0x00, 0x00, 0x00, 0x00, 0x00, 0x00, 0x00, 0x00, 0x00, 0x00, 0x00, 0x00, 0x00, 0x00,
  0x00, 0x00, 0x00, 0x00, 0x00, 0x00, 0x00, 0x00, 0x00, 0x00, 0x00, 0x00, 0x00, 0x00, 0x00, 0x00,
  0x00, 0x00, 0x00, 0x00, 0x00, 0x00, 0x00, 0x00, 0x00, 0x00, 0x00, 0x00, 0x00, 0x00, 0x00, 0x00,
  0x00, 0x00, 0x00, 0x00, 0x00, 0x00, 0x00, 0x00, 0x00, 0x00, 0x00, 0x00, 0x00, 0x00, 0x00, 0x00,
  0x00, 0x00, 0x00, 0x00, 0x00, 0x00, 0x00, 0x00, 0x00, 0x00, 0x00, 0x00, 0x00, 0x00, 0x00, 0x00,
  0x00, 0x00, 0x00, 0x00, 0x00, 0x00, 0x00, 0x00, 0x00, 0x00, 0x00, 0x00, 0x00, 0x00, 0x00, 0x00,
  0x00, 0x00, 0x00, 0x00, 0x00, 0x00, 0x00, 0x00, 0x00, 0x00, 0x00, 0x00, 0x00, 0x00, 0x00, 0x00,
  0x00, 0x00, 0x00, 0x00, 0x00, 0x00, 0x00, 0x00, 0x00, 0x00, 0x00, 0x00, 0x00, 0x00, 0x00, 0x00,
  0x00, 0x00, 0x00, 0x00, 0x00, 0x00, 0x00, 0x00, 0x00, 0x00, 0x00, 0x00, 0x00, 0x00, 0x00, 0x00,
  0x00, 0x00, 0x00, 0x00, 0x00, 0x00, 0x00, 0x00, 0x00, 0x00, 0x00, 0x00, 0x00, 0x00, 0x00, 0x00,
  0x00, 0x00, 0x00, 0x00, 0x00, 0x00, 0x26, 0x11, 0x08, 0x26, 0x11, 0x1a, 0x26, 0x11, 0x2b, 0x26,
  0x11, 0x3a, 0x26, 0x11, 0x4a, 0x26, 0x11, 0x58, 0x26, 0x11, 0x66, 0x26, 0x11, 0x73, 0x26, 0x11,
  0x80, 0x26, 0x11, 0x8b, 0x26, 0x11, 0x96, 0x26, 0x11, 0xa0, 0x26, 0x11, 0xa9, 0x26, 0x11, 0xb1,
  0x26, 0x11, 0xb8, 0x26, 0x11, 0xbf, 0x26, 0x11, 0xc5, 0x26, 0x11, 0xc9, 0x26, 0x11, 0xcd, 0x26,
  0x11, 0xd1, 0x26, 0x11, 0xd3, 0x26, 0x11, 0xd4, 0x26, 0x11, 0xd5, 0x26, 0x11, 0xd4, 0x26, 0x11,
  0xd3, 0x26, 0x11, 0xd1, 0x26, 0x11, 0xcd, 0x26, 0x11, 0xc9, 0x26, 0x11, 0xc5, 0x26, 0x11, 0xbf,
  0x26, 0x11, 0xb8, 0x26, 0x11, 0xb1, 0x26, 0x11, 0xa9, 0x26, 0x11, 0xa0, 0x26, 0x11, 0x96, 0x26,
  0x11, 0x8b, 0x26, 0x11, 0x80, 0x26, 0x11, 0x73, 0x26, 0x11, 0x66, 0x26, 0x11, 0x58, 0x26, 0x11,
  0x4a, 0x26, 0x11, 0x3a, 0x26, 0x11, 0x2b, 0x26, 0x11, 0x1a, 0x26, 0x11, 0x08, 0x00, 0x00, 0x00,
  0x00, 0x00, 0x00, 0x00, 0x00, 0x00, 0x00, 0x00, 0x00, 0x00, 0x00, 0x00, 0x00, 0x00, 0x00, 0x00,
  0x00, 0x00, 0x00, 0x00, 0x00, 0x00, 0x00, 0x00, 0x00, 0x00, 0x00, 0x00, 0x00, 0x00, 0x00, 0x00,
  0x00, 0x00, 0x00, 0x00, 0x00, 0x00, 0x00, 0x00, 0x00, 0x00, 0x00, 0x00, 0x00, 0x00, 0x00, 0x00,
  0x00, 0x00, 0x00, 0x00, 0x00, 0x00, 0x00, 0x00, 0x00, 0x00, 0x00, 0x00, 0x00, 0x00, 0x00, 0x00,
  0x00, 0x00, 0x00, 0x00, 0x00, 0x00, 0x00, 0x00, 0x00, 0x00, 0x00, 0x00, 0x00, 0x00, 0x00, 0x00,
  0x00, 0x00, 0x00, 0x00, 0x00, 0x00, 0x00, 0x00, 0x00, 0x00, 0x00, 0x00, 0x00, 0x00, 0x00, 0x00,
  0x00, 0x00, 0x00, 0x00, 0x00, 0x00, 0x00, 0x00, 0x00, 0x00, 0x00, 0x00, 0x00, 0x00, 0x00, 0x00,
  0x00, 0x00, 0x00, 0x00, 0x00, 0x00, 0x00, 0x00, 0x00, 0x00, 0x00, 0x00, 0x00, 0x00, 0x00, 0x00,
  0x00, 0x00, 0x00, 0x00, 0x00, 0x00, 0x00, 0x00, 0x00, 0x00, 0x00, 0x00, 0x00, 0x00, 0x00, 0x00,
  0x00, 0x00, 0x00, 0x00, 0x00, 0x00, 0x00, 0x00, 0x00, 0x00, 0x00, 0x00, 0x00, 0x00, 0x00, 0x00,
  0x00, 0x00, 0x00, 0x00, 0x00, 0x00, 0x00, 0x00, 0x00, 0x00, 0x00, 0x00, 0x00, 0x00, 0x00, 0x00,
  0x00, 0x00, 0x00, 0x00, 0x00, 0x00, 0x00, 0x00, 0x00, 0x00, 0x00, 0x00, 0x00, 0x00, 0x00, 0x00,
  0x26, 0x11, 0x0a, 0x26, 0x11, 0x1d, 0x26, 0x11, 0x2f, 0x26, 0x11, 0x41, 0x26, 0x11, 0x52, 0x26,
  0x11, 0x62, 0x26, 0x11, 0x72, 0x26, 0x11, 0x80, 0x26, 0x11, 0x8e, 0x26, 0x11, 0x9c, 0x26, 0x11,
  0xa8, 0x26, 0x11, 0xb4, 0x26, 0x11, 0xbf, 0x26, 0x11, 0xc9, 0x26, 0x11, 0xd2, 0x26, 0x11, 0xdb,
  0x26, 0x11, 0xe2, 0x26, 0x11, 0xe9, 0x26, 0x11, 0xef, 0x26, 0x11, 0xf4, 0x26, 0x11, 0xf8, 0x26,
  0x11, 0xfb, 0x26, 0x11, 0xfd, 0x26, 0x11, 0xff, 0x26, 0x11, 0xff, 0x26, 0x11, 0xff, 0x26, 0x11,
  0xfd, 0x26, 0x11, 0xfb, 0x26, 0x11, 0xf8, 0x26, 0x11, 0xf4, 0x26, 0x11, 0xef, 0x26, 0x11, 0xe9,
  0x26, 0x11, 0xe2, 0x26, 0x11, 0xdb, 0x26, 0x11, 0xd2, 0x26, 0x11, 0xc9, 0x26, 0x11, 0xbf, 0x26,
  0x11, 0xb4, 0x26, 0x11, 0xa8, 0x26, 0x11, 0x9c, 0x26, 0x11, 0x8e, 0x26, 0x11, 0x80, 0x26, 0x11,
  0x72, 0x26, 0x11, 0x62, 0x26, 0x11, 0x52, 0x26, 0x11, 0x41, 0x26, 0x11, 0x2f, 0x26, 0x11, 0x1d,
  0x26, 0x11, 0x0a, 0x00, 0x00, 0x00, 0x00, 0x00, 0x00, 0x00, 0x00, 0x00, 0x00, 0x00, 0x00, 0x00,
  0x00, 0x00, 0x00, 0x00, 0x00, 0x00, 0x00, 0x00, 0x00, 0x00, 0x00, 0x00, 0x00, 0x00, 0x00, 0x00,
  0x00, 0x00, 0x00, 0x00, 0x00, 0x00, 0x00, 0x00, 0x00, 0x00, 0x00, 0x00, 0x00, 0x00, 0x00, 0x00,
  0x00, 0x00, 0x00, 0x00, 0x00, 0x00, 0x00, 0x00, 0x00, 0x00, 0x00, 0x00, 0x00, 0x00, 0x00, 0x00,
  0x00, 0x00, 0x00, 0x00, 0x00, 0x00, 0x00, 0x00, 0x00, 0x00, 0x00, 0x00, 0x00, 0x00, 0x00, 0x00,
  0x00, 0x00, 0x00, 0x00, 0x00, 0x00, 0x00, 0x00, 0x00, 0x00, 0x00, 0x00, 0x00, 0x00, 0x00, 0x00,
  0x00, 0x00, 0x00, 0x00, 0x00, 0x00, 0x00, 0x00, 0x00, 0x00, 0x00, 0x00, 0x00, 0x00, 0x00, 0x00,
  0x00, 0x00, 0x00, 0x00, 0x00, 0x00, 0x00, 0x00, 0x00, 0x00, 0x00, 0x00, 0x00, 0x00, 0x00, 0x00,
  0x00, 0x00, 0x00, 0x00, 0x00, 0x00, 0x00, 0x00, 0x00, 0x00, 0x00, 0x00, 0x00, 0x00, 0x00, 0x00,
  0x00, 0x00, 0x00, 0x00, 0x00, 0x00, 0x00, 0x00, 0x00, 0x00, 0x00, 0x00, 0x00, 0x00, 0x00, 0x00,
  0x00, 0x00, 0x00, 0x00, 0x00, 0x00, 0x00, 0x00, 0x00, 0x00, 0x00, 0x00, 0x00, 0x00, 0x00, 0x00,
  0x00, 0x00, 0x00, 0x00, 0x00, 0x00, 0x00, 0x00, 0x00, 0x00, 0x26, 0x11, 0x07, 0x26, 0x11, 0x1b,
  0x26, 0x11, 0x2f, 0x26, 0x11, 0x43, 0x26, 0x11, 0x55, 0x26, 0x11, 0x67, 0x26, 0x11, 0x79, 0x26,
  0x11, 0x89, 0x26, 0x11, 0x99, 0x26, 0x11, 0xa8, 0x26, 0x11, 0xb7, 0x26, 0x11, 0xc4, 0x26, 0x11,
  0xd1, 0x26, 0x11, 0xdd, 0x26, 0x11, 0xe8, 0x26, 0x11, 0xf2, 0x26, 0x11, 0xfc, 0x30, 0x13, 0xff,
  0x30, 0x13, 0xff, 0x30, 0x13, 0xff, 0x30, 0x13, 0xff, 0x30, 0x13, 0xff, 0x30, 0x13, 0xff, 0x30,
  0x13, 0xff, 0x30, 0x13, 0xff, 0x30, 0x13, 0xff, 0x30, 0x13, 0xff, 0x30, 0x13, 0xff, 0x30, 0x13,
  0xff, 0x50, 0x13, 0xff, 0x50, 0x13, 0xff, 0x50, 0x13, 0xff, 0x50, 0x13, 0xff, 0x50, 0x13, 0xff,
  0x50, 0x13, 0xff, 0x50, 0x13, 0xff, 0x26, 0x11, 0xfc, 0x26, 0x11, 0xf2, 0x26, 0x11, 0xe8, 0x26,
  0x11, 0xdd, 0x26, 0x11, 0xd1, 0x26, 0x11, 0xc4, 0x26, 0x11, 0xb7, 0x26, 0x11, 0xa8, 0x26, 0x11,
  0x99, 0x26, 0x11, 0x89, 0x26, 0x11, 0x79, 0x26, 0x11, 0x67, 0x26, 0x11, 0x55, 0x26, 0x11, 0x43,
  0x26, 0x11, 0x2f, 0x26, 0x11, 0x1b, 0x26, 0x11, 0x07, 0x00, 0x00, 0x00, 0x00, 0x00, 0x00, 0x00,
  0x00, 0x00, 0x00, 0x00, 0x00, 0x00, 0x00, 0x00, 0x00, 0x00, 0x00, 0x00, 0x00, 0x00, 0x00, 0x00,
  0x00, 0x00, 0x00, 0x00, 0x00, 0x00, 0x00, 0x00, 0x00, 0x00, 0x00, 0x00, 0x00, 0x00, 0x00, 0x00,
  0x00, 0x00, 0x00, 0x00, 0x00, 0x00, 0x00, 0x00, 0x00, 0x00, 0x00, 0x00, 0x00, 0x00, 0x00, 0x00,
  0x00, 0x00, 0x00, 0x00, 0x00, 0x00, 0x00, 0x00, 0x00, 0x00, 0x00, 0x00, 0x00, 0x00, 0x00, 0x00,
  0x00, 0x00, 0x00, 0x00, 0x00, 0x00, 0x00, 0x00, 0x00, 0x00, 0x00, 0x00, 0x00, 0x00, 0x00, 0x00,
  0x00, 0x00, 0x00, 0x00, 0x00, 0x00, 0x00, 0x00, 0x00, 0x00, 0x00, 0x00, 0x00, 0x00, 0x00, 0x00,
  0x00, 0x00, 0x00, 0x00, 0x00, 0x00, 0x00, 0x00, 0x00, 0x00, 0x00, 0x00, 0x00, 0x00, 0x00, 0x00,
  0x00, 0x00, 0x00, 0x00, 0x00, 0x00, 0x00, 0x00, 0x00, 0x00, 0x00, 0x00, 0x00, 0x00, 0x00, 0x00,
  0x00, 0x00, 0x00, 0x00, 0x00, 0x00, 0x00, 0x00, 0x00, 0x00, 0x00, 0x00, 0x00, 0x00, 0x00, 0x00,
  0x00, 0x00, 0x00, 0x00, 0x00, 0x00, 0x00, 0x00, 0x00, 0x00, 0x00, 0x00, 0x00, 0x00, 0x00, 0x00,
  0x00, 0x00, 0x00, 0x00, 0x26, 0x11, 0x00, 0x26, 0x11, 0x16, 0x26, 0x11, 0x2c, 0x26, 0x11, 0x41,
  0x26, 0x11, 0x55, 0x26, 0x11, 0x69, 0x26, 0x11, 0x7c, 0x26, 0x11, 0x8e, 0x26, 0x11, 0xa0, 0x26,
  0x11, 0xb1, 0x26, 0x11, 0xc1, 0x26, 0x11, 0xd0, 0x26, 0x11, 0xdf, 0x26, 0x11, 0xed, 0x26, 0x11,
  0xfa, 0x30, 0x13, 0xff, 0x30, 0x13, 0xff, 0x30, 0x13, 0xff, 0x30, 0x13, 0xff, 0x30, 0x13, 0xff,
  0x30, 0x13, 0xff, 0x30, 0x13, 0xff, 0x30, 0x13, 0xff, 0x30, 0x13, 0xff, 0x30, 0x13, 0xff, 0x30,
  0x13, 0xff, 0x30, 0x13, 0xff, 0x30, 0x13, 0xff, 0x30, 0x13, 0xff, 0x30, 0x13, 0xff, 0x30, 0x13,
  0xff, 0x50, 0x13, 0xff, 0x50, 0x13, 0xff, 0x50, 0x13, 0xff, 0x50, 0x13, 0xff, 0x50, 0x13, 0xff,
  0x50, 0x13, 0xff, 0x50, 0x13, 0xff, 0x50, 0x13, 0xff, 0x50, 0x13, 0xff, 0x50, 0x13, 0xff, 0x50,
  0x13, 0xff, 0x26, 0x11, 0xfa, 0x26, 0x11, 0xed, 0x26, 0x11, 0xdf, 0x26, 0x11, 0xd0, 0x26, 0x11,
  0xc1, 0x26, 0x11, 0xb1, 0x26, 0x11, 0xa0, 0x26, 0x11, 0x8e, 0x26, 0x11, 0x7c, 0x26, 0x11, 0x69,
  0x26, 0x11, 0x55, 0x26, 0x11, 0x41, 0x26, 0x11, 0x2c, 0x26, 0x11, 0x16, 0x26, 0x11, 0x00, 0x00,
  0x00, 0x00, 0x00, 0x00, 0x00, 0x00, 0x00, 0x00, 0x00, 0x00, 0x00, 0x00, 0x00, 0x00, 0x00, 0x00,
  0x00, 0x00, 0x00, 0x00, 0x00, 0x00, 0x00, 0x00, 0x00, 0x00, 0x00, 0x00, 0x00, 0x00, 0x00, 0x00,
  0x00, 0x00, 0x00, 0x00, 0x00, 0x00, 0x00, 0x00, 0x00, 0x00, 0x00, 0x00, 0x00, 0x00, 0x00, 0x00,
  0x00, 0x00, 0x00, 0x00, 0x00, 0x00, 0x00, 0x00, 0x00, 0x00, 0x00, 0x00, 0x00, 0x00, 0x00, 0x00,
  0x00, 0x00, 0x00, 0x00, 0x00, 0x00, 0x00, 0x00, 0x00, 0x00, 0x00, 0x00, 0x00, 0x00, 0x00, 0x00,
  0x00, 0x00, 0x00, 0x00, 0x00, 0x00, 0x00, 0x00, 0x00, 0x00, 0x00, 0x00, 0x00, 0x00, 0x00, 0x00,
  0x00, 0x00, 0x00, 0x00, 0x00, 0x00, 0x00, 0x00, 0x00, 0x00, 0x00, 0x00, 0x00, 0x00, 0x00, 0x00,
  0x00, 0x00, 0x00, 0x00, 0x00, 0x00, 0x00, 0x00, 0x00, 0x00, 0x00, 0x00, 0x00, 0x00, 0x00, 0x00,
  0x00, 0x00, 0x00, 0x00, 0x00, 0x00, 0x00, 0x00, 0x00, 0x00, 0x00, 0x00, 0x00, 0x00, 0x00, 0x00,
  0x00, 0x00, 0x00, 0x00, 0x00, 0x00, 0x00, 0x00, 0x00, 0x00, 0x00, 0x00, 0x00, 0x00, 0x00, 0x00,
  0x00, 0x26, 0x11, 0x0d, 0x26, 0x11, 0x24, 0x26, 0x11, 0x3a, 0x26, 0x11, 0x50, 0x26, 0x11, 0x66,
  0x26, 0x11, 0x7a, 0x26, 0x11, 0x8e, 0x26, 0x11, 0xa2, 0x26, 0x11, 0xb4, 0x26, 0x11, 0xc6, 0x26,
  0x11, 0xd8, 0x26, 0x11, 0xe8, 0x26, 0x11, 0xf8, 0x30, 0x13, 0xff, 0x30, 0x13, 0xff, 0x30, 0x13,
  0xff, 0x30, 0x13, 0xff, 0x30, 0x13, 0xff, 0x30, 0x13, 0xff, 0x30, 0x13, 0xff, 0x30, 0x13, 0xff,
  0x30, 0x13, 0xff, 0x30, 0x13, 0xff, 0x30, 0x13, 0xff, 0x30, 0x13, 0xff, 0x30, 0x13, 0xff, 0x30,
  0x13, 0xff, 0x30, 0x13, 0xff, 0x30, 0x13, 0xff, 0x30, 0x13, 0xff, 0x30, 0x13, 0xff, 0x30, 0x13,
  0xff, 0x50, 0x13, 0xff, 0x50, 0x13, 0xff, 0x50, 0x13, 0xff, 0x50, 0x13, 0xff, 0x50, 0x13, 0xff,
  0x50, 0x13, 0xff, 0x50, 0x13, 0xff, 0x50, 0x13, 0xff, 0x50, 0x13, 0xff, 0x50, 0x13, 0xff, 0x50,
  0x13, 0xff, 0x50, 0x13, 0xff, 0x50, 0x13, 0xff, 0x50, 0x13, 0xff, 0x26, 0x11, 0xf8, 0x26, 0x11,
  0xe8, 0x26, 0x11, 0xd8, 0x26, 0x11, 0xc6, 0x26, 0x11, 0xb4, 0x26, 0x11, 0xa2, 0x26, 0x11, 0x8e,
  0x26, 0x11, 0x7a, 0x26, 0x11, 0x66, 0x26, 0x11, 0x50, 0x26, 0x11, 0x3a, 0x26, 0x11, 0x24, 0x26,
  0x11, 0x0d, 0x00, 0x00, 0x00, 0x00, 0x00, 0x00, 0x00, 0x00, 0x00, 0x00, 0x00, 0x00, 0x00, 0x00,
  0x00, 0x00, 0x00, 0x00, 0x00, 0x00, 0x00, 0x00, 0x00, 0x00, 0x00, 0x00, 0x00, 0x00, 0x00, 0x00,
  0x00, 0x00, 0x00, 0x00, 0x00, 0x00, 0x00, 0x00, 0x00, 0x00, 0x00, 0x00, 0x00, 0x00, 0x00, 0x00,
  0x00, 0x00, 0x00, 0x00, 0x00, 0x00, 0x00, 0x00, 0x00, 0x00, 0x00, 0x00, 0x00, 0x00, 0x00, 0x00,
  0x00, 0x00, 0x00, 0x00, 0x00, 0x00, 0x00, 0x00, 0x00, 0x00, 0x00, 0x00, 0x00, 0x00, 0x00, 0x00,
  0x00, 0x00, 0x00, 0x00, 0x00, 0x00, 0x00, 0x00, 0x00, 0x00, 0x00, 0x00, 0x00, 0x00, 0x00, 0x00,
  0x00, 0x00, 0x00, 0x00, 0x00, 0x00, 0x00, 0x00, 0x00, 0x00, 0x00, 0x00, 0x00, 0x00, 0x00, 0x00,
  0x00, 0x00, 0x00, 0x00, 0x00, 0x00, 0x00, 0x00, 0x00, 0x00, 0x00, 0x00, 0x00, 0x00, 0x00, 0x00,
  0x00, 0x00, 0x00, 0x00, 0x00, 0x00, 0x00, 0x00, 0x00, 0x00, 0x00, 0x00, 0x00, 0x00, 0x00, 0x00,
  0x00, 0x00, 0x00, 0x00, 0x00, 0x00, 0x00, 0x00, 0x00, 0x00, 0x00, 0x00, 0x00, 0x00, 0x26, 0x11,
  0x18, 0x26, 0x11, 0x30, 0x26, 0x11, 0x48, 0x26, 0x11, 0x5f, 0x26, 0x11, 0x75, 0x26, 0x11, 0x8b,
  0x26, 0x11, 0xa0, 0x26, 0x11, 0xb4, 0x26, 0x11, 0xc8, 0x26, 0x11, 0xdb, 0x26, 0x11, 0xed, 0x26,
  0x11, 0xff, 0x10, 0x13, 0xff, 0x30, 0x13, 0xff, 0x30, 0x13, 0xff, 0x30, 0x13, 0xff, 0x30, 0x13,
  0xff, 0x30, 0x13, 0xff, 0x30, 0x13, 0xff, 0x30, 0x13, 0xff, 0x30, 0x13, 0xff, 0x30, 0x13, 0xff,
  0x30, 0x13, 0xff, 0x30, 0x13, 0xff, 0x30, 0x13, 0xff, 0x30, 0x13, 0xff, 0x30, 0x13, 0xff, 0x30,
  0x13, 0xff, 0x30, 0x13, 0xff, 0x30, 0x13, 0xff, 0x30, 0x13, 0xff, 0x30, 0x13, 0xff, 0x30, 0x13,
  0xff, 0x50, 0x13, 0xff, 0x50, 0x13, 0xff, 0x50, 0x13, 0xff, 0x50, 0x13, 0xff, 0x50, 0x13, 0xff,
  0x50, 0x13, 0xff, 0x50, 0x13, 0xff, 0x50, 0x13, 0xff, 0x50, 0x13, 0xff, 0x50, 0x13, 0xff, 0x50,
  0x13, 0xff, 0x50, 0x13, 0xff, 0x50, 0x13, 0xff, 0x50, 0x13, 0xff, 0x50, 0x13, 0xff, 0x50, 0x13,
  0xff, 0x26, 0x11, 0xff, 0x26, 0x11, 0xed, 0x26, 0x11, 0xdb, 0x26, 0x11, 0xc8, 0x26, 0x11, 0xb4,
  0x26, 0x11, 0xa0, 0x26, 0x11, 0x8b, 0x26, 0x11, 0x75, 0x26, 0x11, 0x5f, 0x26, 0x11, 0x48, 0x26,
  0x11, 0x30, 0x26, 0x11, 0x18, 0x00, 0x00, 0x00, 0x00, 0x00, 0x00, 0x00, 0x00, 0x00, 0x00, 0x00,
  0x00, 0x00, 0x00, 0x00, 0x00, 0x00, 0x00, 0x00, 0x00, 0x00, 0x00, 0x00, 0x00, 0x00, 0x00, 0x00,
  0x00, 0x00, 0x00, 0x00, 0x00, 0x00, 0x00, 0x00, 0x00, 0x00, 0x00, 0x00, 0x00, 0x00, 0x00, 0x00,
  0x00, 0x00, 0x00, 0x00, 0x00, 0x00, 0x00, 0x00, 0x00, 0x00, 0x00, 0x00, 0x00, 0x00, 0x00, 0x00,
  0x00, 0x00, 0x00, 0x00, 0x00, 0x00, 0x00, 0x00, 0x00, 0x00, 0x00, 0x00, 0x00, 0x00, 0x00, 0x00,
  0x00, 0x00, 0x00, 0x00, 0x00, 0x00, 0x00, 0x00, 0x00, 0x00, 0x00, 0x00, 0x00, 0x00, 0x00, 0x00,
  0x00, 0x00, 0x00, 0x00, 0x00, 0x00, 0x00, 0x00, 0x00, 0x00, 0x00, 0x00, 0x00, 0x00, 0x00, 0x00,
  0x00, 0x00, 0x00, 0x00, 0x00, 0x00, 0x00, 0x00, 0x00, 0x00, 0x00, 0x00, 0x00, 0x00, 0x00, 0x00,
  0x00, 0x00, 0x00, 0x00, 0x00, 0x00, 0x00, 0x00, 0x00, 0x00, 0x00, 0x00, 0x00, 0x00, 0x00, 0x00,
  0x00, 0x00, 0x00, 0x00, 0x00, 0x00, 0x00, 0x00, 0x26, 0x11, 0x08, 0x26, 0x11, 0x22, 0x26, 0x11,
  0x3b, 0x26, 0x11, 0x53, 0x26, 0x11, 0x6b, 0x26, 0x11, 0x82, 0x26, 0x11, 0x99, 0x26, 0x11, 0xaf,
  0x26, 0x11, 0xc5, 0x26, 0x11, 0xd9, 0x26, 0x11, 0xed, 0x10, 0x13, 0xff, 0x10, 0x13, 0xff, 0x10,
  0x13, 0xff, 0x10, 0x13, 0xff, 0x30, 0x13, 0xff, 0x30, 0x13, 0xff, 0x30, 0x13, 0xff, 0x30, 0x13,
  0xff, 0x30, 0x13, 0xff, 0x30, 0x13, 0xff, 0x30, 0x13, 0xff, 0x30, 0x13, 0xff, 0x30, 0x13, 0xff,
  0x30, 0x13, 0xff, 0x30, 0x13, 0xff, 0x30, 0x13, 0xff, 0x30, 0x13, 0xff, 0x30, 0x13, 0xff, 0x30,
  0x13, 0xff, 0x30, 0x13, 0xff, 0x30, 0x13, 0xff, 0x30, 0x13, 0xff, 0x30, 0x13, 0xff, 0x30, 0x13,
  0xff, 0x50, 0x13, 0xff, 0x50, 0x13, 0xff, 0x50, 0x13, 0xff, 0x50, 0x13, 0xff, 0x50, 0x13, 0xff,
  0x50, 0x13, 0xff, 0x50, 0x13, 0xff, 0x50, 0x13, 0xff, 0x50, 0x13, 0xff, 0x50, 0x13, 0xff, 0x50,
  0x13, 0xff, 0x50, 0x13, 0xff, 0x50, 0x13, 0xff, 0x50, 0x13, 0xff, 0x50, 0x13, 0xff, 0x50, 0x13,
  0xff, 0x50, 0x13, 0xff, 0x50, 0x13, 0xff, 0x50, 0x13, 0xff, 0x26, 0x11, 0xed, 0x26, 0x11, 0xd9,
  0x26, 0x11, 0xc5, 0x26, 0x11, 0xaf, 0x26, 0x11, 0x99, 0x26, 0x11, 0x82, 0x26, 0x11, 0x6b, 0x26,
  0x11, 0x53, 0x26, 0x11, 0x3b, 0x26, 0x11, 0x22, 0x26, 0x11, 0x08, 0x00, 0x00, 0x00, 0x00, 0x00,
  0x00, 0x00, 0x00, 0x00, 0x00, 0x00, 0x00, 0x00, 0x00, 0x00, 0x00, 0x00, 0x00, 0x00, 0x00, 0x00,
  0x00, 0x00, 0x00, 0x00, 0x00, 0x00, 0x00, 0x00, 0x00, 0x00, 0x00, 0x00, 0x00, 0x00, 0x00, 0x00,
  0x00, 0x00, 0x00, 0x00, 0x00, 0x00, 0x00, 0x00, 0x00, 0x00, 0x00, 0x00, 0x00, 0x00, 0x00, 0x00,
  0x00, 0x00, 0x00, 0x00, 0x00, 0x00, 0x00, 0x00, 0x00, 0x00, 0x00, 0x00, 0x00, 0x00, 0x00, 0x00,
  0x00, 0x00, 0x00, 0x00, 0x00, 0x00, 0x00, 0x00, 0x00, 0x00, 0x00, 0x00, 0x00, 0x00, 0x00, 0x00,
  0x00, 0x00, 0x00, 0x00, 0x00, 0x00, 0x00, 0x00, 0x00, 0x00, 0x00, 0x00, 0x00, 0x00, 0x00, 0x00,
  0x00, 0x00, 0x00, 0x00, 0x00, 0x00, 0x00, 0x00, 0x00, 0x00, 0x00, 0x00, 0x00, 0x00, 0x00, 0x00,
  0x00, 0x00, 0x00, 0x00, 0x00, 0x00, 0x00, 0x00, 0x00, 0x00, 0x00, 0x00, 0x00, 0x00, 0x00, 0x00,
  0x00, 0x00, 0x00, 0x00, 0x00, 0x26, 0x11, 0x10, 0x26, 0x11, 0x2a, 0x26, 0x11, 0x44, 0x26, 0x11,
  0x5d, 0x26, 0x11, 0x76, 0x26, 0x11, 0x8e, 0x26, 0x11, 0xa6, 0x26, 0x11, 0xbd, 0x26, 0x11, 0xd4,
  0x26, 0x11, 0xe9, 0x26, 0x11, 0xff, 0x10, 0x13, 0xff, 0x10, 0x13, 0xff, 0x10, 0x13, 0xff, 0x10,
  0x13, 0xff, 0x10, 0x13, 0xff, 0x30, 0x13, 0xff, 0x30, 0x13, 0xff, 0x30, 0x13, 0xff, 0x30, 0x13,
  0xff, 0x30, 0x13, 0xff, 0x30, 0x13, 0xff, 0x30, 0x13, 0xff, 0x30, 0x13, 0xff, 0x30, 0x13, 0xff,
  0x30, 0x13, 0xff, 0x30, 0x13, 0xff, 0x30, 0x13, 0xff, 0x30, 0x13, 0xff, 0x30, 0x13, 0xff, 0x30,
  0x13, 0xff, 0x30, 0x13, 0xff, 0x30, 0x13, 0xff, 0x30, 0x13, 0xff, 0x30, 0x13, 0xff, 0x30, 0x13,
  0xff, 0x50, 0x13, 0xff, 0x50, 0x13, 0xff, 0x50, 0x13, 0xff, 0x50, 0x13, 0xff, 0x50, 0x13, 0xff,
  0x50, 0x13, 0xff, 0x50, 0x13, 0xff, 0x50, 0x13, 0xff, 0x50, 0x13, 0xff, 0x50, 0x13, 0xff, 0x50,
  0x13, 0xff, 0x50, 0x13, 0xff, 0x50, 0x13, 0xff, 0x50, 0x13, 0xff, 0x50, 0x13, 0xff, 0x50, 0x13,
  0xff, 0x50, 0x13, 0xff, 0x50, 0x13, 0xff, 0x50, 0x13, 0xff, 0x50, 0x13, 0xff, 0x26, 0x11, 0xff,
  0x26, 0x11, 0xe9, 0x26, 0x11, 0xd4, 0x26, 0x11, 0xbd, 0x26, 0x11, 0xa6, 0x26, 0x11, 0x8e, 0x26,
  0x11, 0x76, 0x26, 0x11, 0x5d, 0x26, 0x11, 0x44, 0x26, 0x11, 0x2a, 0x26, 0x11, 0x10, 0x00, 0x00,
  0x00, 0x00, 0x00, 0x00, 0x00, 0x00, 0x00, 0x00, 0x00, 0x00, 0x00, 0x00, 0x00, 0x00, 0x00, 0x00,
  0x00, 0x00, 0x00, 0x00, 0x00, 0x00, 0x00, 0x00, 0x00, 0x00, 0x00, 0x00, 0x00, 0x00, 0x00, 0x00,
  0x00, 0x00, 0x00, 0x00, 0x00, 0x00, 0x00, 0x00, 0x00, 0x00, 0x00, 0x00, 0x00, 0x00, 0x00, 0x00,
  0x00, 0x00, 0x00, 0x00, 0x00, 0x00, 0x00, 0x00, 0x00, 0x00, 0x00, 0x00, 0x00, 0x00, 0x00, 0x00,
  0x00, 0x00, 0x00, 0x00, 0x00, 0x00, 0x00, 0x00, 0x00, 0x00, 0x00, 0x00, 0x00, 0x00, 0x00, 0x00,
  0x00, 0x00, 0x00, 0x00, 0x00, 0x00, 0x00, 0x00, 0x00, 0x00, 0x00, 0x00, 0x00, 0x00, 0x00, 0x00,
  0x00, 0x00, 0x00, 0x00, 0x00, 0x00, 0x00, 0x00, 0x00, 0x00, 0x00, 0x00, 0x00, 0x00, 0x00, 0x00,
  0x00, 0x00, 0x00, 0x00, 0x00, 0x00, 0x00, 0x00, 0x00, 0x00, 0x00, 0x00, 0x00, 0x00, 0x00, 0x00,
  0x00, 0x00, 0x26, 0x11, 0x15, 0x26, 0x11, 0x31, 0x26, 0x11, 0x4b, 0x26, 0x11, 0x66, 0x26, 0x11,
  0x80, 0x26, 0x11, 0x99, 0x26, 0x11, 0xb1, 0x26, 0x11, 0xc9, 0x26, 0x11, 0xe1, 0x26, 0x11, 0xf8,
  0x10, 0x13, 0xff, 0x10, 0x13, 0xff, 0x10, 0x13, 0xff, 0x10, 0x13, 0xff, 0x10, 0x13, 0xff, 0x10,
  0x13, 0xff, 0x10, 0x13, 0xff, 0x30, 0x13, 0xff, 0x30, 0x13, 0xff, 0x30, 0x13, 0xff, 0x30, 0x13,
  0xff, 0x30, 0x13, 0xff, 0x30, 0x13, 0xff, 0x30, 0x13, 0xff, 0x30, 0x13, 0xff, 0x30, 0x13, 0xff,
  0x30, 0x13, 0xff, 0x30, 0x13, 0xff, 0x30, 0x13, 0xff, 0x30, 0x13, 0xff, 0x30, 0x13, 0xff, 0x30,
  0x13, 0xff, 0x30, 0x13, 0xff, 0x30, 0x13, 0xff, 0x30, 0x13, 0xff, 0x30, 0x13, 0xff, 0x30, 0x13,
  0xff, 0x50, 0x13, 0xff, 0x50, 0x13, 0xff, 0x50, 0x13, 0xff, 0x50, 0x13, 0xff, 0x50, 0x13, 0xff,
  0x50, 0x13, 0xff, 0x50, 0x13, 0xff, 0x50, 0x13, 0xff, 0x50, 0x13, 0xff, 0x50, 0x13, 0xff, 0x50,
  0x13, 0xff, 0x50, 0x13, 0xff, 0x50, 0x13, 0xff, 0x50, 0x13, 0xff, 0x50, 0x13, 0xff, 0x50, 0x13,
  0xff, 0x50, 0x13, 0xff, 0x50, 0x13, 0xff, 0x50, 0x13, 0xff, 0x50, 0x13, 0xff, 0x70, 0x13, 0xff,
  0x70, 0x13, 0xff, 0x26, 0x11, 0xf8, 0x26, 0x11, 0xe1, 0x26, 0x11, 0xc9, 0x26, 0x11, 0xb1, 0x26,
  0x11, 0x99, 0x26, 0x11, 0x80, 0x26, 0x11, 0x66, 0x26, 0x11, 0x4b, 0x26, 0x11, 0x31, 0x26, 0x11,
  0x15, 0x00, 0x00, 0x00, 0x00, 0x00, 0x00, 0x00, 0x00, 0x00, 0x00, 0x00, 0x00, 0x00, 0x00, 0x00,
  0x00, 0x00, 0x00, 0x00, 0x00, 0x00, 0x00, 0x00, 0x00, 0x00, 0x00, 0x00, 0x00, 0x00, 0x00, 0x00,
  0x00, 0x00, 0x00, 0x00, 0x00, 0x00, 0x00, 0x00, 0x00, 0x00, 0x00, 0x00, 0x00, 0x00, 0x00, 0x00,
  0x00, 0x00, 0x00, 0x00, 0x00, 0x00, 0x00, 0x00, 0x00, 0x00, 0x00, 0x00, 0x00, 0x00, 0x00, 0x00,
  0x00, 0x00, 0x00, 0x00, 0x00, 0x00, 0x00, 0x00, 0x00, 0x00, 0x00, 0x00, 0x00, 0x00, 0x00, 0x00,
  0x00, 0x00, 0x00, 0x00, 0x00, 0x00, 0x00, 0x00, 0x00, 0x00, 0x00, 0x00, 0x00, 0x00, 0x00, 0x00,
  0x00, 0x00, 0x00, 0x00, 0x00, 0x00, 0x00, 0x00, 0x00, 0x00, 0x00, 0x00, 0x00, 0x00, 0x00, 0x00,
  0x00, 0x00, 0x00, 0x00, 0x00, 0x00, 0x00, 0x00, 0x00, 0x00, 0x00, 0x00, 0x00, 0x00, 0x00, 0x26,
  0x11, 0x19, 0x26, 0x11, 0x36, 0x26, 0x11, 0x51, 0x26, 0x11, 0x6c, 0x26, 0x11, 0x87, 0x26, 0x11,
  0xa1, 0x26, 0x11, 0xbb, 0x26, 0x11, 0xd4, 0x26, 0x11, 0xed, 0x10, 0x1b, 0xff, 0x10, 0x1b, 0xff,
  0x10, 0x1b, 0xff, 0x10, 0x1b, 0xff, 0x10, 0x1b, 0xff, 0x10, 0x1b, 0xff, 0x10, 0x1b, 0xff, 0x10,
  0x1b, 0xff, 0x10, 0x1b, 0xff, 0x30, 0x1b, 0xff, 0x30, 0x1b, 0xff, 0x30, 0x1b, 0xff, 0x30, 0x1b,
  0xff, 0x30, 0x1b, 0xff, 0x30, 0x1b, 0xff, 0x30, 0x1b, 0xff, 0x30, 0x1b, 0xff, 0x30, 0x1b, 0xff,
  0x30, 0x1b, 0xff, 0x30, 0x1b, 0xff, 0x30, 0x1b, 0xff, 0x30, 0x1b, 0xff, 0x30, 0x1b, 0xff, 0x30,
  0x1b, 0xff, 0x30, 0x1b, 0xff, 0x30, 0x1b, 0xff, 0x30, 0x1b, 0xff, 0x30, 0x1b, 0xff, 0x30, 0x1b,
  0xff, 0x50, 0x1b, 0xff, 0x50, 0x1b, 0xff, 0x50, 0x1b, 0xff, 0x50, 0x1b, 0xff, 0x50, 0x1b, 0xff,
  0x50, 0x1b, 0xff, 0x50, 0x1b, 0xff, 0x50, 0x1b, 0xff, 0x50, 0x1b, 0xff, 0x50, 0x1b, 0xff, 0x50,
  0x1b, 0xff, 0x50, 0x1b, 0xff, 0x50, 0x1b, 0xff, 0x50, 0x1b, 0xff, 0x50, 0x1b, 0xff, 0x50, 0x1b,
  0xff, 0x50, 0x1b, 0xff, 0x50, 0x1b, 0xff, 0x50, 0x1b, 0xff, 0x50, 0x1b, 0xff, 0x70, 0x1b, 0xff,
  0x70, 0x1b, 0xff, 0x70, 0x1b, 0xff, 0x70, 0x1b, 0xff, 0x26, 0x11, 0xed, 0x26, 0x11, 0xd4, 0x26,
  0x11, 0xbb, 0x26, 0x11, 0xa1, 0x26, 0x11, 0x87, 0x26, 0x11, 0x6c, 0x26, 0x11, 0x51, 0x26, 0x11,
  0x36, 0x26, 0x11, 0x19, 0x00, 0x00, 0x00, 0x00, 0x00, 0x00, 0x00, 0x00, 0x00, 0x00, 0x00, 0x00,
  0x00, 0x00, 0x00, 0x00, 0x00, 0x00, 0x00, 0x00, 0x00, 0x00, 0x00, 0x00, 0x00, 0x00, 0x00, 0x00,
  0x00, 0x00, 0x00, 0x00, 0x00, 0x00, 0x00, 0x00, 0x00, 0x00, 0x00, 0x00, 0x00, 0x00, 0x00, 0x00,
  0x00, 0x00, 0x00, 0x00, 0x00, 0x00, 0x00, 0x00, 0x00, 0x00, 0x00, 0x00, 0x00, 0x00, 0x00, 0x00,
  0x00, 0x00, 0x00, 0x00, 0x00, 0x00, 0x00, 0x00, 0x00, 0x00, 0x00, 0x00, 0x00, 0x00, 0x00, 0x00,
  0x00, 0x00, 0x00, 0x00, 0x00, 0x00, 0x00, 0x00, 0x00, 0x00, 0x00, 0x00, 0x00, 0x00, 0x00, 0x00,
  0x00, 0x00, 0x00, 0x00, 0x00, 0x00, 0x00, 0x00, 0x00, 0x00, 0x00, 0x00, 0x00, 0x00, 0x00, 0x00,
  0x00, 0x00, 0x00, 0x00, 0x00, 0x00, 0x00, 0x00, 0x00, 0x00, 0x00, 0x00, 0x26, 0x11, 0x1c, 0x26,
  0x11, 0x39, 0x26, 0x11, 0x55, 0x26, 0x11, 0x72, 0x26, 0x11, 0x8d, 0x26, 0x11, 0xa8, 0x26, 0x11,
  0xc3, 0x26, 0x11, 0xdd, 0x26, 0x11, 0xf6, 0x10, 0x1b, 0xff, 0x10, 0x1b, 0xff, 0x10, 0x1b, 0xff,
  0x10, 0x1b, 0xff, 0x10, 0x1b, 0xff, 0x10, 0x1b, 0xff, 0x10, 0x1b, 0xff, 0x10, 0x1b, 0xff, 0x10,
  0x1b, 0xff, 0x10, 0x1b, 0xff, 0x30, 0x1b, 0xff, 0x30, 0x1b, 0xff, 0x30, 0x1b, 0xff, 0x30, 0x1b,
  0xff, 0x30, 0x1b, 0xff, 0x30, 0x1b, 0xff, 0x30, 0x1b, 0xff, 0x30, 0x1b, 0xff, 0x30, 0x1b, 0xff,
  0x30, 0x1b, 0xff, 0x30, 0x1b, 0xff, 0x30, 0x1b, 0xff, 0x30, 0x1b, 0xff, 0x30, 0x1b, 0xff, 0x30,
  0x1b, 0xff, 0x30, 0x1b, 0xff, 0x30, 0x1b, 0xff, 0x30, 0x1b, 0xff, 0x30, 0x1b, 0xff, 0x30, 0x1b,
  0xff, 0x50, 0x1b, 0xff, 0x50, 0x1b, 0xff, 0x50, 0x1b, 0xff, 0x50, 0x1b, 0xff, 0x50, 0x1b, 0xff,
  0x50, 0x1b, 0xff, 0x50, 0x1b, 0xff, 0x50, 0x1b, 0xff, 0x50, 0x1b, 0xff, 0x50, 0x1b, 0xff, 0x50,
  0x1b, 0xff, 0x50, 0x1b, 0xff, 0x50, 0x1b, 0xff, 0x50, 0x1b, 0xff, 0x50, 0x1b, 0xff, 0x50, 0x1b,
  0xff, 0x50, 0x1b, 0xff, 0x50, 0x1b, 0xff, 0x50, 0x1b, 0xff, 0x50, 0x1b, 0xff, 0x70, 0x1b, 0xff,
  0x70, 0x1b, 0xff, 0x70, 0x1b, 0xff, 0x70, 0x1b, 0xff, 0x70, 0x1b, 0xff, 0x26, 0x11, 0xf6, 0x26,
  0x11, 0xdd, 0x26, 0x11, 0xc3, 0x26, 0x11, 0xa8, 0x26, 0x11, 0x8d, 0x26, 0x11, 0x72, 0x26, 0x11,
  0x55, 0x26, 0x11, 0x39, 0x26, 0x11, 0x1c, 0x00, 0x00, 0x00, 0x00, 0x00, 0x00, 0x00, 0x00, 0x00,
  0x00, 0x00, 0x00, 0x00, 0x00, 0x00, 0x00, 0x00, 0x00, 0x00, 0x00, 0x00, 0x00, 0x00, 0x00, 0x00,
  0x00, 0x00, 0x00, 0x00, 0x00, 0x00, 0x00, 0x00, 0x00, 0x00, 0x00, 0x00, 0x00, 0x00, 0x00, 0x00,
  0x00, 0x00, 0x00, 0x00, 0x00, 0x00, 0x00, 0x00, 0x00, 0x00, 0x00, 0x00, 0x00, 0x00, 0x00, 0x00,
  0x00, 0x00, 0x00, 0x00, 0x00, 0x00, 0x00, 0x00, 0x00, 0x00, 0x00, 0x00, 0x00, 0x00, 0x00, 0x00,
  0x00, 0x00, 0x00, 0x00, 0x00, 0x00, 0x00, 0x00, 0x00, 0x00, 0x00, 0x00, 0x00, 0x00, 0x00, 0x00,
  0x00, 0x00, 0x00, 0x00, 0x00, 0x00, 0x00, 0x00, 0x00, 0x00, 0x00, 0x00, 0x00, 0x00, 0x00, 0x00,
  0x00, 0x00, 0x00, 0x00, 0x00, 0x00, 0x00, 0x00, 0x00, 0x26, 0x11, 0x1d, 0x26, 0x11, 0x3a, 0x26,
  0x11, 0x58, 0x26, 0x11, 0x75, 0x26, 0x11, 0x91, 0x26, 0x11, 0xad, 0x26, 0x11, 0xc9, 0x26, 0x11,
  0xe4, 0x26, 0x11, 0xff, 0x10, 0x1b, 0xff, 0x10, 0x1b, 0xff, 0x10, 0x1b, 0xff, 0x10, 0x1b, 0xff,
  0x10, 0x1b, 0xff, 0x10, 0x1b, 0xff, 0x10, 0x1b, 0xff, 0x10, 0x1b, 0xff, 0x10, 0x1b, 0xff, 0x10,
  0x1b, 0xff, 0x10, 0x1b, 0xff, 0x30, 0x1b, 0xff, 0x30, 0x1b, 0xff, 0x30, 0x1b, 0xff, 0x30, 0x1b,
  0xff, 0x30, 0x1b, 0xff, 0x30, 0x1b, 0xff, 0x30, 0x1b, 0xff, 0x30, 0x1b, 0xff, 0x30, 0x1b, 0xff,
  0x30, 0x1b, 0xff, 0x30, 0x1b, 0xff, 0x30, 0x1b, 0xff, 0x30, 0x1b, 0xff, 0x30, 0x1b, 0xff, 0x30,
  0x1b, 0xff, 0x30, 0x1b, 0xff, 0x30, 0x1b, 0xff, 0x30, 0x1b, 0xff, 0x30, 0x1b, 0xff, 0x30, 0x1b,
  0xff, 0x50, 0x1b, 0xff, 0x50, 0x1b, 0xff, 0x50, 0x1b, 0xff, 0x50, 0x1b, 0xff, 0x50, 0x1b, 0xff,
  0x50, 0x1b, 0xff, 0x50, 0x1b, 0xff, 0x50, 0x1b, 0xff, 0x50, 0x1b, 0xff, 0x50, 0x1b, 0xff, 0x50,
  0x1b, 0xff, 0x50, 0x1b, 0xff, 0x50, 0x1b, 0xff, 0x50, 0x1b, 0xff, 0x50, 0x1b, 0xff, 0x50, 0x1b,
  0xff, 0x50, 0x1b, 0xff, 0x50, 0x1b, 0xff, 0x50, 0x1b, 0xff, 0x50, 0x1b, 0xff, 0x70, 0x1b, 0xff,
  0x70, 0x1b, 0xff, 0x70, 0x1b, 0xff, 0x70, 0x1b, 0xff, 0x70, 0x1b, 0xff, 0x70, 0x1b, 0xff, 0x26,
  0x11, 0xff, 0x26, 0x11, 0xe4, 0x26, 0x11, 0xc9, 0x26, 0x11, 0xad, 0x26, 0x11, 0x91, 0x26, 0x11,
  0x75, 0x26, 0x11, 0x58, 0x26, 0x11, 0x3a, 0x26, 0x11, 0x1d, 0x00, 0x00, 0x00, 0x00, 0x00, 0x00,
  0x00, 0x00, 0x00, 0x00, 0x00, 0x00, 0x00, 0x00, 0x00, 0x00, 0x00, 0x00, 0x00, 0x00, 0x00, 0x00,
  0x00, 0x00, 0x00, 0x00, 0x00, 0x00, 0x00, 0x00, 0x00, 0x00, 0x00, 0x00, 0x00, 0x00, 0x00, 0x00,
  0x00, 0x00, 0x00, 0x00, 0x00, 0x00, 0x00, 0x00, 0x00, 0x00, 0x00, 0x00, 0x00, 0x00, 0x00, 0x00,
  0x00, 0x00, 0x00, 0x00, 0x00, 0x00, 0x00, 0x00, 0x00, 0x00, 0x00, 0x00, 0x00, 0x00, 0x00, 0x00,
  0x00, 0x00, 0x00, 0x00, 0x00, 0x00, 0x00, 0x00, 0x00, 0x00, 0x00, 0x00, 0x00, 0x00, 0x00, 0x00,
  0x00, 0x00, 0x00, 0x00, 0x00, 0x00, 0x00, 0x00, 0x00, 0x00, 0x00, 0x00, 0x00, 0x00, 0x00, 0x00,
  0x00, 0x00, 0x00, 0x00, 0x00, 0x00, 0x26, 0x11, 0x1c, 0x26, 0x11, 0x3a, 0x26, 0x11, 0x59, 0x26,
  0x11, 0x77, 0x26, 0x11, 0x94, 0x26, 0x11, 0xb1, 0x26, 0x11, 0xcd, 0x26, 0x11, 0xe9, 0x10, 0x1b,
  0xff, 0x10, 0x1b, 0xff, 0x10, 0x1b, 0xff, 0x10, 0x1b, 0xff, 0x10, 0x1b, 0xff, 0x10, 0x1b, 0xff,
  0x10, 0x1b, 0xff, 0x10, 0x1b, 0xff, 0x10, 0x1b, 0xff, 0x10, 0x1b, 0xff, 0x10, 0x1b, 0xff, 0x10,
  0x1b, 0xff, 0x10, 0x1b, 0xff, 0x30, 0x1b, 0xff, 0x30, 0x1b, 0xff, 0x30, 0x1b, 0xff, 0x30, 0x1b,
  0xff, 0x30, 0x1b, 0xff, 0x30, 0x1b, 0xff, 0x30, 0x1b, 0xff, 0x30, 0x1b, 0xff, 0x30, 0x1b, 0xff,
  0x30, 0x1b, 0xff, 0x30, 0x1b, 0xff, 0x30, 0x1b, 0xff, 0x30, 0x1b, 0xff, 0x30, 0x1b, 0xff, 0x30,
  0x1b, 0xff, 0x30, 0x1b, 0xff, 0x30, 0x1b, 0xff, 0x30, 0x1b, 0xff, 0x30, 0x1b, 0xff, 0x30, 0x1b,
  0xff, 0x50, 0x1b, 0xff, 0x50, 0x1b, 0xff, 0x50, 0x1b, 0xff, 0x50, 0x1b, 0xff, 0x50, 0x1b, 0xff,
  0x50, 0x1b, 0xff, 0x50, 0x1b, 0xff, 0x50, 0x1b, 0xff, 0x50, 0x1b, 0xff, 0x50, 0x1b, 0xff, 0x50,
  0x1b, 0xff, 0x50, 0x1b, 0xff, 0x50, 0x1b, 0xff, 0x50, 0x1b, 0xff, 0x50, 0x1b, 0xff, 0x50, 0x1b,
  0xff, 0x50, 0x1b, 0xff, 0x50, 0x1b, 0xff, 0x50, 0x1b, 0xff, 0x50, 0x1b, 0xff, 0x70, 0x1b, 0xff,
  0x70, 0x1b, 0xff, 0x70, 0x1b, 0xff, 0x70, 0x1b, 0xff, 0x70, 0x1b, 0xff, 0x70, 0x1b, 0xff, 0x70,
  0x1b, 0xff, 0x70, 0x1b, 0xff, 0x26, 0x11, 0xe9, 0x26, 0x11, 0xcd, 0x26, 0x11, 0xb1, 0x26, 0x11,
  0x94, 0x26, 0x11, 0x77, 0x26, 0x11, 0x59, 0x26, 0x11, 0x3a, 0x26, 0x11, 0x1c, 0x00, 0x00, 0x00,
  0x00, 0x00, 0x00, 0x00, 0x00, 0x00, 0x00, 0x00, 0x00, 0x00, 0x00, 0x00, 0x00, 0x00, 0x00, 0x00,
  0x00, 0x00, 0x00, 0x00, 0x00, 0x00, 0x00, 0x00, 0x00, 0x00, 0x00, 0x00, 0x00, 0x00, 0x00, 0x00,
  0x00, 0x00, 0x00, 0x00, 0x00, 0x00, 0x00, 0x00, 0x00, 0x00, 0x00, 0x00, 0x00, 0x00, 0x00, 0x00,
  0x00, 0x00, 0x00, 0x00, 0x00, 0x00, 0x00, 0x00, 0x00, 0x00, 0x00, 0x00, 0x00, 0x00, 0x00, 0x00,
  0x00, 0x00, 0x00, 0x00, 0x00, 0x00, 0x00, 0x00, 0x00, 0x00, 0x00, 0x00, 0x00, 0x00, 0x00, 0x00,
  0x00, 0x00, 0x00, 0x00, 0x00, 0x00, 0x00, 0x00, 0x00, 0x00, 0x00, 0x00, 0x00, 0x00, 0x00, 0x00,
  0x00, 0x00, 0x00, 0x26, 0x11, 0x19, 0x26, 0x11, 0x39, 0x26, 0x11, 0x58, 0x26, 0x11, 0x77, 0x26,
  0x11, 0x95, 0x26, 0x11, 0xb3, 0x26, 0x11, 0xd0, 0x26, 0x11, 0xed, 0x10, 0x1b, 0xff, 0x10, 0x1b,
  0xff, 0x10, 0x1b, 0xff, 0x10, 0x1b, 0xff, 0x10, 0x1b, 0xff, 0x10, 0x1b, 0xff, 0x10, 0x1b, 0xff,
  0x10, 0x1b, 0xff, 0x10, 0x1b, 0xff, 0x10, 0x1b, 0xff, 0x10, 0x1b, 0xff, 0x10, 0x1b, 0xff, 0x10,
  0x1b, 0xff, 0x10, 0x1b, 0xff, 0x30, 0x1b, 0xff, 0x30, 0x1b, 0xff, 0x30, 0x1b, 0xff, 0x30, 0x1b,
  0xff, 0x30, 0x1b, 0xff, 0x30, 0x1b, 0xff, 0x30, 0x1b, 0xff, 0x30, 0x1b, 0xff, 0x30, 0x1b, 0xff,
  0x30, 0x1b, 0xff, 0x30, 0x1b, 0xff, 0x30, 0x1b, 0xff, 0x30, 0x1b, 0xff, 0x30, 0x1b, 0xff, 0x30,
  0x1b, 0xff, 0x30, 0x1b, 0xff, 0x30, 0x1b, 0xff, 0x30, 0x1b, 0xff, 0x30, 0x1b, 0xff, 0x30, 0x1b,
  0xff, 0x50, 0x1b, 0xff, 0x50, 0x1b, 0xff, 0x50, 0x1b, 0xff, 0x50, 0x1b, 0xff, 0x50, 0x1b, 0xff,
  0x50, 0x1b, 0xff, 0x50, 0x1b, 0xff, 0x50, 0x1b, 0xff, 0x50, 0x1b, 0xff, 0x50, 0x1b, 0xff, 0x50,
  0x1b, 0xff, 0x50, 0x1b, 0xff, 0x50, 0x1b, 0xff, 0x50, 0x1b, 0xff, 0x50, 0x1b, 0xff, 0x50, 0x1b,
  0xff, 0x50, 0x1b, 0xff, 0x50, 0x1b, 0xff, 0x50, 0x1b, 0xff, 0x50, 0x1b, 0xff, 0x70, 0x1b, 0xff,
  0x70, 0x1b, 0xff, 0x70, 0x1b, 0xff, 0x70, 0x1b, 0xff, 0x70, 0x1b, 0xff, 0x70, 0x1b, 0xff, 0x70,
  0x1b, 0xff, 0x70, 0x1b, 0xff, 0x70, 0x1b, 0xff, 0x26, 0x11, 0xed, 0x26, 0x11, 0xd0, 0x26, 0x11,
  0xb3, 0x26, 0x11, 0x95, 0x26, 0x11, 0x77, 0x26, 0x11, 0x58, 0x26, 0x11, 0x39, 0x26, 0x11, 0x19,
  0x00, 0x00, 0x00, 0x00, 0x00, 0x00, 0x00, 0x00, 0x00, 0x00, 0x00, 0x00, 0x00, 0x00, 0x00, 0x00,
  0x00, 0x00, 0x00, 0x00, 0x00, 0x00, 0x00, 0x00, 0x00, 0x00, 0x00, 0x00, 0x00, 0x00, 0x00, 0x00,
  0x00, 0x00, 0x00, 0x00, 0x00, 0x00, 0x00, 0x00, 0x00, 0x00, 0x00, 0x00, 0x00, 0x00, 0x00, 0x00,
  0x00, 0x00, 0x00, 0x00, 0x00, 0x00, 0x00, 0x00, 0x00, 0x00, 0x00, 0x00, 0x00, 0x00, 0x00, 0x00,
  0x00, 0x00, 0x00, 0x00, 0x00, 0x00, 0x00, 0x00, 0x00, 0x00, 0x00, 0x00, 0x00, 0x00, 0x00, 0x00,
  0x00, 0x00, 0x00, 0x00, 0x00, 0x00, 0x00, 0x00, 0x00, 0x00, 0x00, 0x00, 0x00, 0x00, 0x00, 0x00,
  0x26, 0x11, 0x15, 0x26, 0x11, 0x36, 0x26, 0x11, 0x55, 0x26, 0x11, 0x75, 0x26, 0x11, 0x94, 0x26,
  0x11, 0xb3, 0x26, 0x11, 0xd1, 0x26, 0x11, 0xef, 0x10, 0x1b, 0xff, 0x10, 0x1b, 0xff, 0x10, 0x1b,
  0xff, 0x10, 0x1b, 0xff, 0x10, 0x1b, 0xff, 0x10, 0x1b, 0xff, 0x10, 0x1b, 0xff, 0x10, 0x1b, 0xff,
  0x10, 0x1b, 0xff, 0x10, 0x1b, 0xff, 0x10, 0x1b, 0xff, 0x10, 0x1b, 0xff, 0x10, 0x1b, 0xff, 0x10,
  0x1b, 0xff, 0x10, 0x1b, 0xff, 0x30, 0x1b, 0xff, 0x30, 0x1b, 0xff, 0x30, 0x1b, 0xff, 0x30, 0x1b,
  0xff, 0x30, 0x1b, 0xff, 0x30, 0x1b, 0xff, 0x30, 0x1b, 0xff, 0x30, 0x1b, 0xff, 0x30, 0x1b, 0xff,
  0x30, 0x1b, 0xff, 0x30, 0x1b, 0xff, 0x30, 0x1b, 0xff, 0x30, 0x1b, 0xff, 0x30, 0x1b, 0xff, 0x30,
  0x1b, 0xff, 0x30, 0x1b, 0xff, 0x30, 0x1b, 0xff, 0x30, 0x1b, 0xff, 0x30, 0x1b, 0xff, 0x30, 0x1b,
  0xff, 0x50, 0x1b, 0xff, 0x50, 0x1b, 0xff, 0x50, 0x1b, 0xff, 0x50, 0x1b, 0xff, 0x50, 0x1b, 0xff,
  0x50, 0x1b, 0xff, 0x50, 0x1b, 0xff, 0x50, 0x1b, 0xff, 0x50, 0x1b, 0xff, 0x50, 0x1b, 0xff, 0x50,
  0x1b, 0xff, 0x50, 0x1b, 0xff, 0x50, 0x1b, 0xff, 0x50, 0x1b, 0xff, 0x50, 0x1b, 0xff, 0x50, 0x1b,
  0xff, 0x50, 0x1b, 0xff, 0x50, 0x1b, 0xff, 0x50, 0x1b, 0xff, 0x50, 0x1b, 0xff, 0x70, 0x1b, 0xff,
  0x70, 0x1b, 0xff, 0x70, 0x1b, 0xff, 0x70, 0x1b, 0xff, 0x70, 0x1b, 0xff, 0x70, 0x1b, 0xff, 0x70,
  0x1b, 0xff, 0x70, 0x1b, 0xff, 0x70, 0x1b, 0xff, 0x70, 0x1b, 0xff, 0x26, 0x11, 0xef, 0x26, 0x11,
  0xd1, 0x26, 0x11, 0xb3, 0x26, 0x11, 0x94, 0x26, 0x11, 0x75, 0x26, 0x11, 0x55, 0x26, 0x11, 0x36,
  0x26, 0x11, 0x15, 0x00, 0x00, 0x00, 0x00, 0x00, 0x00, 0x00, 0x00, 0x00, 0x00, 0x00, 0x00, 0x00,
  0x00, 0x00, 0x00, 0x00, 0x00, 0x00, 0x00, 0x00, 0x00, 0x00, 0x00, 0x00, 0x00, 0x00, 0x00, 0x00,
  0x00, 0x00, 0x00, 0x00, 0x00, 0x00, 0x00, 0x00, 0x00, 0x00, 0x00, 0x00, 0x00, 0x00, 0x00, 0x00,
  0x00, 0x00, 0x00, 0x00, 0x00, 0x00, 0x00, 0x00, 0x00, 0x00, 0x00, 0x00, 0x00, 0x00, 0x00, 0x00,
  0x00, 0x00, 0x00, 0x00, 0x00, 0x00, 0x00, 0x00, 0x00, 0x00, 0x00, 0x00, 0x00, 0x00, 0x00, 0x00,
  0x00, 0x00, 0x00, 0x00, 0x00, 0x00, 0x00, 0x00, 0x00, 0x00, 0x00, 0x00, 0x00, 0x26, 0x11, 0x10,
  0x26, 0x11, 0x31, 0x26, 0x11, 0x51, 0x26, 0x11, 0x72, 0x26, 0x11, 0x91, 0x26, 0x11, 0xb1, 0x26,
  0x11, 0xd0, 0x26, 0x11, 0xef, 0x10, 0x1b, 0xff, 0x10, 0x1b, 0xff, 0x10, 0x1b, 0xff, 0x10, 0x1b,
  0xff, 0x10, 0x1b, 0xff, 0x10, 0x1b, 0xff, 0x10, 0x1b, 0xff, 0x10, 0x1b, 0xff, 0x10, 0x1b, 0xff,
  0x10, 0x1b, 0xff, 0x10, 0x1b, 0xff, 0x10, 0x1b, 0xff, 0x10, 0x1b, 0xff, 0x10, 0x1b, 0xff, 0x10,
  0x1b, 0xff, 0x10, 0x1b, 0xff, 0x30, 0x1b, 0xff, 0x30, 0x1b, 0xff, 0x30, 0x1b, 0xff, 0x30, 0x1b,
  0xff, 0x30, 0x1b, 0xff, 0x30, 0x1b, 0xff, 0x30, 0x1b, 0xff, 0x30, 0x1b, 0xff, 0x30, 0x1b, 0xff,
  0x30, 0x1b, 0xff, 0x30, 0x1b, 0xff, 0x30, 0x1b, 0xff, 0x30, 0x1b, 0xff, 0x30, 0x1b, 0xff, 0x30,
  0x1b, 0xff, 0x30, 0x1b, 0xff, 0x30, 0x1b, 0xff, 0x30, 0x1b, 0xff, 0x30, 0x1b, 0xff, 0x30, 0x1b,
  0xff, 0x50, 0x1b, 0xff, 0x50, 0x1b, 0xff, 0x50, 0x1b, 0xff, 0x50, 0x1b, 0xff, 0x50, 0x1b, 0xff,
  0x50, 0x1b, 0xff, 0x50, 0x1b, 0xff, 0x50, 0x1b, 0xff, 0x50, 0x1b, 0xff, 0x50, 0x1b, 0xff, 0x50,
  0x1b, 0xff, 0x50, 0x1b, 0xff, 0x50, 0x1b, 0xff, 0x50, 0x1b, 0xff, 0x50, 0x1b, 0xff, 0x50, 0x1b,
  0xff, 0x50, 0x1b, 0xff, 0x50, 0x1b, 0xff, 0x50, 0x1b, 0xff, 0x50, 0x1b, 0xff, 0x70, 0x1b, 0xff,
  0x70, 0x1b, 0xff, 0x70, 0x1b, 0xff, 0x70, 0x1b, 0xff, 0x70, 0x1b, 0xff, 0x70, 0x1b, 0xff, 0x70,
  0x1b, 0xff, 0x70, 0x1b, 0xff, 0x70, 0x1b, 0xff, 0x70, 0x1b, 0xff, 0x70, 0x1b, 0xff, 0x26, 0x11,
  0xef, 0x26, 0x11, 0xd0, 0x26, 0x11, 0xb1, 0x26, 0x11, 0x91, 0x26, 0x11, 0x72, 0x26, 0x11, 0x51,
  0x26, 0x11, 0x31, 0x26, 0x11, 0x10, 0x00, 0x00, 0x00, 0x00, 0x00, 0x00, 0x00, 0x00, 0x00, 0x00,
  0x00, 0x00, 0x00, 0x00, 0x00, 0x00, 0x00, 0x00, 0x00, 0x00, 0x00, 0x00, 0x00, 0x00, 0x00, 0x00,
  0x00, 0x00, 0x00, 0x00, 0x00, 0x00, 0x00, 0x00, 0x00, 0x00, 0x00, 0x00, 0x00, 0x00, 0x00, 0x00,
  0x00, 0x00, 0x00, 0x00, 0x00, 0x00, 0x00, 0x00, 0x00, 0x00, 0x00, 0x00, 0x00, 0x00, 0x00, 0x00,
  0x00, 0x00, 0x00, 0x00, 0x00, 0x00, 0x00, 0x00, 0x00, 0x00, 0x00, 0x00, 0x00, 0x00, 0x00, 0x00,
  0x00, 0x00, 0x00, 0x00, 0x00, 0x00, 0x00, 0x00, 0x00, 0x00, 0x26, 0x11, 0x08, 0x26, 0x11, 0x2a,
  0x26, 0x11, 0x4b, 0x26, 0x11, 0x6c, 0x26, 0x11, 0x8d, 0x26, 0x11, 0xad, 0x26, 0x11, 0xcd, 0x26,
  0x11, 0xed, 0x10, 0x1b, 0xff, 0x10, 0x1b, 0xff, 0x10, 0x1b, 0xff, 0x10, 0x1b, 0xff, 0x10, 0x1b,
  0xff, 0x10, 0x1b, 0xff, 0x10, 0x1b, 0xff, 0x10, 0x1b, 0xff, 0x10, 0x1b, 0xff, 0x10, 0x1b, 0xff,
  0x10, 0x1b, 0xff, 0x10, 0x1b, 0xff, 0x10, 0x1b, 0xff, 0x10, 0x1b, 0xff, 0x10, 0x1b, 0xff, 0x10,
  0x1b, 0xff, 0x10, 0x1b, 0xff, 0x30, 0x1b, 0xff, 0x30, 0x1b, 0xff, 0x30, 0x1b, 0xff, 0x30, 0x1b,
  0xff, 0x30, 0x1b, 0xff, 0x30, 0x1b, 0xff, 0x30, 0x1b, 0xff, 0x30, 0x1b, 0xff, 0x30, 0x1b, 0xff,
  0x30, 0x1b, 0xff, 0x30, 0x1b, 0xff, 0x30, 0x1b, 0xff, 0x30, 0x1b, 0xff, 0x30, 0x1b, 0xff, 0x30,
  0x1b, 0xff, 0x30, 0x1b, 0xff, 0x30, 0x1b, 0xff, 0x30, 0x1b, 0xff, 0x30, 0x1b, 0xff, 0x30, 0x1b,
  0xff, 0x50, 0x1b, 0xff, 0x50, 0x1b, 0xff, 0x50, 0x1b, 0xff, 0x50, 0x1b, 0xff, 0x50, 0x1b, 0xff,
  0x50, 0x1b, 0xff, 0x50, 0x1b, 0xff, 0x50, 0x1b, 0xff, 0x50, 0x1b, 0xff, 0x50, 0x1b, 0xff, 0x50,
  0x1b, 0xff, 0x50, 0x1b, 0xff, 0x50, 0x1b, 0xff, 0x50, 0x1b, 0xff, 0x50, 0x1b, 0xff, 0x50, 0x1b,
  0xff, 0x50, 0x1b, 0xff, 0x50, 0x1b, 0xff, 0x50, 0x1b, 0xff, 0x50, 0x1b, 0xff, 0x70, 0x1b, 0xff,
  0x70, 0x1b, 0xff, 0x70, 0x1b, 0xff, 0x70, 0x1b, 0xff, 0x70, 0x1b, 0xff, 0x70, 0x1b, 0xff, 0x70,
  0x1b, 0xff, 0x70, 0x1b, 0xff, 0x70, 0x1b, 0xff, 0x70, 0x1b, 0xff, 0x70, 0x1b, 0xff, 0x70, 0x1b,
  0xff, 0x26, 0x11, 0xed, 0x26, 0x11, 0xcd, 0x26, 0x11, 0xad, 0x26, 0x11, 0x8d, 0x26, 0x11, 0x6c,
  0x26, 0x11, 0x4b, 0x26, 0x11, 0x2a, 0x26, 0x11, 0x08, 0x00, 0x00, 0x00, 0x00, 0x00, 0x00, 0x00,
  0x00, 0x00, 0x00, 0x00, 0x00, 0x00, 0x00, 0x00, 0x00, 0x00, 0x00, 0x00, 0x00, 0x00, 0x00, 0x00,
  0x00, 0x00, 0x00, 0x00, 0x00, 0x00, 0x00, 0x00, 0x00, 0x00, 0x00, 0x00, 0x00, 0x00, 0x00, 0x00,
  0x00, 0x00, 0x00, 0x00, 0x00, 0x00, 0x00, 0x00, 0x00, 0x00, 0x00, 0x00, 0x00, 0x00, 0x00, 0x00,
  0x00, 0x00, 0x00, 0x00, 0x00, 0x00, 0x00, 0x00, 0x00, 0x00, 0x00, 0x00, 0x00, 0x00, 0x00, 0x00,
  0x00, 0x00, 0x00, 0x00, 0x00, 0x00, 0x00, 0x00, 0x00, 0x00, 0x26, 0x11, 0x22, 0x26, 0x11, 0x44,
  0x26, 0x11, 0x66, 0x26, 0x11, 0x87, 0x26, 0x11, 0xa8, 0x26, 0x11, 0xc9, 0x26, 0x11, 0xe9, 0x10,
  0x1b, 0xff, 0x10, 0x1b, 0xff, 0x10, 0x1b, 0xff, 0x10, 0x1b, 0xff, 0x10, 0x1b, 0xff, 0x10, 0x1b,
  0xff, 0x10, 0x1b, 0xff, 0x10, 0x1b, 0xff, 0x10, 0x1b, 0xff, 0x10, 0x1b, 0xff, 0x10, 0x1b, 0xff,
  0x10, 0x1b, 0xff, 0x10, 0x1b, 0xff, 0x10, 0x1b, 0xff, 0x10, 0x1b, 0xff, 0x10, 0x1b, 0xff, 0x10,
  0x1b, 0xff, 0x10, 0x1b, 0xff, 0x30, 0x1b, 0xff, 0x30, 0x1b, 0xff, 0x30, 0x1b, 0xff, 0x30, 0x1b,
  0xff, 0x30, 0x1b, 0xff, 0x30, 0x1b, 0xff, 0x30, 0x1b, 0xff, 0x30, 0x1b, 0xff, 0x30, 0x1b, 0xff,
  0x30, 0x1b, 0xff, 0x30, 0x1b, 0xff, 0x30, 0x1b, 0xff, 0x30, 0x1b, 0xff, 0x30, 0x1b, 0xff, 0x30,
  0x1b, 0xff, 0x30, 0x1b, 0xff, 0x30, 0x1b, 0xff, 0x30, 0x1b, 0xff, 0x30, 0x1b, 0xff, 0x30, 0x1b,
  0xff, 0x50, 0x1b, 0xff, 0x50, 0x1b, 0xff, 0x50, 0x1b, 0xff, 0x50, 0x1b, 0xff, 0x50, 0x1b, 0xff,
  0x50, 0x1b, 0xff, 0x50, 0x1b, 0xff, 0x50, 0x1b, 0xff, 0x50, 0x1b, 0xff, 0x50, 0x1b, 0xff, 0x50,
  0x1b, 0xff, 0x50, 0x1b, 0xff, 0x50, 0x1b, 0xff, 0xe4, 0xfd, 0xe6, 0xe4, 0xfd, 0xe6, 0xe4, 0xfd,
  0xe6, 0xe4, 0xfd, 0xe6, 0xe4, 0xfd, 0xe6, 0xe4, 0xfd, 0xe6, 0x50, 0x1b, 0xff, 0x70, 0x1b, 0xff,
  0x70, 0x1b, 0xff, 0x70, 0x1b, 0xff, 0x70, 0x1b, 0xff, 0x70, 0x1b, 0xff, 0x70, 0x1b, 0xff, 0x70,
  0x1b, 0xff, 0x70, 0x1b, 0xff, 0x70, 0x1b, 0xff, 0x70, 0x1b, 0xff, 0x70, 0x1b, 0xff, 0x70, 0x1b,
  0xff, 0x70, 0x1b, 0xff, 0x26, 0x11, 0xe9, 0x26, 0x11, 0xc9, 0x26, 0x11, 0xa8, 0x26, 0x11, 0x87,
  0x26, 0x11, 0x66, 0x26, 0x11, 0x44, 0x26, 0x11, 0x22, 0x00, 0x00, 0x00, 0x00, 0x00, 0x00, 0x00,
  0x00, 0x00, 0x00, 0x00, 0x00, 0x00, 0x00, 0x00, 0x00, 0x00, 0x00, 0x00, 0x00, 0x00, 0x00, 0x00,
  0x00, 0x00, 0x00, 0x00, 0x00, 0x00, 0x00, 0x00, 0x00, 0x00, 0x00, 0x00, 0x00, 0x00, 0x00, 0x00,
  0x00, 0x00, 0x00, 0x00, 0x00, 0x00, 0x00, 0x00, 0x00, 0x00, 0x00, 0x00, 0x00, 0x00, 0x00, 0x00,
  0x00, 0x00, 0x00, 0x00, 0x00, 0x00, 0x00, 0x00, 0x00, 0x00, 0x00, 0x00, 0x00, 0x00, 0x00, 0x00,
  0x00, 0x00, 0x00, 0x00, 0x00, 0x00, 0x00, 0x26, 0x11, 0x18, 0x26, 0x11, 0x3b, 0x26, 0x11, 0x5d,
  0x26, 0x11, 0x80, 0x26, 0x11, 0xa1, 0x26, 0x11, 0xc3, 0x26, 0x11, 0xe4, 0x10, 0x1b, 0xff, 0x10,
  0x1b, 0xff, 0x10, 0x1b, 0xff, 0x10, 0x1b, 0xff, 0x10, 0x1b, 0xff, 0x10, 0x1b, 0xff, 0x10, 0x1b,
  0xff, 0x10, 0x1b, 0xff, 0x10, 0x1b, 0xff, 0x10, 0x1b, 0xff, 0x10, 0x1b, 0xff, 0x10, 0x1b, 0xff,
  0x10, 0x1b, 0xff, 0x10, 0x1b, 0xff, 0x10, 0x1b, 0xff, 0x10, 0x1b, 0xff, 0x10, 0x1b, 0xff, 0x10,
  0x1b, 0xff, 0x10, 0x1b, 0xff, 0x30, 0x1b, 0xff, 0x30, 0x1b, 0xff, 0x30, 0x1b, 0xff, 0x30, 0x1b,
  0xff, 0x30, 0x1b, 0xff, 0x30, 0x1b, 0xff, 0x30, 0x1b, 0xff, 0x30, 0x1b, 0xff, 0x30, 0x1b, 0xff,
  0x30, 0x1b, 0xff, 0x30, 0x1b, 0xff, 0x30, 0x1b, 0xff, 0x30, 0x1b, 0xff, 0x30, 0x1b, 0xff, 0x30,
  0x1b, 0xff, 0x30, 0x1b, 0xff, 0x30, 0x1b, 0xff, 0x30, 0x1b, 0xff, 0x30, 0x1b, 0xff, 0x30, 0x1b,
  0xff, 0x50, 0x1b, 0xff, 0x50, 0x1b, 0xff, 0x50, 0x1b, 0xff, 0x50, 0x1b, 0xff, 0x50, 0x1b, 0xff,
  0x50, 0x1b, 0xff, 0x50, 0x1b, 0xff, 0x50, 0x1b, 0xff, 0x50, 0x1b, 0xff, 0x50, 0x1b, 0xff, 0x50,
  0x1b, 0xff, 0x50, 0x1b, 0xff, 0x50, 0x1b, 0xff, 0xe4, 0xfd, 0xe6, 0xe4, 0xfd, 0xe6, 0xe4, 0xfd,
  0xe6, 0xe4, 0xfd, 0xe6, 0xe4, 0xfd, 0xe6, 0xe4, 0xfd, 0xe6, 0x50, 0x1b, 0xff, 0x70, 0x1b, 0xff,
  0x70, 0x1b, 0xff, 0x70, 0x1b, 0xff, 0x70, 0x1b, 0xff, 0x70, 0x1b, 0xff, 0x70, 0x1b, 0xff, 0x70,
  0x1b, 0xff, 0x70, 0x1b, 0xff, 0x70, 0x1b, 0xff, 0x70, 0x1b, 0xff, 0x70, 0x1b, 0xff, 0x70, 0x1b,
  0xff, 0x70, 0x1b, 0xff, 0x70, 0x1b, 0xff, 0x26, 0x11, 0xe4, 0x26, 0x11, 0xc3, 0x26, 0x11, 0xa1,
  0x26, 0x11, 0x80, 0x26, 0x11, 0x5d, 0x26, 0x11, 0x3b, 0x26, 0x11, 0x18, 0x00, 0x00, 0x00, 0x00,
  0x00, 0x00, 0x00, 0x00, 0x00, 0x00, 0x00, 0x00, 0x00, 0x00, 0x00, 0x00, 0x00, 0x00, 0x00, 0x00,
  0x00, 0x00, 0x00, 0x00, 0x00, 0x00, 0x00, 0x00, 0x00, 0x00, 0x00, 0x00, 0x00, 0x00, 0x00, 0x00,
  0x00, 0x00, 0x00, 0x00, 0x00, 0x00, 0x00, 0x00, 0x00, 0x00, 0x00, 0x00, 0x00, 0x00, 0x00, 0x00,
  0x00, 0x00, 0x00, 0x00, 0x00, 0x00, 0x00, 0x00, 0x00, 0x00, 0x00, 0x00, 0x00, 0x00, 0x00, 0x00,
  0x00, 0x00, 0x00, 0x00, 0x26, 0x11, 0x0d, 0x26, 0x11, 0x30, 0x26, 0x11, 0x53, 0x26, 0x11, 0x76,
  0x26, 0x11, 0x99, 0x26, 0x11, 0xbb, 0x26, 0x11, 0xdd, 0x26, 0x11, 0xff, 0x10, 0x1b, 0xff, 0x10,
  0x1b, 0xff, 0x10, 0x1b, 0xff, 0x10, 0x1b, 0xff, 0x10, 0x1b, 0xff, 0x10, 0x1b, 0xff, 0x10, 0x1b,
  0xff, 0x10, 0x1b, 0xff, 0x10, 0x1b, 0xff, 0x10, 0x1b, 0xff, 0x8e, 0xfb, 0xff, 0x8e, 0xfb, 0xff,
  0x8e, 0xfb, 0xff, 0x8e, 0xfb, 0xff, 0x8e, 0xfb, 0xff, 0x8e, 0xfb, 0xff, 0x8e, 0xfb, 0xff, 0x8e,
  0xfb, 0xff, 0x8e, 0xfb, 0xff, 0x8e, 0xfb, 0xff, 0x30, 0x1b, 0xff, 0x30, 0x1b, 0xff, 0x30, 0x1b,
  0xff, 0x30, 0x1b, 0xff, 0x30, 0x1b, 0xff, 0x30, 0x1b, 0xff, 0x30, 0x1b, 0xff, 0x30, 0x1b, 0xff,
  0x30, 0x1b, 0xff, 0x30, 0x1b, 0xff, 0x30, 0x1b, 0xff, 0x30, 0x1b, 0xff, 0x30, 0x1b, 0xff, 0x30,
  0x1b, 0xff, 0x30, 0x1b, 0xff, 0x30, 0x1b, 0xff, 0x30, 0x1b, 0xff, 0x30, 0x1b, 0xff, 0x30, 0x1b,
  0xff, 0x50, 0x1b, 0xff, 0x50, 0x1b, 0xff, 0x50, 0x1b, 0xff, 0x50, 0x1b, 0xff, 0x50, 0x1b, 0xff,
  0x50, 0x1b, 0xff, 0x50, 0x1b, 0xff, 0x50, 0x1b, 0xff, 0x50, 0x1b, 0xff, 0x50, 0x1b, 0xff, 0x50,
  0x1b, 0xff, 0x50, 0x1b, 0xff, 0x50, 0x1b, 0xff, 0xe4, 0xfd, 0xe6, 0xe4, 0xfd, 0xe6, 0xe4, 0xfd,
  0xe6, 0xe4, 0xfd, 0xe6, 0xe4, 0xfd, 0xe6, 0xe4, 0xfd, 0xe6, 0x50, 0x1b, 0xff, 0x70, 0x1b, 0xff,
  0x70, 0x1b, 0xff, 0x70, 0x1b, 0xff, 0x70, 0x1b, 0xff, 0x70, 0x1b, 0xff, 0x70, 0x1b, 0xff, 0x70,
  0x1b, 0xff, 0x70, 0x1b, 0xff, 0x70, 0x1b, 0xff, 0x70, 0x1b, 0xff, 0x70, 0x1b, 0xff, 0x70, 0x1b,
  0xff, 0x70, 0x1b, 0xff, 0x70, 0x1b, 0xff, 0x26, 0x11, 0xff, 0x26, 0x11, 0xdd, 0x26, 0x11, 0xbb,
  0x26, 0x11, 0x99, 0x26, 0x11, 0x76, 0x26, 0x11, 0x53, 0x26, 0x11, 0x30, 0x26, 0x11, 0x0d, 0x00,
  0x00, 0x00, 0x00, 0x00, 0x00, 0x00, 0x00, 0x00, 0x00, 0x00, 0x00, 0x00, 0x00, 0x00, 0x00, 0x00,
  0x00, 0x00, 0x00, 0x00, 0x00, 0x00, 0x00, 0x00, 0x00, 0x00, 0x00, 0x00, 0x00, 0x00, 0x00, 0x00,
  0x00, 0x00, 0x00, 0x00, 0x00, 0x00, 0x00, 0x00, 0x00, 0x00, 0x00, 0x00, 0x00, 0x00, 0x00, 0x00,
  0x00, 0x00, 0x00, 0x00, 0x00, 0x00, 0x00, 0x00, 0x00, 0x00, 0x00, 0x00, 0x00, 0x00, 0x00, 0x00,
  0x00, 0x26, 0x11, 0x00, 0x26, 0x11, 0x24, 0x26, 0x11, 0x48, 0x26, 0x11, 0x6b, 0x26, 0x11, 0x8e,
  0x26, 0x11, 0xb1, 0x26, 0x11, 0xd4, 0x26, 0x11, 0xf6, 0x10, 0x1b, 0xff, 0x10, 0x1b, 0xff, 0x10,
  0x1b, 0xff, 0x10, 0x1b, 0xff, 0x10, 0x1b, 0xff, 0x10, 0x1b, 0xff, 0x10, 0x1b, 0xff, 0x10, 0x1b,
  0xff, 0x10, 0x1b, 0xff, 0x10, 0x1b, 0xff, 0x10, 0x1b, 0xff, 0x8e, 0xfb, 0xff, 0x8e, 0xfb, 0xff,
  0x8e, 0xfb, 0xff, 0x8e, 0xfb, 0xff, 0x8e, 0xfb, 0xff, 0x8e, 0xfb, 0xff, 0x8e, 0xfb, 0xff, 0x8e,
  0xfb, 0xff, 0x8e, 0xfb, 0xff, 0x8e, 0xfb, 0xff, 0x30, 0x1b, 0xff, 0x30, 0x1b, 0xff, 0x30, 0x1b,
  0xff, 0x30, 0x1b, 0xff, 0x30, 0x1b, 0xff, 0x30, 0x1b, 0xff, 0x30, 0x1b, 0xff, 0x30, 0x1b, 0xff,
  0x30, 0x1b, 0xff, 0x30, 0x1b, 0xff, 0x30, 0x1b, 0xff, 0x30, 0x1b, 0xff, 0x30, 0x1b, 0xff, 0x30,
  0x1b, 0xff, 0x30, 0x1b, 0xff, 0x30, 0x1b, 0xff, 0x30, 0x1b, 0xff, 0x30, 0x1b, 0xff, 0x30, 0x1b,
  0xff, 0x50, 0x1b, 0xff, 0x50, 0x1b, 0xff, 0x50, 0x1b, 0xff, 0x50, 0x1b, 0xff, 0x50, 0x1b, 0xff,
  0x50, 0x1b, 0xff, 0x50, 0x1b, 0xff, 0x50, 0x1b, 0xff, 0x50, 0x1b, 0xff, 0x50, 0x1b, 0xff, 0x50,
  0x1b, 0xff, 0x50, 0x1b, 0xff, 0x50, 0x1b, 0xff, 0xe4, 0xfd, 0xe6, 0xe4, 0xfd, 0xe6, 0xe4, 0xfd,
  0xe6, 0xe4, 0xfd, 0xe6, 0xe4, 0xfd, 0xe6, 0xe4, 0xfd, 0xe6, 0x50, 0x1b, 0xff, 0x70, 0x1b, 0xff,
  0x70, 0x1b, 0xff, 0x70, 0x1b, 0xff, 0x70, 0x1b, 0xff, 0x70, 0x1b, 0xff, 0x70, 0x1b, 0xff, 0x70,
  0x1b, 0xff, 0x70, 0x1b, 0xff, 0x70, 0x1b, 0xff, 0x70, 0x1b, 0xff, 0x70, 0x1b, 0xff, 0x70, 0x1b,
  0xff, 0x70, 0x1b, 0xff, 0x70, 0x1b, 0xff, 0x70, 0x1b, 0xff, 0x26, 0x11, 0xf6, 0x26, 0x11, 0xd4,
  0x26, 0x11, 0xb1, 0x26, 0x11, 0x8e, 0x26, 0x11, 0x6b, 0x26, 0x11, 0x48, 0x26, 0x11, 0x24, 0x26,
  0x11, 0x00, 0x00, 0x00, 0x00, 0x00, 0x00, 0x00, 0x00, 0x00, 0x00, 0x00, 0x00, 0x00, 0x00, 0x00,
  0x00, 0x00, 0x00, 0x00, 0x00, 0x00, 0x00, 0x00, 0x00, 0x00, 0x00, 0x00, 0x00, 0x00, 0x00, 0x00,
  0x00, 0x00, 0x00, 0x00, 0x00, 0x00, 0x00, 0x00, 0x00, 0x00, 0x00, 0x00, 0x00, 0x00, 0x00, 0x00,
  0x00, 0x00, 0x00, 0x00, 0x00, 0x00, 0x00, 0x00, 0x00, 0x00, 0x00, 0x00, 0x00, 0x00, 0x00, 0x00,
  0x00, 0x26, 0x11, 0x16, 0x26, 0x11, 0x3a, 0x26, 0x11, 0x5f, 0x26, 0x11, 0x82, 0x26, 0x11, 0xa6,
  0x26, 0x11, 0xc9, 0x26, 0x11, 0xed, 0x10, 0x1b, 0xff, 0x10, 0x1b, 0xff, 0x10, 0x1b, 0xff, 0x10,
  0x1b, 0xff, 0x10, 0x1b, 0xff, 0x10, 0x1b, 0xff, 0x10, 0x1b, 0xff, 0x10, 0x1b, 0xff, 0x10, 0x1b,
  0xff, 0x10, 0x1b, 0xff, 0x10, 0x1b, 0xff, 0x10, 0x1b, 0xff, 0x8e, 0xfb, 0xff, 0x8e, 0xfb, 0xff,
  0x8e, 0xfb, 0xff, 0x8e, 0xfb, 0xff, 0x8e, 0xfb, 0xff, 0x8e, 0xfb, 0xff, 0x8e, 0xfb, 0xff, 0x8e,
  0xfb, 0xff, 0x8e, 0xfb, 0xff, 0x8e, 0xfb, 0xff, 0x30, 0x1b, 0xff, 0x30, 0x1b, 0xff, 0x30, 0x1b,
  0xff, 0x30, 0x1b, 0xff, 0x30, 0x1b, 0xff, 0x30, 0x1b, 0xff, 0x30, 0x1b, 0xff, 0x30, 0x1b, 0xff,
  0x30, 0x1b, 0xff, 0x30, 0x1b, 0xff, 0x30, 0x1b, 0xff, 0x30, 0x1b, 0xff, 0x30, 0x1b, 0xff, 0x30,
  0x1b, 0xff, 0x30, 0x1b, 0xff, 0x30, 0x1b, 0xff, 0x30, 0x1b, 0xff, 0x30, 0x1b, 0xff, 0x30, 0x1b,
  0xff, 0x50, 0x1b, 0xff, 0x50, 0x1b, 0xff, 0x50, 0x1b, 0xff, 0xe4, 0xfd, 0xe6, 0xe4, 0xfd, 0xe6,
  0xe4, 0xfd, 0xe6, 0xe4, 0xfd, 0xe6, 0xe4, 0xfd, 0xe6, 0xe4, 0xfd, 0xe6, 0x50, 0x1b, 0xff, 0x50,
  0x1b, 0xff, 0x50, 0x1b, 0xff, 0x50, 0x1b, 0xff, 0xe4, 0xfd, 0xe6, 0xe4, 0xfd, 0xe6, 0xe4, 0xfd,
  0xe6, 0xe4, 0xfd, 0xe6, 0xe4, 0xfd, 0xe6, 0xe4, 0xfd, 0xe6, 0x50, 0x1b, 0xff, 0x70, 0x1b, 0xff,
  0x70, 0x1b, 0xff, 0x70, 0x1b, 0xff, 0x70, 0x1b, 0xff, 0x70, 0x1b, 0xff, 0x70, 0x1b, 0xff, 0x70,
  0x1b, 0xff, 0x70, 0x1b, 0xff, 0x70, 0x1b, 0xff, 0x70, 0x1b, 0xff, 0x70, 0x1b, 0xff, 0x70, 0x1b,
  0xff, 0x70, 0x1b, 0xff, 0x70, 0x1b, 0xff, 0x70, 0x1b, 0xff, 0x70, 0x1b, 0xff, 0x26, 0x11, 0xed,
  0x26, 0x11, 0xc9, 0x26, 0x11, 0xa6, 0x26, 0x11, 0x82, 0x26, 0x11, 0x5f, 0x26, 0x11, 0x3a, 0x26,
  0x11, 0x16, 0x00, 0x00, 0x00, 0x00, 0x00, 0x00, 0x00, 0x00, 0x00, 0x00, 0x00, 0x00, 0x00, 0x00,
  0x00, 0x00, 0x00, 0x00, 0x00, 0x00, 0x00, 0x00, 0x00, 0x00, 0x00, 0x00, 0x00, 0x00, 0x00, 0x00,
  0x00, 0x00, 0x00, 0x00, 0x00, 0x00, 0x00, 0x00, 0x00, 0x00, 0x00, 0x00, 0x00, 0x00, 0x00, 0x00,
  0x00, 0x00, 0x00, 0x00, 0x00, 0x00, 0x00, 0x00, 0x00, 0x00, 0x00, 0x00, 0x00, 0x00, 0x26, 0x11,
  0x07, 0x26, 0x11, 0x2c, 0x26, 0x11, 0x50, 0x26, 0x11, 0x75, 0x26, 0x11, 0x99, 0x26, 0x11, 0xbd,
  0x26, 0x11, 0xe1, 0xf0, 0x1a, 0xff, 0x10, 0x1b, 0xff, 0x10, 0x1b, 0xff, 0x10, 0x1b, 0xff, 0x10,
  0x1b, 0xff, 0x10, 0x1b, 0xff, 0x10, 0x1b, 0xff, 0x10, 0x1b, 0xff, 0x10, 0x1b, 0xff, 0x10, 0x1b,
  0xff, 0x10, 0x1b, 0xff, 0x10, 0x1b, 0xff, 0x10, 0x1b, 0xff, 0x8e, 0xfb, 0xff, 0x8e, 0xfb, 0xff,
  0x8e, 0xfb, 0xff, 0x8e, 0xfb, 0xff, 0x8e, 0xfb, 0xff, 0x8e, 0xfb, 0xff, 0x8e, 0xfb, 0xff, 0x8e,
  0xfb, 0xff, 0x8e, 0xfb, 0xff, 0x8e, 0xfb, 0xff, 0x30, 0x1b, 0xff, 0x30, 0x1b, 0xff, 0x30, 0x1b,
  0xff, 0x30, 0x1b, 0xff, 0x30, 0x1b, 0xff, 0x30, 0x1b, 0xff, 0x30, 0x1b, 0xff, 0x30, 0x1b, 0xff,
  0x30, 0x1b, 0xff, 0x30, 0x1b, 0xff, 0x30, 0x1b, 0xff, 0x30, 0x1b, 0xff, 0x30, 0x1b, 0xff, 0x30,
  0x1b, 0xff, 0x30, 0x1b, 0xff, 0x30, 0x1b, 0xff, 0x30, 0x1b, 0xff, 0x30, 0x1b, 0xff, 0x30, 0x1b,
  0xff, 0x50, 0x1b, 0xff, 0x50, 0x1b, 0xff, 0x50, 0x1b, 0xff, 0xe4, 0xfd, 0xe6, 0xe4, 0xfd, 0xe6,
  0xe4, 0xfd, 0xe6, 0xe4, 0xfd, 0xe6, 0xe4, 0xfd, 0xe6, 0xe4, 0xfd, 0xe6, 0x50, 0x1b, 0xff, 0x50,
  0x1b, 0xff, 0x50, 0x1b, 0xff, 0x50, 0x1b, 0xff, 0xe4, 0xfd, 0xe6, 0xe4, 0xfd, 0xe6, 0xe4, 0xfd,
  0xe6, 0xe4, 0xfd, 0xe6, 0xe4, 0xfd, 0xe6, 0xe4, 0xfd, 0xe6, 0x50, 0x1b, 0xff, 0x70, 0x1b, 0xff,
  0x70, 0x1b, 0xff, 0x70, 0x1b, 0xff, 0x70, 0x1b, 0xff, 0x70, 0x1b, 0xff, 0x70, 0x1b, 0xff, 0x70,
  0x1b, 0xff, 0x70, 0x1b, 0xff, 0x70, 0x1b, 0xff, 0x70, 0x1b, 0xff, 0x70, 0x1b, 0xff, 0x70, 0x1b,
  0xff, 0x70, 0x1b, 0xff, 0x70, 0x1b, 0xff, 0x70, 0x1b, 0xff, 0x70, 0x1b, 0xff, 0x70, 0x1b, 0xff,
  0x26, 0x11, 0xe1, 0x26, 0x11, 0xbd, 0x26, 0x11, 0x99, 0x26, 0x11, 0x75, 0x26, 0x11, 0x50, 0x26,
  0x11, 0x2c, 0x26, 0x11, 0x07, 0x00, 0x00, 0x00, 0x00, 0x00, 0x00, 0x00, 0x00, 0x00, 0x00, 0x00,
  0x00, 0x00, 0x00, 0x00, 0x00, 0x00, 0x00, 0x00, 0x00, 0x00, 0x00, 0x00, 0x00, 0x00, 0x00, 0x00,
  0x00, 0x00, 0x00, 0x00, 0x00, 0x00, 0x00, 0x00, 0x00, 0x00, 0x00, 0x00, 0x00, 0x00, 0x00, 0x00,
  0x00, 0x00, 0x00, 0x00, 0x00, 0x00, 0x00, 0x00, 0x00, 0x00, 0x00, 0x00, 0x00, 0x00, 0x26, 0x11,
  0x1b, 0x26, 0x11, 0x41, 0x26, 0x11, 0x66, 0x26, 0x11, 0x8b, 0x26, 0x11, 0xaf, 0x26, 0x11, 0xd4,
  0x26, 0x11, 0xf8, 0xf0, 0x1a, 0xff, 0x10, 0x1b, 0xff, 0x10, 0x1b, 0xff, 0x10, 0x1b, 0xff, 0x10,
  0x1b, 0xff, 0x10, 0x1b, 0xff, 0x10, 0x1b, 0xff, 0x10, 0x1b, 0xff, 0x10, 0x1b, 0xff, 0x10, 0x1b,
  0xff, 0x10, 0x1b, 0xff, 0x10, 0x1b, 0xff, 0x10, 0x1b, 0xff, 0x8e, 0xfb, 0xff, 0x8e, 0xfb, 0xff,
  0x8e, 0xfb, 0xff, 0x8e, 0xfb, 0xff, 0x8e, 0xfb, 0xff, 0x8e, 0xfb, 0xff, 0x8e, 0xfb, 0xff, 0x8e,
  0xfb, 0xff, 0x8e, 0xfb, 0xff, 0x8e, 0xfb, 0xff, 0x30, 0x1b, 0xff, 0x30, 0x1b, 0xff, 0x30, 0x1b,
  0xff, 0x30, 0x1b, 0xff, 0x30, 0x1b, 0xff, 0x30, 0x1b, 0xff, 0x30, 0x1b, 0xff, 0x30, 0x1b, 0xff,
  0x30, 0x1b, 0xff, 0x30, 0x1b, 0xff, 0x30, 0x1b, 0xff, 0x30, 0x1b, 0xff, 0x30, 0x1b, 0xff, 0x30,
  0x1b, 0xff, 0x30, 0x1b, 0xff, 0x30, 0x1b, 0xff, 0x30, 0x1b, 0xff, 0x30, 0x1b, 0xff, 0x30, 0x1b,
  0xff, 0x50, 0x1b, 0xff, 0x50, 0x1b, 0xff, 0x50, 0x1b, 0xff, 0xe4, 0xfd, 0xe6, 0xe4, 0xfd, 0xe6,
  0xe4, 0xfd, 0xe6, 0xe4, 0xfd, 0xe6, 0xe4, 0xfd, 0xe6, 0xe4, 0xfd, 0xe6, 0x50, 0x1b, 0xff, 0x50,
  0x1b, 0xff, 0x50, 0x1b, 0xff, 0x50, 0x1b, 0xff, 0xe4, 0xfd, 0xe6, 0xe4, 0xfd, 0xe6, 0xe4, 0xfd,
  0xe6, 0xe4, 0xfd, 0xe6, 0xe4, 0xfd, 0xe6, 0xe4, 0xfd, 0xe6, 0x50, 0x1b, 0xff, 0x70, 0x1b, 0xff,
  0x70, 0x1b, 0xff, 0x70, 0x1b, 0xff, 0x70, 0x1b, 0xff, 0x70, 0x1b, 0xff, 0x70, 0x1b, 0xff, 0x70,
  0x1b, 0xff, 0x70, 0x1b, 0xff, 0x70, 0x1b, 0xff, 0x70, 0x1b, 0xff, 0x70, 0x1b, 0xff, 0x70, 0x1b,
  0xff, 0x70, 0x1b, 0xff, 0x70, 0x1b, 0xff, 0x70, 0x1b, 0xff, 0x70, 0x1b, 0xff, 0x70, 0x1b, 0xff,
  0x26, 0x11, 0xf8, 0x26, 0x11, 0xd4, 0x26, 0x11, 0xaf, 0x26, 0x11, 0x8b, 0x26, 0x11, 0x66, 0x26,
  0x11, 0x41, 0x26, 0x11, 0x1b, 0x00, 0x00, 0x00, 0x00, 0x00, 0x00, 0x00, 0x00, 0x00, 0x00, 0x00,
  0x00, 0x00, 0x00, 0x00, 0x00, 0x00, 0x00, 0x00, 0x00, 0x00, 0x00, 0x00, 0x00, 0x00, 0x00, 0x00,
  0x00, 0x00, 0x00, 0x00, 0x00, 0x00, 0x00, 0x00, 0x00, 0x00, 0x00, 0x00, 0x00, 0x00, 0x00, 0x00,
  0x00, 0x00, 0x00, 0x00, 0x00, 0x00, 0x00, 0x00, 0x00, 0x00, 0x00, 0x26, 0x11, 0x0a, 0x26, 0x11,
  0x2f, 0x26, 0x11, 0x55, 0x26, 0x11, 0x7a, 0x26, 0x11, 0xa0, 0x26, 0x11, 0xc5, 0x26, 0x11, 0xe9,
  0xef, 0x1a, 0xff, 0xef, 0x1a, 0xff, 0x0f, 0x1b, 0xff, 0x0f, 0x1b, 0xff, 0x0f, 0x1b, 0xff, 0x0f,
  0x1b, 0xff, 0x0f, 0x1b, 0xff, 0x0f, 0x1b, 0xff, 0x0f, 0x1b, 0xff, 0x0f, 0x1b, 0xff, 0x0f, 0x1b,
  0xff, 0x0f, 0x1b, 0xff, 0x0f, 0x1b, 0xff, 0x0f, 0x1b, 0xff, 0x8e, 0xfb, 0xff, 0x8e, 0xfb, 0xff,
  0x8e, 0xfb, 0xff, 0x8e, 0xfb, 0xff, 0x8e, 0xfb, 0xff, 0x8e, 0xfb, 0xff, 0x8e, 0xfb, 0xff, 0x8e,
  0xfb, 0xff, 0x8e, 0xfb, 0xff, 0x8e, 0xfb, 0xff, 0x2f, 0x1b, 0xff, 0x2f, 0x1b, 0xff, 0x2f, 0x1b,
  0xff, 0x2f, 0x1b, 0xff, 0x2f, 0x1b, 0xff, 0x2f, 0x1b, 0xff, 0x2f, 0x1b, 0xff, 0x2f, 0x1b, 0xff,
  0x2f, 0x1b, 0xff, 0x2f, 0x1b, 0xff, 0x2f, 0x1b, 0xff, 0x2f, 0x1b, 0xff, 0x2f, 0x1b, 0xff, 0x2f,
  0x1b, 0xff, 0x2f, 0x1b, 0xff, 0x2f, 0x1b, 0xff, 0x2f, 0x1b, 0xff, 0x2f, 0x1b, 0xff, 0x2f, 0x1b,
  0xff, 0x4f, 0x1b, 0xff, 0x4f, 0x1b, 0xff, 0x4f, 0x1b, 0xff, 0xe4, 0xfd, 0xe6, 0xe4, 0xfd, 0xe6,
  0xe4, 0xfd, 0xe6, 0xe4, 0xfd, 0xe6, 0xe4, 0xfd, 0xe6, 0xe4, 0xfd, 0xe6, 0x4f, 0x1b, 0xff, 0x4f,
  0x1b, 0xff, 0x4f, 0x1b, 0xff, 0x4f, 0x1b, 0xff, 0xe4, 0xfd, 0xe6, 0xe4, 0xfd, 0xe6, 0xe4, 0xfd,
  0xe6, 0xe4, 0xfd, 0xe6, 0xe4, 0xfd, 0xe6, 0xe4, 0xfd, 0xe6, 0x4f, 0x1b, 0xff, 0x6f, 0x1b, 0xff,
  0x6f, 0x1b, 0xff, 0x6f, 0x1b, 0xff, 0xe4, 0xfd, 0xe6, 0xe4, 0xfd, 0xe6, 0xe4, 0xfd, 0xe6, 0xe4,
  0xfd, 0xe6, 0xe4, 0xfd, 0xe6, 0xe4, 0xfd, 0xe6, 0x6f, 0x1b, 0xff, 0x6f, 0x1b, 0xff, 0x6f, 0x1b,
  0xff, 0x6f, 0x1b, 0xff, 0x6f, 0x1b, 0xff, 0x6f, 0x1b, 0xff, 0x6f, 0x1b, 0xff, 0x6f, 0x1b, 0xff,
  0x6f, 0x1b, 0xff, 0x26, 0x11, 0xe9, 0x26, 0x11, 0xc5, 0x26, 0x11, 0xa0, 0x26, 0x11, 0x7a, 0x26,
  0x11, 0x55, 0x26, 0x11, 0x2f, 0x26, 0x11, 0x0a, 0x00, 0x00, 0x00, 0x00, 0x00, 0x00, 0x00, 0x00,
  0x00, 0x00, 0x00, 0x00, 0x00, 0x00, 0x00, 0x00, 0x00, 0x00, 0x00, 0x00, 0x00, 0x00, 0x00, 0x00,
  0x00, 0x00, 0x00, 0x00, 0x00, 0x00, 0x00, 0x00, 0x00, 0x00, 0x00, 0x00, 0x00, 0x00, 0x00, 0x00,
  0x00, 0x00, 0x00, 0x00, 0x00, 0x00, 0x00, 0x00, 0x00, 0x00, 0x00, 0x26, 0x11, 0x1d, 0x26, 0x11,
  0x43, 0x26, 0x11, 0x69, 0x26, 0x11, 0x8e, 0x26, 0x11, 0xb4, 0x26, 0x11, 0xd9, 0x26, 0x11, 0xff,
  0xef, 0x1a, 0xff, 0xef, 0x1a, 0xff, 0x0f, 0x1b, 0xff, 0x0f, 0x1b, 0xff, 0x0f, 0x1b, 0xff, 0x0f,
  0x1b, 0xff, 0x0f, 0x1b, 0xff, 0x0f, 0x1b, 0xff, 0x0f, 0x1b, 0xff, 0x0f, 0x1b, 0xff, 0x0f, 0x1b,
  0xff, 0x0f, 0x1b, 0xff, 0x0f, 0x1b, 0xff, 0x0f, 0x1b, 0xff, 0x8e, 0xfb, 0xff, 0x8e, 0xfb, 0xff,
  0x8e, 0xfb, 0xff, 0x8e, 0xfb, 0xff, 0x8e, 0xfb, 0xff, 0x8e, 0xfb, 0xff, 0x8e, 0xfb, 0xff, 0x8e,
  0xfb, 0xff, 0x8e, 0xfb, 0xff, 0x8e, 0xfb, 0xff, 0x2f, 0x1b, 0xff, 0x2f, 0x1b, 0xff, 0x2f, 0x1b,
  0xff, 0x2f, 0x1b, 0xff, 0x2f, 0x1b, 0xff, 0x2f, 0x1b, 0xff, 0x2f, 0x1b, 0xff, 0x2f, 0x1b, 0xff,
  0x2f, 0x1b, 0xff, 0x2f, 0x1b, 0xff, 0x2f, 0x1b, 0xff, 0x2f, 0x1b, 0xff, 0x2f, 0x1b, 0xff, 0x2f,
  0x1b, 0xff, 0x2f, 0x1b, 0xff, 0x2f, 0x1b, 0xff, 0x2f, 0x1b, 0xff, 0x2f, 0x1b, 0xff, 0x2f, 0x1b,
  0xff, 0x4f, 0x1b, 0xff, 0x4f, 0x1b, 0xff, 0x4f, 0x1b, 0xff, 0xe4, 0xfd, 0xe6, 0xe4, 0xfd, 0xe6,
  0xe4, 0xfd, 0xe6, 0xe4, 0xfd, 0xe6, 0xe4, 0xfd, 0xe6, 0xe4, 0xfd, 0xe6, 0x4f, 0x1b, 0xff, 0x4f,
  0x1b, 0xff, 0x4f, 0x1b, 0xff, 0x4f, 0x1b, 0xff, 0xe4, 0xfd, 0xe6, 0xe4, 0xfd, 0xe6, 0xe4, 0xfd,
  0xe6, 0xe4, 0xfd, 0xe6, 0xe4, 0xfd, 0xe6, 0xe4, 0xfd, 0xe6, 0x4f, 0x1b, 0xff, 0x6f, 0x1b, 0xff,
  0x6f, 0x1b, 0xff, 0x6f, 0x1b, 0xff, 0xe4, 0xfd, 0xe6, 0xe4, 0xfd, 0xe6, 0xe4, 0xfd, 0xe6, 0xe4,
  0xfd, 0xe6, 0xe4, 0xfd, 0xe6, 0xe4, 0xfd, 0xe6, 0x6f, 0x1b, 0xff, 0x6f, 0x1b, 0xff, 0x6f, 0x1b,
  0xff, 0x6f, 0x1b, 0xff, 0x6f, 0x1b, 0xff, 0x6f, 0x1b, 0xff, 0x6f, 0x1b, 0xff, 0x6f, 0x1b, 0xff,
  0x6f, 0x1b, 0xff, 0x26, 0x11, 0xff, 0x26, 0x11, 0xd9, 0x26, 0x11, 0xb4, 0x26, 0x11, 0x8e, 0x26,
  0x11, 0x69, 0x26, 0x11, 0x43, 0x26, 0x11, 0x1d, 0x00, 0x00, 0x00, 0x00, 0x00, 0x00, 0x00, 0x00,
  0x00, 0x00, 0x00, 0x00, 0x00, 0x00, 0x00, 0x00, 0x00, 0x00, 0x00, 0x00, 0x00, 0x00, 0x00, 0x00,
  0x00, 0x00, 0x00, 0x00, 0x00, 0x00, 0x00, 0x00, 0x00, 0x00, 0x00, 0x00, 0x00, 0x00, 0x00, 0x00,
  0x00, 0x00, 0x00, 0x00, 0x00, 0x00, 0x00, 0x00, 0x26, 0x11, 0x08, 0x26, 0x11, 0x2f, 0x26, 0x11,
  0x55, 0x26, 0x11, 0x7c, 0x26, 0x11, 0xa2, 0x26, 0x11, 0xc8, 0x26, 0x11, 0xed, 0xef, 0x1a, 0xff,
  0xef, 0x1a, 0xff, 0xef, 0x1a, 0xff, 0x0f, 0x1b, 0xff, 0x0f, 0x1b, 0xff, 0x0f, 0x1b, 0xff, 0x0f,
  0x1b, 0xff, 0x0f, 0x1b, 0xff, 0x0f, 0x1b, 0xff, 0x0f, 0x1b, 0xff, 0x0f, 0x1b, 0xff, 0x0f, 0x1b,
  0xff, 0x0f, 0x1b, 0xff, 0x0f, 0x1b, 0xff, 0x0f, 0x1b, 0xff, 0x8e, 0xfb, 0xff, 0x8e, 0xfb, 0xff,
  0x8e, 0xfb, 0xff, 0xba, 0xff, 0xff, 0xba, 0xff, 0xff, 0xba, 0xff, 0xff, 0xba, 0xff, 0xff, 0x8e,
  0xfb, 0xff, 0x8e, 0xfb, 0xff, 0x8e, 0xfb, 0xff, 0x2f, 0x1b, 0xff, 0x2f, 0x1b, 0xff, 0x2f, 0x1b,
  0xff, 0x2f, 0x1b, 0xff, 0x2f, 0x1b, 0xff, 0x2f, 0x1b, 0xff, 0x2f, 0x1b, 0xff, 0x2f, 0x1b, 0xff,
  0x2f, 0x1b, 0xff, 0x2f, 0x1b, 0xff, 0x2f, 0x1b, 0xff, 0x2f, 0x1b, 0xff, 0x2f, 0x1b, 0xff, 0x2f,
  0x1b, 0xff, 0x2f, 0x1b, 0xff, 0x2f, 0x1b, 0xff, 0x2f, 0x1b, 0xff, 0x2f, 0x1b, 0xff, 0x2f, 0x1b,
  0xff, 0x4f, 0x1b, 0xff, 0x4f, 0x1b, 0xff, 0x4f, 0x1b, 0xff, 0xe4, 0xfd, 0xe6, 0xe4, 0xfd, 0xe6,
  0xe4, 0xfd, 0xe6, 0xe4, 0xfd, 0xe6, 0xe4, 0xfd, 0xe6, 0xe4, 0xfd, 0xe6, 0x4f, 0x1b, 0xff, 0x4f,
  0x1b, 0xff, 0x4f, 0x1b, 0xff, 0x4f, 0x1b, 0xff, 0xe4, 0xfd, 0xe6, 0xe4, 0xfd, 0xe6, 0xe4, 0xfd,
  0xe6, 0xe4, 0xfd, 0xe6, 0xe4, 0xfd, 0xe6, 0xe4, 0xfd, 0xe6, 0x4f, 0x1b, 0xff, 0x6f, 0x1b, 0xff,
  0x6f, 0x1b, 0xff, 0x6f, 0x1b, 0xff, 0xe4, 0xfd, 0xe6, 0xe4, 0xfd, 0xe6, 0xe4, 0xfd, 0xe6, 0xe4,
  0xfd, 0xe6, 0xe4, 0xfd, 0xe6, 0xe4, 0xfd, 0xe6, 0x6f, 0x1b, 0xff, 0x6f, 0x1b, 0xff, 0x6f, 0x1b,
  0xff, 0x6f, 0x1b, 0xff, 0x6f, 0x1b, 0xff, 0x6f, 0x1b, 0xff, 0x6f, 0x1b, 0xff, 0x6f, 0x1b, 0xff,
  0x6f, 0x1b, 0xff, 0x6f, 0x1b, 0xff, 0x26, 0x11, 0xed, 0x26, 0x11, 0xc8, 0x26, 0x11, 0xa2, 0x26,
  0x11, 0x7c, 0x26, 0x11, 0x55, 0x26, 0x11, 0x2f, 0x26, 0x11, 0x08, 0x00, 0x00, 0x00, 0x00, 0x00,
  0x00, 0x00, 0x00, 0x00, 0x00, 0x00, 0x00, 0x00, 0x00, 0x00, 0x00, 0x00, 0x00, 0x00, 0x00, 0x00,
  0x00, 0x00, 0x00, 0x00, 0x00, 0x00, 0x00, 0x00, 0x00, 0x00, 0x00, 0x00, 0x00, 0x00, 0x00, 0x00,
  0x00, 0x00, 0x00, 0x00, 0x00, 0x00, 0x00, 0x00, 0x26, 0x11, 0x1a, 0x26, 0x11, 0x41, 0x26, 0x11,
  0x67, 0x26, 0x11, 0x8e, 0x26, 0x11, 0xb4, 0x26, 0x11, 0xdb, 0xef, 0x1a, 0xff, 0xef, 0x1a, 0xff,
  0xef, 0x1a, 0xff, 0xef, 0x1a, 0xff, 0x0f, 0x1b, 0xff, 0x0f, 0x1b, 0xff, 0x0f, 0x1b, 0xff, 0x0f,
  0x1b, 0xff, 0x0f, 0x1b, 0xff, 0x0f, 0x1b, 0xff, 0x0f, 0x1b, 0xff, 0x0f, 0x1b, 0xff, 0x0f, 0x1b,
  0xff, 0x0f, 0x1b, 0xff, 0x0f, 0x1b, 0xff, 0x0f, 0x1b, 0xff, 0x8e, 0xfb, 0xff, 0x8e, 0xfb, 0xff,
  0x8e, 0xfb, 0xff, 0xba, 0xff, 0xff, 0xba, 0xff, 0xff, 0xba, 0xff, 0xff, 0xba, 0xff, 0xff, 0x8e,
  0xfb, 0xff, 0x8e, 0xfb, 0xff, 0x8e, 0xfb, 0xff, 0x2f, 0x1b, 0xff, 0x2f, 0x1b, 0xff, 0x2f, 0x1b,
  0xff, 0x2f, 0x1b, 0xff, 0x2f, 0x1b, 0xff, 0x2f, 0x1b, 0xff, 0x2f, 0x1b, 0xff, 0x2f, 0x1b, 0xff,
  0x2f, 0x1b, 0xff, 0x2f, 0x1b, 0xff, 0x2f, 0x1b, 0xff, 0x2f, 0x1b, 0xff, 0x2f, 0x1b, 0xff, 0x2f,
  0x1b, 0xff, 0x2f, 0x1b, 0xff, 0x2f, 0x1b, 0xff, 0x2f, 0x1b, 0xff, 0x2f, 0x1b, 0xff, 0x2f, 0x1b,
  0xff, 0x4f, 0x1b, 0xff, 0x4f, 0x1b, 0xff, 0x4f, 0x1b, 0xff, 0xe4, 0xfd, 0xe6, 0xe4, 0xfd, 0xe6,
  0xe4, 0xfd, 0xe6, 0xe4, 0xfd, 0xe6, 0xe4, 0xfd, 0xe6, 0xe4, 0xfd, 0xe6, 0x4f, 0x1b, 0xff, 0x4f,
  0x1b, 0xff, 0x4f, 0x1b, 0xff, 0x4f, 0x1b, 0xff, 0xe4, 0xfd, 0xe6, 0xe4, 0xfd, 0xe6, 0xe4, 0xfd,
  0xe6, 0xe4, 0xfd, 0xe6, 0xe4, 0xfd, 0xe6, 0xe4, 0xfd, 0xe6, 0x4f, 0x1b, 0xff, 0x6f, 0x1b, 0xff,
  0x6f, 0x1b, 0xff, 0x6f, 0x1b, 0xff, 0xe4, 0xfd, 0xe6, 0xe4, 0xfd, 0xe6, 0xe4, 0xfd, 0xe6, 0xe4,
  0xfd, 0xe6, 0xe4, 0xfd, 0xe6, 0xe4, 0xfd, 0xe6, 0x6f, 0x1b, 0xff, 0x6f, 0x1b, 0xff, 0x6f, 0x1b,
  0xff, 0x6f, 0x1b, 0xff, 0x6f, 0x1b, 0xff, 0x6f, 0x1b, 0xff, 0x6f, 0x1b, 0xff, 0x6f, 0x1b, 0xff,
  0x6f, 0x1b, 0xff, 0x6f, 0x1b, 0xff, 0x6f, 0x1b, 0xff, 0x26, 0x11, 0xdb, 0x26, 0x11, 0xb4, 0x26,
  0x11, 0x8e, 0x26, 0x11, 0x67, 0x26, 0x11, 0x41, 0x26, 0x11, 0x1a, 0x00, 0x00, 0x00, 0x00, 0x00,
  0x00, 0x00, 0x00, 0x00, 0x00, 0x00, 0x00, 0x00, 0x00, 0x00, 0x00, 0x00, 0x00, 0x00, 0x00, 0x00,
  0x00, 0x00, 0x00, 0x00, 0x00, 0x00, 0x00, 0x00, 0x00, 0x00, 0x00, 0x00, 0x00, 0x00, 0x00, 0x00,
  0x00, 0x00, 0x00, 0x00, 0x00, 0x26, 0x11, 0x03, 0x26, 0x11, 0x2b, 0x26, 0x11, 0x52, 0x26, 0x11,
  0x79, 0x26, 0x11, 0xa0, 0x26, 0x11, 0xc6, 0x26, 0x11, 0xed, 0xef, 0x1a, 0xff, 0xef, 0x1a, 0xff,
  0xef, 0x1a, 0xff, 0xef, 0x1a, 0xff, 0x0f, 0x1b, 0xff, 0x0f, 0x1b, 0xff, 0x0f, 0x1b, 0xff, 0x0f,
  0x1b, 0xff, 0x0f, 0x1b, 0xff, 0x0f, 0x1b, 0xff, 0x0f, 0x1b, 0xff, 0x0f, 0x1b, 0xff, 0x0f, 0x1b,
  0xff, 0x0f, 0x1b, 0xff, 0x0f, 0x1b, 0xff, 0x0f, 0x1b, 0xff, 0x8e, 0xfb, 0xff, 0x8e, 0xfb, 0xff,
  0x8e, 0xfb, 0xff, 0xba, 0xff, 0xff, 0xba, 0xff, 0xff, 0xba, 0xff, 0xff, 0xba, 0xff, 0xff, 0x8e,
  0xfb, 0xff, 0x8e, 0xfb, 0xff, 0x8e, 0xfb, 0xff, 0x2f, 0x1b, 0xff, 0x2f, 0x1b, 0xff, 0x2f, 0x1b,
  0xff, 0x2f, 0x1b, 0xff, 0x2f, 0x1b, 0xff, 0x2f, 0x1b, 0xff, 0x2f, 0x1b, 0xff, 0x2f, 0x1b, 0xff,
  0x2f, 0x1b, 0xff, 0x2f, 0x1b, 0xff, 0x2f, 0x1b, 0xff, 0x2f, 0x1b, 0xff, 0x2f, 0x1b, 0xff, 0x2f,
  0x1b, 0xff, 0x2f, 0x1b, 0xff, 0x2f, 0x1b, 0xff, 0x2f, 0x1b, 0xff, 0x2f, 0x1b, 0xff, 0x2f, 0x1b,
  0xff, 0x4f, 0x1b, 0xff, 0x4f, 0x1b, 0xff, 0x4f, 0x1b, 0xff, 0xe4, 0xfd, 0xe6, 0xe4, 0xfd, 0xe6,
  0xe4, 0xfd, 0xe6, 0xe4, 0xfd, 0xe6, 0xe4, 0xfd, 0xe6, 0xe4, 0xfd, 0xe6, 0x4f, 0x1b, 0xff, 0x4f,
  0x1b, 0xff, 0x4f, 0x1b, 0xff, 0x4f, 0x1b, 0xff, 0xe4, 0xfd, 0xe6, 0xe4, 0xfd, 0xe6, 0xe4, 0xfd,
  0xe6, 0xe4, 0xfd, 0xe6, 0xe4, 0xfd, 0xe6, 0xe4, 0xfd, 0xe6, 0x4f, 0x1b, 0xff, 0x6f, 0x1b, 0xff,
  0x6f, 0x1b, 0xff, 0x6f, 0x1b, 0xff, 0xe4, 0xfd, 0xe6, 0xe4, 0xfd, 0xe6, 0xe4, 0xfd, 0xe6, 0xe4,
  0xfd, 0xe6, 0xe4, 0xfd, 0xe6, 0xe4, 0xfd, 0xe6, 0x6f, 0x1b, 0xff, 0x6f, 0x1b, 0xff, 0x6f, 0x1b,
  0xff, 0x6f, 0x1b, 0xff, 0x6f, 0x1b, 0xff, 0x6f, 0x1b, 0xff, 0x6f, 0x1b, 0xff, 0x6f, 0x1b, 0xff,
  0x6f, 0x1b, 0xff, 0x6f, 0x1b, 0xff, 0x6f, 0x1b, 0xff, 0x26, 0x11, 0xed, 0x26, 0x11, 0xc6, 0x26,
  0x11, 0xa0, 0x26, 0x11, 0x79, 0x26, 0x11, 0x52, 0x26, 0x11, 0x2b, 0x26, 0x11, 0x03, 0x00, 0x00,
  0x00, 0x00, 0x00, 0x00, 0x00, 0x00, 0x00, 0x00, 0x00, 0x00, 0x00, 0x00, 0x00, 0x00, 0x00, 0x00,
  0x00, 0x00, 0x00, 0x00, 0x00, 0x00, 0x00, 0x00, 0x00, 0x00, 0x00, 0x00, 0x00, 0x00, 0x00, 0x00,
  0x00, 0x00, 0x00, 0x00, 0x00, 0x26, 0x11, 0x13, 0x26, 0x11, 0x3a, 0x26, 0x11, 0x62, 0x26, 0x11,
  0x89, 0x26, 0x11, 0xb1, 0x26, 0x11, 0xd8, 0x26, 0x11, 0xff, 0xef, 0x1a, 0xff, 0xef, 0x1a, 0xff,
  0xef, 0x1a, 0xff, 0xef, 0x1a, 0xff, 0x0f, 0x1b, 0xff, 0x0f, 0x1b, 0xff, 0x0f, 0x1b, 0xff, 0x0f,
  0x1b, 0xff, 0x0f, 0x1b, 0xff, 0x0f, 0x1b, 0xff, 0x0f, 0x1b, 0xff, 0x0f, 0x1b, 0xff, 0x0f, 0x1b,
  0xff, 0x0f, 0x1b, 0xff, 0x0f, 0x1b, 0xff, 0x0f, 0x1b, 0xff, 0x8e, 0xfb, 0xff, 0x8e, 0xfb, 0xff,
  0x8e, 0xfb, 0xff, 0xba, 0xff, 0xff, 0xba, 0xff, 0xff, 0xba, 0xff, 0xff, 0xba, 0xff, 0xff, 0x8e,
  0xfb, 0xff, 0x8e, 0xfb, 0xff, 0x8e, 0xfb, 0xff, 0x2f, 0x1b, 0xff, 0x2f, 0x1b, 0xff, 0x2f, 0x1b,
  0xff, 0x2f, 0x1b, 0xff, 0x2f, 0x1b, 0xff, 0x2f, 0x1b, 0xff, 0x2f, 0x1b, 0xff, 0x2f, 0x1b, 0xff,
  0x2f, 0x1b, 0xff, 0x2f, 0x1b, 0xff, 0x2f, 0x1b, 0xff, 0x2f, 0x1b, 0xff, 0x2f, 0x1b, 0xff, 0x2f,
  0x1b, 0xff, 0x2f, 0x1b, 0xff, 0x2f, 0x1b, 0xff, 0x2f, 0x1b, 0xff, 0x2f, 0x1b, 0xff, 0x2f, 0x1b,
  0xff, 0x4f, 0x1b, 0xff, 0x4f, 0x1b, 0xff, 0x4f, 0x1b, 0xff, 0xe4, 0xfd, 0xe6, 0xe4, 0xfd, 0xe6,
  0xe4, 0xfd, 0xe6, 0xe4, 0xfd, 0xe6, 0xe4, 0xfd, 0xe6, 0xe4, 0xfd, 0xe6, 0x4f, 0x1b, 0xff, 0x4f,
  0x1b, 0xff, 0x4f, 0x1b, 0xff, 0x4f, 0x1b, 0xff, 0xe4, 0xfd, 0xe6, 0xe4, 0xfd, 0xe6, 0xe4, 0xfd,
  0xe6, 0xe4, 0xfd, 0xe6, 0xe4, 0xfd, 0xe6, 0xe4, 0xfd, 0xe6, 0x4f, 0x1b, 0xff, 0x6f, 0x1b, 0xff,
  0x6f, 0x1b, 0xff, 0x6f, 0x1b, 0xff, 0xe4, 0xfd, 0xe6, 0xe4, 0xfd, 0xe6, 0xe4, 0xfd, 0xe6, 0xe4,
  0xfd, 0xe6, 0xe4, 0xfd, 0xe6, 0xe4, 0xfd, 0xe6, 0x6f, 0x1b, 0xff, 0x6f, 0x1b, 0xff, 0x6f, 0x1b,
  0xff, 0x6f, 0x1b, 0xff, 0x6f, 0x1b, 0xff, 0x6f, 0x1b, 0xff, 0x6f, 0x1b, 0xff, 0x6f, 0x1b, 0xff,
  0x6f, 0x1b, 0xff, 0x6f, 0x1b, 0xff, 0x6f, 0x1b, 0xff, 0x26, 0x11, 0xff, 0x26, 0x11, 0xd8, 0x26,
  0x11, 0xb1, 0x26, 0x11, 0x89, 0x26, 0x11, 0x62, 0x26, 0x11, 0x3a, 0x26, 0x11, 0x13, 0x00, 0x00,
  0x00, 0x00, 0x00, 0x00, 0x00, 0x00, 0x00, 0x00, 0x00, 0x00, 0x00, 0x00, 0x00, 0x00, 0x00, 0x00,
  0x00, 0x00, 0x00, 0x00, 0x00, 0x00, 0x00, 0x00, 0x00, 0x00, 0x00, 0x00, 0x00, 0x00, 0x00, 0x00,
  0x00, 0x00, 0x00, 0x00, 0x00, 0x26, 0x11, 0x22, 0x26, 0x11, 0x4a, 0x26, 0x11, 0x72, 0x26, 0x11,
  0x99, 0x26, 0x11, 0xc1, 0x26, 0x11, 0xe8, 0xef, 0x1a, 0xff, 0xef, 0x1a, 0xff, 0xef, 0x1a, 0xff,
  0xef, 0x1a, 0xff, 0xef, 0x1a, 0xff, 0x0f, 0x1b, 0xff, 0x0f, 0x1b, 0xff, 0x0f, 0x1b, 0xff, 0x0f,
  0x1b, 0xff, 0x0f, 0x1b, 0xff, 0x0f, 0x1b, 0xff, 0x0f, 0x1b, 0xff, 0x0f, 0x1b, 0xff, 0x0f, 0x1b,
  0xff, 0x0f, 0x1b, 0xff, 0x0f, 0x1b, 0xff, 0x0f, 0x1b, 0xff, 0x8e, 0xfb, 0xff, 0x8e, 0xfb, 0xff,
  0x8e, 0xfb, 0xff, 0xba, 0xff, 0xff, 0xba, 0xff, 0xff, 0xba, 0xff, 0xff, 0xba, 0xff, 0xff, 0x8e,
  0xfb, 0xff, 0x8e, 0xfb, 0xff, 0x8e, 0xfb, 0xff, 0x2f, 0x1b, 0xff, 0x2f, 0x1b, 0xff, 0x2f, 0x1b,
  0xff, 0x2f, 0x1b, 0xff, 0x2f, 0x1b, 0xff, 0x2f, 0x1b, 0xff, 0x2f, 0x1b, 0xff, 0x2f, 0x1b, 0xff,
  0x2f, 0x1b, 0xff, 0x2f, 0x1b, 0xff, 0x2f, 0x1b, 0xff, 0x2f, 0x1b, 0xff, 0x2f, 0x1b, 0xff, 0x2f,
  0x1b, 0xff, 0x2f, 0x1b, 0xff, 0x2f, 0x1b, 0xff, 0x2f, 0x1b, 0xff, 0x2f, 0x1b, 0xff, 0x2f, 0x1b,
  0xff, 0x4f, 0x1b, 0xff, 0x4f, 0x1b, 0xff, 0x4f, 0x1b, 0xff, 0xe4, 0xfd, 0xe6, 0xe4, 0xfd, 0xe6,
  0xe4, 0xfd, 0xe6, 0xe4, 0xfd, 0xe6, 0xe4, 0xfd, 0xe6, 0xe4, 0xfd, 0xe6, 0x4f, 0x1b, 0xff, 0x4f,
  0x1b, 0xff, 0x4f, 0x1b, 0xff, 0x4f, 0x1b, 0xff, 0xe4, 0xfd, 0xe6, 0xe4, 0xfd, 0xe6, 0xe4, 0xfd,
  0xe6, 0xe4, 0xfd, 0xe6, 0xe4, 0xfd, 0xe6, 0xe4, 0xfd, 0xe6, 0x4f, 0x1b, 0xff, 0x6f, 0x1b, 0xff,
  0x6f, 0x1b, 0xff, 0x6f, 0x1b, 0xff, 0xe4, 0xfd, 0xe6, 0xe4, 0xfd, 0xe6, 0xe4, 0xfd, 0xe6, 0xe4,
  0xfd, 0xe6, 0xe4, 0xfd, 0xe6, 0xe4, 0xfd, 0xe6, 0x6f, 0x1b, 0xff, 0x6f, 0x1b, 0xff, 0x6f, 0x1b,
  0xff, 0x6f, 0x1b, 0xff, 0x6f, 0x1b, 0xff, 0x6f, 0x1b, 0xff, 0x6f, 0x1b, 0xff, 0x6f, 0x1b, 0xff,
  0x6f, 0x1b, 0xff, 0x6f, 0x1b, 0xff, 0x6f, 0x1b, 0xff, 0x6f, 0x1b, 0xff, 0x26, 0x11, 0xe8, 0x26,
  0x11, 0xc1, 0x26, 0x11, 0x99, 0x26, 0x11, 0x72, 0x26, 0x11, 0x4a, 0x26, 0x11, 0x22, 0x00, 0x00,
  0x00, 0x00, 0x00, 0x00, 0x00, 0x00, 0x00, 0x00, 0x00, 0x00, 0x00, 0x00, 0x00, 0x00, 0x00, 0x00,
  0x00, 0x00, 0x00, 0x00, 0x00, 0x00, 0x00, 0x00, 0x00, 0x00, 0x00, 0x00, 0x00, 0x00, 0x00, 0x00,
  0x00, 0x00, 0x26, 0x11, 0x08, 0x26, 0x11, 0x30, 0x26, 0x11, 0x58, 0x26, 0x11, 0x80, 0x26, 0x11,
  0xa8, 0x26, 0x11, 0xd0, 0x26, 0x11, 0xf8, 0xef, 0x1a, 0xff, 0xef, 0x1a, 0xff, 0xef, 0x1a, 0xff,
  0xef, 0x1a, 0xff, 0xef, 0x1a, 0xff, 0x0f, 0x1b, 0xff, 0x0f, 0x1b, 0xff, 0x0f, 0x1b, 0xff, 0x0f,
  0x1b, 0xff, 0x0f, 0x1b, 0xff, 0x0f, 0x1b, 0xff, 0x0f, 0x1b, 0xff, 0x0f, 0x1b, 0xff, 0x0f, 0x1b,
  0xff, 0x0f, 0x1b, 0xff, 0x0f, 0x1b, 0xff, 0x0f, 0x1b, 0xff, 0x8e, 0xfb, 0xff, 0x8e, 0xfb, 0xff,
  0x8e, 0xfb, 0xff, 0xba, 0xff, 0xff, 0xba, 0xff, 0xff, 0xba, 0xff, 0xff, 0xba, 0xff, 0xff, 0x8e,
  0xfb, 0xff, 0x8e, 0xfb, 0xff, 0x8e, 0xfb, 0xff, 0x2f, 0x1b, 0xff, 0x2f, 0x1b, 0xff, 0x2f, 0x1b,
  0xff, 0x2f, 0x1b, 0xff, 0x2f, 0x1b, 0xff, 0x2f, 0x1b, 0xff, 0x2f, 0x1b, 0xff, 0x2f, 0x1b, 0xff,
  0x2f, 0x1b, 0xff, 0x2f, 0x1b, 0xff, 0x2f, 0x1b, 0xff, 0x2f, 0x1b, 0xff, 0x2f, 0x1b, 0xff, 0x2f,
  0x1b, 0xff, 0x2f, 0x1b, 0xff, 0x2f, 0x1b, 0xff, 0x2f, 0x1b, 0xff, 0x2f, 0x1b, 0xff, 0x2f, 0x1b,
  0xff, 0x4f, 0x1b, 0xff, 0x4f, 0x1b, 0xff, 0x4f, 0x1b, 0xff, 0xe4, 0xfd, 0xe6, 0xe4, 0xfd, 0xe6,
  0xe4, 0xfd, 0xe6, 0xe4, 0xfd, 0xe6, 0xe4, 0xfd, 0xe6, 0xe4, 0xfd, 0xe6, 0x4f, 0x1b, 0xff, 0x4f,
  0x1b, 0xff, 0x4f, 0x1b, 0xff, 0x4f, 0x1b, 0xff, 0xe4, 0xfd, 0xe6, 0xe4, 0xfd, 0xe6, 0xe4, 0xfd,
  0xe6, 0xe4, 0xfd, 0xe6, 0xe4, 0xfd, 0xe6, 0xe4, 0xfd, 0xe6, 0x4f, 0x1b, 0xff, 0x6f, 0x1b, 0xff,
  0x6f, 0x1b, 0xff, 0x6f, 0x1b, 0xff, 0xe4, 0xfd, 0xe6, 0xe4, 0xfd, 0xe6, 0xe4, 0xfd, 0xe6, 0xe4,
  0xfd, 0xe6, 0xe4, 0xfd, 0xe6, 0xe4, 0xfd, 0xe6, 0x6f, 0x1b, 0xff, 0x6f, 0x1b, 0xff, 0x6f, 0x1b,
  0xff, 0x6f, 0x1b, 0xff, 0x6f, 0x1b, 0xff, 0x6f, 0x1b, 0xff, 0x6f, 0x1b, 0xff, 0x6f, 0x1b, 0xff,
  0x6f, 0x1b, 0xff, 0x6f, 0x1b, 0xff, 0x6f, 0x1b, 0xff, 0x6f, 0x1b, 0xff, 0x26, 0x11, 0xf8, 0x26,
  0x11, 0xd0, 0x26, 0x11, 0xa8, 0x26, 0x11, 0x80, 0x26, 0x11, 0x58, 0x26, 0x11, 0x30, 0x26, 0x11,
  0x08, 0x00, 0x00, 0x00, 0x00, 0x00, 0x00, 0x00, 0x00, 0x00, 0x00, 0x00, 0x00, 0x00, 0x00, 0x00,
  0x00, 0x00, 0x00, 0x00, 0x00, 0x00, 0x00, 0x00, 0x00, 0x00, 0x00, 0x00, 0x00, 0x00, 0x00, 0x00,
  0x00, 0x00, 0x26, 0x11, 0x15, 0x26, 0x11, 0x3e, 0x26, 0x11, 0x66, 0x26, 0x11, 0x8e, 0x26, 0x11,
  0xb7, 0x26, 0x11, 0xdf, 0xef, 0x1a, 0xff, 0xef, 0x1a, 0xff, 0xef, 0x1a, 0xff, 0xef, 0x1a, 0xff,
  0xef, 0x1a, 0xff, 0xef, 0x1a, 0xff, 0x0f, 0x1b, 0xff, 0x0f, 0x1b, 0xff, 0x0f, 0x1b, 0xff, 0x0f,
  0x1b, 0xff, 0x0f, 0x1b, 0xff, 0x0f, 0x1b, 0xff, 0x0f, 0x1b, 0xff, 0x0f, 0x1b, 0xff, 0x0f, 0x1b,
  0xff, 0x0f, 0x1b, 0xff, 0x0f, 0x1b, 0xff, 0x0f, 0x1b, 0xff, 0x8e, 0xfb, 0xff, 0x8e, 0xfb, 0xff,
  0x8e, 0xfb, 0xff, 0xba, 0xff, 0xff, 0xba, 0xff, 0xff, 0xba, 0xff, 0xff, 0xba, 0xff, 0xff, 0x8e,
  0xfb, 0xff, 0x8e, 0xfb, 0xff, 0x8e, 0xfb, 0xff, 0x2f, 0x1b, 0xff, 0x2f, 0x1b, 0xff, 0x2f, 0x1b,
  0xff, 0x2f, 0x1b, 0xff, 0x2f, 0x1b, 0xff, 0x2f, 0x1b, 0xff, 0x2f, 0x1b, 0xff, 0x2f, 0x1b, 0xff,
  0x2f, 0x1b, 0xff, 0x2f, 0x1b, 0xff, 0x2f, 0x1b, 0xff, 0x2f, 0x1b, 0xff, 0x2f, 0x1b, 0xff, 0x2f,
  0x1b, 0xff, 0x2f, 0x1b, 0xff, 0x2f, 0x1b, 0xff, 0x2f, 0x1b, 0xff, 0x2f, 0x1b, 0xff, 0x2f, 0x1b,
  0xff, 0x4f, 0x1b, 0xff, 0x4f, 0x1b, 0xff, 0x4f, 0x1b, 0xff, 0xe4, 0xfd, 0xe6, 0xe4, 0xfd, 0xe6,
  0xe4, 0xfd, 0xe6, 0xe4, 0xfd, 0xe6, 0xe4, 0xfd, 0xe6, 0xe4, 0xfd, 0xe6, 0x4f, 0x1b, 0xff, 0x4f,
  0x1b, 0xff, 0x4f, 0x1b, 0xff, 0x4f, 0x1b, 0xff, 0xe4, 0xfd, 0xe6, 0xe4, 0xfd, 0xe6, 0xe4, 0xfd,
  0xe6, 0xe4, 0xfd, 0xe6, 0xe4, 0xfd, 0xe6, 0xe4, 0xfd, 0xe6, 0x4f, 0x1b, 0xff, 0x6f, 0x1b, 0xff,
  0x6f, 0x1b, 0xff, 0x6f, 0x1b, 0xff, 0xe4, 0xfd, 0xe6, 0xe4, 0xfd, 0xe6, 0xe4, 0xfd, 0xe6, 0xe4,
  0xfd, 0xe6, 0xe4, 0xfd, 0xe6, 0xe4, 0xfd, 0xe6, 0x6f, 0x1b, 0xff, 0x6f, 0x1b, 0xff, 0x6f, 0x1b,
  0xff, 0x6f, 0x1b, 0xff, 0x6f, 0x1b, 0xff, 0x6f, 0x1b, 0xff, 0x6f, 0x1b, 0xff, 0x6f, 0x1b, 0xff,
  0x6f, 0x1b, 0xff, 0x6f, 0x1b, 0xff, 0x6f, 0x1b, 0xff, 0x6f, 0x1b, 0xff, 0x8f, 0x1b, 0xff, 0x26,
  0x11, 0xdf, 0x26, 0x11, 0xb7, 0x26, 0x11, 0x8e, 0x26, 0x11, 0x66, 0x26, 0x11, 0x3e, 0x26, 0x11,
  0x15, 0x00, 0x00, 0x00, 0x00, 0x00, 0x00, 0x00, 0x00, 0x00, 0x00, 0x00, 0x00, 0x00, 0x00, 0x00,
  0x00, 0x00, 0x00, 0x00, 0x00, 0x00, 0x00, 0x00, 0x00, 0x00, 0x00, 0x00, 0x00, 0x00, 0x00, 0x00,
  0x00, 0x00, 0x26, 0x11, 0x22, 0x26, 0x11, 0x4b, 0x26, 0x11, 0x73, 0x26, 0x11, 0x9c, 0x26, 0x11,
  0xc4, 0x26, 0x11, 0xed, 0xef, 0x1a, 0xff, 0xef, 0x1a, 0xff, 0xef, 0x1a, 0xff, 0xef, 0x1a, 0xff,
  0xef, 0x1a, 0xff, 0xef, 0x1a, 0xff, 0x0f, 0x1b, 0xff, 0x0f, 0x1b, 0xff, 0x0f, 0x1b, 0xff, 0x0f,
  0x1b, 0xff, 0x0f, 0x1b, 0xff, 0x0f, 0x1b, 0xff, 0x0f, 0x1b, 0xff, 0x0f, 0x1b, 0xff, 0x0f, 0x1b,
  0xff, 0x0f, 0x1b, 0xff, 0x0f, 0x1b, 0xff, 0x0f, 0x1b, 0xff, 0x8e, 0xfb, 0xff, 0x8e, 0xfb, 0xff,
  0x8e, 0xfb, 0xff, 0xba, 0xff, 0xff, 0xba, 0xff, 0xff, 0xba, 0xff, 0xff, 0xba, 0xff, 0xff, 0x8e,
  0xfb, 0xff, 0x8e, 0xfb, 0xff, 0x8e, 0xfb, 0xff, 0x2f, 0x1b, 0xff, 0x2f, 0x1b, 0xff, 0x2f, 0x1b,
  0xff, 0x2f, 0x1b, 0xff, 0x2f, 0x1b, 0xff, 0x2f, 0x1b, 0xff, 0x2f, 0x1b, 0xff, 0x2f, 0x1b, 0xff,
  0x2f, 0x1b, 0xff, 0x2f, 0x1b, 0xff, 0x2f, 0x1b, 0xff, 0x2f, 0x1b, 0xff, 0x2f, 0x1b, 0xff, 0x2f,
  0x1b, 0xff, 0x2f, 0x1b, 0xff, 0x2f, 0x1b, 0xff, 0x2f, 0x1b, 0xff, 0x2f, 0x1b, 0xff, 0x2f, 0x1b,
  0xff, 0x4f, 0x1b, 0xff, 0x4f, 0x1b, 0xff, 0x4f, 0x1b, 0xff, 0xe4, 0xfd, 0xe6, 0xe4, 0xfd, 0xe6,
  0xe4, 0xfd, 0xe6, 0xe4, 0xfd, 0xe6, 0xe4, 0xfd, 0xe6, 0xe4, 0xfd, 0xe6, 0x4f, 0x1b, 0xff, 0x4f,
  0x1b, 0xff, 0x4f, 0x1b, 0xff, 0x4f, 0x1b, 0xff, 0xe4, 0xfd, 0xe6, 0xe4, 0xfd, 0xe6, 0xe4, 0xfd,
  0xe6, 0xe4, 0xfd, 0xe6, 0xe4, 0xfd, 0xe6, 0xe4, 0xfd, 0xe6, 0x4f, 0x1b, 0xff, 0x6f, 0x1b, 0xff,
  0x6f, 0x1b, 0xff, 0x6f, 0x1b, 0xff, 0xe4, 0xfd, 0xe6, 0xe4, 0xfd, 0xe6, 0xe4, 0xfd, 0xe6, 0xe4,
  0xfd, 0xe6, 0xe4, 0xfd, 0xe6, 0xe4, 0xfd, 0xe6, 0x6f, 0x1b, 0xff, 0x6f, 0x1b, 0xff, 0x6f, 0x1b,
  0xff, 0x6f, 0x1b, 0xff, 0x6f, 0x1b, 0xff, 0x6f, 0x1b, 0xff, 0x6f, 0x1b, 0xff, 0x6f, 0x1b, 0xff,
  0x6f, 0x1b, 0xff, 0x6f, 0x1b, 0xff, 0x6f, 0x1b, 0xff, 0x6f, 0x1b, 0xff, 0x8f, 0x1b, 0xff, 0x26,
  0x11, 0xed, 0x26, 0x11, 0xc4, 0x26, 0x11, 0x9c, 0x26, 0x11, 0x73, 0x26, 0x11, 0x4b, 0x26, 0x11,
  0x22, 0x00, 0x00, 0x00, 0x00, 0x00, 0x00, 0x00, 0x00, 0x00, 0x00, 0x00, 0x00, 0x00, 0x00, 0x00,
  0x00, 0x00, 0x00, 0x00, 0x00, 0x00, 0x00, 0x00, 0x00, 0x00, 0x00, 0x00, 0x00, 0x00, 0x00, 0x26,
  0x11, 0x05, 0x26, 0x11, 0x2e, 0x26, 0x11, 0x57, 0x26, 0x11, 0x80, 0x26, 0x11, 0xa8, 0x26, 0x11,
  0xd1, 0x26, 0x11, 0xfa, 0xef, 0x1a, 0xff, 0xef, 0x1a, 0xff, 0xef, 0x1a, 0xff, 0xef, 0x1a, 0xff,
  0xef, 0x1a, 0xff, 0xef, 0x1a, 0xff, 0x0f, 0x1b, 0xff, 0x0f, 0x1b, 0xff, 0x0f, 0x1b, 0xff, 0x0f,
  0x1b, 0xff, 0x0f, 0x1b, 0xff, 0x0f, 0x1b, 0xff, 0x0f, 0x1b, 0xff, 0x0f, 0x1b, 0xff, 0x0f, 0x1b,
  0xff, 0x0f, 0x1b, 0xff, 0x0f, 0x1b, 0xff, 0x0f, 0x1b, 0xff, 0x8e, 0xfb, 0xff, 0x8e, 0xfb, 0xff,
  0x8e, 0xfb, 0xff, 0xba, 0xff, 0xff, 0xba, 0xff, 0xff, 0xba, 0xff, 0xff, 0xba, 0xff, 0xff, 0x8e,
  0xfb, 0xff, 0x8e, 0xfb, 0xff, 0x8e, 0xfb, 0xff, 0x2f, 0x1b, 0xff, 0x2f, 0x1b, 0xff, 0x2f, 0x1b,
  0xff, 0x2f, 0x1b, 0xff, 0x2f, 0x1b, 0xff, 0x2f, 0x1b, 0xff, 0x2f, 0x1b, 0xff, 0x2f, 0x1b, 0xff,
  0x2f, 0x1b, 0xff, 0x2f, 0x1b, 0xff, 0x2f, 0x1b, 0xff, 0x2f, 0x1b, 0xff, 0x2f, 0x1b, 0xff, 0x2f,
  0x1b, 0xff, 0x2f, 0x1b, 0xff, 0x2f, 0x1b, 0xff, 0x2f, 0x1b, 0xff, 0x2f, 0x1b, 0xff, 0x2f, 0x1b,
  0xff, 0x4f, 0x1b, 0xff, 0x4f, 0x1b, 0xff, 0x4f, 0x1b, 0xff, 0xe4, 0xfd, 0xe6, 0xe4, 0xfd, 0xe6,
  0xe4, 0xfd, 0xe6, 0xe4, 0xfd, 0xe6, 0xe4, 0xfd, 0xe6, 0xe4, 0xfd, 0xe6, 0x4f, 0x1b, 0xff, 0x4f,
  0x1b, 0xff, 0x4f, 0x1b, 0xff, 0x4f, 0x1b, 0xff, 0xe4, 0xfd, 0xe6, 0xe4, 0xfd, 0xe6, 0xe4, 0xfd,
  0xe6, 0xe4, 0xfd, 0xe6, 0xe4, 0xfd, 0xe6, 0xe4, 0xfd, 0xe6, 0x4f, 0x1b, 0xff, 0x6f, 0x1b, 0xff,
  0x6f, 0x1b, 0xff, 0x6f, 0x1b, 0xff, 0xe4, 0xfd, 0xe6, 0xe4, 0xfd, 0xe6, 0xe4, 0xfd, 0xe6, 0xe4,
  0xfd, 0xe6, 0xe4, 0xfd, 0xe6, 0xe4, 0xfd, 0xe6, 0x6f, 0x1b, 0xff, 0x6f, 0x1b, 0xff, 0x6f, 0x1b,
  0xff, 0x6f, 0x1b, 0xff, 0x6f, 0x1b, 0xff, 0x6f, 0x1b, 0xff, 0x6f, 0x1b, 0xff, 0x6f, 0x1b, 0xff,
  0x6f, 0x1b, 0xff, 0x6f, 0x1b, 0xff, 0x6f, 0x1b, 0xff, 0x6f, 0x1b, 0xff, 0x8f, 0x1b, 0xff, 0x26,
  0x11, 0xfa, 0x26, 0x11, 0xd1, 0x26, 0x11, 0xa8, 0x26, 0x11, 0x80, 0x26, 0x11, 0x57, 0x26, 0x11,
  0x2e, 0x26, 0x11, 0x05, 0x00, 0x00, 0x00, 0x00, 0x00, 0x00, 0x00, 0x00, 0x00, 0x00, 0x00, 0x00,
  0x00, 0x00, 0x00, 0x00, 0x00, 0x00, 0x00, 0x00, 0x00, 0x00, 0x00, 0x00, 0x00, 0x00, 0x00, 0x26,
  0x11, 0x10, 0x26, 0x11, 0x39, 0x26, 0x11, 0x62, 0x26, 0x11, 0x8b, 0x26, 0x11, 0xb4, 0x26, 0x11,
  0xdd, 0xef, 0x1a, 0xff, 0xef, 0x1a, 0xff, 0xef, 0x1a, 0xff, 0xef, 0x1a, 0xff, 0xef, 0x1a, 0xff,
  0xef, 0x1a, 0xff, 0xef, 0x1a, 0xff, 0x0f, 0x1b, 0xff, 0x0f, 0x1b, 0xff, 0x0f, 0x1b, 0xff, 0x0f,
  0x1b, 0xff, 0x0f, 0x1b, 0xff, 0x0f, 0x1b, 0xff, 0x0f, 0x1b, 0xff, 0x0f, 0x1b, 0xff, 0x0f, 0x1b,
  0xff, 0x0f, 0x1b, 0xff, 0x0f, 0x1b, 0xff, 0x0f, 0x1b, 0xff, 0x8e, 0xfb, 0xff, 0x8e, 0xfb, 0xff,
  0x8e, 0xfb, 0xff, 0xba, 0xff, 0xff, 0xba, 0xff, 0xff, 0xba, 0xff, 0xff, 0xba, 0xff, 0xff, 0x8e,
  0xfb, 0xff, 0x8e, 0xfb, 0xff, 0x8e, 0xfb, 0xff, 0x2f, 0x1b, 0xff, 0x2f, 0x1b, 0xff, 0x2f, 0x1b,
  0xff, 0x2f, 0x1b, 0xff, 0x2f, 0x1b, 0xff, 0x2f, 0x1b, 0xff, 0x2f, 0x1b, 0xff, 0x2f, 0x1b, 0xff,
  0x2f, 0x1b, 0xff, 0x2f, 0x1b, 0xff, 0x2f, 0x1b, 0xff, 0x2f, 0x1b, 0xff, 0x2f, 0x1b, 0xff, 0x2f,
  0x1b, 0xff, 0x2f, 0x1b, 0xff, 0x2f, 0x1b, 0xff, 0x2f, 0x1b, 0xff, 0x2f, 0x1b, 0xff, 0x2f, 0x1b,
  0xff, 0x4f, 0x1b, 0xff, 0x4f, 0x1b, 0xff, 0x4f, 0x1b, 0xff, 0xe4, 0xfd, 0xe6, 0xe4, 0xfd, 0xe6,
  0xe4, 0xfd, 0xe6, 0xe4, 0xfd, 0xe6, 0xe4, 0xfd, 0xe6, 0xe4, 0xfd, 0xe6, 0x4f, 0x1b, 0xff, 0x4f,
  0x1b, 0xff, 0x4f, 0x1b, 0xff, 0x4f, 0x1b, 0xff, 0xe4, 0xfd, 0xe6, 0xe4, 0xfd, 0xe6, 0xe4, 0xfd,
  0xe6, 0xe4, 0xfd, 0xe6, 0xe4, 0xfd, 0xe6, 0xe4, 0xfd, 0xe6, 0x4f, 0x1b, 0xff, 0x6f, 0x1b, 0xff,
  0x6f, 0x1b, 0xff, 0x6f, 0x1b, 0xff, 0xe4, 0xfd, 0xe6, 0xe4, 0xfd, 0xe6, 0xe4, 0xfd, 0xe6, 0xe4,
  0xfd, 0xe6, 0xe4, 0xfd, 0xe6, 0xe4, 0xfd, 0xe6, 0x6f, 0x1b, 0xff, 0x6f, 0x1b, 0xff, 0x6f, 0x1b,
  0xff, 0x6f, 0x1b, 0xff, 0x6f, 0x1b, 0xff, 0x6f, 0x1b, 0xff, 0x6f, 0x1b, 0xff, 0x6f, 0x1b, 0xff,
  0x6f, 0x1b, 0xff, 0x6f, 0x1b, 0xff, 0x6f, 0x1b, 0xff, 0x6f, 0x1b, 0xff, 0x8f, 0x1b, 0xff, 0x8f,
  0x1b, 0xff, 0x26, 0x11, 0xdd, 0x26, 0x11, 0xb4, 0x26, 0x11, 0x8b, 0x26, 0x11, 0x62, 0x26, 0x11,
  0x39, 0x26, 0x11, 0x10, 0x00, 0x00, 0x00, 0x00, 0x00, 0x00, 0x00, 0x00, 0x00, 0x00, 0x00, 0x00,
  0x00, 0x00, 0x00, 0x00, 0x00, 0x00, 0x00, 0x00, 0x00, 0x00, 0x00, 0x00, 0x00, 0x00, 0x00, 0x26,
  0x11, 0x1a, 0x26, 0x11, 0x43, 0x26, 0x11, 0x6c, 0x26, 0x11, 0x96, 0x26, 0x11, 0xbf, 0x26, 0x11,
  0xe8, 0xef, 0x1a, 0xff, 0xef, 0x1a, 0xff, 0xef, 0x1a, 0xff, 0xef, 0x1a, 0xff, 0xef, 0x1a, 0xff,
  0xef, 0x1a, 0xff, 0xef, 0x1a, 0xff, 0x0f, 0x1b, 0xff, 0x0f, 0x1b, 0xff, 0x0f, 0x1b, 0xff, 0x0f,
  0x1b, 0xff, 0x0f, 0x1b, 0xff, 0x0f, 0x1b, 0xff, 0x0f, 0x1b, 0xff, 0x0f, 0x1b, 0xff, 0x0f, 0x1b,
  0xff, 0x0f, 0x1b, 0xff, 0x0f, 0x1b, 0xff, 0x0f, 0x1b, 0xff, 0x8e, 0xfb, 0xff, 0x8e, 0xfb, 0xff,
  0x8e, 0xfb, 0xff, 0xba, 0xff, 0xff, 0xba, 0xff, 0xff, 0xba, 0xff, 0xff, 0xba, 0xff, 0xff, 0x8e,
  0xfb, 0xff, 0x8e, 0xfb, 0xff, 0x8e, 0xfb, 0xff, 0x2f, 0x1b, 0xff, 0x2f, 0x1b, 0xff, 0x2f, 0x1b,
  0xff, 0x2f, 0x1b, 0xff, 0x2f, 0x1b, 0xff, 0x2f, 0x1b, 0xff, 0x2f, 0x1b, 0xff, 0x2f, 0x1b, 0xff,
  0x2f, 0x1b, 0xff, 0x2f, 0x1b, 0xff, 0x2f, 0x1b, 0xff, 0x2f, 0x1b, 0xff, 0x2f, 0x1b, 0xff, 0x2f,
  0x1b, 0xff, 0x2f, 0x1b, 0xff, 0x2f, 0x1b, 0xff, 0x2f, 0x1b, 0xff, 0x2f, 0x1b, 0xff, 0x2f, 0x1b,
  0xff, 0x4f, 0x1b, 0xff, 0x4f, 0x1b, 0xff, 0x4f, 0x1b, 0xff, 0xe4, 0xfd, 0xe6, 0xe4, 0xfd, 0xe6,
  0xe4, 0xfd, 0xe6, 0xe4, 0xfd, 0xe6, 0xe4, 0xfd, 0xe6, 0xe4, 0xfd, 0xe6, 0x4f, 0x1b, 0xff, 0x4f,
  0x1b, 0xff, 0x4f, 0x1b, 0xff, 0x4f, 0x1b, 0xff, 0xe4, 0xfd, 0xe6, 0xe4, 0xfd, 0xe6, 0xe4, 0xfd,
  0xe6, 0xe4, 0xfd, 0xe6, 0xe4, 0xfd, 0xe6, 0xe4, 0xfd, 0xe6, 0x4f, 0x1b, 0xff, 0x6f, 0x1b, 0xff,
  0x6f, 0x1b, 0xff, 0x6f, 0x1b, 0xff, 0xe4, 0xfd, 0xe6, 0xe4, 0xfd, 0xe6, 0xe4, 0xfd, 0xe6, 0xe4,
  0xfd, 0xe6, 0xe4, 0xfd, 0xe6, 0xe4, 0xfd, 0xe6, 0x6f, 0x1b, 0xff, 0x6f, 0x1b, 0xff, 0x6f, 0x1b,
  0xff, 0x6f, 0x1b, 0xff, 0x6f, 0x1b, 0xff, 0x6f, 0x1b, 0xff, 0x6f, 0x1b, 0xff, 0x6f, 0x1b, 0xff,
  0x6f, 0x1b, 0xff, 0x6f, 0x1b, 0xff, 0x6f, 0x1b, 0xff, 0x6f, 0x1b, 0xff, 0x8f, 0x1b, 0xff, 0x8f,
  0x1b, 0xff, 0x26, 0x11, 0xe8, 0x26, 0x11, 0xbf, 0x26, 0x11, 0x96, 0x26, 0x11, 0x6c, 0x26, 0x11,
  0x43, 0x26, 0x11, 0x1a, 0x00, 0x00, 0x00, 0x00, 0x00, 0x00, 0x00, 0x00, 0x00, 0x00, 0x00, 0x00,
  0x00, 0x00, 0x00, 0x00, 0x00, 0x00, 0x00, 0x00, 0x00, 0x00, 0x00, 0x00, 0x00, 0x00, 0x00, 0x26,
  0x11, 0x23, 0x26, 0x11, 0x4d, 0x26, 0x11, 0x76, 0x26, 0x11, 0xa0, 0x26, 0x11, 0xc9, 0x26, 0x11,
  0xf2, 0xef, 0x1a, 0xff, 0xef, 0x1a, 0xff, 0xef, 0x1a, 0xff, 0xef, 0x1a, 0xff, 0xef, 0x1a, 0xff,
  0xef, 0x1a, 0xff, 0xef, 0x1a, 0xff, 0x0f, 0x1b, 0xff, 0x0f, 0x1b, 0xff, 0x0f, 0x1b, 0xff, 0x0f,
  0x1b, 0xff, 0x0f, 0x1b, 0xff, 0x0f, 0x1b, 0xff, 0x0f, 0x1b, 0xff, 0x0f, 0x1b, 0xff, 0x0f, 0x1b,
  0xff, 0x0f, 0x1b, 0xff, 0x0f, 0x1b, 0xff, 0x0f, 0x1b, 0xff, 0x8e, 0xfb, 0xff, 0x8e, 0xfb, 0xff,
  0x8e, 0xfb, 0xff, 0xba, 0xff, 0xff, 0xba, 0xff, 0xff, 0xba, 0xff, 0xff, 0xba, 0xff, 0xff, 0x8e,
  0xfb, 0xff, 0x8e, 0xfb, 0xff, 0x8e, 0xfb, 0xff, 0x2f, 0x1b, 0xff, 0x2f, 0x1b, 0xff, 0x2f, 0x1b,
  0xff, 0x2f, 0x1b, 0xff, 0x2f, 0x1b, 0xff, 0x2f, 0x1b, 0xff, 0x2f, 0x1b, 0xff, 0x2f, 0x1b, 0xff,
  0x2f, 0x1b, 0xff, 0x2f, 0x1b, 0xff, 0x2f, 0x1b, 0xff, 0x2f, 0x1b, 0xff, 0x2f, 0x1b, 0xff, 0x2f,
  0x1b, 0xff, 0x2f, 0x1b, 0xff, 0x2f, 0x1b, 0xff, 0x2f, 0x1b, 0xff, 0x2f, 0x1b, 0xff, 0x2f, 0x1b,
  0xff, 0x4f, 0x1b, 0xff, 0x4f, 0x1b, 0xff, 0x4f, 0x1b, 0xff, 0xe4, 0xfd, 0xe6, 0xe4, 0xfd, 0xe6,
  0xe4, 0xfd, 0xe6, 0xe4, 0xfd, 0xe6, 0xe4, 0xfd, 0xe6, 0xe4, 0xfd, 0xe6, 0x4f, 0x1b, 0xff, 0x4f,
  0x1b, 0xff, 0x4f, 0x1b, 0xff, 0x4f, 0x1b, 0xff, 0xe4, 0xfd, 0xe6, 0xe4, 0xfd, 0xe6, 0xe4, 0xfd,
  0xe6, 0xe4, 0xfd, 0xe6, 0xe4, 0xfd, 0xe6, 0xe4, 0xfd, 0xe6, 0x4f, 0x1b, 0xff, 0x6f, 0x1b, 0xff,
  0x6f, 0x1b, 0xff, 0x6f, 0x1b, 0xff, 0xe4, 0xfd, 0xe6, 0xe4, 0xfd, 0xe6, 0xe4, 0xfd, 0xe6, 0xe4,
  0xfd, 0xe6, 0xe4, 0xfd, 0xe6, 0xe4, 0xfd, 0xe6, 0x6f, 0x1b, 0xff, 0x6f, 0x1b, 0xff, 0x6f, 0x1b,
  0xff, 0x6f, 0x1b, 0xff, 0x6f, 0x1b, 0xff, 0x6f, 0x1b, 0xff, 0x6f, 0x1b, 0xff, 0x6f, 0x1b, 0xff,
  0x6f, 0x1b, 0xff, 0x6f, 0x1b, 0xff, 0x6f, 0x1b, 0xff, 0x6f, 0x1b, 0xff, 0x8f, 0x1b, 0xff, 0x8f,
  0x1b, 0xff, 0x26, 0x11, 0xf2, 0x26, 0x11, 0xc9, 0x26, 0x11, 0xa0, 0x26, 0x11, 0x76, 0x26, 0x11,
  0x4d, 0x26, 0x11, 0x23, 0x00, 0x00, 0x00, 0x00, 0x00, 0x00, 0x00, 0x00, 0x00, 0x00, 0x00, 0x00,
  0x00, 0x00, 0x00, 0x00, 0x00, 0x00, 0x00, 0x00, 0x00, 0x00, 0x00, 0x00, 0x26, 0x11, 0x02, 0x26,
  0x11, 0x2c, 0x26, 0x11, 0x55, 0x26, 0x11, 0x7f, 0x26, 0x11, 0xa9, 0x26, 0x11, 0xd2, 0x26, 0x11,
  0xfc, 0xef, 0x1a, 0xff, 0xef, 0x1a, 0xff, 0xef, 0x1a, 0xff, 0xef, 0x1a, 0xff, 0xef, 0x1a, 0xff,
  0xef, 0x1a, 0xff, 0xef, 0x1a, 0xff, 0x0f, 0x1b, 0xff, 0x0f, 0x1b, 0xff, 0x0f, 0x1b, 0xff, 0x0f,
  0x1b, 0xff, 0x0f, 0x1b, 0xff, 0x0f, 0x1b, 0xff, 0x0f, 0x1b, 0xff, 0x0f, 0x1b, 0xff, 0x0f, 0x1b,
  0xff, 0x0f, 0x1b, 0xff, 0x0f, 0x1b, 0xff, 0x0f, 0x1b, 0xff, 0x8e, 0xfb, 0xff, 0x8e, 0xfb, 0xff,
  0x8e, 0xfb, 0xff, 0xba, 0xff, 0xff, 0xba, 0xff, 0xff, 0xba, 0xff, 0xff, 0xba, 0xff, 0xff, 0x8e,
  0xfb, 0xff, 0x8e, 0xfb, 0xff, 0x8e, 0xfb, 0xff, 0x2f, 0x1b, 0xff, 0x2f, 0x1b, 0xff, 0x2f, 0x1b,
  0xff, 0x2f, 0x1b, 0xff, 0x2f, 0x1b, 0xff, 0x2f, 0x1b, 0xff, 0x2f, 0x1b, 0xff, 0x2f, 0x1b, 0xff,
  0x2f, 0x1b, 0xff, 0x2f, 0x1b, 0xff, 0x2f, 0x1b, 0xff, 0x2f, 0x1b, 0xff, 0x2f, 0x1b, 0xff, 0x2f,
  0x1b, 0xff, 0x2f, 0x1b, 0xff, 0x2f, 0x1b, 0xff, 0x2f, 0x1b, 0xff, 0x2f, 0x1b, 0xff, 0x2f, 0x1b,
  0xff, 0x4f, 0x1b, 0xff, 0x4f, 0x1b, 0xff, 0x4f, 0x1b, 0xff, 0xe4, 0xfd, 0xe6, 0xe4, 0xfd, 0xe6,
  0xe4, 0xfd, 0xe6, 0xe4, 0xfd, 0xe6, 0xe4, 0xfd, 0xe6, 0xe4, 0xfd, 0xe6, 0x4f, 0x1b, 0xff, 0x4f,
  0x1b, 0xff, 0x4f, 0x1b, 0xff, 0x4f, 0x1b, 0xff, 0xe4, 0xfd, 0xe6, 0xe4, 0xfd, 0xe6, 0xe4, 0xfd,
  0xe6, 0xe4, 0xfd, 0xe6, 0xe4, 0xfd, 0xe6, 0xe4, 0xfd, 0xe6, 0x4f, 0x1b, 0xff, 0x6f, 0x1b, 0xff,
  0x6f, 0x1b, 0xff, 0x6f, 0x1b, 0xff, 0xe4, 0xfd, 0xe6, 0xe4, 0xfd, 0xe6, 0xe4, 0xfd, 0xe6, 0xe4,
  0xfd, 0xe6, 0xe4, 0xfd, 0xe6, 0xe4, 0xfd, 0xe6, 0x6f, 0x1b, 0xff, 0x6f, 0x1b, 0xff, 0x6f, 0x1b,
  0xff, 0x6f, 0x1b, 0xff, 0x6f, 0x1b, 0xff, 0x6f, 0x1b, 0xff, 0x6f, 0x1b, 0xff, 0x6f, 0x1b, 0xff,
  0x6f, 0x1b, 0xff, 0x6f, 0x1b, 0xff, 0x6f, 0x1b, 0xff, 0x6f, 0x1b, 0xff, 0x8f, 0x1b, 0xff, 0x8f,
  0x1b, 0xff, 0x26, 0x11, 0xfc, 0x26, 0x11, 0xd2, 0x26, 0x11, 0xa9, 0x26, 0x11, 0x7f, 0x26, 0x11,
  0x55, 0x26, 0x11, 0x2c, 0x26, 0x11, 0x02, 0x00, 0x00, 0x00, 0x00, 0x00, 0x00, 0x00, 0x00, 0x00,
  0x00, 0x00, 0x00, 0x00, 0x00, 0x00, 0x00, 0x00, 0x00, 0x00, 0x00, 0x00, 0x26, 0x11, 0x0a, 0x26,
  0x11, 0x34, 0x26, 0x11, 0x5d, 0x26, 0x11, 0x87, 0x26, 0x11, 0xb1, 0x26, 0x11, 0xdb, 0xef, 0x1a,
  0xff, 0xef, 0x1a, 0xff, 0xef, 0x1a, 0xff, 0xef, 0x1a, 0xff, 0xef, 0x1a, 0xff, 0xef, 0x1a, 0xff,
  0xef, 0x1a, 0xff, 0xef, 0x1a, 0xff, 0x0f, 0x1b, 0xff, 0x0f, 0x1b, 0xff, 0x0f, 0x1b, 0xff, 0x0f,
  0x1b, 0xff, 0x0f, 0x1b, 0xff, 0x0f, 0x1b, 0xff, 0x0f, 0x1b, 0xff, 0x0f, 0x1b, 0xff, 0x0f, 0x1b,
  0xff, 0x0f, 0x1b, 0xff, 0x0f, 0x1b, 0xff, 0x0f, 0x1b, 0xff, 0x8e, 0xfb, 0xff, 0x8e, 0xfb, 0xff,
  0x8e, 0xfb, 0xff, 0xba, 0xff, 0xff, 0xba, 0xff, 0xff, 0xba, 0xff, 0xff, 0xba, 0xff, 0xff, 0x8e,
  0xfb, 0xff, 0x8e, 0xfb, 0xff, 0x8e, 0xfb, 0xff, 0x2f, 0x1b, 0xff, 0x2f, 0x1b, 0xff, 0x2f, 0x1b,
  0xff, 0x2f, 0x1b, 0xff, 0x2f, 0x1b, 0xff, 0x2f, 0x1b, 0xff, 0x2f, 0x1b, 0xff, 0x2f, 0x1b, 0xff,
  0x2f, 0x1b, 0xff, 0x2f, 0x1b, 0xff, 0x2f, 0x1b, 0xff, 0x2f, 0x1b, 0xff, 0x2f, 0x1b, 0xff, 0x2f,
  0x1b, 0xff, 0x2f, 0x1b, 0xff, 0x2f, 0x1b, 0xff, 0x2f, 0x1b, 0xff, 0x2f, 0x1b, 0xff, 0x2f, 0x1b,
  0xff, 0x4f, 0x1b, 0xff, 0x4f, 0x1b, 0xff, 0x4f, 0x1b, 0xff, 0xe4, 0xfd, 0xe6, 0xe4, 0xfd, 0xe6,
  0xe4, 0xfd, 0xe6, 0xe4, 0xfd, 0xe6, 0xe4, 0xfd, 0xe6, 0xe4, 0xfd, 0xe6, 0x4f, 0x1b, 0xff, 0x4f,
  0x1b, 0xff, 0x4f, 0x1b, 0xff, 0x4f, 0x1b, 0xff, 0xe4, 0xfd, 0xe6, 0xe4, 0xfd, 0xe6, 0xe4, 0xfd,
  0xe6, 0xe4, 0xfd, 0xe6, 0xe4, 0xfd, 0xe6, 0xe4, 0xfd, 0xe6, 0x4f, 0x1b, 0xff, 0x6f, 0x1b, 0xff,
  0x6f, 0x1b, 0xff, 0x6f, 0x1b, 0xff, 0xe4, 0xfd, 0xe6, 0xe4, 0xfd, 0xe6, 0xe4, 0xfd, 0xe6, 0xe4,
  0xfd, 0xe6, 0xe4, 0xfd, 0xe6, 0xe4, 0xfd, 0xe6, 0x6f, 0x1b, 0xff, 0x6f, 0x1b, 0xff, 0x6f, 0x1b,
  0xff, 0x6f, 0x1b, 0xff, 0x6f, 0x1b, 0xff, 0x6f, 0x1b, 0xff, 0x6f, 0x1b, 0xff, 0x6f, 0x1b, 0xff,
  0x6f, 0x1b, 0xff, 0x6f, 0x1b, 0xff, 0x6f, 0x1b, 0xff, 0x6f, 0x1b, 0xff, 0x8f, 0x1b, 0xff, 0x8f,
  0x1b, 0xff, 0x8f, 0x1b, 0xff, 0x26, 0x11, 0xdb, 0x26, 0x11, 0xb1, 0x26, 0x11, 0x87, 0x26, 0x11,
  0x5d, 0x26, 0x11, 0x34, 0x26, 0x11, 0x0a, 0x00, 0x00, 0x00, 0x00, 0x00, 0x00, 0x00, 0x00, 0x00,
  0x00, 0x00, 0x00, 0x00, 0x00, 0x00, 0x00, 0x00, 0x00, 0x00, 0x00, 0x00, 0x26, 0x11, 0x10, 0x26,
  0x11, 0x3a, 0x26, 0x11, 0x64, 0x26, 0x11, 0x8e, 0x26, 0x11, 0xb8, 0x26, 0x11, 0xe2, 0xef, 0x1a,
  0xff, 0xef, 0x1a, 0xff, 0xef, 0x1a, 0xff, 0xef, 0x1a, 0xff, 0xef, 0x1a, 0xff, 0xef, 0x1a, 0xff,
  0xef, 0x1a, 0xff, 0xef, 0x1a, 0xff, 0x0f, 0x1b, 0xff, 0x0f, 0x1b, 0xff, 0x0f, 0x1b, 0xff, 0x0f,
  0x1b, 0xff, 0x0f, 0x1b, 0xff, 0x0f, 0x1b, 0xff, 0x0f, 0x1b, 0xff, 0x0f, 0x1b, 0xff, 0x0f, 0x1b,
  0xff, 0x0f, 0x1b, 0xff, 0x0f, 0x1b, 0xff, 0x0f, 0x1b, 0xff, 0x8e, 0xfb, 0xff, 0x8e, 0xfb, 0xff,
  0x8e, 0xfb, 0xff, 0xba, 0xff, 0xff, 0xba, 0xff, 0xff, 0xba, 0xff, 0xff, 0xba, 0xff, 0xff, 0x8e,
  0xfb, 0xff, 0x8e, 0xfb, 0xff, 0x8e, 0xfb, 0xff, 0x2f, 0x1b, 0xff, 0x2f, 0x1b, 0xff, 0x2f, 0x1b,
  0xff, 0x2f, 0x1b, 0xff, 0x2f, 0x1b, 0xff, 0x2f, 0x1b, 0xff, 0x2f, 0x1b, 0xff, 0x2f, 0x1b, 0xff,
  0x2f, 0x1b, 0xff, 0x2f, 0x1b, 0xff, 0x2f, 0x1b, 0xff, 0x2f, 0x1b, 0xff, 0x2f, 0x1b, 0xff, 0x2f,
  0x1b, 0xff, 0x2f, 0x1b, 0xff, 0x2f, 0x1b, 0xff, 0x2f, 0x1b, 0xff, 0x2f, 0x1b, 0xff, 0x2f, 0x1b,
  0xff, 0x4f, 0x1b, 0xff, 0x4f, 0x1b, 0xff, 0x4f, 0x1b, 0xff, 0xe4, 0xfd, 0xe6, 0xe4, 0xfd, 0xe6,
  0xe4, 0xfd, 0xe6, 0xe4, 0xfd, 0xe6, 0xe4, 0xfd, 0xe6, 0xe4, 0xfd, 0xe6, 0x4f, 0x1b, 0xff, 0x4f,
  0x1b, 0xff, 0x4f, 0x1b, 0xff, 0x4f, 0x1b, 0xff, 0x4f, 0x1b, 0xff, 0x4f, 0x1b, 0xff, 0x4f, 0x1b,
  0xff, 0x4f, 0x1b, 0xff, 0x4f, 0x1b, 0xff, 0x4f, 0x1b, 0xff, 0x4f, 0x1b, 0xff, 0x6f, 0x1b, 0xff,
  0x6f, 0x1b, 0xff, 0x6f, 0x1b, 0xff, 0xe4, 0xfd, 0xe6, 0xe4, 0xfd, 0xe6, 0xe4, 0xfd, 0xe6, 0xe4,
  0xfd, 0xe6, 0xe4, 0xfd, 0xe6, 0xe4, 0xfd, 0xe6, 0x6f, 0x1b, 0xff, 0x6f, 0x1b, 0xff, 0x6f, 0x1b,
  0xff, 0x6f, 0x1b, 0xff, 0x6f, 0x1b, 0xff, 0x6f, 0x1b, 0xff, 0x6f, 0x1b, 0xff, 0x6f, 0x1b, 0xff,
  0x6f, 0x1b, 0xff, 0x6f, 0x1b, 0xff, 0x6f, 0x1b, 0xff, 0x6f, 0x1b, 0xff, 0x8f, 0x1b, 0xff, 0x8f,
  0x1b, 0xff, 0x8f, 0x1b, 0xff, 0x26, 0x11, 0xe2, 0x26, 0x11, 0xb8, 0x26, 0x11, 0x8e, 0x26, 0x11,
  0x64, 0x26, 0x11, 0x3a, 0x26, 0x11, 0x10, 0x00, 0x00, 0x00, 0x00, 0x00, 0x00, 0x00, 0x00, 0x00,
  0x00, 0x00, 0x00, 0x00, 0x00, 0x00, 0x00, 0x00, 0x00, 0x00, 0x00, 0x00, 0x26, 0x11, 0x17, 0x26,
  0x11, 0x41, 0x26, 0x11, 0x6b, 0x26, 0x11, 0x95, 0x26, 0x11, 0xbf, 0x26, 0x11, 0xe9, 0xef, 0x1a,
  0xff, 0xef, 0x1a, 0xff, 0xef, 0x1a, 0xff, 0xef, 0x1a, 0xff, 0xef, 0x1a, 0xff, 0xef, 0x1a, 0xff,
  0xef, 0x1a, 0xff, 0xef, 0x1a, 0xff, 0x0f, 0x1b, 0xff, 0x0f, 0x1b, 0xff, 0x0f, 0x1b, 0xff, 0x0f,
  0x1b, 0xff, 0x0f, 0x1b, 0xff, 0x0f, 0x1b, 0xff, 0x0f, 0x1b, 0xff, 0x0f, 0x1b, 0xff, 0x0f, 0x1b,
  0xff, 0x0f, 0x1b, 0xff, 0x0f, 0x1b, 0xff, 0x0f, 0x1b, 0xff, 0x8e, 0xfb, 0xff, 0x8e, 0xfb, 0xff,
  0x8e, 0xfb, 0xff, 0xba, 0xff, 0xff, 0xba, 0xff, 0xff, 0xba, 0xff, 0xff, 0xba, 0xff, 0xff, 0x8e,
  0xfb, 0xff, 0x8e, 0xfb, 0xff, 0x8e, 0xfb, 0xff, 0x2f, 0x1b, 0xff, 0x2f, 0x1b, 0xff, 0x2f, 0x1b,
  0xff, 0x2f, 0x1b, 0xff, 0x2f, 0x1b, 0xff, 0x2f, 0x1b, 0xff, 0x2f, 0x1b, 0xff, 0x2f, 0x1b, 0xff,
  0x2f, 0x1b, 0xff, 0x2f, 0x1b, 0xff, 0x2f, 0x1b, 0xff, 0x2f, 0x1b, 0xff, 0x2f, 0x1b, 0xff, 0x2f,
  0x1b, 0xff, 0x2f, 0x1b, 0xff, 0x2f, 0x1b, 0xff, 0x2f, 0x1b, 0xff, 0x2f, 0x1b, 0xff, 0x2f, 0x1b,
  0xff, 0x4f, 0x1b, 0xff, 0x4f, 0x1b, 0xff, 0x4f, 0x1b, 0xff, 0xe4, 0xfd, 0xe6, 0xe4, 0xfd, 0xe6,
  0xe4, 0xfd, 0xe6, 0xe4, 0xfd, 0xe6, 0xe4, 0xfd, 0xe6, 0xe4, 0xfd, 0xe6, 0x4f, 0x1b, 0xff, 0x4f,
  0x1b, 0xff, 0x4f, 0x1b, 0xff, 0x4f, 0x1b, 0xff, 0x4f, 0x1b, 0xff, 0x4f, 0x1b, 0xff, 0x4f, 0x1b,
  0xff, 0x4f, 0x1b, 0xff, 0x4f, 0x1b, 0xff, 0x4f, 0x1b, 0xff, 0x4f, 0x1b, 0xff, 0x6f, 0x1b, 0xff,
  0x6f, 0x1b, 0xff, 0x6f, 0x1b, 0xff, 0xe4, 0xfd, 0xe6, 0xe4, 0xfd, 0xe6, 0xe4, 0xfd, 0xe6, 0xe4,
  0xfd, 0xe6, 0xe4, 0xfd, 0xe6, 0xe4, 0xfd, 0xe6, 0x6f, 0x1b, 0xff, 0x6f, 0x1b, 0xff, 0x6f, 0x1b,
  0xff, 0x6f, 0x1b, 0xff, 0x6f, 0x1b, 0xff, 0x6f, 0x1b, 0xff, 0x6f, 0x1b, 0xff, 0x6f, 0x1b, 0xff,
  0x6f, 0x1b, 0xff, 0x6f, 0x1b, 0xff, 0x6f, 0x1b, 0xff, 0x6f, 0x1b, 0xff, 0x8f, 0x1b, 0xff, 0x8f,
  0x1b, 0xff, 0x8f, 0x1b, 0xff, 0x26, 0x11, 0xe9, 0x26, 0x11, 0xbf, 0x26, 0x11, 0x95, 0x26, 0x11,
  0x6b, 0x26, 0x11, 0x41, 0x26, 0x11, 0x17, 0x00, 0x00, 0x00, 0x00, 0x00, 0x00, 0x00, 0x00, 0x00,
  0x00, 0x00, 0x00, 0x00, 0x00, 0x00, 0x00, 0x00, 0x00, 0x00, 0x00, 0x00, 0x26, 0x11, 0x1c, 0x26,
  0x11, 0x46, 0x26, 0x11, 0x70, 0x26, 0x11, 0x9a, 0x26, 0x11, 0xc5, 0x26, 0x11, 0xef, 0xef, 0x1a,
  0xff, 0xef, 0x1a, 0xff, 0xef, 0x1a, 0xff, 0xef, 0x1a, 0xff, 0xef, 0x1a, 0xff, 0xef, 0x1a, 0xff,
  0xef, 0x1a, 0xff, 0xef, 0x1a, 0xff, 0x0f, 0x1b, 0xff, 0x0f, 0x1b, 0xff, 0x0f, 0x1b, 0xff, 0x0f,
  0x1b, 0xff, 0x0f, 0x1b, 0xff, 0x0f, 0x1b, 0xff, 0x0f, 0x1b, 0xff, 0x0f, 0x1b, 0xff, 0x0f, 0x1b,
  0xff, 0x0f, 0x1b, 0xff, 0x0f, 0x1b, 0xff, 0x0f, 0x1b, 0xff, 0x8e, 0xfb, 0xff, 0x8e, 0xfb, 0xff,
  0x8e, 0xfb, 0xff, 0xba, 0xff, 0xff, 0xba, 0xff, 0xff, 0xba, 0xff, 0xff, 0xba, 0xff, 0xff, 0x8e,
  0xfb, 0xff, 0x8e, 0xfb, 0xff, 0x8e, 0xfb, 0xff, 0x2f, 0x1b, 0xff, 0x2f, 0x1b, 0xff, 0x2f, 0x1b,
  0xff, 0x2f, 0x1b, 0xff, 0x2f, 0x1b, 0xff, 0x2f, 0x1b, 0xff, 0x2f, 0x1b, 0xff, 0x2f, 0x1b, 0xff,
  0x2f, 0x1b, 0xff, 0x2f, 0x1b, 0xff, 0x2f, 0x1b, 0xff, 0x2f, 0x1b, 0xff, 0x2f, 0x1b, 0xff, 0x2f,
  0x1b, 0xff, 0x2f, 0x1b, 0xff, 0x2f, 0x1b, 0xff, 0x2f, 0x1b, 0xff, 0x2f, 0x1b, 0xff, 0x2f, 0x1b,
  0xff, 0x4f, 0x1b, 0xff, 0x4f, 0x1b, 0xff, 0x4f, 0x1b, 0xff, 0xe4, 0xfd, 0xe6, 0xe4, 0xfd, 0xe6,
  0xe4, 0xfd, 0xe6, 0xe4, 0xfd, 0xe6, 0xe4, 0xfd, 0xe6, 0xe4, 0xfd, 0xe6, 0x4f, 0x1b, 0xff, 0x4f,
  0x1b, 0xff, 0x4f, 0x1b, 0xff, 0x4f, 0x1b, 0xff, 0x4f, 0x1b, 0xff, 0x4f, 0x1b, 0xff, 0x4f, 0x1b,
  0xff, 0x4f, 0x1b, 0xff, 0x4f, 0x1b, 0xff, 0x4f, 0x1b, 0xff, 0x4f, 0x1b, 0xff, 0x6f, 0x1b, 0xff,
  0x6f, 0x1b, 0xff, 0x6f, 0x1b, 0xff, 0xe4, 0xfd, 0xe6, 0xe4, 0xfd, 0xe6, 0xe4, 0xfd, 0xe6, 0xe4,
  0xfd, 0xe6, 0xe4, 0xfd, 0xe6, 0xe4, 0xfd, 0xe6, 0x6f, 0x1b, 0xff, 0x6f, 0x1b, 0xff, 0x6f, 0x1b,
  0xff, 0x6f, 0x1b, 0xff, 0x6f, 0x1b, 0xff, 0x6f, 0x1b, 0xff, 0x6f, 0x1b, 0xff, 0x6f, 0x1b, 0xff,
  0x6f, 0x1b, 0xff, 0x6f, 0x1b, 0xff, 0x6f, 0x1b, 0xff, 0x6f, 0x1b, 0xff, 0x8f, 0x1b, 0xff, 0x8f,
  0x1b, 0xff, 0x8f, 0x1b, 0xff, 0x26, 0x11, 0xef, 0x26, 0x11, 0xc5, 0x26, 0x11, 0x9a, 0x26, 0x11,
  0x70, 0x26, 0x11, 0x46, 0x26, 0x11, 0x1c, 0x00, 0x00, 0x00, 0x00, 0x00, 0x00, 0x00, 0x00, 0x00,
  0x00, 0x00, 0x00, 0x00, 0x00, 0x00, 0x00, 0x00, 0x00, 0x00, 0x00, 0x00, 0x26, 0x11, 0x20, 0x26,
  0x11, 0x4b, 0x26, 0x11, 0x75, 0x26, 0x11, 0x9f, 0x26, 0x11, 0xc9, 0x26, 0x11, 0xf4, 0xef, 0x1a,
  0xff, 0xef, 0x1a, 0xff, 0xef, 0x1a, 0xff, 0xef, 0x1a, 0xff, 0xef, 0x1a, 0xff, 0xef, 0x1a, 0xff,
  0xef, 0x1a, 0xff, 0xef, 0x1a, 0xff, 0x0f, 0x1b, 0xff, 0x0f, 0x1b, 0xff, 0x0f, 0x1b, 0xff, 0x0f,
  0x1b, 0xff, 0x0f, 0x1b, 0xff, 0x0f, 0x1b, 0xff, 0x0f, 0x1b, 0xff, 0x0f, 0x1b, 0xff, 0x0f, 0x1b,
  0xff, 0x0f, 0x1b, 0xff, 0x0f, 0x1b, 0xff, 0x0f, 0x1b, 0xff, 0x8e, 0xfb, 0xff, 0x8e, 0xfb, 0xff,
  0x8e, 0xfb, 0xff, 0xba, 0xff, 0xff, 0xba, 0xff, 0xff, 0xba, 0xff, 0xff, 0xba, 0xff, 0xff, 0x8e,
  0xfb, 0xff, 0x8e, 0xfb, 0xff, 0x8e, 0xfb, 0xff, 0x2f, 0x1b, 0xff, 0x2f, 0x1b, 0xff, 0x2f, 0x1b,
  0xff, 0x2f, 0x1b, 0xff, 0x2f, 0x1b, 0xff, 0x2f, 0x1b, 0xff, 0x2f, 0x1b, 0xff, 0x2f, 0x1b, 0xff,
  0x2f, 0x1b, 0xff, 0x2f, 0x1b, 0xff, 0x2f, 0x1b, 0xff, 0x2f, 0x1b, 0xff, 0x2f, 0x1b, 0xff, 0x2f,
  0x1b, 0xff, 0x2f, 0x1b, 0xff, 0x2f, 0x1b, 0xff, 0x2f, 0x1b, 0xff, 0x2f, 0x1b, 0xff, 0x2f, 0x1b,
  0xff, 0x4f, 0x1b, 0xff, 0x4f, 0x1b, 0xff, 0x4f, 0x1b, 0xff, 0xe4, 0xfd, 0xe6, 0xe4, 0xfd, 0xe6,
  0xe4, 0xfd, 0xe6, 0xe4, 0xfd, 0xe6, 0xe4, 0xfd, 0xe6, 0xe4, 0xfd, 0xe6, 0x4f, 0x1b, 0xff, 0x4f,
  0x1b, 0xff, 0x4f, 0x1b, 0xff, 0x4f, 0x1b, 0xff, 0x4f, 0x1b, 0xff, 0x4f, 0x1b, 0xff, 0x4f, 0x1b,
  0xff, 0x4f, 0x1b, 0xff, 0x4f, 0x1b, 0xff, 0x4f, 0x1b, 0xff, 0x4f, 0x1b, 0xff, 0x6f, 0x1b, 0xff,
  0x6f, 0x1b, 0xff, 0x6f, 0x1b, 0xff, 0xe4, 0xfd, 0xe6, 0xe4, 0xfd, 0xe6, 0xe4, 0xfd, 0xe6, 0xe4,
  0xfd, 0xe6, 0xe4, 0xfd, 0xe6, 0xe4, 0xfd, 0xe6, 0x6f, 0x1b, 0xff, 0x6f, 0x1b, 0xff, 0x6f, 0x1b,
  0xff, 0x6f, 0x1b, 0xff, 0x6f, 0x1b, 0xff, 0x6f, 0x1b, 0xff, 0x6f, 0x1b, 0xff, 0x6f, 0x1b, 0xff,
  0x6f, 0x1b, 0xff, 0x6f, 0x1b, 0xff, 0x6f, 0x1b, 0xff, 0x6f, 0x1b, 0xff, 0x8f, 0x1b, 0xff, 0x8f,
  0x1b, 0xff, 0x8f, 0x1b, 0xff, 0x26, 0x11, 0xf4, 0x26, 0x11, 0xc9, 0x26, 0x11, 0x9f, 0x26, 0x11,
  0x75, 0x26, 0x11, 0x4b, 0x26, 0x11, 0x20, 0x00, 0x00, 0x00, 0x00, 0x00, 0x00, 0x00, 0x00, 0x00,
  0x00, 0x00, 0x00, 0x00, 0x00, 0x00, 0x00, 0x00, 0x00, 0x00, 0x00, 0x00, 0x26, 0x11, 0x24, 0x26,
  0x11, 0x4e, 0x26, 0x11, 0x79, 0x26, 0x11, 0xa3, 0x26, 0x11, 0xcd, 0x26, 0x11, 0xf8, 0xef, 0x1a,
  0xff, 0xef, 0x1a, 0xff, 0xef, 0x1a, 0xff, 0xef, 0x1a, 0xff, 0xef, 0x1a, 0xff, 0xef, 0x1a, 0xff,
  0xef, 0x1a, 0xff, 0xef, 0x1a, 0xff, 0x0f, 0x1b, 0xff, 0x0f, 0x1b, 0xff, 0x0f, 0x1b, 0xff, 0x0f,
  0x1b, 0xff, 0x0f, 0x1b, 0xff, 0x0f, 0x1b, 0xff, 0x0f, 0x1b, 0xff, 0x0f, 0x1b, 0xff, 0x0f, 0x1b,
  0xff, 0x0f, 0x1b, 0xff, 0x0f, 0x1b, 0xff, 0x0f, 0x1b, 0xff, 0x8e, 0xfb, 0xff, 0x8e, 0xfb, 0xff,
  0x8e, 0xfb, 0xff, 0xba, 0xff, 0xff, 0xba, 0xff, 0xff, 0xba, 0xff, 0xff, 0xba, 0xff, 0xff, 0x8e,
  0xfb, 0xff, 0x8e, 0xfb, 0xff, 0x8e, 0xfb, 0xff, 0x2f, 0x1b, 0xff, 0x2f, 0x1b, 0xff, 0x2f, 0x1b,
  0xff, 0x2f, 0x1b, 0xff, 0x2f, 0x1b, 0xff, 0x2f, 0x1b, 0xff, 0x2f, 0x1b, 0xff, 0x2f, 0x1b, 0xff,
  0x2f, 0x1b, 0xff, 0x2f, 0x1b, 0xff, 0x2f, 0x1b, 0xff, 0x2f, 0x1b, 0xff, 0x2f, 0x1b, 0xff, 0x2f,
  0x1b, 0xff, 0x2f, 0x1b, 0xff, 0x2f, 0x1b, 0xff, 0x2f, 0x1b, 0xff, 0x2f, 0x1b, 0xff, 0x2f, 0x1b,
  0xff, 0x4f, 0x1b, 0xff, 0x3f, 0x65, 0xff, 0x3f, 0x65, 0xff, 0x3f, 0x65, 0xff, 0x3f, 0x65, 0xff,
  0x3f, 0x65, 0xff, 0x3f, 0x65, 0xff, 0x3f, 0x65, 0xff, 0x3f, 0x65, 0xff, 0x3f, 0x65, 0xff, 0x4f,
  0x1b, 0xff, 0x4f, 0x1b, 0xff, 0x4f, 0x1b, 0xff, 0x4f, 0x1b, 0xff, 0x4f, 0x1b, 0xff, 0x4f, 0x1b,
  0xff, 0x4f, 0x1b, 0xff, 0x4f, 0x1b, 0xff, 0x4f, 0x1b, 0xff, 0x4f, 0x1b, 0xff, 0x6f, 0x1b, 0xff,
  0x6f, 0x1b, 0xff, 0x6f, 0x1b, 0xff, 0xe4, 0xfd, 0xe6, 0xe4, 0xfd, 0xe6, 0xe4, 0xfd, 0xe6, 0xe4,
  0xfd, 0xe6, 0xe4, 0xfd, 0xe6, 0xe4, 0xfd, 0xe6, 0x6f, 0x1b, 0xff, 0x6f, 0x1b, 0xff, 0x6f, 0x1b,
  0xff, 0x6f, 0x1b, 0xff, 0x6f, 0x1b, 0xff, 0x6f, 0x1b, 0xff, 0x6f, 0x1b, 0xff, 0x6f, 0x1b, 0xff,
  0x6f, 0x1b, 0xff, 0x6f, 0x1b, 0xff, 0x6f, 0x1b, 0xff, 0x6f, 0x1b, 0xff, 0x8f, 0x1b, 0xff, 0x8f,
  0x1b, 0xff, 0x8f, 0x1b, 0xff, 0x26, 0x11, 0xf8, 0x26, 0x11, 0xcd, 0x26, 0x11, 0xa3, 0x26, 0x11,
  0x79, 0x26, 0x11, 0x4e, 0x26, 0x11, 0x24, 0x00, 0x00, 0x00, 0x00, 0x00, 0x00, 0x00, 0x00, 0x00,
  0x00, 0x00, 0x00, 0x00, 0x00, 0x00, 0x00, 0x00, 0x00, 0x00, 0x00, 0x00, 0x26, 0x11, 0x27, 0x26,
  0x11, 0x51, 0x26, 0x11, 0x7c, 0x26, 0x11, 0xa6, 0x26, 0x11, 0xd1, 0x26, 0x11, 0xfb, 0xef, 0x1a,
  0xff, 0xef, 0x1a, 0xff, 0xef, 0x1a, 0xff, 0xef, 0x1a, 0xff, 0xef, 0x1a, 0xff, 0xef, 0x1a, 0xff,
  0xef, 0x1a, 0xff, 0xef, 0x1a, 0xff, 0x0f, 0x1b, 0xff, 0x0f, 0x1b, 0xff, 0x0f, 0x1b, 0xff, 0x0f,
  0x1b, 0xff, 0x0f, 0x1b, 0xff, 0x0f, 0x1b, 0xff, 0x0f, 0x1b, 0xff, 0x0f, 0x1b, 0xff, 0x0f, 0x1b,
  0xff, 0x0f, 0x1b, 0xff, 0x0f, 0x1b, 0xff, 0x0f, 0x1b, 0xff, 0x8e, 0xfb, 0xff, 0x8e, 0xfb, 0xff,
  0x8e, 0xfb, 0xff, 0xba, 0xff, 0xff, 0xba, 0xff, 0xff, 0xba, 0xff, 0xff, 0xba, 0xff, 0xff, 0x8e,
  0xfb, 0xff, 0x8e, 0xfb, 0xff, 0x8e, 0xfb, 0xff, 0x2f, 0x1b, 0xff, 0x2f, 0x1b, 0xff, 0x2f, 0x1b,
  0xff, 0x2f, 0x1b, 0xff, 0x2f, 0x1b, 0xff, 0x2f, 0x1b, 0xff, 0x2f, 0x1b, 0xff, 0x2f, 0x1b, 0xff,
  0x2f, 0x1b, 0xff, 0x2f, 0x1b, 0xff, 0x2f, 0x1b, 0xff, 0x2f, 0x1b, 0xff, 0x2f, 0x1b, 0xff, 0x2f,
  0x1b, 0xff, 0x2f, 0x1b, 0xff, 0x2f, 0x1b, 0xff, 0x2f, 0x1b, 0xff, 0x2f, 0x1b, 0xff, 0x3f, 0x65,
  0xff, 0x3f, 0x65, 0xff, 0x3f, 0x65, 0xff, 0x3f, 0x65, 0xff, 0x3f, 0x65, 0xff, 0x3f, 0x65, 0xff,
  0x3f, 0x65, 0xff, 0x3f, 0x65, 0xff, 0x3f, 0x65, 0xff, 0x3f, 0x65, 0xff, 0x3f, 0x65, 0xff, 0x3f,
  0x65, 0xff, 0x3f, 0x65, 0xff, 0x4f, 0x1b, 0xff, 0x4f, 0x1b, 0xff, 0x4f, 0x1b, 0xff, 0x4f, 0x1b,
  0xff, 0x4f, 0x1b, 0xff, 0x4f, 0x1b, 0xff, 0x4f, 0x1b, 0xff, 0x4f, 0x1b, 0xff, 0x6f, 0x1b, 0xff,
  0x6f, 0x1b, 0xff, 0x6f, 0x1b, 0xff, 0xe4, 0xfd, 0xe6, 0xe4, 0xfd, 0xe6, 0xe4, 0xfd, 0xe6, 0xe4,
  0xfd, 0xe6, 0xe4, 0xfd, 0xe6, 0xe4, 0xfd, 0xe6, 0x6f, 0x1b, 0xff, 0x6f, 0x1b, 0xff, 0x6f, 0x1b,
  0xff, 0x6f, 0x1b, 0xff, 0x6f, 0x1b, 0xff, 0x6f, 0x1b, 0xff, 0x6f, 0x1b, 0xff, 0x6f, 0x1b, 0xff,
  0x6f, 0x1b, 0xff, 0x6f, 0x1b, 0xff, 0x6f, 0x1b, 0xff, 0x6f, 0x1b, 0xff, 0x8f, 0x1b, 0xff, 0x8f,
  0x1b, 0xff, 0x8f, 0x1b, 0xff, 0x26, 0x11, 0xfb, 0x26, 0x11, 0xd1, 0x26, 0x11, 0xa6, 0x26, 0x11,
  0x7c, 0x26, 0x11, 0x51, 0x26, 0x11, 0x27, 0x00, 0x00, 0x00, 0x00, 0x00, 0x00, 0x00, 0x00, 0x00,
  0x00, 0x00, 0x00, 0x00, 0x00, 0x00, 0x00, 0x00, 0x00, 0x00, 0x00, 0x00, 0x26, 0x11, 0x29, 0x26,
  0x11, 0x53, 0x26, 0x11, 0x7e, 0x26, 0x11, 0xa8, 0x26, 0x11, 0xd3, 0x26, 0x11, 0xfd, 0xef, 0x1a,
  0xff, 0xef, 0x1a, 0xff, 0xef, 0x1a, 0xff, 0xef, 0x1a, 0xff, 0xef, 0x1a, 0xff, 0xef, 0x1a, 0xff,
  0xef, 0x1a, 0xff, 0xef, 0x1a, 0xff, 0x0f, 0x1b, 0xff, 0x0f, 0x1b, 0xff, 0x0f, 0x1b, 0xff, 0x0f,
  0x1b, 0xff, 0x0f, 0x1b, 0xff, 0x0f, 0x1b, 0xff, 0x0f, 0x1b, 0xff, 0x0f, 0x1b, 0xff, 0x0f, 0x1b,
  0xff, 0x0f, 0x1b, 0xff, 0x0f, 0x1b, 0xff, 0x0f, 0x1b, 0xff, 0x8e, 0xfb, 0xff, 0x8e, 0xfb, 0xff,
  0x8e, 0xfb, 0xff, 0xba, 0xff, 0xff, 0xba, 0xff, 0xff, 0xba, 0xff, 0xff, 0xba, 0xff, 0xff, 0x8e,
  0xfb, 0xff, 0x8e, 0xfb, 0xff, 0x8e, 0xfb, 0xff, 0x2f, 0x1b, 0xff, 0x2f, 0x1b, 0xff, 0x2f, 0x1b,
  0xff, 0x2f, 0x1b, 0xff, 0x2f, 0x1b, 0xff, 0x2f, 0x1b, 0xff, 0x2f, 0x1b, 0xff, 0x2f, 0x1b, 0xff,
  0x2f, 0x1b, 0xff, 0x2f, 0x1b, 0xff, 0x2f, 0x1b, 0xff, 0x2f, 0x1b, 0xff, 0x2f, 0x1b, 0xff, 0x2f,
  0x1b, 0xff, 0x2f, 0x1b, 0xff, 0x2f, 0x1b, 0xff, 0x2f, 0x1b, 0xff, 0x3f, 0x65, 0xff, 0x3f, 0x65,
  0xff, 0x3f, 0x65, 0xff, 0x3f, 0x65, 0xff, 0x3f, 0x65, 0xff, 0x3f, 0x65, 0xff, 0x3f, 0x65, 0xff,
  0x3f, 0x65, 0xff, 0x3f, 0x65, 0xff, 0x3f, 0x65, 0xff, 0x3f, 0x65, 0xff, 0x3f, 0x65, 0xff, 0x3f,
  0x65, 0xff, 0x3f, 0x65, 0xff, 0x3f, 0x65, 0xff, 0x4f, 0x1b, 0xff, 0x4f, 0x1b, 0xff, 0x4f, 0x1b,
  0xff, 0x4f, 0x1b, 0xff, 0x4f, 0x1b, 0xff, 0x4f, 0x1b, 0xff, 0x4f, 0x1b, 0xff, 0x6f, 0x1b, 0xff,
  0x6f, 0x1b, 0xff, 0x6f, 0x1b, 0xff, 0xe4, 0xfd, 0xe6, 0xe4, 0xfd, 0xe6, 0xe4, 0xfd, 0xe6, 0xe4,
  0xfd, 0xe6, 0xe4, 0xfd, 0xe6, 0xe4, 0xfd, 0xe6, 0x6f, 0x1b, 0xff, 0x6f, 0x1b, 0xff, 0x6f, 0x1b,
  0xff, 0x6f, 0x1b, 0xff, 0x6f, 0x1b, 0xff, 0x6f, 0x1b, 0xff, 0x6f, 0x1b, 0xff, 0x6f, 0x1b, 0xff,
  0x6f, 0x1b, 0xff, 0x6f, 0x1b, 0xff, 0x6f, 0x1b, 0xff, 0x6f, 0x1b, 0xff, 0x8f, 0x1b, 0xff, 0x8f,
  0x1b, 0xff, 0x8f, 0x1b, 0xff, 0x26, 0x11, 0xfd, 0x26, 0x11, 0xd3, 0x26, 0x11, 0xa8, 0x26, 0x11,
  0x7e, 0x26, 0x11, 0x53, 0x26, 0x11, 0x29, 0x00, 0x00, 0x00, 0x00, 0x00, 0x00, 0x00, 0x00, 0x00,
  0x00, 0x00, 0x00, 0x00, 0x00, 0x00, 0x00, 0x00, 0x00, 0x00, 0x00, 0x00, 0x26, 0x11, 0x2a, 0x26,
  0x11, 0x55, 0x26, 0x11, 0x7f, 0x26, 0x11, 0xaa, 0x26, 0x11, 0xd4, 0x26, 0x11, 0xff, 0xef, 0x1a,
  0xff, 0xef, 0x1a, 0xff, 0xef, 0x1a, 0xff, 0xef, 0x1a, 0xff, 0xef, 0x1a, 0xff, 0xef, 0x1a, 0xff,
  0xef, 0x1a, 0xff, 0xef, 0x1a, 0xff, 0x0f, 0x1b, 0xff, 0x0f, 0x1b, 0xff, 0x0f, 0x1b, 0xff, 0x0f,
  0x1b, 0xff, 0x0f, 0x1b, 0xff, 0x0f, 0x1b, 0xff, 0x0f, 0x1b, 0xff, 0x0f, 0x1b, 0xff, 0x0f, 0x1b,
  0xff, 0x0f, 0x1b, 0xff, 0x0f, 0x1b, 0xff, 0x0f, 0x1b, 0xff, 0x8e, 0xfb, 0xff, 0x8e, 0xfb, 0xff,
  0x8e, 0xfb, 0xff, 0xba, 0xff, 0xff, 0xba, 0xff, 0xff, 0xba, 0xff, 0xff, 0xba, 0xff, 0xff, 0x8e,
  0xfb, 0xff, 0x8e, 0xfb, 0xff, 0x8e, 0xfb, 0xff, 0x2f, 0x1b, 0xff, 0x2f, 0x1b, 0xff, 0x2f, 0x1b,
  0xff, 0x2f, 0x1b, 0xff, 0x2f, 0x1b, 0xff, 0x2f, 0x1b, 0xff, 0x2f, 0x1b, 0xff, 0x2f, 0x1b, 0xff,
  0x2f, 0x1b, 0xff, 0x2f, 0x1b, 0xff, 0x2f, 0x1b, 0xff, 0x2f, 0x1b, 0xff, 0x2f, 0x1b, 0xff, 0x2f,
  0x1b, 0xff, 0x2f, 0x1b, 0xff, 0x3f, 0x65, 0xff, 0x3f, 0x65, 0xff, 0x3f, 0x65, 0xff, 0x3f, 0x65,
  0xff, 0x3f, 0x65, 0xff, 0x3f, 0x65, 0xff, 0x3f, 0x65, 0xff, 0x3f, 0x65, 0xff, 0x3f, 0x65, 0xff,
  0x3f, 0x65, 0xff, 0x3f, 0x65, 0xff, 0x3f, 0x65, 0xff, 0x3f, 0x65, 0xff, 0x3f, 0x65, 0xff, 0x3f,
  0x65, 0xff, 0x3f, 0x65, 0xff, 0x3f, 0x65, 0xff, 0x3f, 0x65, 0xff, 0x3f, 0x65, 0xff, 0x4f, 0x1b,
  0xff, 0x4f, 0x1b, 0xff, 0x4f, 0x1b, 0xff, 0x4f, 0x1b, 0xff, 0x4f, 0x1b, 0xff, 0x6f, 0x1b, 0xff,
  0x6f, 0x1b, 0xff, 0x6f, 0x1b, 0xff, 0x6f, 0x1b, 0xff, 0x6f, 0x1b, 0xff, 0x6f, 0x1b, 0xff, 0x6f,
  0x1b, 0xff, 0x6f, 0x1b, 0xff, 0x6f, 0x1b, 0xff, 0x6f, 0x1b, 0xff, 0x6f, 0x1b, 0xff, 0x6f, 0x1b,
  0xff, 0x6f, 0x1b, 0xff, 0x6f, 0x1b, 0xff, 0x6f, 0x1b, 0xff, 0x6f, 0x1b, 0xff, 0x6f, 0x1b, 0xff,
  0x6f, 0x1b, 0xff, 0x6f, 0x1b, 0xff, 0x6f, 0x1b, 0xff, 0x6f, 0x1b, 0xff, 0x8f, 0x1b, 0xff, 0x8f,
  0x1b, 0xff, 0x8f, 0x1b, 0xff, 0x26, 0x11, 0xff, 0x26, 0x11, 0xd4, 0x26, 0x11, 0xaa, 0x26, 0x11,
  0x7f, 0x26, 0x11, 0x55, 0x26, 0x11, 0x2a, 0x00, 0x00, 0x00, 0x00, 0x00, 0x00, 0x00, 0x00, 0x00,
  0x00, 0x00, 0x00, 0x00, 0x00, 0x00, 0x00, 0x00, 0x00, 0x26, 0x11, 0x00, 0x26, 0x11, 0x2b, 0x26,
  0x11, 0x55, 0x26, 0x11, 0x80, 0x26, 0x11, 0xaa, 0x26, 0x11, 0xd5, 0x26, 0x11, 0xff, 0xef, 0x1a,
  0xff, 0xef, 0x1a, 0xff, 0xef, 0x1a, 0xff, 0xef, 0x1a, 0xff, 0xef, 0x1a, 0xff, 0xef, 0x1a, 0xff,
  0xef, 0x1a, 0xff, 0xef, 0x1a, 0xff, 0x0f, 0x1b, 0xff, 0x0f, 0x1b, 0xff, 0x0f, 0x1b, 0xff, 0x0f,
  0x1b, 0xff, 0x0f, 0x1b, 0xff, 0x0f, 0x1b, 0xff, 0x0f, 0x1b, 0xff, 0x0f, 0x1b, 0xff, 0x0f, 0x1b,
  0xff, 0x0f, 0x1b, 0xff, 0x0f, 0x1b, 0xff, 0x0f, 0x1b, 0xff, 0x8e, 0xfb, 0xff, 0x8e, 0xfb, 0xff,
  0x8e, 0xfb, 0xff, 0xba, 0xff, 0xff, 0xba, 0xff, 0xff, 0xba, 0xff, 0xff, 0xba, 0xff, 0xff, 0x8e,
  0xfb, 0xff, 0x8e, 0xfb, 0xff, 0x8e, 0xfb, 0xff, 0x2f, 0x1b, 0xff, 0x2f, 0x1b, 0xff, 0x2f, 0x1b,
  0xff, 0x2f, 0x1b, 0xff, 0x2f, 0x1b, 0xff, 0x2f, 0x1b, 0xff, 0x2f, 0x1b, 0xff, 0x2f, 0x1b, 0xff,
  0x2f, 0x1b, 0xff, 0x2f, 0x1b, 0xff, 0x2f, 0x1b, 0xff, 0x2f, 0x1b, 0xff, 0x2f, 0x1b, 0xff, 0x2f,
  0x1b, 0xff, 0x3f, 0x65, 0xff, 0x3f, 0x65, 0xff, 0x3f, 0x65, 0xff, 0x3f, 0x65, 0xff, 0x3f, 0x65,
  0xff, 0x3f, 0x65, 0xff, 0x3f, 0x65, 0xff, 0x3f, 0x65, 0xff, 0x3f, 0x65, 0xff, 0x3f, 0x65, 0xff,
  0x3f, 0x65, 0xff, 0x3f, 0x65, 0xff, 0x3f, 0x65, 0xff, 0x3f, 0x65, 0xff, 0x3f, 0x65, 0xff, 0x3f,
  0x65, 0xff, 0x3f, 0x65, 0xff, 0x3f, 0x65, 0xff, 0x3f, 0x65, 0xff, 0x3f, 0x65, 0xff, 0x3f, 0x65,
  0xff, 0x4f, 0x1b, 0xff, 0x4f, 0x1b, 0xff, 0x4f, 0x1b, 0xff, 0x4f, 0x1b, 0xff, 0x6f, 0x1b, 0xff,
  0x6f, 0x1b, 0xff, 0x6f, 0x1b, 0xff, 0x6f, 0x1b, 0xff, 0x6f, 0x1b, 0xff, 0x6f, 0x1b, 0xff, 0x6f,
  0x1b, 0xff, 0x6f, 0x1b, 0xff, 0x6f, 0x1b, 0xff, 0x6f, 0x1b, 0xff, 0x6f, 0x1b, 0xff, 0x6f, 0x1b,
  0xff, 0x6f, 0x1b, 0xff, 0x6f, 0x1b, 0xff, 0x6f, 0x1b, 0xff, 0x6f, 0x1b, 0xff, 0x6f, 0x1b, 0xff,
  0x6f, 0x1b, 0xff, 0x6f, 0x1b, 0xff, 0x6f, 0x1b, 0xff, 0x6f, 0x1b, 0xff, 0x8f, 0x1b, 0xff, 0x8f,
  0x1b, 0xff, 0x8f, 0x1b, 0xff, 0x26, 0x11, 0xff, 0x26, 0x11, 0xd5, 0x26, 0x11, 0xaa, 0x26, 0x11,
  0x80, 0x26, 0x11, 0x55, 0x26, 0x11, 0x2b, 0x26, 0x11, 0x00, 0x00, 0x00, 0x00, 0x00, 0x00, 0x00,
  0x00, 0x00, 0x00, 0x00, 0x00, 0x00, 0x00, 0x00, 0x00, 0x00, 0x00, 0x00, 0x26, 0x11, 0x2a, 0x26,
  0x11, 0x55, 0x26, 0x11, 0x7f, 0x26, 0x11, 0xaa, 0x26, 0x11, 0xd4, 0x26, 0x11, 0xff, 0xef, 0x1a,
  0xff, 0xef, 0x1a, 0xff, 0xef, 0x1a, 0xff, 0xef, 0x1a, 0xff, 0xef, 0x1a, 0xff, 0xef, 0x1a, 0xff,
  0xef, 0x1a, 0xff, 0xef, 0x1a, 0xff, 0x0f, 0x1b, 0xff, 0x0f, 0x1b, 0xff, 0x0f, 0x1b, 0xff, 0x0f,
  0x1b, 0xff, 0x0f, 0x1b, 0xff, 0x0f, 0x1b, 0xff, 0x0f, 0x1b, 0xff, 0x0f, 0x1b, 0xff, 0x0f, 0x1b,
  0xff, 0x0f, 0x1b, 0xff, 0x0f, 0x1b, 0xff, 0x0f, 0x1b, 0xff, 0x8e, 0xfb, 0xff, 0x8e, 0xfb, 0xff,
  0x8e, 0xfb, 0xff, 0xba, 0xff, 0xff, 0xba, 0xff, 0xff, 0xba, 0xff, 0xff, 0xba, 0xff, 0xff, 0x8e,
  0xfb, 0xff, 0x8e, 0xfb, 0xff, 0x8e, 0xfb, 0xff, 0x2f, 0x1b, 0xff, 0x2f, 0x1b, 0xff, 0x2f, 0x1b,
  0xff, 0x2f, 0x1b, 0xff, 0x2f, 0x1b, 0xff, 0x2f, 0x1b, 0xff, 0x2f, 0x1b, 0xff, 0x2f, 0x1b, 0xff,
  0x2f, 0x1b, 0xff, 0x2f, 0x1b, 0xff, 0x2f, 0x1b, 0xff, 0x2f, 0x1b, 0xff, 0x2f, 0x1b, 0xff, 0x2f,
  0x1b, 0xff, 0x3f, 0x65, 0xff, 0x3f, 0x65, 0xff, 0x3f, 0x65, 0xff, 0x3f, 0x65, 0xff, 0x3f, 0x65,
  0xff, 0x3f, 0x65, 0xff, 0x3f, 0x65, 0xff, 0x3f, 0x65, 0xff, 0x3f, 0x65, 0xff, 0x3f, 0x65, 0xff,
  0x3f, 0x65, 0xff, 0x3f, 0x65, 0xff, 0x3f, 0x65, 0xff, 0x3f, 0x65, 0xff, 0x3f, 0x65, 0xff, 0x3f,
  0x65, 0xff, 0x3f, 0x65, 0xff, 0x3f, 0x65, 0xff, 0x3f, 0x65, 0xff, 0x3f, 0x65, 0xff, 0x3f, 0x65,
  0xff, 0x4f, 0x1b, 0xff, 0x4f, 0x1b, 0xff, 0x4f, 0x1b, 0xff, 0x4f, 0x1b, 0xff, 0x6f, 0x1b, 0xff,
  0x6f, 0x1b, 0xff, 0x6f, 0x1b, 0xff, 0x6f, 0x1b, 0xff, 0x6f, 0x1b, 0xff, 0x6f, 0x1b, 0xff, 0x6f,
  0x1b, 0xff, 0x6f, 0x1b, 0xff, 0x6f, 0x1b, 0xff, 0x6f, 0x1b, 0xff, 0x6f, 0x1b, 0xff, 0x6f, 0x1b,
  0xff, 0x6f, 0x1b, 0xff, 0x6f, 0x1b, 0xff, 0x6f, 0x1b, 0xff, 0x6f, 0x1b, 0xff, 0x6f, 0x1b, 0xff,
  0x6f, 0x1b, 0xff, 0x6f, 0x1b, 0xff, 0x6f, 0x1b, 0xff, 0x6f, 0x1b, 0xff, 0x8f, 0x1b, 0xff, 0x8f,
  0x1b, 0xff, 0x8f, 0x1b, 0xff, 0x26, 0x11, 0xff, 0x26, 0x11, 0xd4, 0x26, 0x11, 0xaa, 0x26, 0x11,
  0x7f, 0x26, 0x11, 0x55, 0x26, 0x11, 0x2a, 0x00, 0x00, 0x00, 0x00, 0x00, 0x00, 0x00, 0x00, 0x00,
  0x00, 0x00, 0x00, 0x00, 0x00, 0x00, 0x00, 0x00, 0x00, 0x00, 0x00, 0x00, 0x26, 0x11, 0x29, 0x26,
  0x11, 0x53, 0x26, 0x11, 0x7e, 0x26, 0x11, 0xa8, 0x26, 0x11, 0xd3, 0x26, 0x11, 0xfd, 0xef, 0x1a,
  0xff, 0xef, 0x1a, 0xff, 0xef, 0x1a, 0xff, 0xef, 0x1a, 0xff, 0xef, 0x1a, 0xff, 0xef, 0x1a, 0xff,
  0xef, 0x1a, 0xff, 0xef, 0x1a, 0xff, 0x0f, 0x1b, 0xff, 0x0f, 0x1b, 0xff, 0x0f, 0x1b, 0xff, 0x0f,
  0x1b, 0xff, 0x0f, 0x1b, 0xff, 0x0f, 0x1b, 0xff, 0x0f, 0x1b, 0xff, 0x0f, 0x1b, 0xff, 0x0f, 0x1b,
  0xff, 0x0f, 0x1b, 0xff, 0x0f, 0x1b, 0xff, 0x0f, 0x1b, 0xff, 0x8e, 0xfb, 0xff, 0x8e, 0xfb, 0xff,
  0x8e, 0xfb, 0xff, 0xba, 0xff, 0xff, 0xba, 0xff, 0xff, 0xba, 0xff, 0xff, 0xba, 0xff, 0xff, 0x8e,
  0xfb, 0xff, 0x8e, 0xfb, 0xff, 0x8e, 0xfb, 0xff, 0x2f, 0x1b, 0xff, 0x2f, 0x1b, 0xff, 0x2f, 0x1b,
  0xff, 0x2f, 0x1b, 0xff, 0x2f, 0x1b, 0xff, 0x2f, 0x1b, 0xff, 0x2f, 0x1b, 0xff, 0x2f, 0x1b, 0xff,
  0x2f, 0x1b, 0xff, 0x2f, 0x1b, 0xff, 0x2f, 0x1b, 0xff, 0x2f, 0x1b, 0xff, 0x2f, 0x1b, 0xff, 0x3f,
  0x65, 0xff, 0x3f, 0x65, 0xff, 0x3f, 0x65, 0xff, 0x3f, 0x65, 0xff, 0x3f, 0x65, 0xff, 0x3f, 0x65,
  0xff, 0x3f, 0x65, 0xff, 0x3f, 0x65, 0xff, 0x3f, 0x65, 0xff, 0x3f, 0x65, 0xff, 0x3f, 0x65, 0xff,
  0x3f, 0x65, 0xff, 0x3f, 0x65, 0xff, 0x3f, 0x65, 0xff, 0x3f, 0x65, 0xff, 0x3f, 0x65, 0xff, 0x3f,
  0x65, 0xff, 0x3f, 0x65, 0xff, 0x3f, 0x65, 0xff, 0x3f, 0x65, 0xff, 0x3f, 0x65, 0xff, 0x3f, 0x65,
  0xff, 0x3f, 0x65, 0xff, 0x4f, 0x1b, 0xff, 0x4f, 0x1b, 0xff, 0x4f, 0x1b, 0xff, 0x6f, 0x1b, 0xff,
  0x6f, 0x1b, 0xff, 0x6f, 0x1b, 0xff, 0x6f, 0x1b, 0xff, 0x6f, 0x1b, 0xff, 0x6f, 0x1b, 0xff, 0x6f,
  0x1b, 0xff, 0x6f, 0x1b, 0xff, 0x6f, 0x1b, 0xff, 0x6f, 0x1b, 0xff, 0x6f, 0x1b, 0xff, 0x6f, 0x1b,
  0xff, 0x6f, 0x1b, 0xff, 0x6f, 0x1b, 0xff, 0x6f, 0x1b, 0xff, 0x6f, 0x1b, 0xff, 0x6f, 0x1b, 0xff,
  0x6f, 0x1b, 0xff, 0x6f, 0x1b, 0xff, 0x6f, 0x1b, 0xff, 0x6f, 0x1b, 0xff, 0x8f, 0x1b, 0xff, 0x8f,
  0x1b, 0xff, 0x8f, 0x1b, 0xff, 0x26, 0x11, 0xfd, 0x26, 0x11, 0xd3, 0x26, 0x11, 0xa8, 0x26, 0x11,
  0x7e, 0x26, 0x11, 0x53, 0x26, 0x11, 0x29, 0x00, 0x00, 0x00, 0x00, 0x00, 0x00, 0x00, 0x00, 0x00,
  0x00, 0x00, 0x00, 0x00, 0x00, 0x00, 0x00, 0x00, 0x00, 0x00, 0x00, 0x00, 0x26, 0x11, 0x27, 0x26,
  0x11, 0x51, 0x26, 0x11, 0x7c, 0x26, 0x11, 0xa6, 0x26, 0x11, 0xd1, 0x26, 0x11, 0xfb, 0xef, 0x1a,
  0xff, 0xef, 0x1a, 0xff, 0xef, 0x1a, 0xff, 0xef, 0x1a, 0xff, 0xef, 0x1a, 0xff, 0xef, 0x1a, 0xff,
  0xef, 0x1a, 0xff, 0xef, 0x1a, 0xff, 0x0f, 0x1b, 0xff, 0x0f, 0x1b, 0xff, 0x0f, 0x1b, 0xff, 0x0f,
  0x1b, 0xff, 0x0f, 0x1b, 0xff, 0x0f, 0x1b, 0xff, 0x0f, 0x1b, 0xff, 0x0f, 0x1b, 0xff, 0x0f, 0x1b,
  0xff, 0x0f, 0x1b, 0xff, 0x0f, 0x1b, 0xff, 0x0f, 0x1b, 0xff, 0x8e, 0xfb, 0xff, 0x8e, 0xfb, 0xff,
  0x8e, 0xfb, 0xff, 0xba, 0xff, 0xff, 0xba, 0xff, 0xff, 0xba, 0xff, 0xff, 0xba, 0xff, 0xff, 0x8e,
  0xfb, 0xff, 0x8e, 0xfb, 0xff, 0x8e, 0xfb, 0xff, 0x2f, 0x1b, 0xff, 0x2f, 0x1b, 0xff, 0x2f, 0x1b,
  0xff, 0x2f, 0x1b, 0xff, 0x2f, 0x1b, 0xff, 0x2f, 0x1b, 0xff, 0x2f, 0x1b, 0xff, 0x2f, 0x1b, 0xff,
  0x2f, 0x1b, 0xff, 0x2f, 0x1b, 0xff, 0x2f, 0x1b, 0xff, 0x2f, 0x1b, 0xff, 0x3f, 0x65, 0xff, 0x3f,
  0x65, 0xff, 0x3f, 0x65, 0xff, 0x3f, 0x65, 0xff, 0x3f, 0x65, 0xff, 0x3f, 0x65, 0xff, 0x3f, 0x65,
  0xff, 0x3f, 0x65, 0xff, 0x3f, 0x65, 0xff, 0x3f, 0x65, 0xff, 0x3f, 0x65, 0xff, 0x3f, 0x65, 0xff,
  0x3f, 0x65, 0xff, 0x3f, 0x65, 0xff, 0x3f, 0x65, 0xff, 0x3f, 0x65, 0xff, 0x3f, 0x65, 0xff, 0x3f,
  0x65, 0xff, 0x3f, 0x65, 0xff, 0x3f, 0x65, 0xff, 0x3f, 0x65, 0xff, 0x3f, 0x65, 0xff, 0x3f, 0x65,
  0xff, 0x3f, 0x65, 0xff, 0x3f, 0x65, 0xff, 0x4f, 0x1b, 0xff, 0x4f, 0x1b, 0xff, 0x6f, 0x1b, 0xff,
  0x6f, 0x1b, 0xff, 0x6f, 0x1b, 0xff, 0x6f, 0x1b, 0xff, 0x6f, 0x1b, 0xff, 0x6f, 0x1b, 0xff, 0x6f,
  0x1b, 0xff, 0x6f, 0x1b, 0xff, 0x6f, 0x1b, 0xff, 0x6f, 0x1b, 0xff, 0x6f, 0x1b, 0xff, 0x6f, 0x1b,
  0xff, 0x6f, 0x1b, 0xff, 0x6f, 0x1b, 0xff, 0x6f, 0x1b, 0xff, 0x6f, 0x1b, 0xff, 0x6f, 0x1b, 0xff,
  0x6f, 0x1b, 0xff, 0x6f, 0x1b, 0xff, 0x6f, 0x1b, 0xff, 0x6f, 0x1b, 0xff, 0x8f, 0x1b, 0xff, 0x8f,
  0x1b, 0xff, 0x8f, 0x1b, 0xff, 0x26, 0x11, 0xfb, 0x26, 0x11, 0xd1, 0x26, 0x11, 0xa6, 0x26, 0x11,
  0x7c, 0x26, 0x11, 0x51, 0x26, 0x11, 0x27, 0x00, 0x00, 0x00, 0x00, 0x00, 0x00, 0x00, 0x00, 0x00,
  0x00, 0x00, 0x00, 0x00, 0x00, 0x00, 0x00, 0x00, 0x00, 0x00, 0x00, 0x00, 0x26, 0x11, 0x24, 0x26,
  0x11, 0x4e, 0x26, 0x11, 0x79, 0x26, 0x11, 0xa3, 0x26, 0x11, 0xcd, 0x26, 0x11, 0xf8, 0xef, 0x1a,
  0xff, 0xef, 0x1a, 0xff, 0xef, 0x1a, 0xff, 0xef, 0x1a, 0xff, 0xef, 0x1a, 0xff, 0xef, 0x1a, 0xff,
  0xef, 0x1a, 0xff, 0xef, 0x1a, 0xff, 0x0f, 0x1b, 0xff, 0x0f, 0x1b, 0xff, 0x0f, 0x1b, 0xff, 0x0f,
  0x1b, 0xff, 0x0f, 0x1b, 0xff, 0x0f, 0x1b, 0xff, 0x0f, 0x1b, 0xff, 0x0f, 0x1b, 0xff, 0x0f, 0x1b,
  0xff, 0x0f, 0x1b, 0xff, 0x0f, 0x1b, 0xff, 0x0f, 0x1b, 0xff, 0x8e, 0xfb, 0xff, 0x8e, 0xfb, 0xff,
  0x8e, 0xfb, 0xff, 0xba, 0xff, 0xff, 0xba, 0xff, 0xff, 0xba, 0xff, 0xff, 0xba, 0xff, 0xff, 0x8e,
  0xfb, 0xff, 0x8e, 0xfb, 0xff, 0x8e, 0xfb, 0xff, 0x2f, 0x1b, 0xff, 0x2f, 0x1b, 0xff, 0x2f, 0x1b,
  0xff, 0x2f, 0x1b, 0xff, 0x2f, 0x1b, 0xff, 0x2f, 0x1b, 0xff, 0x2f, 0x1b, 0xff, 0x2f, 0x1b, 0xff,
  0x2f, 0x1b, 0xff, 0x2f, 0x1b, 0xff, 0x2f, 0x1b, 0xff, 0x2f, 0x1b, 0xff, 0x3f, 0x65, 0xff, 0x3f,
  0x65, 0xff, 0x3f, 0x65, 0xff, 0x3f, 0x65, 0xff, 0x3f, 0x65, 0xff, 0x3f, 0x65, 0xff, 0x3f, 0x65,
  0xff, 0x3f, 0x65, 0xff, 0x3f, 0x65, 0xff, 0x3f, 0x65, 0xff, 0x3f, 0x65, 0xff, 0x3f, 0x65, 0xff,
  0x3f, 0x65, 0xff, 0x3f, 0x65, 0xff, 0x3f, 0x65, 0xff, 0x3f, 0x65, 0xff, 0x3f, 0x65, 0xff, 0x3f,
  0x65, 0xff, 0x3f, 0x65, 0xff, 0x3f, 0x65, 0xff, 0x3f, 0x65, 0xff, 0x3f, 0x65, 0xff, 0x3f, 0x65,
  0xff, 0x3f, 0x65, 0xff, 0x3f, 0x65, 0xff, 0x4f, 0x1b, 0xff, 0x4f, 0x1b, 0xff, 0x6f, 0x1b, 0xff,
  0x6f, 0x1b, 0xff, 0x6f, 0x1b, 0xff, 0x6f, 0x1b, 0xff, 0x6f, 0x1b, 0xff, 0x6f, 0x1b, 0xff, 0x6f,
  0x1b, 0xff, 0x6f, 0x1b, 0xff, 0x6f, 0x1b, 0xff, 0x6f, 0x1b, 0xff, 0x6f, 0x1b, 0xff, 0x6f, 0x1b,
  0xff, 0x6f, 0x1b, 0xff, 0x6f, 0x1b, 0xff, 0x6f, 0x1b, 0xff, 0x6f, 0x1b, 0xff, 0x6f, 0x1b, 0xff,
  0x6f, 0x1b, 0xff, 0x6f, 0x1b, 0xff, 0x6f, 0x1b, 0xff, 0x6f, 0x1b, 0xff, 0x8f, 0x1b, 0xff, 0x8f,
  0x1b, 0xff, 0x8f, 0x1b, 0xff, 0x26, 0x11, 0xf8, 0x26, 0x11, 0xcd, 0x26, 0x11, 0xa3, 0x26, 0x11,
  0x79, 0x26, 0x11, 0x4e, 0x26, 0x11, 0x24, 0x00, 0x00, 0x00, 0x00, 0x00, 0x00, 0x00, 0x00, 0x00,
  0x00, 0x00, 0x00, 0x00, 0x00, 0x00, 0x00, 0x00, 0x00, 0x00, 0x00, 0x00, 0x26, 0x11, 0x20, 0x26,
  0x11, 0x4b, 0x26, 0x11, 0x75, 0x26, 0x11, 0x9f, 0x26, 0x11, 0xc9, 0x26, 0x11, 0xf4, 0xef, 0x1a,
  0xff, 0xef, 0x1a, 0xff, 0xef, 0x1a, 0xff, 0xef, 0x1a, 0xff, 0xef, 0x1a, 0xff, 0xef, 0x1a, 0xff,
  0xef, 0x1a, 0xff, 0xef, 0x1a, 0xff, 0x0f, 0x1b, 0xff, 0x0f, 0x1b, 0xff, 0x0f, 0x1b, 0xff, 0x0f,
  0x1b, 0xff, 0x0f, 0x1b, 0xff, 0x0f, 0x1b, 0xff, 0x0f, 0x1b, 0xff, 0x0f, 0x1b, 0xff, 0x0f, 0x1b,
  0xff, 0x0f, 0x1b, 0xff, 0x0f, 0x1b, 0xff, 0x0f, 0x1b, 0xff, 0x8e, 0xfb, 0xff, 0x8e, 0xfb, 0xff,
  0x8e, 0xfb, 0xff, 0xba, 0xff, 0xff, 0xba, 0xff, 0xff, 0xba, 0xff, 0xff, 0xba, 0xff, 0xff, 0x8e,
  0xfb, 0xff, 0x8e, 0xfb, 0xff, 0x8e, 0xfb, 0xff, 0x2f, 0x1b, 0xff, 0x2f, 0x1b, 0xff, 0x2f, 0x1b,
  0xff, 0x2f, 0x1b, 0xff, 0x2f, 0x1b, 0xff, 0x2f, 0x1b, 0xff, 0x2f, 0x1b, 0xff, 0x2f, 0x1b, 0xff,
  0x2f, 0x1b, 0xff, 0x2f, 0x1b, 0xff, 0x2f, 0x1b, 0xff, 0x3f, 0x65, 0xff, 0x3f, 0x65, 0xff, 0x3f,
  0x65, 0xff, 0x3f, 0x65, 0xff, 0x3f, 0x65, 0xff, 0x3f, 0x65, 0xff, 0x3f, 0x65, 0xff, 0x3f, 0x65,
  0xff, 0x3f, 0x65, 0xff, 0x3f, 0x65, 0xff, 0x3f, 0x65, 0xff, 0x3f, 0x65, 0xff, 0x3f, 0x65, 0xff,
  0x3f, 0x65, 0xff, 0x3f, 0x65, 0xff, 0x3f, 0x65, 0xff, 0x3f, 0x65, 0xff, 0x3f, 0x65, 0xff, 0x3f,
  0x65, 0xff, 0x3f, 0x65, 0xff, 0x3f, 0x65, 0xff, 0x3f, 0x65, 0xff, 0x3f, 0x65, 0xff, 0x3f, 0x65,
  0xff, 0x3f, 0x65, 0xff, 0x3f, 0x65, 0xff, 0x3f, 0x65, 0xff, 0x4f, 0x1b, 0xff, 0x6f, 0x1b, 0xff,
  0x6f, 0x1b, 0xff, 0x6f, 0x1b, 0xff, 0x6f, 0x1b, 0xff, 0x6f, 0x1b, 0xff, 0x6f, 0x1b, 0xff, 0x6f,
  0x1b, 0xff, 0x6f, 0x1b, 0xff, 0x6f, 0x1b, 0xff, 0x6f, 0x1b, 0xff, 0x6f, 0x1b, 0xff, 0x6f, 0x1b,
  0xff, 0x6f, 0x1b, 0xff, 0x6f, 0x1b, 0xff, 0x6f, 0x1b, 0xff, 0x6f, 0x1b, 0xff, 0x6f, 0x1b, 0xff,
  0x6f, 0x1b, 0xff, 0x6f, 0x1b, 0xff, 0x6f, 0x1b, 0xff, 0x6f, 0x1b, 0xff, 0x8f, 0x1b, 0xff, 0x8f,
  0x1b, 0xff, 0x8f, 0x1b, 0xff, 0x26, 0x11, 0xf4, 0x26, 0x11, 0xc9, 0x26, 0x11, 0x9f, 0x26, 0x11,
  0x75, 0x26, 0x11, 0x4b, 0x26, 0x11, 0x20, 0x00, 0x00, 0x00, 0x00, 0x00, 0x00, 0x00, 0x00, 0x00,
  0x00, 0x00, 0x00, 0x00, 0x00, 0x00, 0x00, 0x00, 0x00, 0x00, 0x00, 0x00, 0x26, 0x11, 0x1c, 0x26,
  0x11, 0x46, 0x26, 0x11, 0x70, 0x26, 0x11, 0x9a, 0x26, 0x11, 0xc5, 0x26, 0x11, 0xef, 0xee, 0x1a,
  0xff, 0xee, 0x1a, 0xff, 0xee, 0x1a, 0xff, 0xee, 0x1a, 0xff, 0xee, 0x1a, 0xff, 0xee, 0x1a, 0xff,
  0xee, 0x1a, 0xff, 0xee, 0x1a, 0xff, 0x0e, 0x1b, 0xff, 0x0e, 0x1b, 0xff, 0x0e, 0x1b, 0xff, 0x0e,
  0x1b, 0xff, 0x0e, 0x1b, 0xff, 0x0e, 0x1b, 0xff, 0x0e, 0x1b, 0xff, 0x0e, 0x1b, 0xff, 0x0e, 0x1b,
  0xff, 0x0e, 0x1b, 0xff, 0x0e, 0x1b, 0xff, 0x0e, 0x1b, 0xff, 0x8e, 0xfb, 0xff, 0x8e, 0xfb, 0xff,
  0x8e, 0xfb, 0xff, 0xba, 0xff, 0xff, 0xba, 0xff, 0xff, 0xba, 0xff, 0xff, 0xba, 0xff, 0xff, 0x8e,
  0xfb, 0xff, 0x8e, 0xfb, 0xff, 0x8e, 0xfb, 0xff, 0x2e, 0x1b, 0xff, 0x2e, 0x1b, 0xff, 0x2e, 0x1b,
  0xff, 0x2e, 0x1b, 0xff, 0x2e, 0x1b, 0xff, 0x2e, 0x1b, 0xff, 0x2e, 0x1b, 0xff, 0x2e, 0x1b, 0xff,
  0x2e, 0x1b, 0xff, 0x2e, 0x1b, 0xff, 0x2e, 0x1b, 0xff, 0x3f, 0x65, 0xff, 0x3f, 0x65, 0xff, 0x3f,
  0x65, 0xff, 0x3f, 0x65, 0xff, 0x3f, 0x65, 0xff, 0x3f, 0x65, 0xff, 0x3f, 0x65, 0xff, 0x3f, 0x65,
  0xff, 0x3f, 0x65, 0xff, 0x3f, 0x65, 0xff, 0x3f, 0x65, 0xff, 0x3f, 0x65, 0xff, 0x3f, 0x65, 0xff,
  0x3f, 0x65, 0xff, 0x3f, 0x65, 0xff, 0x3f, 0x65, 0xff, 0x3f, 0x65, 0xff, 0x3f, 0x65, 0xff, 0x3f,
  0x65, 0xff, 0x3f, 0x65, 0xff, 0x3f, 0x65, 0xff, 0x3f, 0x65, 0xff, 0x3f, 0x65, 0xff, 0x3f, 0x65,
  0xff, 0x3f, 0x65, 0xff, 0x3f, 0x65, 0xff, 0x3f, 0x65, 0xff, 0x4e, 0x1b, 0xff, 0x6e, 0x1b, 0xff,
  0x6e, 0x1b, 0xff, 0x6e, 0x1b, 0xff, 0x6e, 0x1b, 0xff, 0x6e, 0x1b, 0xff, 0x6e, 0x1b, 0xff, 0x6e,
  0x1b, 0xff, 0x6e, 0x1b, 0xff, 0x6e, 0x1b, 0xff, 0x6e, 0x1b, 0xff, 0x6e, 0x1b, 0xff, 0x6e, 0x1b,
  0xff, 0x6e, 0x1b, 0xff, 0x6e, 0x1b, 0xff, 0x6e, 0x1b, 0xff, 0x6e, 0x1b, 0xff, 0x6e, 0x1b, 0xff,
  0x6e, 0x1b, 0xff, 0x6e, 0x1b, 0xff, 0x6e, 0x1b, 0xff, 0x6e, 0x1b, 0xff, 0x8e, 0x1b, 0xff, 0x8e,
  0x1b, 0xff, 0x8e, 0x1b, 0xff, 0x26, 0x11, 0xef, 0x26, 0x11, 0xc5, 0x26, 0x11, 0x9a, 0x26, 0x11,
  0x70, 0x26, 0x11, 0x46, 0x26, 0x11, 0x1c, 0x00, 0x00, 0x00, 0x00, 0x00, 0x00, 0x00, 0x00, 0x00,
  0x00, 0x00, 0x00, 0x00, 0x00, 0x00, 0x00, 0x00, 0x00, 0x00, 0x00, 0x00, 0x26, 0x11, 0x17, 0x26,
  0x11, 0x41, 0x26, 0x11, 0x6b, 0x26, 0x11, 0x95, 0x26, 0x11, 0xbf, 0x26, 0x11, 0xe9, 0xee, 0x1a,
  0xff, 0xee, 0x1a, 0xff, 0xee, 0x1a, 0xff, 0xee, 0x1a, 0xff, 0xee, 0x1a, 0xff, 0xee, 0x1a, 0xff,
  0xee, 0x1a, 0xff, 0xee, 0x1a, 0xff, 0x0e, 0x1b, 0xff, 0x0e, 0x1b, 0xff, 0x0e, 0x1b, 0xff, 0x0e,
  0x1b, 0xff, 0x0e, 0x1b, 0xff, 0x0e, 0x1b, 0xff, 0x0e, 0x1b, 0xff, 0x0e, 0x1b, 0xff, 0x0e, 0x1b,
  0xff, 0x0e, 0x1b, 0xff, 0x0e, 0x1b, 0xff, 0x0e, 0x1b, 0xff, 0x8e, 0xfb, 0xff, 0x8e, 0xfb, 0xff,
  0x8e, 0xfb, 0xff, 0xba, 0xff, 0xff, 0xba, 0xff, 0xff, 0xba, 0xff, 0xff, 0xba, 0xff, 0xff, 0x8e,
  0xfb, 0xff, 0x8e, 0xfb, 0xff, 0x8e, 0xfb, 0xff, 0x2e, 0x1b, 0xff, 0x2e, 0x1b, 0xff, 0x2e, 0x1b,
  0xff, 0x2e, 0x1b, 0xff, 0x2e, 0x1b, 0xff, 0x2e, 0x1b, 0xff, 0x2e, 0x1b, 0xff, 0x2e, 0x1b, 0xff,
  0x2e, 0x1b, 0xff, 0x2e, 0x1b, 0xff, 0x2e, 0x1b, 0xff, 0x3f, 0x65, 0xff, 0x3f, 0x65, 0xff, 0x3f,
  0x65, 0xff, 0x3f, 0x65, 0xff, 0x3f, 0x65, 0xff, 0x3f, 0x65, 0xff, 0x3f, 0x65, 0xff, 0x3f, 0x65,
  0xff, 0x3f, 0x65, 0xff, 0x3f, 0x65, 0xff, 0x3f, 0x65, 0xff, 0x3f, 0x65, 0xff, 0x3f, 0x65, 0xff,
  0x3f, 0x65, 0xff, 0x3f, 0x65, 0xff, 0xdf, 0xff, 0xdc, 0xdf, 0xff, 0xdc, 0xdf, 0xff, 0xdc, 0xdf,
  0xff, 0xdc, 0xdf, 0xff, 0xdc, 0xdf, 0xff, 0xdc, 0xdf, 0xff, 0xdc, 0xdf, 0xff, 0xdc, 0xdf, 0xff,
  0xdc, 0xdf, 0xff, 0xdc, 0xdf, 0xff, 0xdc, 0xdf, 0xff, 0xdc, 0xdf, 0xff, 0xdc, 0xdf, 0xff, 0xdc,
  0xdf, 0xff, 0xdc, 0xdf, 0xff, 0xdc, 0xdf, 0xff, 0xdc, 0xdf, 0xff, 0xdc, 0xdf, 0xff, 0xdc, 0xdf,
  0xff, 0xdc, 0xdf, 0xff, 0xdc, 0xdf, 0xff, 0xdc, 0xdf, 0xff, 0xdc, 0xdf, 0xff, 0xdc, 0xdf, 0xff,
  0xdc, 0xdf, 0xff, 0xdc, 0x6e, 0x1b, 0xff, 0x6e, 0x1b, 0xff, 0x6e, 0x1b, 0xff, 0x6e, 0x1b, 0xff,
  0x6e, 0x1b, 0xff, 0x6e, 0x1b, 0xff, 0x6e, 0x1b, 0xff, 0x6e, 0x1b, 0xff, 0x8e, 0x1b, 0xff, 0x8e,
  0x1b, 0xff, 0x8e, 0x1b, 0xff, 0x26, 0x11, 0xe9, 0x26, 0x11, 0xbf, 0x26, 0x11, 0x95, 0x26, 0x11,
  0x6b, 0x26, 0x11, 0x41, 0x26, 0x11, 0x17, 0x00, 0x00, 0x00, 0x00, 0x00, 0x00, 0x00, 0x00, 0x00,
  0x00, 0x00, 0x00, 0x00, 0x00, 0x00, 0x00, 0x00, 0x00, 0x00, 0x00, 0x00, 0x26, 0x11, 0x10, 0x26,
  0x11, 0x3a, 0x26, 0x11, 0x64, 0x26, 0x11, 0x8e, 0x26, 0x11, 0xb8, 0x26, 0x11, 0xe2, 0xee, 0x1a,
  0xff, 0xee, 0x1a, 0xff, 0xee, 0x1a, 0xff, 0xee, 0x1a, 0xff, 0xee, 0x1a, 0xff, 0xee, 0x1a, 0xff,
  0xee, 0x1a, 0xff, 0xee, 0x1a, 0xff, 0x0e, 0x1b, 0xff, 0x0e, 0x1b, 0xff, 0x0e, 0x1b, 0xff, 0x0e,
  0x1b, 0xff, 0x0e, 0x1b, 0xff, 0x0e, 0x1b, 0xff, 0x0e, 0x1b, 0xff, 0x0e, 0x1b, 0xff, 0x0e, 0x1b,
  0xff, 0x0e, 0x1b, 0xff, 0x0e, 0x1b, 0xff, 0x0e, 0x1b, 0xff, 0x8e, 0xfb, 0xff, 0x8e, 0xfb, 0xff,
  0x8e, 0xfb, 0xff, 0xba, 0xff, 0xff, 0xba, 0xff, 0xff, 0xba, 0xff, 0xff, 0xba, 0xff, 0xff, 0x8e,
  0xfb, 0xff, 0x8e, 0xfb, 0xff, 0x8e, 0xfb, 0xff, 0x2e, 0x1b, 0xff, 0x2e, 0x1b, 0xff, 0x2e, 0x1b,
  0xff, 0x2e, 0x1b, 0xff, 0x2e, 0x1b, 0xff, 0x2e, 0x1b, 0xff, 0x2e, 0x1b, 0xff, 0x2e, 0x1b, 0xff,
  0x2e, 0x1b, 0xff, 0x2e, 0x1b, 0xff, 0x3f, 0x65, 0xff, 0x3f, 0x65, 0xff, 0x3f, 0x65, 0xff, 0x3f,
  0x65, 0xff, 0x3f, 0x65, 0xff, 0x3f, 0x65, 0xff, 0x3f, 0x65, 0xff, 0x3f, 0x65, 0xff, 0x3f, 0x65,
  0xff, 0x3f, 0x65, 0xff, 0x3f, 0x65, 0xff, 0x3f, 0x65, 0xff, 0x3f, 0x65, 0xff, 0x3f, 0x65, 0xff,
  0x3f, 0x65, 0xff, 0x3f, 0x65, 0xff, 0xdf, 0xff, 0xdc, 0xdf, 0xff, 0xdc, 0xdf, 0xff, 0xdc, 0xdf,
  0xff, 0xdc, 0xdf, 0xff, 0xdc, 0xdf, 0xff, 0xdc, 0xdf, 0xff, 0xdc, 0xdf, 0xff, 0xdc, 0xdf, 0xff,
  0xdc, 0xdf, 0xff, 0xdc, 0xdf, 0xff, 0xdc, 0xdf, 0xff, 0xdc, 0xdf, 0xff, 0xdc, 0xdf, 0xff, 0xdc,
  0xdf, 0xff, 0xdc, 0xdf, 0xff, 0xdc, 0xdf, 0xff, 0xdc, 0xdf, 0xff, 0xdc, 0xdf, 0xff, 0xdc, 0xdf,
  0xff, 0xdc, 0xdf, 0xff, 0xdc, 0xdf, 0xff, 0xdc, 0xdf, 0xff, 0xdc, 0xdf, 0xff, 0xdc, 0xdf, 0xff,
  0xdc, 0xdf, 0xff, 0xdc, 0x6e, 0x1b, 0xff, 0x6e, 0x1b, 0xff, 0x6e, 0x1b, 0xff, 0x6e, 0x1b, 0xff,
  0x6e, 0x1b, 0xff, 0x6e, 0x1b, 0xff, 0x6e, 0x1b, 0xff, 0x6e, 0x1b, 0xff, 0x8e, 0x1b, 0xff, 0x8e,
  0x1b, 0xff, 0x8e, 0x1b, 0xff, 0x26, 0x11, 0xe2, 0x26, 0x11, 0xb8, 0x26, 0x11, 0x8e, 0x26, 0x11,
  0x64, 0x26, 0x11, 0x3a, 0x26, 0x11, 0x10, 0x00, 0x00, 0x00, 0x00, 0x00, 0x00, 0x00, 0x00, 0x00,
  0x00, 0x00, 0x00, 0x00, 0x00, 0x00, 0x00, 0x00, 0x00, 0x00, 0x00, 0x00, 0x26, 0x11, 0x0a, 0x26,
  0x11, 0x34, 0x26, 0x11, 0x5d, 0x26, 0x11, 0x87, 0x26, 0x11, 0xb1, 0x26, 0x11, 0xdb, 0xee, 0x1a,
  0xff, 0xee, 0x1a, 0xff, 0xee, 0x1a, 0xff, 0xee, 0x1a, 0xff, 0xee, 0x1a, 0xff, 0xee, 0x1a, 0xff,
  0xee, 0x1a, 0xff, 0xee, 0x1a, 0xff, 0x0e, 0x1b, 0xff, 0x0e, 0x1b, 0xff, 0x0e, 0x1b, 0xff, 0x0e,
  0x1b, 0xff, 0x0e, 0x1b, 0xff, 0x0e, 0x1b, 0xff, 0x0e, 0x1b, 0xff, 0x0e, 0x1b, 0xff, 0x0e, 0x1b,
  0xff, 0x0e, 0x1b, 0xff, 0x0e, 0x1b, 0xff, 0x0e, 0x1b, 0xff, 0x8e, 0xfb, 0xff, 0x8e, 0xfb, 0xff,
  0x8e, 0xfb, 0xff, 0xba, 0xff, 0xff, 0xba, 0xff, 0xff, 0xba, 0xff, 0xff, 0xba, 0xff, 0xff, 0x8e,
  0xfb, 0xff, 0x8e, 0xfb, 0xff, 0x8e, 0xfb, 0xff, 0x2e, 0x1b, 0xff, 0x2e, 0x1b, 0xff, 0x2e, 0x1b,
  0xff, 0x2e, 0x1b, 0xff, 0x2e, 0x1b, 0xff, 0x2e, 0x1b, 0xff, 0x2e, 0x1b, 0xff, 0x2e, 0x1b, 0xff,
  0x2e, 0x1b, 0xff, 0x2e, 0x1b, 0xff, 0x3f, 0x65, 0xff, 0x3f, 0x65, 0xff, 0x3f, 0x65, 0xff, 0x3f,
  0x65, 0xff, 0x3f, 0x65, 0xff, 0x3f, 0x65, 0xff, 0x3f, 0x65, 0xff, 0x3f, 0x65, 0xff, 0x3f, 0x65,
  0xff, 0x3f, 0x65, 0xff, 0x3f, 0x65, 0xff, 0x3f, 0x65, 0xff, 0x3f, 0x65, 0xff, 0x3f, 0x65, 0xff,
  0x3f, 0x65, 0xff, 0x3f, 0x65, 0xff, 0xdf, 0xff, 0xdc, 0xdf, 0xff, 0xdc, 0xdf, 0xff, 0xdc, 0xdf,
  0xff, 0xdc, 0xdf, 0xff, 0xdc, 0xdf, 0xff, 0xdc, 0xdf, 0xff, 0xdc, 0xdf, 0xff, 0xdc, 0xdf, 0xff,
  0xdc, 0xdf, 0xff, 0xdc, 0xdf, 0xff, 0xdc, 0xdf, 0xff, 0xdc, 0xdf, 0xff, 0xdc, 0xdf, 0xff, 0xdc,
  0xdf, 0xff, 0xdc, 0xdf, 0xff, 0xdc, 0xdf, 0xff, 0xdc, 0xdf, 0xff, 0xdc, 0xdf, 0xff, 0xdc, 0xdf,
  0xff, 0xdc, 0xdf, 0xff, 0xdc, 0xdf, 0xff, 0xdc, 0xdf, 0xff, 0xdc, 0xdf, 0xff, 0xdc, 0xdf, 0xff,
  0xdc, 0xdf, 0xff, 0xdc, 0x6e, 0x1b, 0xff, 0x6e, 0x1b, 0xff, 0x6e, 0x1b, 0xff, 0x6e, 0x1b, 0xff,
  0x6e, 0x1b, 0xff, 0x6e, 0x1b, 0xff, 0x6e, 0x1b, 0xff, 0x6e, 0x1b, 0xff, 0x8e, 0x1b, 0xff, 0x8e,
  0x1b, 0xff, 0x8e, 0x1b, 0xff, 0x26, 0x11, 0xdb, 0x26, 0x11, 0xb1, 0x26, 0x11, 0x87, 0x26, 0x11,
  0x5d, 0x26, 0x11, 0x34, 0x26, 0x11, 0x0a, 0x00, 0x00, 0x00, 0x00, 0x00, 0x00, 0x00, 0x00, 0x00,
  0x00, 0x00, 0x00, 0x00, 0x00, 0x00, 0x00, 0x00, 0x00, 0x00, 0x00, 0x00, 0x26, 0x11, 0x02, 0x26,
  0x11, 0x2c, 0x26, 0x11, 0x55, 0x26, 0x11, 0x7f, 0x26, 0x11, 0xa9, 0x26, 0x11, 0xd2, 0x26, 0x11,
  0xfc, 0xee, 0x1a, 0xff, 0xee, 0x1a, 0xff, 0xee, 0x1a, 0xff, 0xee, 0x1a, 0xff, 0xee, 0x1a, 0xff,
  0xee, 0x1a, 0xff, 0xee, 0x1a, 0xff, 0x0e, 0x1b, 0xff, 0x0e, 0x1b, 0xff, 0x0e, 0x1b, 0xff, 0x0e,
  0x1b, 0xff, 0x0e, 0x1b, 0xff, 0x0e, 0x1b, 0xff, 0x0e, 0x1b, 0xff, 0x0e, 0x1b, 0xff, 0x0e, 0x1b,
  0xff, 0x0e, 0x1b, 0xff, 0x0e, 0x1b, 0xff, 0x0e, 0x1b, 0xff, 0x8e, 0xfb, 0xff, 0x8e, 0xfb, 0xff,
  0x8e, 0xfb, 0xff, 0xba, 0xff, 0xff, 0xba, 0xff, 0xff, 0xba, 0xff, 0xff, 0xba, 0xff, 0xff, 0x8e,
  0xfb, 0xff, 0x8e, 0xfb, 0xff, 0x8e, 0xfb, 0xff, 0x2e, 0x1b, 0xff, 0x2e, 0x1b, 0xff, 0x2e, 0x1b,
  0xff, 0x2e, 0x1b, 0xff, 0x2e, 0x1b, 0xff, 0x2e, 0x1b, 0xff, 0x2e, 0x1b, 0xff, 0x2e, 0x1b, 0xff,
  0x2e, 0x1b, 0xff, 0x2e, 0x1b, 0xff, 0x3f, 0x65, 0xff, 0x3f, 0x65, 0xff, 0x3f, 0x65, 0xff, 0x3f,
  0x65, 0xff, 0x3f, 0x65, 0xff, 0x3f, 0x65, 0xff, 0x3f, 0x65, 0xff, 0x3f, 0x65, 0xff, 0x3f, 0x65,
  0xff, 0x3f, 0x65, 0xff, 0x3f, 0x65, 0xff, 0x3f, 0x65, 0xff, 0x3f, 0x65, 0xff, 0x3f, 0x65, 0xff,
  0x3f, 0x65, 0xff, 0x3f, 0x65, 0xff, 0xdf, 0xff, 0xdc, 0xdf, 0xff, 0xdc, 0xdf, 0xff, 0xdc, 0xdf,
  0xff, 0xdc, 0xdf, 0xff, 0xdc, 0xdf, 0xff, 0xdc, 0xdf, 0xff, 0xdc, 0xdf, 0xff, 0xdc, 0xdf, 0xff,
  0xdc, 0xdf, 0xff, 0xdc, 0xdf, 0xff, 0xdc, 0xdf, 0xff, 0xdc, 0xdf, 0xff, 0xdc, 0xdf, 0xff, 0xdc,
  0xdf, 0xff, 0xdc, 0xdf, 0xff, 0xdc, 0xdf, 0xff, 0xdc, 0xdf, 0xff, 0xdc, 0xdf, 0xff, 0xdc, 0xdf,
  0xff, 0xdc, 0xdf, 0xff, 0xdc, 0xdf, 0xff, 0xdc, 0xdf, 0xff, 0xdc, 0xdf, 0xff, 0xdc, 0xdf, 0xff,
  0xdc, 0xdf, 0xff, 0xdc, 0x6e, 0x1b, 0xff, 0x6e, 0x1b, 0xff, 0x6e, 0x1b, 0xff, 0x6e, 0x1b, 0xff,
  0x6e, 0x1b, 0xff, 0x6e, 0x1b, 0xff, 0x6e, 0x1b, 0xff, 0x6e, 0x1b, 0xff, 0x8e, 0x1b, 0xff, 0x8e,
  0x1b, 0xff, 0x26, 0x11, 0xfc, 0x26, 0x11, 0xd2, 0x26, 0x11, 0xa9, 0x26, 0x11, 0x7f, 0x26, 0x11,
  0x55, 0x26, 0x11, 0x2c, 0x26, 0x11, 0x02, 0x00, 0x00, 0x00, 0x00, 0x00, 0x00, 0x00, 0x00, 0x00,
  0x00, 0x00, 0x00, 0x00, 0x00, 0x00, 0x00, 0x00, 0x00, 0x00, 0x00, 0x00, 0x00, 0x00, 0x00, 0x26,
  0x11, 0x23, 0x26, 0x11, 0x4d, 0x26, 0x11, 0x76, 0x26, 0x11, 0xa0, 0x26, 0x11, 0xc9, 0x26, 0x11,
  0xf2, 0xee, 0x1a, 0xff, 0xee, 0x1a, 0xff, 0xee, 0x1a, 0xff, 0xee, 0x1a, 0xff, 0xee, 0x1a, 0xff,
  0xee, 0x1a, 0xff, 0xee, 0x1a, 0xff, 0x0e, 0x1b, 0xff, 0x0e, 0x1b, 0xff, 0x0e, 0x1b, 0xff, 0x0e,
  0x1b, 0xff, 0x0e, 0x1b, 0xff, 0x0e, 0x1b, 0xff, 0x0e, 0x1b, 0xff, 0x0e, 0x1b, 0xff, 0x0e, 0x1b,
  0xff, 0x0e, 0x1b, 0xff, 0x0e, 0x1b, 0xff, 0x0e, 0x1b, 0xff, 0x8e, 0xfb, 0xff, 0x8e, 0xfb, 0xff,
  0x8e, 0xfb, 0xff, 0xba, 0xff, 0xff, 0xba, 0xff, 0xff, 0xba, 0xff, 0xff, 0xba, 0xff, 0xff, 0x8e,
  0xfb, 0xff, 0x8e, 0xfb, 0xff, 0x8e, 0xfb, 0xff, 0x2e, 0x1b, 0xff, 0x2e, 0x1b, 0xff, 0x2e, 0x1b,
  0xff, 0x2e, 0x1b, 0xff, 0x2e, 0x1b, 0xff, 0x2e, 0x1b, 0xff, 0x2e, 0x1b, 0xff, 0x2e, 0x1b, 0xff,
  0x2e, 0x1b, 0xff, 0x2e, 0x1b, 0xff, 0x3f, 0x65, 0xff, 0x3f, 0x65, 0xff, 0x3f, 0x65, 0xff, 0x3f,
  0x65, 0xff, 0x3f, 0x65, 0xff, 0x3f, 0x65, 0xff, 0x3f, 0x65, 0xff, 0x3f, 0x65, 0xff, 0x3f, 0x65,
  0xff, 0x3f, 0x65, 0xff, 0x3f, 0x65, 0xff, 0x3f, 0x65, 0xff, 0x3f, 0x65, 0xff, 0x3f, 0x65, 0xff,
  0x3f, 0x65, 0xff, 0x3f, 0x65, 0xff, 0xdf, 0xff, 0xdc, 0xdf, 0xff, 0xdc, 0xdf, 0xff, 0xdc, 0xdf,
  0xff, 0xdc, 0xdf, 0xff, 0xdc, 0xdf, 0xff, 0xdc, 0xdf, 0xff, 0xdc, 0xdf, 0xff, 0xdc, 0xdf, 0xff,
  0xdc, 0xdf, 0xff, 0xdc, 0xdf, 0xff, 0xdc, 0xdf, 0xff, 0xdc, 0xdf, 0xff, 0xdc, 0xdf, 0xff, 0xdc,
  0xdf, 0xff, 0xdc, 0xdf, 0xff, 0xdc, 0xdf, 0xff, 0xdc, 0xdf, 0xff, 0xdc, 0xdf, 0xff, 0xdc, 0xdf,
  0xff, 0xdc, 0xdf, 0xff, 0xdc, 0xdf, 0xff, 0xdc, 0xdf, 0xff, 0xdc, 0xdf, 0xff, 0xdc, 0xdf, 0xff,
  0xdc, 0xdf, 0xff, 0xdc, 0x6e, 0x1b, 0xff, 0x6e, 0x1b, 0xff, 0x6e, 0x1b, 0xff, 0x6e, 0x1b, 0xff,
  0x6e, 0x1b, 0xff, 0x6e, 0x1b, 0xff, 0x6e, 0x1b, 0xff, 0x6e, 0x1b, 0xff, 0x8e, 0x1b, 0xff, 0x8e,
  0x1b, 0xff, 0x26, 0x11, 0xf2, 0x26, 0x11, 0xc9, 0x26, 0x11, 0xa0, 0x26, 0x11, 0x76, 0x26, 0x11,
  0x4d, 0x26, 0x11, 0x23, 0x00, 0x00, 0x00, 0x00, 0x00, 0x00, 0x00, 0x00, 0x00, 0x00, 0x00, 0x00,
  0x00, 0x00, 0x00, 0x00, 0x00, 0x00, 0x00, 0x00, 0x00, 0x00, 0x00, 0x00, 0x00, 0x00, 0x00, 0x26,
  0x11, 0x1a, 0x26, 0x11, 0x43, 0x26, 0x11, 0x6c, 0x26, 0x11, 0x96, 0x26, 0x11, 0xbf, 0x26, 0x11,
  0xe8, 0xee, 0x1a, 0xff, 0xee, 0x1a, 0xff, 0xee, 0x1a, 0xff, 0xee, 0x1a, 0xff, 0xee, 0x1a, 0xff,
  0xee, 0x1a, 0xff, 0xee, 0x1a, 0xff, 0x0e, 0x1b, 0xff, 0x0e, 0x1b, 0xff, 0x0e, 0x1b, 0xff, 0x0e,
  0x1b, 0xff, 0x0e, 0x1b, 0xff, 0x0e, 0x1b, 0xff, 0x0e, 0x1b, 0xff, 0x0e, 0x1b, 0xff, 0x0e, 0x1b,
  0xff, 0x0e, 0x1b, 0xff, 0x8e, 0xfb, 0xff, 0x8e, 0xfb, 0xff, 0x8e, 0xfb, 0xff, 0x8e, 0xfb, 0xff,
  0x8e, 0xfb, 0xff, 0xba, 0xff, 0xff, 0xba, 0xff, 0xff, 0xba, 0xff, 0xff, 0xba, 0xff, 0xff, 0x8e,
  0xfb, 0xff, 0x8e, 0xfb, 0xff, 0x8e, 0xfb, 0xff, 0x8e, 0xfb, 0xff, 0x2e, 0x1b, 0xff, 0x2e, 0x1b,
  0xff, 0x2e, 0x1b, 0xff, 0x2e, 0x1b, 0xff, 0x2e, 0x1b, 0xff, 0x2e, 0x1b, 0xff, 0x2e, 0x1b, 0xff,
  0x2e, 0x1b, 0xff, 0x2e, 0x1b, 0xff, 0x3f, 0x65, 0xff, 0x3f, 0x65, 0xff, 0x3f, 0x65, 0xff, 0x3f,
  0x65, 0xff, 0x3f, 0x65, 0xff, 0x3f, 0x65, 0xff, 0x3f, 0x65, 0xff, 0x3f, 0x65, 0xff, 0x3f, 0x65,
  0xff, 0x3f, 0x65, 0xff, 0x3f, 0x65, 0xff, 0x3f, 0x65, 0xff, 0x3f, 0x65, 0xff, 0x3f, 0x65, 0xff,
  0x3f, 0x65, 0xff, 0x3f, 0x65, 0xff, 0xdf, 0xff, 0xdc, 0xdf, 0xff, 0xdc, 0xdf, 0xff, 0xdc, 0xdf,
  0xff, 0xdc, 0xdf, 0xff, 0xdc, 0xdf, 0xff, 0xdc, 0xdf, 0xff, 0xdc, 0xdf, 0xff, 0xdc, 0xdf, 0xff,
  0xdc, 0xdf, 0xff, 0xdc, 0xdf, 0xff, 0xdc, 0xdf, 0xff, 0xdc, 0xdf, 0xff, 0xdc, 0xdf, 0xff, 0xdc,
  0xdf, 0xff, 0xdc, 0xdf, 0xff, 0xdc, 0xdf, 0xff, 0xdc, 0xdf, 0xff, 0xdc, 0xdf, 0xff, 0xdc, 0xdf,
  0xff, 0xdc, 0xdf, 0xff, 0xdc, 0xdf, 0xff, 0xdc, 0xdf, 0xff, 0xdc, 0xdf, 0xff, 0xdc, 0xdf, 0xff,
  0xdc, 0xdf, 0xff, 0xdc, 0x6e, 0x1b, 0xff, 0x6e, 0x1b, 0xff, 0x6e, 0x1b, 0xff, 0x6e, 0x1b, 0xff,
  0x6e, 0x1b, 0xff, 0x6e, 0x1b, 0xff, 0x6e, 0x1b, 0xff, 0x6e, 0x1b, 0xff, 0x8e, 0x1b, 0xff, 0x8e,
  0x1b, 0xff, 0x26, 0x11, 0xe8, 0x26, 0x11, 0xbf, 0x26, 0x11, 0x96, 0x26, 0x11, 0x6c, 0x26, 0x11,
  0x43, 0x26, 0x11, 0x1a, 0x00, 0x00, 0x00, 0x00, 0x00, 0x00, 0x00, 0x00, 0x00, 0x00, 0x00, 0x00,
  0x00, 0x00, 0x00, 0x00, 0x00, 0x00, 0x00, 0x00, 0x00, 0x00, 0x00, 0x00, 0x00, 0x00, 0x00, 0x26,
  0x11, 0x10, 0x26, 0x11, 0x39, 0x26, 0x11, 0x62, 0x26, 0x11, 0x8b, 0x26, 0x11, 0xb4, 0x26, 0x11,
  0xdd, 0xee, 0x1a, 0xff, 0xee, 0x1a, 0xff, 0xee, 0x1a, 0xff, 0xee, 0x1a, 0xff, 0xee, 0x1a, 0xff,
  0xee, 0x1a, 0xff, 0xee, 0x1a, 0xff, 0x0e, 0x1b, 0xff, 0x0e, 0x1b, 0xff, 0x0e, 0x1b, 0xff, 0x0e,
  0x1b, 0xff, 0x0e, 0x1b, 0xff, 0x0e, 0x1b, 0xff, 0x0e, 0x1b, 0xff, 0x0e, 0x1b, 0xff, 0x0e, 0x1b,
  0xff, 0x8e, 0xfb, 0xff, 0x8e, 0xfb, 0xff, 0x8e, 0xfb, 0xff, 0x8e, 0xfb, 0xff, 0x8e, 0xfb, 0xff,
  0x8e, 0xfb, 0xff, 0xba, 0xff, 0xff, 0xba, 0xff, 0xff, 0xba, 0xff, 0xff, 0xba, 0xff, 0xff, 0x8e,
  0xfb, 0xff, 0x8e, 0xfb, 0xff, 0x8e, 0xfb, 0xff, 0x8e, 0xfb, 0xff, 0x8e, 0xfb, 0xff, 0x2e, 0x1b,
  0xff, 0x2e, 0x1b, 0xff, 0x2e, 0x1b, 0xff, 0x2e, 0x1b, 0xff, 0x2e, 0x1b, 0xff, 0x2e, 0x1b, 0xff,
  0x2e, 0x1b, 0xff, 0x2e, 0x1b, 0xff, 0x3f, 0x65, 0xff, 0x3f, 0x65, 0xff, 0x3f, 0x65, 0xff, 0x3f,
  0x65, 0xff, 0x3f, 0x65, 0xff, 0x3f, 0x65, 0xff, 0x3f, 0x65, 0xff, 0x3f, 0x65, 0xff, 0x3f, 0x65,
  0xff, 0x3f, 0x65, 0xff, 0x3f, 0x65, 0xff, 0x3f, 0x65, 0xff, 0x3f, 0x65, 0xff, 0x3f, 0x65, 0xff,
  0x3f, 0x65, 0xff, 0x3f, 0x65, 0xff, 0x3f, 0x65, 0xff, 0x3f, 0x65, 0xff, 0x3f, 0x65, 0xff, 0x3f,
  0x65, 0xff, 0x3f, 0x65, 0xff, 0x3f, 0x65, 0xff, 0x3f, 0x65, 0xff, 0x3f, 0x65, 0xff, 0x3f, 0x65,
  0xff, 0x3f, 0x65, 0xff, 0x3f, 0x65, 0xff, 0x3f, 0x65, 0xff, 0x3f, 0x65, 0xff, 0x6e, 0x1b, 0xff,
  0x6e, 0x1b, 0xff, 0x6e, 0x1b, 0xff, 0x6e, 0x1b, 0xff, 0x6e, 0x1b, 0xff, 0x6e, 0x1b, 0xff, 0x6e,
  0x1b, 0xff, 0x6e, 0x1b, 0xff, 0x6e, 0x1b, 0xff, 0x6e, 0x1b, 0xff, 0x6e, 0x1b, 0xff, 0x6e, 0x1b,
  0xff, 0x6e, 0x1b, 0xff, 0x6e, 0x1b, 0xff, 0x6e, 0x1b, 0xff, 0x6e, 0x1b, 0xff, 0x6e, 0x1b, 0xff,
  0x6e, 0x1b, 0xff, 0x6e, 0x1b, 0xff, 0x6e, 0x1b, 0xff, 0x6e, 0x1b, 0xff, 0x8e, 0x1b, 0xff, 0x8e,
  0x1b, 0xff, 0x26, 0x11, 0xdd, 0x26, 0x11, 0xb4, 0x26, 0x11, 0x8b, 0x26, 0x11, 0x62, 0x26, 0x11,
  0x39, 0x26, 0x11, 0x10, 0x00, 0x00, 0x00, 0x00, 0x00, 0x00, 0x00, 0x00, 0x00, 0x00, 0x00, 0x00,
  0x00, 0x00, 0x00, 0x00, 0x00, 0x00, 0x00, 0x00, 0x00, 0x00, 0x00, 0x00, 0x00, 0x00, 0x00, 0x26,
  0x11, 0x05, 0x26, 0x11, 0x2e, 0x26, 0x11, 0x57, 0x26, 0x11, 0x80, 0x26, 0x11, 0xa8, 0x26, 0x11,
  0xd1, 0x26, 0x11, 0xfa, 0xee, 0x1a, 0xff, 0xee, 0x1a, 0xff, 0xee, 0x1a, 0xff, 0xee, 0x1a, 0xff,
  0xee, 0x1a, 0xff, 0xee, 0x1a, 0xff, 0x0e, 0x1b, 0xff, 0x0e, 0x1b, 0xff, 0x0e, 0x1b, 0xff, 0x0e,
  0x1b, 0xff, 0x0e, 0x1b, 0xff, 0x0e, 0x1b, 0xff, 0x0e, 0x1b, 0xff, 0x0e, 0x1b, 0xff, 0x8e, 0xfb,
  0xff, 0x8e, 0xfb, 0xff, 0x8e, 0xfb, 0xff, 0x8e, 0xfb, 0xff, 0x8e, 0xfb, 0xff, 0x8e, 0xfb, 0xff,
  0x8e, 0xfb, 0xff, 0xba, 0xff, 0xff, 0xba, 0xff, 0xff, 0xba, 0xff, 0xff, 0xba, 0xff, 0xff, 0x8e,
  0xfb, 0xff, 0x8e, 0xfb, 0xff, 0x8e, 0xfb, 0xff, 0x8e, 0xfb, 0xff, 0x8e, 0xfb, 0xff, 0x8e, 0xfb,
  0xff, 0x2e, 0x1b, 0xff, 0x2e, 0x1b, 0xff, 0x2e, 0x1b, 0xff, 0x2e, 0x1b, 0xff, 0x2e, 0x1b, 0xff,
  0x2e, 0x1b, 0xff, 0x2e, 0x1b, 0xff, 0x3f, 0x65, 0xff, 0x3f, 0x65, 0xff, 0x3f, 0x65, 0xff, 0x3f,
  0x65, 0xff, 0x3f, 0x65, 0xff, 0x3f, 0x65, 0xff, 0x3f, 0x65, 0xff, 0x3f, 0x65, 0xff, 0x3f, 0x65,
  0xff, 0x3f, 0x65, 0xff, 0x3f, 0x65, 0xff, 0x3f, 0x65, 0xff, 0x3f, 0x65, 0xff, 0x3f, 0x65, 0xff,
  0x3f, 0x65, 0xff, 0x3f, 0x65, 0xff, 0x3f, 0x65, 0xff, 0x3f, 0x65, 0xff, 0x3f, 0x65, 0xff, 0x3f,
  0x65, 0xff, 0x3f, 0x65, 0xff, 0x3f, 0x65, 0xff, 0x3f, 0x65, 0xff, 0x3f, 0x65, 0xff, 0x3f, 0x65,
  0xff, 0x3f, 0x65, 0xff, 0x3f, 0x65, 0xff, 0x3f, 0x65, 0xff, 0x3f, 0x65, 0xff, 0x6e, 0x1b, 0xff,
  0x6e, 0x1b, 0xff, 0x6e, 0x1b, 0xff, 0x6e, 0x1b, 0xff, 0x6e, 0x1b, 0xff, 0x6e, 0x1b, 0xff, 0x6e,
  0x1b, 0xff, 0x6e, 0x1b, 0xff, 0x6e, 0x1b, 0xff, 0x6e, 0x1b, 0xff, 0x6e, 0x1b, 0xff, 0x6e, 0x1b,
  0xff, 0x6e, 0x1b, 0xff, 0x6e, 0x1b, 0xff, 0x6e, 0x1b, 0xff, 0x6e, 0x1b, 0xff, 0x6e, 0x1b, 0xff,
  0x6e, 0x1b, 0xff, 0x6e, 0x1b, 0xff, 0x6e, 0x1b, 0xff, 0x6e, 0x1b, 0xff, 0x8e, 0x1b, 0xff, 0x26,
  0x11, 0xfa, 0x26, 0x11, 0xd1, 0x26, 0x11, 0xa8, 0x26, 0x11, 0x80, 0x26, 0x11, 0x57, 0x26, 0x11,
  0x2e, 0x26, 0x11, 0x05, 0x00, 0x00, 0x00, 0x00, 0x00, 0x00, 0x00, 0x00, 0x00, 0x00, 0x00, 0x00,
  0x00, 0x00, 0x00, 0x00, 0x00, 0x00, 0x00, 0x00, 0x00, 0x00, 0x00, 0x00, 0x00, 0x00, 0x00, 0x00,
  0x00, 0x00, 0x26, 0x11, 0x22, 0x26, 0x11, 0x4b, 0x26, 0x11, 0x73, 0x26, 0x11, 0x9c, 0x26, 0x11,
  0xc4, 0x26, 0x11, 0xed, 0xee, 0x1a, 0xff, 0xee, 0x1a, 0xff, 0xee, 0x1a, 0xff, 0xee, 0x1a, 0xff,
  0xee, 0x1a, 0xff, 0xee, 0x1a, 0xff, 0x0e, 0x1b, 0xff, 0x0e, 0x1b, 0xff, 0x0e, 0x1b, 0xff, 0x0e,
  0x1b, 0xff, 0x0e, 0x1b, 0xff, 0x0e, 0x1b, 0xff, 0x0e, 0x1b, 0xff, 0x8e, 0xfb, 0xff, 0x8e, 0xfb,
  0xff, 0x8e, 0xfb, 0xff, 0x8e, 0xfb, 0xff, 0x8e, 0xfb, 0xff, 0x8e, 0xfb, 0xff, 0x8e, 0xfb, 0xff,
  0x8e, 0xfb, 0xff, 0x8e, 0xfb, 0xff, 0x8e, 0xfb, 0xff, 0x8e, 0xfb, 0xff, 0x8e, 0xfb, 0xff, 0x8e,
  0xfb, 0xff, 0x8e, 0xfb, 0xff, 0x8e, 0xfb, 0xff, 0x8e, 0xfb, 0xff, 0x8e, 0xfb, 0xff, 0x8e, 0xfb,
  0xff, 0x8e, 0xfb, 0xff, 0x2e, 0x1b, 0xff, 0x2e, 0x1b, 0xff, 0x2e, 0x1b, 0xff, 0x2e, 0x1b, 0xff,
  0x2e, 0x1b, 0xff, 0x2e, 0x1b, 0xff, 0x3f, 0x65, 0xff, 0x3f, 0x65, 0xff, 0x3f, 0x65, 0xff, 0x3f,
  0x65, 0xff, 0x3f, 0x65, 0xff, 0x3f, 0x65, 0xff, 0x3f, 0x65, 0xff, 0x3f, 0x65, 0xff, 0x3f, 0x65,
  0xff, 0x3f, 0x65, 0xff, 0x3f, 0x65, 0xff, 0x3f, 0x65, 0xff, 0x3f, 0x65, 0xff, 0x3f, 0x65, 0xff,
  0x3f, 0x65, 0xff, 0x3f, 0x65, 0xff, 0x3f, 0x65, 0xff, 0x3f, 0x65, 0xff, 0x3f, 0x65, 0xff, 0x3f,
  0x65, 0xff, 0x3f, 0x65, 0xff, 0x3f, 0x65, 0xff, 0x3f, 0x65, 0xff, 0x3f, 0x65, 0xff, 0x3f, 0x65,
  0xff, 0x3f, 0x65, 0xff, 0x3f, 0x65, 0xff, 0x3f, 0x65, 0xff, 0x3f, 0x65, 0xff, 0x6e, 0x1b, 0xff,
  0x6e, 0x1b, 0xff, 0x6e, 0x1b, 0xff, 0x6e, 0x1b, 0xff, 0x6e, 0x1b, 0xff, 0x6e, 0x1b, 0xff, 0x6e,
  0x1b, 0xff, 0x6e, 0x1b, 0xff, 0x6e, 0x1b, 0xff, 0x6e, 0x1b, 0xff, 0x6e, 0x1b, 0xff, 0x6e, 0x1b,
  0xff, 0x6e, 0x1b, 0xff, 0x6e, 0x1b, 0xff, 0x6e, 0x1b, 0xff, 0x6e, 0x1b, 0xff, 0x6e, 0x1b, 0xff,
  0x6e, 0x1b, 0xff, 0x6e, 0x1b, 0xff, 0x6e, 0x1b, 0xff, 0x6e, 0x1b, 0xff, 0x8e, 0x1b, 0xff, 0x26,
  0x11, 0xed, 0x26, 0x11, 0xc4, 0x26, 0x11, 0x9c, 0x26, 0x11, 0x73, 0x26, 0x11, 0x4b, 0x26, 0x11,
  0x22, 0x00, 0x00, 0x00, 0x00, 0x00, 0x00, 0x00, 0x00, 0x00, 0x00, 0x00, 0x00, 0x00, 0x00, 0x00,
  0x00, 0x00, 0x00, 0x00, 0x00, 0x00, 0x00, 0x00, 0x00, 0x00, 0x00, 0x00, 0x00, 0x00, 0x00, 0x00,
  0x00, 0x00, 0x26, 0x11, 0x15, 0x26, 0x11, 0x3e, 0x26, 0x11, 0x66, 0x26, 0x11, 0x8e, 0x26, 0x11,
  0xb7, 0x26, 0x11, 0xdf, 0xee, 0x1a, 0xff, 0xee, 0x1a, 0xff, 0xee, 0x1a, 0xff, 0xee, 0x1a, 0xff,
  0xee, 0x1a, 0xff, 0xee, 0x1a, 0xff, 0x0e, 0x1b, 0xff, 0x0e, 0x1b, 0xff, 0x0e, 0x1b, 0xff, 0x0e,
  0x1b, 0xff, 0x0e, 0x1b, 0xff, 0x0e, 0x1b, 0xff, 0x8e, 0xfb, 0xff, 0x8e, 0xfb, 0xff, 0x8e, 0xfb,
  0xff, 0x8e, 0xfb, 0xff, 0x8e, 0xfb, 0xff, 0x8e, 0xfb, 0xff, 0x8e, 0xfb, 0xff, 0x8e, 0xfb, 0xff,
  0x8e, 0xfb, 0xff, 0x8e, 0xfb, 0xff, 0x8e, 0xfb, 0xff, 0x8e, 0xfb, 0xff, 0x8e, 0xfb, 0xff, 0x8e,
  0xfb, 0xff, 0x8e, 0xfb, 0xff, 0x8e, 0xfb, 0xff, 0x8e, 0xfb, 0xff, 0x8e, 0xfb, 0xff, 0x8e, 0xfb,
  0xff, 0x8e, 0xfb, 0xff, 0x8e, 0xfb, 0xff, 0x2e, 0x1b, 0xff, 0x2e, 0x1b, 0xff, 0x2e, 0x1b, 0xff,
  0x2e, 0x1b, 0xff, 0x2e, 0x1b, 0xff, 0x3f, 0x65, 0xff, 0x3f, 0x65, 0xff, 0x3f, 0x65, 0xff, 0x3f,
  0x65, 0xff, 0x3f, 0x65, 0xff, 0x3f, 0x65, 0xff, 0x3f, 0x65, 0xff, 0x3f, 0x65, 0xff, 0x3f, 0x65,
  0xff, 0x3f, 0x65, 0xff, 0x3f, 0x65, 0xff, 0x3f, 0x65, 0xff, 0x3f, 0x65, 0xff, 0x3f, 0x65, 0xff,
  0x3f, 0x65, 0xff, 0x3f, 0x65, 0xff, 0x3f, 0x65, 0xff, 0x3f, 0x65, 0xff, 0x3f, 0x65, 0xff, 0x3f,
  0x65, 0xff, 0x3f, 0x65, 0xff, 0x3f, 0x65, 0xff, 0x3f, 0x65, 0xff, 0x3f, 0x65, 0xff, 0x3f, 0x65,
  0xff, 0x3f, 0x65, 0xff, 0x3f, 0x65, 0xff, 0x3f, 0x65, 0xff, 0x3f, 0x65, 0xff, 0x6e, 0x1b, 0xff,
  0x6e, 0x1b, 0xff, 0x6e, 0x1b, 0xff, 0x6e, 0x1b, 0xff, 0x6e, 0x1b, 0xff, 0x6e, 0x1b, 0xff, 0x6e,
  0x1b, 0xff, 0x6e, 0x1b, 0xff, 0x6e, 0x1b, 0xff, 0x6e, 0x1b, 0xff, 0x6e, 0x1b, 0xff, 0x6e, 0x1b,
  0xff, 0x6e, 0x1b, 0xff, 0x6e, 0x1b, 0xff, 0x6e, 0x1b, 0xff, 0x6e, 0x1b, 0xff, 0x6e, 0x1b, 0xff,
  0x6e, 0x1b, 0xff, 0x6e, 0x1b, 0xff, 0x6e, 0x1b, 0xff, 0x6e, 0x1b, 0xff, 0x8e, 0x1b, 0xff, 0x26,
  0x11, 0xdf, 0x26, 0x11, 0xb7, 0x26, 0x11, 0x8e, 0x26, 0x11, 0x66, 0x26, 0x11, 0x3e, 0x26, 0x11,
  0x15, 0x00, 0x00, 0x00, 0x00, 0x00, 0x00, 0x00, 0x00, 0x00, 0x00, 0x00, 0x00, 0x00, 0x00, 0x00,
  0x00, 0x00, 0x00, 0x00, 0x00, 0x00, 0x00, 0x00, 0x00, 0x00, 0x00, 0x00, 0x00, 0x00, 0x00, 0x00,
  0x00, 0x00, 0x26, 0x11, 0x08, 0x26, 0x11, 0x30, 0x26, 0x11, 0x58, 0x26, 0x11, 0x80, 0x26, 0x11,
  0xa8, 0x26, 0x11, 0xd0, 0x26, 0x11, 0xf8, 0xee, 0x1a, 0xff, 0xee, 0x1a, 0xff, 0xee, 0x1a, 0xff,
  0xee, 0x1a, 0xff, 0xee, 0x1a, 0xff, 0x0e, 0x1b, 0xff, 0x0e, 0x1b, 0xff, 0x0e, 0x1b, 0xff, 0x0e,
  0x1b, 0xff, 0x0e, 0x1b, 0xff, 0x0e, 0x1b, 0xff, 0x8e, 0xfb, 0xff, 0x8e, 0xfb, 0xff, 0x8e, 0xfb,
  0xff, 0x8e, 0xfb, 0xff, 0x8e, 0xfb, 0xff, 0x8e, 0xfb, 0xff, 0x8e, 0xfb, 0xff, 0x8e, 0xfb, 0xff,
  0x8e, 0xfb, 0xff, 0x8e, 0xfb, 0xff, 0x8e, 0xfb, 0xff, 0x8e, 0xfb, 0xff, 0x8e, 0xfb, 0xff, 0x8e,
  0xfb, 0xff, 0x8e, 0xfb, 0xff, 0x8e, 0xfb, 0xff, 0x8e, 0xfb, 0xff, 0x8e, 0xfb, 0xff, 0x8e, 0xfb,
  0xff, 0x8e, 0xfb, 0xff, 0x8e, 0xfb, 0xff, 0x2e, 0x1b, 0xff, 0x2e, 0x1b, 0xff, 0x2e, 0x1b, 0xff,
  0x2e, 0x1b, 0xff, 0x2e, 0x1b, 0xff, 0x3f, 0x65, 0xff, 0x3f, 0x65, 0xff, 0x3f, 0x65, 0xff, 0x3f,
  0x65, 0xff, 0x3f, 0x65, 0xff, 0x3f, 0x65, 0xff, 0x3f, 0x65, 0xff, 0x3f, 0x65, 0xff, 0x3f, 0x65,
  0xff, 0x3f, 0x65, 0xff, 0x3f, 0x65, 0xff, 0x3f, 0x65, 0xff, 0x3f, 0x65, 0xff, 0x3f, 0x65, 0xff,
  0x3f, 0x65, 0xff, 0x3f, 0x65, 0xff, 0x3f, 0x65, 0xff, 0x3f, 0x65, 0xff, 0x3f, 0x65, 0xff, 0x3f,
  0x65, 0xff, 0x3f, 0x65, 0xff, 0x3f, 0x65, 0xff, 0x3f, 0x65, 0xff, 0x3f, 0x65, 0xff, 0x3f, 0x65,
  0xff, 0x3f, 0x65, 0xff, 0x3f, 0x65, 0xff, 0x3f, 0x65, 0xff, 0x3f, 0x65, 0xff, 0x6e, 0x1b, 0xff,
  0x6e, 0x1b, 0xff, 0x6e, 0x1b, 0xff, 0x6e, 0x1b, 0xff, 0x6e, 0x1b, 0xff, 0x6e, 0x1b, 0xff, 0x6e,
  0x1b, 0xff, 0x6e, 0x1b, 0xff, 0x6e, 0x1b, 0xff, 0x6e, 0x1b, 0xff, 0x6e, 0x1b, 0xff, 0x6e, 0x1b,
  0xff, 0x6e, 0x1b, 0xff, 0x6e, 0x1b, 0xff, 0x6e, 0x1b, 0xff, 0x6e, 0x1b, 0xff, 0x6e, 0x1b, 0xff,
  0x6e, 0x1b, 0xff, 0x6e, 0x1b, 0xff, 0x6e, 0x1b, 0xff, 0x6e, 0x1b, 0xff, 0x26, 0x11, 0xf8, 0x26,
  0x11, 0xd0, 0x26, 0x11, 0xa8, 0x26, 0x11, 0x80, 0x26, 0x11, 0x58, 0x26, 0x11, 0x30, 0x26, 0x11,
  0x08, 0x00, 0x00, 0x00, 0x00, 0x00, 0x00, 0x00, 0x00, 0x00, 0x00, 0x00, 0x00, 0x00, 0x00, 0x00,
  0x00, 0x00, 0x00, 0x00, 0x00, 0x00, 0x00, 0x00, 0x00, 0x00, 0x00, 0x00, 0x00, 0x00, 0x00, 0x00,
  0x00, 0x00, 0x00, 0x00, 0x00, 0x26, 0x11, 0x22, 0x26, 0x11, 0x4a, 0x26, 0x11, 0x72, 0x26, 0x11,
  0x99, 0x26, 0x11, 0xc1, 0x26, 0x11, 0xe8, 0xee, 0x1a, 0xff, 0xee, 0x1a, 0xff, 0xee, 0x1a, 0xff,
  0xee, 0x1a, 0xff, 0xee, 0x1a, 0xff, 0x0e, 0x1b, 0xff, 0x0e, 0x1b, 0xff, 0x0e, 0x1b, 0xff, 0x0e,
  0x1b, 0xff, 0x0e, 0x1b, 0xff, 0x8e, 0xfb, 0xff, 0x8e, 0xfb, 0xff, 0x8e, 0xfb, 0xff, 0x8e, 0xfb,
  0xff, 0x8e, 0xfb, 0xff, 0x8e, 0xfb, 0xff, 0x8e, 0xfb, 0xff, 0x8e, 0xfb, 0xff, 0x8e, 0xfb, 0xff,
  0x8e, 0xfb, 0xff, 0x8e, 0xfb, 0xff, 0x8e, 0xfb, 0xff, 0x8e, 0xfb, 0xff, 0x8e, 0xfb, 0xff, 0x8e,
  0xfb, 0xff, 0x8e, 0xfb, 0xff, 0x8e, 0xfb, 0xff, 0x8e, 0xfb, 0xff, 0x8e, 0xfb, 0xff, 0x8e, 0xfb,
  0xff, 0x8e, 0xfb, 0xff, 0x8e, 0xfb, 0xff, 0x8e, 0xfb, 0xff, 0x2e, 0x1b, 0xff, 0x2e, 0x1b, 0xff,
  0x2e, 0x1b, 0xff, 0x2e, 0x1b, 0xff, 0x3f, 0x65, 0xff, 0x3f, 0x65, 0xff, 0x3f, 0x65, 0xff, 0x3f,
  0x65, 0xff, 0x3f, 0x65, 0xff, 0x3f, 0x65, 0xff, 0x3f, 0x65, 0xff, 0x3f, 0x65, 0xff, 0x3f, 0x65,
  0xff, 0x3f, 0x65, 0xff, 0x3f, 0x65, 0xff, 0x3f, 0x65, 0xff, 0x3f, 0x65, 0xff, 0x3f, 0x65, 0xff,
  0x3f, 0x65, 0xff, 0x3f, 0x65, 0xff, 0x3f, 0x65, 0xff, 0x3f, 0x65, 0xff, 0x3f, 0x65, 0xff, 0x3f,
  0x65, 0xff, 0x3f, 0x65, 0xff, 0x3f, 0x65, 0xff, 0x3f, 0x65, 0xff, 0x3f, 0x65, 0xff, 0x3f, 0x65,
  0xff, 0x3f, 0x65, 0xff, 0x3f, 0x65, 0xff, 0x3f, 0x65, 0xff, 0x3f, 0x65, 0xff, 0x6e, 0x1b, 0xff,
  0x6e, 0x1b, 0xff, 0x6e, 0x1b, 0xff, 0x6e, 0x1b, 0xff, 0x6e, 0x1b, 0xff, 0x6e, 0x1b, 0xff, 0x6e,
  0x1b, 0xff, 0x6e, 0x1b, 0xff, 0x6e, 0x1b, 0xff, 0x6e, 0x1b, 0xff, 0x6e, 0x1b, 0xff, 0x6e, 0x1b,
  0xff, 0x6e, 0x1b, 0xff, 0x6e, 0x1b, 0xff, 0x6e, 0x1b, 0xff, 0x6e, 0x1b, 0xff, 0x6e, 0x1b, 0xff,
  0x6e, 0x1b, 0xff, 0x6e, 0x1b, 0xff, 0x6e, 0x1b, 0xff, 0x6e, 0x1b, 0xff, 0x26, 0x11, 0xe8, 0x26,
  0x11, 0xc1, 0x26, 0x11, 0x99, 0x26, 0x11, 0x72, 0x26, 0x11, 0x4a, 0x26, 0x11, 0x22, 0x00, 0x00,
  0x00, 0x00, 0x00, 0x00, 0x00, 0x00, 0x00, 0x00, 0x00, 0x00, 0x00, 0x00, 0x00, 0x00, 0x00, 0x00,
  0x00, 0x00, 0x00, 0x00, 0x00, 0x00, 0x00, 0x00, 0x00, 0x00, 0x00, 0x00, 0x00, 0x00, 0x00, 0x00,
  0x00, 0x00, 0x00, 0x00, 0x00, 0x26, 0x11, 0x13, 0x26, 0x11, 0x3a, 0x26, 0x11, 0x62, 0x26, 0x11,
  0x89, 0x26, 0x11, 0xb1, 0x26, 0x11, 0xd8, 0x26, 0x11, 0xff, 0xee, 0x1a, 0xff, 0xee, 0x1a, 0xff,
  0xee, 0x1a, 0xff, 0xee, 0x1a, 0xff, 0x0e, 0x1b, 0xff, 0x0e, 0x1b, 0xff, 0x0e, 0x1b, 0xff, 0x0e,
  0x1b, 0xff, 0x0e, 0x1b, 0xff, 0x8e, 0xfb, 0xff, 0x8e, 0xfb, 0xff, 0x8e, 0xfb, 0xff, 0x8e, 0xfb,
  0xff, 0x8e, 0xfb, 0xff, 0x8e, 0xfb, 0xff, 0x8e, 0xfb, 0xff, 0x8e, 0xfb, 0xff, 0x8e, 0xfb, 0xff,
  0x8e, 0xfb, 0xff, 0x8e, 0xfb, 0xff, 0x8e, 0xfb, 0xff, 0x8e, 0xfb, 0xff, 0x8e, 0xfb, 0xff, 0x8e,
  0xfb, 0xff, 0x8e, 0xfb, 0xff, 0x8e, 0xfb, 0xff, 0x8e, 0xfb, 0xff, 0x8e, 0xfb, 0xff, 0x8e, 0xfb,
  0xff, 0x8e, 0xfb, 0xff, 0x8e, 0xfb, 0xff, 0x8e, 0xfb, 0xff, 0x2e, 0x1b, 0xff, 0x2e, 0x1b, 0xff,
  0x2e, 0x1b, 0xff, 0x2e, 0x1b, 0xff, 0x3f, 0x65, 0xff, 0x3f, 0x65, 0xff, 0x3f, 0x65, 0xff, 0x3f,
  0x65, 0xff, 0x3f, 0x65, 0xff, 0x3f, 0x65, 0xff, 0x3f, 0x65, 0xff, 0x3f, 0x65, 0xff, 0x3f, 0x65,
  0xff, 0x3f, 0x65, 0xff, 0x3f, 0x65, 0xff, 0x3f, 0x65, 0xff, 0x3f, 0x65, 0xff, 0x3f, 0x65, 0xff,
  0x3f, 0x65, 0xff, 0x3f, 0x65, 0xff, 0x3f, 0x65, 0xff, 0x3f, 0x65, 0xff, 0x3f, 0x65, 0xff, 0x3f,
  0x65, 0xff, 0x3f, 0x65, 0xff, 0x3f, 0x65, 0xff, 0x3f, 0x65, 0xff, 0x3f, 0x65, 0xff, 0x3f, 0x65,
  0xff, 0x3f, 0x65, 0xff, 0x3f, 0x65, 0xff, 0x3f, 0x65, 0xff, 0x3f, 0x65, 0xff, 0x6e, 0x1b, 0xff,
  0x6e, 0x1b, 0xff, 0x6e, 0x1b, 0xff, 0x6e, 0x1b, 0xff, 0x6e, 0x1b, 0xff, 0x6e, 0x1b, 0xff, 0x6e,
  0x1b, 0xff, 0x6e, 0x1b, 0xff, 0x6e, 0x1b, 0xff, 0x6e, 0x1b, 0xff, 0x6e, 0x1b, 0xff, 0x6e, 0x1b,
  0xff, 0x6e, 0x1b, 0xff, 0x6e, 0x1b, 0xff, 0x6e, 0x1b, 0xff, 0x6e, 0x1b, 0xff, 0x6e, 0x1b, 0xff,
  0x6e, 0x1b, 0xff, 0x6e, 0x1b, 0xff, 0x6e, 0x1b, 0xff, 0x26, 0x11, 0xff, 0x26, 0x11, 0xd8, 0x26,
  0x11, 0xb1, 0x26, 0x11, 0x89, 0x26, 0x11, 0x62, 0x26, 0x11, 0x3a, 0x26, 0x11, 0x13, 0x00, 0x00,
  0x00, 0x00, 0x00, 0x00, 0x00, 0x00, 0x00, 0x00, 0x00, 0x00, 0x00, 0x00, 0x00, 0x00, 0x00, 0x00,
  0x00, 0x00, 0x00, 0x00, 0x00, 0x00, 0x00, 0x00, 0x00, 0x00, 0x00, 0x00, 0x00, 0x00, 0x00, 0x00,
  0x00, 0x00, 0x00, 0x00, 0x00, 0x26, 0x11, 0x03, 0x26, 0x11, 0x2b, 0x26, 0x11, 0x52, 0x26, 0x11,
  0x79, 0x26, 0x11, 0xa0, 0x26, 0x11, 0xc6, 0x26, 0x11, 0xed, 0xee, 0x1a, 0xff, 0xee, 0x1a, 0xff,
  0xee, 0x1a, 0xff, 0xee, 0x1a, 0xff, 0x0e, 0x1b, 0xff, 0x0e, 0x1b, 0xff, 0x0e, 0x1b, 0xff, 0x0e,
  0x1b, 0xff, 0x0e, 0x1b, 0xff, 0x8e, 0xfb, 0xff, 0x8e, 0xfb, 0xff, 0x8e, 0xfb, 0xff, 0x8e, 0xfb,
  0xff, 0x8e, 0xfb, 0xff, 0x8e, 0xfb, 0xff, 0x8e, 0xfb, 0xff, 0x8e, 0xfb, 0xff, 0x8e, 0xfb, 0xff,
  0x8e, 0xfb, 0xff, 0x8e, 0xfb, 0xff, 0x8e, 0xfb, 0xff, 0x8e, 0xfb, 0xff, 0x8e, 0xfb, 0xff, 0x8e,
  0xfb, 0xff, 0x8e, 0xfb, 0xff, 0x8e, 0xfb, 0xff, 0x8e, 0xfb, 0xff, 0x8e, 0xfb, 0xff, 0x8e, 0xfb,
  0xff, 0x8e, 0xfb, 0xff, 0x8e, 0xfb, 0xff, 0x8e, 0xfb, 0xff, 0x2e, 0x1b, 0xff, 0x2e, 0x1b, 0xff,
  0x2e, 0x1b, 0xff, 0x2e, 0x1b, 0xff, 0x3f, 0x65, 0xff, 0x3f, 0x65, 0xff, 0x3f, 0x65, 0xff, 0x3f,
  0x65, 0xff, 0x3f, 0x65, 0xff, 0x3f, 0x65, 0xff, 0x3f, 0x65, 0xff, 0x3f, 0x65, 0xff, 0xdf, 0xff,
  0xdc, 0xdf, 0xff, 0xdc, 0xdf, 0xff, 0xdc, 0xdf, 0xff, 0xdc, 0xdf, 0xff, 0xdc, 0xdf, 0xff, 0xdc,
  0xdf, 0xff, 0xdc, 0xdf, 0xff, 0xdc, 0xdf, 0xff, 0xdc, 0xdf, 0xff, 0xdc, 0xdf, 0xff, 0xdc, 0xdf,
  0xff, 0xdc, 0xdf, 0xff, 0xdc, 0xdf, 0xff, 0xdc, 0xdf, 0xff, 0xdc, 0xdf, 0xff, 0xdc, 0xdf, 0xff,
  0xdc, 0xdf, 0xff, 0xdc, 0xdf, 0xff, 0xdc, 0xdf, 0xff, 0xdc, 0xdf, 0xff, 0xdc, 0xdf, 0xff, 0xdc,
  0xdf, 0xff, 0xdc, 0xdf, 0xff, 0xdc, 0xdf, 0xff, 0xdc, 0xdf, 0xff, 0xdc, 0xdf, 0xff, 0xdc, 0xdf,
  0xff, 0xdc, 0xdf, 0xff, 0xdc, 0x6e, 0x1b, 0xff, 0x6e, 0x1b, 0xff, 0x6e, 0x1b, 0xff, 0x6e, 0x1b,
  0xff, 0x6e, 0x1b, 0xff, 0x6e, 0x1b, 0xff, 0x6e, 0x1b, 0xff, 0x6e, 0x1b, 0xff, 0x6e, 0x1b, 0xff,
  0x6e, 0x1b, 0xff, 0x6e, 0x1b, 0xff, 0x6e, 0x1b, 0xff, 0x26, 0x11, 0xed, 0x26, 0x11, 0xc6, 0x26,
  0x11, 0xa0, 0x26, 0x11, 0x79, 0x26, 0x11, 0x52, 0x26, 0x11, 0x2b, 0x26, 0x11, 0x03, 0x00, 0x00,
  0x00, 0x00, 0x00, 0x00, 0x00, 0x00, 0x00, 0x00, 0x00, 0x00, 0x00, 0x00, 0x00, 0x00, 0x00, 0x00,
  0x00, 0x00, 0x00, 0x00, 0x00, 0x00, 0x00, 0x00, 0x00, 0x00, 0x00, 0x00, 0x00, 0x00, 0x00, 0x00,
  0x00, 0x00, 0x00, 0x00, 0x00, 0x00, 0x00, 0x00, 0x26, 0x11, 0x1a, 0x26, 0x11, 0x41, 0x26, 0x11,
  0x67, 0x26, 0x11, 0x8e, 0x26, 0x11, 0xb4, 0x26, 0x11, 0xdb, 0xee, 0x1a, 0xff, 0xee, 0x1a, 0xff,
  0xee, 0x1a, 0xff, 0xee, 0x1a, 0xff, 0x0e, 0x1b, 0xff, 0x0e, 0x1b, 0xff, 0x0e, 0x1b, 0xff, 0x0e,
  0x1b, 0xff, 0x0e, 0x1b, 0xff, 0x8e, 0xfb, 0xff, 0x8e, 0xfb, 0xff, 0x8e, 0xfb, 0xff, 0x8e, 0xfb,
  0xff, 0x8e, 0xfb, 0xff, 0x8e, 0xfb, 0xff, 0x8e, 0xfb, 0xff, 0x8e, 0xfb, 0xff, 0x8e, 0xfb, 0xff,
  0x8e, 0xfb, 0xff, 0x8e, 0xfb, 0xff, 0x8e, 0xfb, 0xff, 0x8e, 0xfb, 0xff, 0x8e, 0xfb, 0xff, 0x8e,
  0xfb, 0xff, 0x8e, 0xfb, 0xff, 0x8e, 0xfb, 0xff, 0x8e, 0xfb, 0xff, 0x8e, 0xfb, 0xff, 0x8e, 0xfb,
  0xff, 0x8e, 0xfb, 0xff, 0x8e, 0xfb, 0xff, 0x8e, 0xfb, 0xff, 0x2e, 0x1b, 0xff, 0x2e, 0x1b, 0xff,
  0x2e, 0x1b, 0xff, 0x2e, 0x1b, 0xff, 0x2e, 0x1b, 0xff, 0x3f, 0x65, 0xff, 0x3f, 0x65, 0xff, 0x3f,
  0x65, 0xff, 0x3f, 0x65, 0xff, 0x3f, 0x65, 0xff, 0x3f, 0x65, 0xff, 0x3f, 0x65, 0xff, 0xdf, 0xff,
  0xdc, 0xdf, 0xff, 0xdc, 0xdf, 0xff, 0xdc, 0xdf, 0xff, 0xdc, 0xdf, 0xff, 0xdc, 0xdf, 0xff, 0xdc,
  0xdf, 0xff, 0xdc, 0xdf, 0xff, 0xdc, 0xdf, 0xff, 0xdc, 0xdf, 0xff, 0xdc, 0xdf, 0xff, 0xdc, 0xdf,
  0xff, 0xdc, 0xdf, 0xff, 0xdc, 0xdf, 0xff, 0xdc, 0xdf, 0xff, 0xdc, 0xdf, 0xff, 0xdc, 0xdf, 0xff,
  0xdc, 0xdf, 0xff, 0xdc, 0xdf, 0xff, 0xdc, 0xdf, 0xff, 0xdc, 0xdf, 0xff, 0xdc, 0xdf, 0xff, 0xdc,
  0xdf, 0xff, 0xdc, 0xdf, 0xff, 0xdc, 0xdf, 0xff, 0xdc, 0xdf, 0xff, 0xdc, 0xdf, 0xff, 0xdc, 0xdf,
  0xff, 0xdc, 0xdf, 0xff, 0xdc, 0x6e, 0x1b, 0xff, 0x6e, 0x1b, 0xff, 0x6e, 0x1b, 0xff, 0x6e, 0x1b,
  0xff, 0x6e, 0x1b, 0xff, 0x6e, 0x1b, 0xff, 0x6e, 0x1b, 0xff, 0x6e, 0x1b, 0xff, 0x6e, 0x1b, 0xff,
  0x6e, 0x1b, 0xff, 0x6e, 0x1b, 0xff, 0x6e, 0x1b, 0xff, 0x26, 0x11, 0xdb, 0x26, 0x11, 0xb4, 0x26,
  0x11, 0x8e, 0x26, 0x11, 0x67, 0x26, 0x11, 0x41, 0x26, 0x11, 0x1a, 0x00, 0x00, 0x00, 0x00, 0x00,
  0x00, 0x00, 0x00, 0x00, 0x00, 0x00, 0x00, 0x00, 0x00, 0x00, 0x00, 0x00, 0x00, 0x00, 0x00, 0x00,
  0x00, 0x00, 0x00, 0x00, 0x00, 0x00, 0x00, 0x00, 0x00, 0x00, 0x00, 0x00, 0x00, 0x00, 0x00, 0x00,
  0x00, 0x00, 0x00, 0x00, 0x00, 0x00, 0x00, 0x00, 0x26, 0x11, 0x08, 0x26, 0x11, 0x2f, 0x26, 0x11,
  0x55, 0x26, 0x11, 0x7c, 0x26, 0x11, 0xa2, 0x26, 0x11, 0xc8, 0x26, 0x11, 0xed, 0xee, 0x1a, 0xff,
  0xee, 0x1a, 0xff, 0xee, 0x1a, 0xff, 0x0e, 0x1b, 0xff, 0x0e, 0x1b, 0xff, 0x0e, 0x1b, 0xff, 0x0e,
  0x1b, 0xff, 0x8e, 0xfb, 0xff, 0x8e, 0xfb, 0xff, 0x8e, 0xfb, 0xff, 0x8e, 0xfb, 0xff, 0x8e, 0xfb,
  0xff, 0x8e, 0xfb, 0xff, 0x8e, 0xfb, 0xff, 0x8e, 0xfb, 0xff, 0x8e, 0xfb, 0xff, 0x8e, 0xfb, 0xff,
  0x8e, 0xfb, 0xff, 0x8e, 0xfb, 0xff, 0x8e, 0xfb, 0xff, 0x8e, 0xfb, 0xff, 0x8e, 0xfb, 0xff, 0x8e,
  0xfb, 0xff, 0x8e, 0xfb, 0xff, 0x8e, 0xfb, 0xff, 0x8e, 0xfb, 0xff, 0x8e, 0xfb, 0xff, 0x8e, 0xfb,
  0xff, 0x8e, 0xfb, 0xff, 0x8e, 0xfb, 0xff, 0x8e, 0xfb, 0xff, 0x8e, 0xfb, 0xff, 0x2e, 0x1b, 0xff,
  0x2e, 0x1b, 0xff, 0x2e, 0x1b, 0xff, 0x2e, 0x1b, 0xff, 0x3f, 0x65, 0xff, 0x3f, 0x65, 0xff, 0x3f,
  0x65, 0xff, 0x3f, 0x65, 0xff, 0x3f, 0x65, 0xff, 0x3f, 0x65, 0xff, 0x3f, 0x65, 0xff, 0xdf, 0xff,
  0xdc, 0xdf, 0xff, 0xdc, 0xdf, 0xff, 0xdc, 0xdf, 0xff, 0xdc, 0xdf, 0xff, 0xdc, 0xdf, 0xff, 0xdc,
  0xdf, 0xff, 0xdc, 0xdf, 0xff, 0xdc, 0xdf, 0xff, 0xdc, 0xdf, 0xff, 0xdc, 0xdf, 0xff, 0xdc, 0xdf,
  0xff, 0xdc, 0xdf, 0xff, 0xdc, 0xdf, 0xff, 0xdc, 0xdf, 0xff, 0xdc, 0xdf, 0xff, 0xdc, 0xdf, 0xff,
  0xdc, 0xdf, 0xff, 0xdc, 0xdf, 0xff, 0xdc, 0xdf, 0xff, 0xdc, 0xdf, 0xff, 0xdc, 0xdf, 0xff, 0xdc,
  0xdf, 0xff, 0xdc, 0xdf, 0xff, 0xdc, 0xdf, 0xff, 0xdc, 0xdf, 0xff, 0xdc, 0xdf, 0xff, 0xdc, 0xdf,
  0xff, 0xdc, 0xdf, 0xff, 0xdc, 0x6e, 0x1b, 0xff, 0x6e, 0x1b, 0xff, 0x6e, 0x1b, 0xff, 0x6e, 0x1b,
  0xff, 0x6e, 0x1b, 0xff, 0x6e, 0x1b, 0xff, 0x6e, 0x1b, 0xff, 0x6e, 0x1b, 0xff, 0x6e, 0x1b, 0xff,
  0x6e, 0x1b, 0xff, 0x6e, 0x1b, 0xff, 0x26, 0x11, 0xed, 0x26, 0x11, 0xc8, 0x26, 0x11, 0xa2, 0x26,
  0x11, 0x7c, 0x26, 0x11, 0x55, 0x26, 0x11, 0x2f, 0x26, 0x11, 0x08, 0x00, 0x00, 0x00, 0x00, 0x00,
  0x00, 0x00, 0x00, 0x00, 0x00, 0x00, 0x00, 0x00, 0x00, 0x00, 0x00, 0x00, 0x00, 0x00, 0x00, 0x00,
  0x00, 0x00, 0x00, 0x00, 0x00, 0x00, 0x00, 0x00, 0x00, 0x00, 0x00, 0x00, 0x00, 0x00, 0x00, 0x00,
  0x00, 0x00, 0x00, 0x00, 0x00, 0x00, 0x00, 0x00, 0x00, 0x00, 0x00, 0x26, 0x11, 0x1d, 0x26, 0x11,
  0x43, 0x26, 0x11, 0x69, 0x26, 0x11, 0x8e, 0x26, 0x11, 0xb4, 0x26, 0x11, 0xd9, 0x26, 0x11, 0xff,
  0xee, 0x1a, 0xff, 0xee, 0x1a, 0xff, 0x0e, 0x1b, 0xff, 0x0e, 0x1b, 0xff, 0x0e, 0x1b, 0xff, 0x0e,
  0x1b, 0xff, 0x0e, 0x1b, 0xff, 0x8e, 0xfb, 0xff, 0x8e, 0xfb, 0xff, 0x8e, 0xfb, 0xff, 0x8e, 0xfb,
  0xff, 0x8e, 0xfb, 0xff, 0x8e, 0xfb, 0xff, 0x8e, 0xfb, 0xff, 0x8e, 0xfb, 0xff, 0x8e, 0xfb, 0xff,
  0x8e, 0xfb, 0xff, 0x8e, 0xfb, 0xff, 0x8e, 0xfb, 0xff, 0x8e, 0xfb, 0xff, 0x8e, 0xfb, 0xff, 0x8e,
  0xfb, 0xff, 0x8e, 0xfb, 0xff, 0x8e, 0xfb, 0xff, 0x8e, 0xfb, 0xff, 0x8e, 0xfb, 0xff, 0x8e, 0xfb,
  0xff, 0x8e, 0xfb, 0xff, 0x8e, 0xfb, 0xff, 0x8e, 0xfb, 0xff, 0x2e, 0x1b, 0xff, 0x2e, 0x1b, 0xff,
  0x2e, 0x1b, 0xff, 0x2e, 0x1b, 0xff, 0x2e, 0x1b, 0xff, 0x3f, 0x65, 0xff, 0x3f, 0x65, 0xff, 0x3f,
  0x65, 0xff, 0x3f, 0x65, 0xff, 0x3f, 0x65, 0xff, 0x3f, 0x65, 0xff, 0x3f, 0x65, 0xff, 0xdf, 0xff,
  0xdc, 0xdf, 0xff, 0xdc, 0xdf, 0xff, 0xdc, 0xdf, 0xff, 0xdc, 0xdf, 0xff, 0xdc, 0xdf, 0xff, 0xdc,
  0xdf, 0xff, 0xdc, 0xdf, 0xff, 0xdc, 0xdf, 0xff, 0xdc, 0xdf, 0xff, 0xdc, 0xdf, 0xff, 0xdc, 0xdf,
  0xff, 0xdc, 0xdf, 0xff, 0xdc, 0xdf, 0xff, 0xdc, 0xdf, 0xff, 0xdc, 0xdf, 0xff, 0xdc, 0xdf, 0xff,
  0xdc, 0xdf, 0xff, 0xdc, 0xdf, 0xff, 0xdc, 0xdf, 0xff, 0xdc, 0xdf, 0xff, 0xdc, 0xdf, 0xff, 0xdc,
  0xdf, 0xff, 0xdc, 0xdf, 0xff, 0xdc, 0xdf, 0xff, 0xdc, 0xdf, 0xff, 0xdc, 0xdf, 0xff, 0xdc, 0xdf,
  0xff, 0xdc, 0xdf, 0xff, 0xdc, 0x6e, 0x1b, 0xff, 0x6e, 0x1b, 0xff, 0x6e, 0x1b, 0xff, 0x6e, 0x1b,
  0xff, 0x6e, 0x1b, 0xff, 0x6e, 0x1b, 0xff, 0x6e, 0x1b, 0xff, 0x6e, 0x1b, 0xff, 0x6e, 0x1b, 0xff,
  0x6e, 0x1b, 0xff, 0x26, 0x11, 0xff, 0x26, 0x11, 0xd9, 0x26, 0x11, 0xb4, 0x26, 0x11, 0x8e, 0x26,
  0x11, 0x69, 0x26, 0x11, 0x43, 0x26, 0x11, 0x1d, 0x00, 0x00, 0x00, 0x00, 0x00, 0x00, 0x00, 0x00,
  0x00, 0x00, 0x00, 0x00, 0x00, 0x00, 0x00, 0x00, 0x00, 0x00, 0x00, 0x00, 0x00, 0x00, 0x00, 0x00,
  0x00, 0x00, 0x00, 0x00, 0x00, 0x00, 0x00, 0x00, 0x00, 0x00, 0x00, 0x00, 0x00, 0x00, 0x00, 0x00,
  0x00, 0x00, 0x00, 0x00, 0x00, 0x00, 0x00, 0x00, 0x00, 0x00, 0x00, 0x26, 0x11, 0x0a, 0x26, 0x11,
  0x2f, 0x26, 0x11, 0x55, 0x26, 0x11, 0x7a, 0x26, 0x11, 0xa0, 0x26, 0x11, 0xc5, 0x26, 0x11, 0xe9,
  0xee, 0x1a, 0xff, 0xee, 0x1a, 0xff, 0x0e, 0x1b, 0xff, 0x0e, 0x1b, 0xff, 0x0e, 0x1b, 0xff, 0x0e,
  0x1b, 0xff, 0x0e, 0x1b, 0xff, 0x8e, 0xfb, 0xff, 0x8e, 0xfb, 0xff, 0x8e, 0xfb, 0xff, 0x8e, 0xfb,
  0xff, 0x8e, 0xfb, 0xff, 0x8e, 0xfb, 0xff, 0x8e, 0xfb, 0xff, 0x8e, 0xfb, 0xff, 0x8e, 0xfb, 0xff,
  0x8e, 0xfb, 0xff, 0x8e, 0xfb, 0xff, 0x8e, 0xfb, 0xff, 0x8e, 0xfb, 0xff, 0x8e, 0xfb, 0xff, 0x8e,
  0xfb, 0xff, 0x8e, 0xfb, 0xff, 0x8e, 0xfb, 0xff, 0x8e, 0xfb, 0xff, 0x8e, 0xfb, 0xff, 0x8e, 0xfb,
  0xff, 0x8e, 0xfb, 0xff, 0x8e, 0xfb, 0xff, 0x8e, 0xfb, 0xff, 0x2e, 0x1b, 0xff, 0x2e, 0x1b, 0xff,
  0x2e, 0x1b, 0xff, 0x2e, 0x1b, 0xff, 0x2e, 0x1b, 0xff, 0x2e, 0x1b, 0xff, 0x3f, 0x65, 0xff, 0x3f,
  0x65, 0xff, 0x3f, 0x65, 0xff, 0x3f, 0x65, 0xff, 0x3f, 0x65, 0xff, 0x3f, 0x65, 0xff, 0xdf, 0xff,
  0xdc, 0xdf, 0xff, 0xdc, 0xdf, 0xff, 0xdc, 0xdf, 0xff, 0xdc, 0xdf, 0xff, 0xdc, 0xdf, 0xff, 0xdc,
  0xdf, 0xff, 0xdc, 0xdf, 0xff, 0xdc, 0xdf, 0xff, 0xdc, 0xdf, 0xff, 0xdc, 0xdf, 0xff, 0xdc, 0xdf,
  0xff, 0xdc, 0xdf, 0xff, 0xdc, 0xdf, 0xff, 0xdc, 0xdf, 0xff, 0xdc, 0xdf, 0xff, 0xdc, 0xdf, 0xff,
  0xdc, 0xdf, 0xff, 0xdc, 0xdf, 0xff, 0xdc, 0xdf, 0xff, 0xdc, 0xdf, 0xff, 0xdc, 0xdf, 0xff, 0xdc,
  0xdf, 0xff, 0xdc, 0xdf, 0xff, 0xdc, 0xdf, 0xff, 0xdc, 0xdf, 0xff, 0xdc, 0xdf, 0xff, 0xdc, 0xdf,
  0xff, 0xdc, 0xdf, 0xff, 0xdc, 0x6e, 0x1b, 0xff, 0x6e, 0x1b, 0xff, 0x6e, 0x1b, 0xff, 0x6e, 0x1b,
  0xff, 0x6e, 0x1b, 0xff, 0x6e, 0x1b, 0xff, 0x6e, 0x1b, 0xff, 0x6e, 0x1b, 0xff, 0x6e, 0x1b, 0xff,
  0x6e, 0x1b, 0xff, 0x26, 0x11, 0xe9, 0x26, 0x11, 0xc5, 0x26, 0x11, 0xa0, 0x26, 0x11, 0x7a, 0x26,
  0x11, 0x55, 0x26, 0x11, 0x2f, 0x26, 0x11, 0x0a, 0x00, 0x00, 0x00, 0x00, 0x00, 0x00, 0x00, 0x00,
  0x00, 0x00, 0x00, 0x00, 0x00, 0x00, 0x00, 0x00, 0x00, 0x00, 0x00, 0x00, 0x00, 0x00, 0x00, 0x00,
  0x00, 0x00, 0x00, 0x00, 0x00, 0x00, 0x00, 0x00, 0x00, 0x00, 0x00, 0x00, 0x00, 0x00, 0x00, 0x00,
  0x00, 0x00, 0x00, 0x00, 0x00, 0x00, 0x00, 0x00, 0x00, 0x00, 0x00, 0x00, 0x00, 0x00, 0x26, 0x11,
  0x1b, 0x26, 0x11, 0x41, 0x26, 0x11, 0x66, 0x26, 0x11, 0x8b, 0x26, 0x11, 0xaf, 0x26, 0x11, 0xd4,
  0x26, 0x11, 0xf8, 0xee, 0x1a, 0xff, 0x0e, 0x1b, 0xff, 0x0e, 0x1b, 0xff, 0x0e, 0x1b, 0xff, 0x0e,
  0x1b, 0xff, 0x0e, 0x1b, 0xff, 0x8e, 0xfb, 0xff, 0x8e, 0xfb, 0xff, 0x8e, 0xfb, 0xff, 0x8e, 0xfb,
  0xff, 0x8e, 0xfb, 0xff, 0x8e, 0xfb, 0xff, 0x8e, 0xfb, 0xff, 0x8e, 0xfb, 0xff, 0x8e, 0xfb, 0xff,
  0x8e, 0xfb, 0xff, 0x8e, 0xfb, 0xff, 0x8e, 0xfb, 0xff, 0x8e, 0xfb, 0xff, 0x8e, 0xfb, 0xff, 0x8e,
  0xfb, 0xff, 0x8e, 0xfb, 0xff, 0x8e, 0xfb, 0xff, 0x8e, 0xfb, 0xff, 0x8e, 0xfb, 0xff, 0x8e, 0xfb,
  0xff, 0x8e, 0xfb, 0xff, 0x8e, 0xfb, 0xff, 0x8e, 0xfb, 0xff, 0x2e, 0x1b, 0xff, 0x2e, 0x1b, 0xff,
  0x2e, 0x1b, 0xff, 0x2e, 0x1b, 0xff, 0x2e, 0x1b, 0xff, 0x2e, 0x1b, 0xff, 0x3f, 0x65, 0xff, 0x3f,
  0x65, 0xff, 0x3f, 0x65, 0xff, 0x3f, 0x65, 0xff, 0x3f, 0x65, 0xff, 0x3f, 0x65, 0xff, 0xdf, 0xff,
  0xdc, 0xdf, 0xff, 0xdc, 0xdf, 0xff, 0xdc, 0xdf, 0xff, 0xdc, 0xdf, 0xff, 0xdc, 0xdf, 0xff, 0xdc,
  0xdf, 0xff, 0xdc, 0xdf, 0xff, 0xdc, 0xdf, 0xff, 0xdc, 0xdf, 0xff, 0xdc, 0xdf, 0xff, 0xdc, 0xdf,
  0xff, 0xdc, 0xdf, 0xff, 0xdc, 0xdf, 0xff, 0xdc, 0xdf, 0xff, 0xdc, 0xdf, 0xff, 0xdc, 0xdf, 0xff,
  0xdc, 0xdf, 0xff, 0xdc, 0xdf, 0xff, 0xdc, 0xdf, 0xff, 0xdc, 0xdf, 0xff, 0xdc, 0xdf, 0xff, 0xdc,
  0xdf, 0xff, 0xdc, 0xdf, 0xff, 0xdc, 0xdf, 0xff, 0xdc, 0xdf, 0xff, 0xdc, 0xdf, 0xff, 0xdc, 0xdf,
  0xff, 0xdc, 0xdf, 0xff, 0xdc, 0x6e, 0x1b, 0xff, 0x6e, 0x1b, 0xff, 0x6e, 0x1b, 0xff, 0x6e, 0x1b,
  0xff, 0x6e, 0x1b, 0xff, 0x6e, 0x1b, 0xff, 0x6e, 0x1b, 0xff, 0x6e, 0x1b, 0xff, 0x6e, 0x1b, 0xff,
  0x26, 0x11, 0xf8, 0x26, 0x11, 0xd4, 0x26, 0x11, 0xaf, 0x26, 0x11, 0x8b, 0x26, 0x11, 0x66, 0x26,
  0x11, 0x41, 0x26, 0x11, 0x1b, 0x00, 0x00, 0x00, 0x00, 0x00, 0x00, 0x00, 0x00, 0x00, 0x00, 0x00,
  0x00, 0x00, 0x00, 0x00, 0x00, 0x00, 0x00, 0x00, 0x00, 0x00, 0x00, 0x00, 0x00, 0x00, 0x00, 0x00,
  0x00, 0x00, 0x00, 0x00, 0x00, 0x00, 0x00, 0x00, 0x00, 0x00, 0x00, 0x00, 0x00, 0x00, 0x00, 0x00,
  0x00, 0x00, 0x00, 0x00, 0x00, 0x00, 0x00, 0x00, 0x00, 0x00, 0x00, 0x00, 0x00, 0x00, 0x26, 0x11,
  0x07, 0x26, 0x11, 0x2c, 0x26, 0x11, 0x50, 0x26, 0x11, 0x75, 0x26, 0x11, 0x99, 0x26, 0x11, 0xbd,
  0x26, 0x11, 0xe1, 0xee, 0x1a, 0xff, 0x0e, 0x1b, 0xff, 0x0e, 0x1b, 0xff, 0x0e, 0x1b, 0xff, 0x0e,
  0x1b, 0xff, 0x0e, 0x1b, 0xff, 0x8e, 0xfb, 0xff, 0x8e, 0xfb, 0xff, 0x8e, 0xfb, 0xff, 0x8e, 0xfb,
  0xff, 0x8e, 0xfb, 0xff, 0x8e, 0xfb, 0xff, 0x8e, 0xfb, 0xff, 0x8e, 0xfb, 0xff, 0x8e, 0xfb, 0xff,
  0x8e, 0xfb, 0xff, 0x8e, 0xfb, 0xff, 0x8e, 0xfb, 0xff, 0x8e, 0xfb, 0xff, 0x8e, 0xfb, 0xff, 0x8e,
  0xfb, 0xff, 0x8e, 0xfb, 0xff, 0x8e, 0xfb, 0xff, 0x8e, 0xfb, 0xff, 0x8e, 0xfb, 0xff, 0x8e, 0xfb,
  0xff, 0x8e, 0xfb, 0xff, 0x8e, 0xfb, 0xff, 0x8e, 0xfb, 0xff, 0x2e, 0x1b, 0xff, 0x2e, 0x1b, 0xff,
  0x2e, 0x1b, 0xff, 0x2e, 0x1b, 0xff, 0x2e, 0x1b, 0xff, 0x2e, 0x1b, 0xff, 0x2e, 0x1b, 0xff, 0x3f,
  0x65, 0xff, 0x3f, 0x65, 0xff, 0x3f, 0x65, 0xff, 0x3f, 0x65, 0xff, 0x3f, 0x65, 0xff, 0x3f, 0x65,
  0xff, 0x3f, 0x65, 0xff, 0x3f, 0x65, 0xff, 0x3f, 0x65, 0xff, 0x3f, 0x65, 0xff, 0x3f, 0x65, 0xff,
  0x3f, 0x65, 0xff, 0x3f, 0x65, 0xff, 0x3f, 0x65, 0xff, 0x3f, 0x65, 0xff, 0x3f, 0x65, 0xff, 0x3f,
  0x65, 0xff, 0x3f, 0x65, 0xff, 0x3f, 0x65, 0xff, 0x3f, 0x65, 0xff, 0x3f, 0x65, 0xff, 0x3f, 0x65,
  0xff, 0x3f, 0x65, 0xff, 0x4e, 0x1b, 0xff, 0x4e, 0x1b, 0xff, 0x4e, 0x1b, 0xff, 0x6e, 0x1b, 0xff,
  0x6e, 0x1b, 0xff, 0x6e, 0x1b, 0xff, 0x6e, 0x1b, 0xff, 0x6e, 0x1b, 0xff, 0x6e, 0x1b, 0xff, 0x6e,
  0x1b, 0xff, 0x6e, 0x1b, 0xff, 0x6e, 0x1b, 0xff, 0x6e, 0x1b, 0xff, 0x6e, 0x1b, 0xff, 0x6e, 0x1b,
  0xff, 0x6e, 0x1b, 0xff, 0x6e, 0x1b, 0xff, 0x6e, 0x1b, 0xff, 0x6e, 0x1b, 0xff, 0x6e, 0x1b, 0xff,
  0x26, 0x11, 0xe1, 0x26, 0x11, 0xbd, 0x26, 0x11, 0x99, 0x26, 0x11, 0x75, 0x26, 0x11, 0x50, 0x26,
  0x11, 0x2c, 0x26, 0x11, 0x07, 0x00, 0x00, 0x00, 0x00, 0x00, 0x00, 0x00, 0x00, 0x00, 0x00, 0x00,
  0x00, 0x00, 0x00, 0x00, 0x00, 0x00, 0x00, 0x00, 0x00, 0x00, 0x00, 0x00, 0x00, 0x00, 0x00, 0x00,
  0x00, 0x00, 0x00, 0x00, 0x00, 0x00, 0x00, 0x00, 0x00, 0x00, 0x00, 0x00, 0x00, 0x00, 0x00, 0x00,
  0x00, 0x00, 0x00, 0x00, 0x00, 0x00, 0x00, 0x00, 0x00, 0x00, 0x00, 0x00, 0x00, 0x00, 0x00, 0x00,
  0x00, 0x26, 0x11, 0x16, 0x26, 0x11, 0x3a, 0x26, 0x11, 0x5f, 0x26, 0x11, 0x82, 0x26, 0x11, 0xa6,
  0x26, 0x11, 0xc9, 0x26, 0x11, 0xed, 0x0e, 0x1b, 0xff, 0x0e, 0x1b, 0xff, 0x0e, 0x1b, 0xff, 0x0e,
  0x1b, 0xff, 0x0e, 0x1b, 0xff, 0x0e, 0x1b, 0xff, 0x8e, 0xfb, 0xff, 0x8e, 0xfb, 0xff, 0x8e, 0xfb,
  0xff, 0x8e, 0xfb, 0xff, 0x8e, 0xfb, 0xff, 0x8e, 0xfb, 0xff, 0x8e, 0xfb, 0xff, 0x8e, 0xfb, 0xff,
  0x8e, 0xfb, 0xff, 0x8e, 0xfb, 0xff, 0x8e, 0xfb, 0xff, 0x8e, 0xfb, 0xff, 0x8e, 0xfb, 0xff, 0x8e,
  0xfb, 0xff, 0x8e, 0xfb, 0xff, 0x8e, 0xfb, 0xff, 0x8e, 0xfb, 0xff, 0x8e, 0xfb, 0xff, 0x8e, 0xfb,
  0xff, 0x8e, 0xfb, 0xff, 0x8e, 0xfb, 0xff, 0x2e, 0x1b, 0xff, 0x2e, 0x1b, 0xff, 0x2e, 0x1b, 0xff,
  0x2e, 0x1b, 0xff, 0x2e, 0x1b, 0xff, 0x2e, 0x1b, 0xff, 0x2e, 0x1b, 0xff, 0x2e, 0x1b, 0xff, 0x2e,
  0x1b, 0xff, 0x3f, 0x65, 0xff, 0x3f, 0x65, 0xff, 0x3f, 0x65, 0xff, 0x3f, 0x65, 0xff, 0x3f, 0x65,
  0xff, 0x3f, 0x65, 0xff, 0x3f, 0x65, 0xff, 0x3f, 0x65, 0xff, 0x3f, 0x65, 0xff, 0x3f, 0x65, 0xff,
  0x3f, 0x65, 0xff, 0x3f, 0x65, 0xff, 0x3f, 0x65, 0xff, 0x3f, 0x65, 0xff, 0x3f, 0x65, 0xff, 0x3f,
  0x65, 0xff, 0x3f, 0x65, 0xff, 0x3f, 0x65, 0xff, 0x3f, 0x65, 0xff, 0x3f, 0x65, 0xff, 0x3f, 0x65,
  0xff, 0x4e, 0x1b, 0xff, 0x4e, 0x1b, 0xff, 0x4e, 0x1b, 0xff, 0x4e, 0x1b, 0xff, 0x6e, 0x1b, 0xff,
  0x6e, 0x1b, 0xff, 0x6e, 0x1b, 0xff, 0x6e, 0x1b, 0xff, 0x6e, 0x1b, 0xff, 0x6e, 0x1b, 0xff, 0x6e,
  0x1b, 0xff, 0x6e, 0x1b, 0xff, 0x6e, 0x1b, 0xff, 0x6e, 0x1b, 0xff, 0x6e, 0x1b, 0xff, 0x6e, 0x1b,
  0xff, 0x6e, 0x1b, 0xff, 0x6e, 0x1b, 0xff, 0x6e, 0x1b, 0xff, 0x6e, 0x1b, 0xff, 0x26, 0x11, 0xed,
  0x26, 0x11, 0xc9, 0x26, 0x11, 0xa6, 0x26, 0x11, 0x82, 0x26, 0x11, 0x5f, 0x26, 0x11, 0x3a, 0x26,
  0x11, 0x16, 0x00, 0x00, 0x00, 0x00, 0x00, 0x00, 0x00, 0x00, 0x00, 0x00, 0x00, 0x00, 0x00, 0x00,
  0x00, 0x00, 0x00, 0x00, 0x00, 0x00, 0x00, 0x00, 0x00, 0x00, 0x00, 0x00, 0x00, 0x00, 0x00, 0x00,
  0x00, 0x00, 0x00, 0x00, 0x00, 0x00, 0x00, 0x00, 0x00, 0x00, 0x00, 0x00, 0x00, 0x00, 0x00, 0x00,
  0x00, 0x00, 0x00, 0x00, 0x00, 0x00, 0x00, 0x00, 0x00, 0x00, 0x00, 0x00, 0x00, 0x00, 0x00, 0x00,
  0x00, 0x26, 0x11, 0x00, 0x26, 0x11, 0x24, 0x26, 0x11, 0x48, 0x26, 0x11, 0x6b, 0x26, 0x11, 0x8e,
  0x26, 0x11, 0xb1, 0x26, 0x11, 0xd4, 0x26, 0x11, 0xf6, 0x0e, 0x1b, 0xff, 0x0e, 0x1b, 0xff, 0x0e,
  0x1b, 0xff, 0x0e, 0x1b, 0xff, 0x0e, 0x1b, 0xff, 0x8e, 0xfb, 0xff, 0x8e, 0xfb, 0xff, 0x8e, 0xfb,
  0xff, 0x8e, 0xfb, 0xff, 0x8e, 0xfb, 0xff, 0x8e, 0xfb, 0xff, 0x8e, 0xfb, 0xff, 0x8e, 0xfb, 0xff,
  0x8e, 0xfb, 0xff, 0x8e, 0xfb, 0xff, 0x8e, 0xfb, 0xff, 0x8e, 0xfb, 0xff, 0x8e, 0xfb, 0xff, 0x8e,
  0xfb, 0xff, 0x8e, 0xfb, 0xff, 0x8e, 0xfb, 0xff, 0x8e, 0xfb, 0xff, 0x8e, 0xfb, 0xff, 0x8e, 0xfb,
  0xff, 0x8e, 0xfb, 0xff, 0x8e, 0xfb, 0xff, 0x2e, 0x1b, 0xff, 0x2e, 0x1b, 0xff, 0x2e, 0x1b, 0xff,
  0x2e, 0x1b, 0xff, 0x2e, 0x1b, 0xff, 0x2e, 0x1b, 0xff, 0x2e, 0x1b, 0xff, 0x2e, 0x1b, 0xff, 0x2e,
  0x1b, 0xff, 0x3f, 0x65, 0xff, 0x3f, 0x65, 0xff, 0x3f, 0x65, 0xff, 0x3f, 0x65, 0xff, 0x3f, 0x65,
  0xff, 0x3f, 0x65, 0xff, 0x3f, 0x65, 0xff, 0x3f, 0x65, 0xff, 0x3f, 0x65, 0xff, 0x3f, 0x65, 0xff,
  0x3f, 0x65, 0xff, 0x3f, 0x65, 0xff, 0x3f, 0x65, 0xff, 0x3f, 0x65, 0xff, 0x3f, 0x65, 0xff, 0x3f,
  0x65, 0xff, 0x3f, 0x65, 0xff, 0x3f, 0x65, 0xff, 0x3f, 0x65, 0xff, 0x3f, 0x65, 0xff, 0x3f, 0x65,
  0xff, 0x4e, 0x1b, 0xff, 0x4e, 0x1b, 0xff, 0x4e, 0x1b, 0xff, 0x4e, 0x1b, 0xff, 0x6e, 0x1b, 0xff,
  0x6e, 0x1b, 0xff, 0x6e, 0x1b, 0xff, 0x6e, 0x1b, 0xff, 0x6e, 0x1b, 0xff, 0x6e, 0x1b, 0xff, 0x6e,
  0x1b, 0xff, 0x6e, 0x1b, 0xff, 0x6e, 0x1b, 0xff, 0x6e, 0x1b, 0xff, 0x6e, 0x1b, 0xff, 0x6e, 0x1b,
  0xff, 0x6e, 0x1b, 0xff, 0x6e, 0x1b, 0xff, 0x6e, 0x1b, 0xff, 0x26, 0x11, 0xf6, 0x26, 0x11, 0xd4,
  0x26, 0x11, 0xb1, 0x26, 0x11, 0x8e, 0x26, 0x11, 0x6b, 0x26, 0x11, 0x48, 0x26, 0x11, 0x24, 0x26,
  0x11, 0x00, 0x00, 0x00, 0x00, 0x00, 0x00, 0x00, 0x00, 0x00, 0x00, 0x00, 0x00, 0x00, 0x00, 0x00,
  0x00, 0x00, 0x00, 0x00, 0x00, 0x00, 0x00, 0x00, 0x00, 0x00, 0x00, 0x00, 0x00, 0x00, 0x00, 0x00,
  0x00, 0x00, 0x00, 0x00, 0x00, 0x00, 0x00, 0x00, 0x00, 0x00, 0x00, 0x00, 0x00, 0x00, 0x00, 0x00,
  0x00, 0x00, 0x00, 0x00, 0x00, 0x00, 0x00, 0x00, 0x00, 0x00, 0x00, 0x00, 0x00, 0x00, 0x00, 0x00,
  0x00, 0x00, 0x00, 0x00, 0x26, 0x11, 0x0d, 0x26, 0x11, 0x30, 0x26, 0x11, 0x53, 0x26, 0x11, 0x76,
  0x26, 0x11, 0x99, 0x26, 0x11, 0xbb, 0x26, 0x11, 0xdd, 0x26, 0x11, 0xff, 0x0e, 0x1b, 0xff, 0x0e,
  0x1b, 0xff, 0x0e, 0x1b, 0xff, 0x0e, 0x1b, 0xff, 0x0e, 0x1b, 0xff, 0x8e, 0xfb, 0xff, 0x8e, 0xfb,
  0xff, 0x8e, 0xfb, 0xff, 0x8e, 0xfb, 0xff, 0x8e, 0xfb, 0xff, 0x8e, 0xfb, 0xff, 0x8e, 0xfb, 0xff,
  0x8e, 0xfb, 0xff, 0x8e, 0xfb, 0xff, 0x8e, 0xfb, 0xff, 0x8e, 0xfb, 0xff, 0x8e, 0xfb, 0xff, 0x8e,
  0xfb, 0xff, 0x8e, 0xfb, 0xff, 0x8e, 0xfb, 0xff, 0x8e, 0xfb, 0xff, 0x8e, 0xfb, 0xff, 0x8e, 0xfb,
  0xff, 0x8e, 0xfb, 0xff, 0x2e, 0x1b, 0xff, 0x2e, 0x1b, 0xff, 0x2e, 0x1b, 0xff, 0x2e, 0x1b, 0xff,
  0x2e, 0x1b, 0xff, 0x2e, 0x1b, 0xff, 0x2e, 0x1b, 0xff, 0x2e, 0x1b, 0xff, 0x2e, 0x1b, 0xff, 0x2e,
  0x1b, 0xff, 0x2e, 0x1b, 0xff, 0x3f, 0x65, 0xff, 0x3f, 0x65, 0xff, 0x3f, 0x65, 0xff, 0x3f, 0x65,
  0xff, 0x3f, 0x65, 0xff, 0x3f, 0x65, 0xff, 0x3f, 0x65, 0xff, 0x3f, 0x65, 0xff, 0x3f, 0x65, 0xff,
  0x3f, 0x65, 0xff, 0x3f, 0x65, 0xff, 0x3f, 0x65, 0xff, 0x3f, 0x65, 0xff, 0x3f, 0x65, 0xff, 0x3f,
  0x65, 0xff, 0x3f, 0x65, 0xff, 0x3f, 0x65, 0xff, 0x3f, 0x65, 0xff, 0x3f, 0x65, 0xff, 0x4e, 0x1b,
  0xff, 0x4e, 0x1b, 0xff, 0x4e, 0x1b, 0xff, 0x4e, 0x1b, 0xff, 0x4e, 0x1b, 0xff, 0x6e, 0x1b, 0xff,
  0x6e, 0x1b, 0xff, 0x6e, 0x1b, 0xff, 0x6e, 0x1b, 0xff, 0x6e, 0x1b, 0xff, 0x6e, 0x1b, 0xff, 0x6e,
  0x1b, 0xff, 0x6e, 0x1b, 0xff, 0x6e, 0x1b, 0xff, 0x6e, 0x1b, 0xff, 0x6e, 0x1b, 0xff, 0x6e, 0x1b,
  0xff, 0x6e, 0x1b, 0xff, 0x6e, 0x1b, 0xff, 0x26, 0x11, 0xff, 0x26, 0x11, 0xdd, 0x26, 0x11, 0xbb,
  0x26, 0x11, 0x99, 0x26, 0x11, 0x76, 0x26, 0x11, 0x53, 0x26, 0x11, 0x30, 0x26, 0x11, 0x0d, 0x00,
  0x00, 0x00, 0x00, 0x00, 0x00, 0x00, 0x00, 0x00, 0x00, 0x00, 0x00, 0x00, 0x00, 0x00, 0x00, 0x00,
  0x00, 0x00, 0x00, 0x00, 0x00, 0x00, 0x00, 0x00, 0x00, 0x00, 0x00, 0x00, 0x00, 0x00, 0x00, 0x00,
  0x00, 0x00, 0x00, 0x00, 0x00, 0x00, 0x00, 0x00, 0x00, 0x00, 0x00, 0x00, 0x00, 0x00, 0x00, 0x00,
  0x00, 0x00, 0x00, 0x00, 0x00, 0x00, 0x00, 0x00, 0x00, 0x00, 0x00, 0x00, 0x00, 0x00, 0x00, 0x00,
  0x00, 0x00, 0x00, 0x00, 0x00, 0x00, 0x00, 0x26, 0x11, 0x18, 0x26, 0x11, 0x3b, 0x26, 0x11, 0x5d,
  0x26, 0x11, 0x80, 0x26, 0x11, 0xa1, 0x26, 0x11, 0xc3, 0x26, 0x11, 0xe4, 0x0e, 0x1b, 0xff, 0x0e,
  0x1b, 0xff, 0x0e, 0x1b, 0xff, 0x0e, 0x1b, 0xff, 0x0e, 0x1b, 0xff, 0x0e, 0x1b, 0xff, 0x8e, 0xfb,
  0xff, 0x8e, 0xfb, 0xff, 0x8e, 0xfb, 0xff, 0x8e, 0xfb, 0xff, 0x8e, 0xfb, 0xff, 0x8e, 0xfb, 0xff,
  0x8e, 0xfb, 0xff, 0x8e, 0xfb, 0xff, 0x8e, 0xfb, 0xff, 0x8e, 0xfb, 0xff, 0x8e, 0xfb, 0xff, 0x8e,
  0xfb, 0xff, 0x8e, 0xfb, 0xff, 0x8e, 0xfb, 0xff, 0x8e, 0xfb, 0xff, 0x8e, 0xfb, 0xff, 0x8e, 0xfb,
  0xff, 0x2e, 0x1b, 0xff, 0x2e, 0x1b, 0xff, 0x2e, 0x1b, 0xff, 0x2e, 0x1b, 0xff, 0x2e, 0x1b, 0xff,
  0x2e, 0x1b, 0xff, 0x2e, 0x1b, 0xff, 0x2e, 0x1b, 0xff, 0xdf, 0xff, 0xdc, 0xdf, 0xff, 0xdc, 0xdf,
  0xff, 0xdc, 0xdf, 0xff, 0xdc, 0xdf, 0xff, 0xdc, 0xdf, 0xff, 0xdc, 0xdf, 0xff, 0xdc, 0xdf, 0xff,
  0xdc, 0xdf, 0xff, 0xdc, 0xdf, 0xff, 0xdc, 0xdf, 0xff, 0xdc, 0xdf, 0xff, 0xdc, 0xdf, 0xff, 0xdc,
  0xdf, 0xff, 0xdc, 0xdf, 0xff, 0xdc, 0xdf, 0xff, 0xdc, 0xdf, 0xff, 0xdc, 0xdf, 0xff, 0xdc, 0xdf,
  0xff, 0xdc, 0xdf, 0xff, 0xdc, 0xdf, 0xff, 0xdc, 0xdf, 0xff, 0xdc, 0xdf, 0xff, 0xdc, 0xdf, 0xff,
  0xdc, 0xdf, 0xff, 0xdc, 0xdf, 0xff, 0xdc, 0xdf, 0xff, 0xdc, 0xdf, 0xff, 0xdc, 0x6e, 0x1b, 0xff,
  0x6e, 0x1b, 0xff, 0x6e, 0x1b, 0xff, 0x6e, 0x1b, 0xff, 0x6e, 0x1b, 0xff, 0x6e, 0x1b, 0xff, 0x6e,
  0x1b, 0xff, 0x6e, 0x1b, 0xff, 0x6e, 0x1b, 0xff, 0x6e, 0x1b, 0xff, 0x6e, 0x1b, 0xff, 0x6e, 0x1b,
  0xff, 0x6e, 0x1b, 0xff, 0x6e, 0x1b, 0xff, 0x26, 0x11, 0xe4, 0x26, 0x11, 0xc3, 0x26, 0x11, 0xa1,
  0x26, 0x11, 0x80, 0x26, 0x11, 0x5d, 0x26, 0x11, 0x3b, 0x26, 0x11, 0x18, 0x00, 0x00, 0x00, 0x00,
  0x00, 0x00, 0x00, 0x00, 0x00, 0x00, 0x00, 0x00, 0x00, 0x00, 0x00, 0x00, 0x00, 0x00, 0x00, 0x00,
  0x00, 0x00, 0x00, 0x00, 0x00, 0x00, 0x00, 0x00, 0x00, 0x00, 0x00, 0x00, 0x00, 0x00, 0x00, 0x00,
  0x00, 0x00, 0x00, 0x00, 0x00, 0x00, 0x00, 0x00, 0x00, 0x00, 0x00, 0x00, 0x00, 0x00, 0x00, 0x00,
  0x00, 0x00, 0x00, 0x00, 0x00, 0x00, 0x00, 0x00, 0x00, 0x00, 0x00, 0x00, 0x00, 0x00, 0x00, 0x00,
  0x00, 0x00, 0x00, 0x00, 0x00, 0x00, 0x00, 0x00, 0x00, 0x00, 0x26, 0x11, 0x22, 0x26, 0x11, 0x44,
  0x26, 0x11, 0x66, 0x26, 0x11, 0x87, 0x26, 0x11, 0xa8, 0x26, 0x11, 0xc9, 0x26, 0x11, 0xe9, 0x0e,
  0x1b, 0xff, 0x0e, 0x1b, 0xff, 0x0e, 0x1b, 0xff, 0x0e, 0x1b, 0xff, 0x0e, 0x1b, 0xff, 0x0e, 0x1b,
  0xff, 0x8e, 0xfb, 0xff, 0x8e, 0xfb, 0xff, 0x8e, 0xfb, 0xff, 0x8e, 0xfb, 0xff, 0x8e, 0xfb, 0xff,
  0x8e, 0xfb, 0xff, 0x8e, 0xfb, 0xff, 0x8e, 0xfb, 0xff, 0x8e, 0xfb, 0xff, 0x8e, 0xfb, 0xff, 0x8e,
  0xfb, 0xff, 0x8e, 0xfb, 0xff, 0x8e, 0xfb, 0xff, 0x8e, 0xfb, 0xff, 0x8e, 0xfb, 0xff, 0x2e, 0x1b,
  0xff, 0x2e, 0x1b, 0xff, 0x2e, 0x1b, 0xff, 0x2e, 0x1b, 0xff, 0x2e, 0x1b, 0xff, 0x2e, 0x1b, 0xff,
  0x2e, 0x1b, 0xff, 0x2e, 0x1b, 0xff, 0x2e, 0x1b, 0xff, 0xdf, 0xff, 0xdc, 0xdf, 0xff, 0xdc, 0xdf,
  0xff, 0xdc, 0xdf, 0xff, 0xdc, 0xdf, 0xff, 0xdc, 0xdf, 0xff, 0xdc, 0xdf, 0xff, 0xdc, 0xdf, 0xff,
  0xdc, 0xdf, 0xff, 0xdc, 0xdf, 0xff, 0xdc, 0xdf, 0xff, 0xdc, 0xdf, 0xff, 0xdc, 0xdf, 0xff, 0xdc,
  0xdf, 0xff, 0xdc, 0xdf, 0xff, 0xdc, 0xdf, 0xff, 0xdc, 0xdf, 0xff, 0xdc, 0xdf, 0xff, 0xdc, 0xdf,
  0xff, 0xdc, 0xdf, 0xff, 0xdc, 0xdf, 0xff, 0xdc, 0xdf, 0xff, 0xdc, 0xdf, 0xff, 0xdc, 0xdf, 0xff,
  0xdc, 0xdf, 0xff, 0xdc, 0xdf, 0xff, 0xdc, 0xdf, 0xff, 0xdc, 0xdf, 0xff, 0xdc, 0x6e, 0x1b, 0xff,
  0x6e, 0x1b, 0xff, 0x6e, 0x1b, 0xff, 0x6e, 0x1b, 0xff, 0x6e, 0x1b, 0xff, 0x6e, 0x1b, 0xff, 0x6e,
  0x1b, 0xff, 0x6e, 0x1b, 0xff, 0x6e, 0x1b, 0xff, 0x6e, 0x1b, 0xff, 0x6e, 0x1b, 0xff, 0x6e, 0x1b,
  0xff, 0x6e, 0x1b, 0xff, 0x26, 0x11, 0xe9, 0x26, 0x11, 0xc9, 0x26, 0x11, 0xa8, 0x26, 0x11, 0x87,
  0x26, 0x11, 0x66, 0x26, 0x11, 0x44, 0x26, 0x11, 0x22, 0x00, 0x00, 0x00, 0x00, 0x00, 0x00, 0x00,
  0x00, 0x00, 0x00, 0x00, 0x00, 0x00, 0x00, 0x00, 0x00, 0x00, 0x00, 0x00, 0x00, 0x00, 0x00, 0x00,
  0x00, 0x00, 0x00, 0x00, 0x00, 0x00, 0x00, 0x00, 0x00, 0x00, 0x00, 0x00, 0x00, 0x00, 0x00, 0x00,
  0x00, 0x00, 0x00, 0x00, 0x00, 0x00, 0x00, 0x00, 0x00, 0x00, 0x00, 0x00, 0x00, 0x00, 0x00, 0x00,
  0x00, 0x00, 0x00, 0x00, 0x00, 0x00, 0x00, 0x00, 0x00, 0x00, 0x00, 0x00, 0x00, 0x00, 0x00, 0x00,
  0x00, 0x00, 0x00, 0x00, 0x00, 0x00, 0x00, 0x00, 0x00, 0x00, 0x26, 0x11, 0x08, 0x26, 0x11, 0x2a,
  0x26, 0x11, 0x4b, 0x26, 0x11, 0x6c, 0x26, 0x11, 0x8d, 0x26, 0x11, 0xad, 0x26, 0x11, 0xcd, 0x26,
  0x11, 0xed, 0x0e, 0x1b, 0xff, 0x0e, 0x1b, 0xff, 0x0e, 0x1b, 0xff, 0x0e, 0x1b, 0xff, 0x0e, 0x1b,
  0xff, 0x0e, 0x1b, 0xff, 0x8e, 0xfb, 0xff, 0x8e, 0xfb, 0xff, 0x8e, 0xfb, 0xff, 0x8e, 0xfb, 0xff,
  0x8e, 0xfb, 0xff, 0x8e, 0xfb, 0xff, 0x8e, 0xfb, 0xff, 0x8e, 0xfb, 0xff, 0x8e, 0xfb, 0xff, 0x8e,
  0xfb, 0xff, 0x8e, 0xfb, 0xff, 0x8e, 0xfb, 0xff, 0x8e, 0xfb, 0xff, 0x2e, 0x1b, 0xff, 0x2e, 0x1b,
  0xff, 0x2e, 0x1b, 0xff, 0x2e, 0x1b, 0xff, 0x2e, 0x1b, 0xff, 0x2e, 0x1b, 0xff, 0x2e, 0x1b, 0xff,
  0x2e, 0x1b, 0xff, 0x2e, 0x1b, 0xff, 0x2e, 0x1b, 0xff, 0xdf, 0xff, 0xdc, 0xdf, 0xff, 0xdc, 0xdf,
  0xff, 0xdc, 0xdf, 0xff, 0xdc, 0xdf, 0xff, 0xdc, 0xdf, 0xff, 0xdc, 0xdf, 0xff, 0xdc, 0xdf, 0xff,
  0xdc, 0xdf, 0xff, 0xdc, 0xdf, 0xff, 0xdc, 0xdf, 0xff, 0xdc, 0xdf, 0xff, 0xdc, 0xdf, 0xff, 0xdc,
  0xdf, 0xff, 0xdc, 0xdf, 0xff, 0xdc, 0xdf, 0xff, 0xdc, 0xdf, 0xff, 0xdc, 0xdf, 0xff, 0xdc, 0xdf,
  0xff, 0xdc, 0xdf, 0xff, 0xdc, 0xdf, 0xff, 0xdc, 0xdf, 0xff, 0xdc, 0xdf, 0xff, 0xdc, 0xdf, 0xff,
  0xdc, 0xdf, 0xff, 0xdc, 0xdf, 0xff, 0xdc, 0xdf, 0xff, 0xdc, 0xdf, 0xff, 0xdc, 0x6e, 0x1b, 0xff,
  0x6e, 0x1b, 0xff, 0x6e, 0x1b, 0xff, 0x6e, 0x1b, 0xff, 0x6e, 0x1b, 0xff, 0x6e, 0x1b, 0xff, 0x6e,
  0x1b, 0xff, 0x6e, 0x1b, 0xff, 0x6e, 0x1b, 0xff, 0x6e, 0x1b, 0xff, 0x6e, 0x1b, 0xff, 0x6e, 0x1b,
  0xff, 0x26, 0x11, 0xed, 0x26, 0x11, 0xcd, 0x26, 0x11, 0xad, 0x26, 0x11, 0x8d, 0x26, 0x11, 0x6c,
  0x26, 0x11, 0x4b, 0x26, 0x11, 0x2a, 0x26, 0x11, 0x08, 0x00, 0x00, 0x00, 0x00, 0x00, 0x00, 0x00,
  0x00, 0x00, 0x00, 0x00, 0x00, 0x00, 0x00, 0x00, 0x00, 0x00, 0x00, 0x00, 0x00, 0x00, 0x00, 0x00,
  0x00, 0x00, 0x00, 0x00, 0x00, 0x00, 0x00, 0x00, 0x00, 0x00, 0x00, 0x00, 0x00, 0x00, 0x00, 0x00,
  0x00, 0x00, 0x00, 0x00, 0x00, 0x00, 0x00, 0x00, 0x00, 0x00, 0x00, 0x00, 0x00, 0x00, 0x00, 0x00,
  0x00, 0x00, 0x00, 0x00, 0x00, 0x00, 0x00, 0x00, 0x00, 0x00, 0x00, 0x00, 0x00, 0x00, 0x00, 0x00,
  0x00, 0x00, 0x00, 0x00, 0x00, 0x00, 0x00, 0x00, 0x00, 0x00, 0x00, 0x00, 0x00, 0x26, 0x11, 0x10,
  0x26, 0x11, 0x31, 0x26, 0x11, 0x51, 0x26, 0x11, 0x72, 0x26, 0x11, 0x91, 0x26, 0x11, 0xb1, 0x26,
  0x11, 0xd0, 0x26, 0x11, 0xef, 0x0e, 0x1b, 0xff, 0x0e, 0x1b, 0xff, 0x0e, 0x1b, 0xff, 0x0e, 0x1b,
  0xff, 0x0e, 0x1b, 0xff, 0x0e, 0x1b, 0xff, 0x0e, 0x1b, 0xff, 0x8e, 0xfb, 0xff, 0x8e, 0xfb, 0xff,
  0x8e, 0xfb, 0xff, 0x8e, 0xfb, 0xff, 0x8e, 0xfb, 0xff, 0x8e, 0xfb, 0xff, 0x8e, 0xfb, 0xff, 0x8e,
  0xfb, 0xff, 0x8e, 0xfb, 0xff, 0x2e, 0x1b, 0xff, 0x2e, 0x1b, 0xff, 0x2e, 0x1b, 0xff, 0x2e, 0x1b,
  0xff, 0x2e, 0x1b, 0xff, 0x2e, 0x1b, 0xff, 0x2e, 0x1b, 0xff, 0x2e, 0x1b, 0xff, 0x2e, 0x1b, 0xff,
  0x2e, 0x1b, 0xff, 0x2e, 0x1b, 0xff, 0x2e, 0x1b, 0xff, 0xdf, 0xff, 0xdc, 0xdf, 0xff, 0xdc, 0xdf,
  0xff, 0xdc, 0xdf, 0xff, 0xdc, 0xdf, 0xff, 0xdc, 0xdf, 0xff, 0xdc, 0xdf, 0xff, 0xdc, 0xdf, 0xff,
  0xdc, 0xdf, 0xff, 0xdc, 0xdf, 0xff, 0xdc, 0xdf, 0xff, 0xdc, 0xdf, 0xff, 0xdc, 0xdf, 0xff, 0xdc,
  0xdf, 0xff, 0xdc, 0xdf, 0xff, 0xdc, 0xdf, 0xff, 0xdc, 0xdf, 0xff, 0xdc, 0xdf, 0xff, 0xdc, 0xdf,
  0xff, 0xdc, 0xdf, 0xff, 0xdc, 0xdf, 0xff, 0xdc, 0xdf, 0xff, 0xdc, 0xdf, 0xff, 0xdc, 0xdf, 0xff,
  0xdc, 0xdf, 0xff, 0xdc, 0xdf, 0xff, 0xdc, 0xdf, 0xff, 0xdc, 0xdf, 0xff, 0xdc, 0x6e, 0x1b, 0xff,
  0x6e, 0x1b, 0xff, 0x6e, 0x1b, 0xff, 0x6e, 0x1b, 0xff, 0x6e, 0x1b, 0xff, 0x6e, 0x1b, 0xff, 0x6e,
  0x1b, 0xff, 0x6e, 0x1b, 0xff, 0x6e, 0x1b, 0xff, 0x6e, 0x1b, 0xff, 0x6e, 0x1b, 0xff, 0x26, 0x11,
  0xef, 0x26, 0x11, 0xd0, 0x26, 0x11, 0xb1, 0x26, 0x11, 0x91, 0x26, 0x11, 0x72, 0x26, 0x11, 0x51,
  0x26, 0x11, 0x31, 0x26, 0x11, 0x10, 0x00, 0x00, 0x00, 0x00, 0x00, 0x00, 0x00, 0x00, 0x00, 0x00,
  0x00, 0x00, 0x00, 0x00, 0x00, 0x00, 0x00, 0x00, 0x00, 0x00, 0x00, 0x00, 0x00, 0x00, 0x00, 0x00,
  0x00, 0x00, 0x00, 0x00, 0x00, 0x00, 0x00, 0x00, 0x00, 0x00, 0x00, 0x00, 0x00, 0x00, 0x00, 0x00,
  0x00, 0x00, 0x00, 0x00, 0x00, 0x00, 0x00, 0x00, 0x00, 0x00, 0x00, 0x00, 0x00, 0x00, 0x00, 0x00,
  0x00, 0x00, 0x00, 0x00, 0x00, 0x00, 0x00, 0x00, 0x00, 0x00, 0x00, 0x00, 0x00, 0x00, 0x00, 0x00,
  0x00, 0x00, 0x00, 0x00, 0x00, 0x00, 0x00, 0x00, 0x00, 0x00, 0x00, 0x00, 0x00, 0x00, 0x00, 0x00,
  0x26, 0x11, 0x15, 0x26, 0x11, 0x36, 0x26, 0x11, 0x55, 0x26, 0x11, 0x75, 0x26, 0x11, 0x94, 0x26,
  0x11, 0xb3, 0x26, 0x11, 0xd1, 0x26, 0x11, 0xef, 0x0e, 0x1b, 0xff, 0x0e, 0x1b, 0xff, 0x0e, 0x1b,
  0xff, 0x0e, 0x1b, 0xff, 0x0e, 0x1b, 0xff, 0x0e, 0x1b, 0xff, 0x0e, 0x1b, 0xff, 0x0e, 0x1b, 0xff,
  0x0e, 0x1b, 0xff, 0x0e, 0x1b, 0xff, 0x8e, 0xfb, 0xff, 0x0e, 0x1b, 0xff, 0x0e, 0x1b, 0xff, 0x0e,
  0x1b, 0xff, 0x0e, 0x1b, 0xff, 0x2e, 0x1b, 0xff, 0x2e, 0x1b, 0xff, 0x2e, 0x1b, 0xff, 0x2e, 0x1b,
  0xff, 0x2e, 0x1b, 0xff, 0x2e, 0x1b, 0xff, 0x2e, 0x1b, 0xff, 0x2e, 0x1b, 0xff, 0x2e, 0x1b, 0xff,
  0x2e, 0x1b, 0xff, 0x2e, 0x1b, 0xff, 0x2e, 0x1b, 0xff, 0xdf, 0xff, 0xdc, 0xdf, 0xff, 0xdc, 0xdf,
  0xff, 0xdc, 0xdf, 0xff, 0xdc, 0xdf, 0xff, 0xdc, 0xdf, 0xff, 0xdc, 0xdf, 0xff, 0xdc, 0xdf, 0xff,
  0xdc, 0xdf, 0xff, 0xdc, 0xdf, 0xff, 0xdc, 0xdf, 0xff, 0xdc, 0xdf, 0xff, 0xdc, 0xdf, 0xff, 0xdc,
  0xdf, 0xff, 0xdc, 0xdf, 0xff, 0xdc, 0xdf, 0xff, 0xdc, 0xdf, 0xff, 0xdc, 0xdf, 0xff, 0xdc, 0xdf,
  0xff, 0xdc, 0xdf, 0xff, 0xdc, 0xdf, 0xff, 0xdc, 0xdf, 0xff, 0xdc, 0xdf, 0xff, 0xdc, 0xdf, 0xff,
  0xdc, 0xdf, 0xff, 0xdc, 0xdf, 0xff, 0xdc, 0xdf, 0xff, 0xdc, 0xdf, 0xff, 0xdc, 0x6e, 0x1b, 0xff,
  0x6e, 0x1b, 0xff, 0x6e, 0x1b, 0xff, 0x6e, 0x1b, 0xff, 0x6e, 0x1b, 0xff, 0x6e, 0x1b, 0xff, 0x6e,
  0x1b, 0xff, 0x6e, 0x1b, 0xff, 0x6e, 0x1b, 0xff, 0x6e, 0x1b, 0xff, 0x26, 0x11, 0xef, 0x26, 0x11,
  0xd1, 0x26, 0x11, 0xb3, 0x26, 0x11, 0x94, 0x26, 0x11, 0x75, 0x26, 0x11, 0x55, 0x26, 0x11, 0x36,
  0x26, 0x11, 0x15, 0x00, 0x00, 0x00, 0x00, 0x00, 0x00, 0x00, 0x00, 0x00, 0x00, 0x00, 0x00, 0x00,
  0x00, 0x00, 0x00, 0x00, 0x00, 0x00, 0x00, 0x00, 0x00, 0x00, 0x00, 0x00, 0x00, 0x00, 0x00, 0x00,
  0x00, 0x00, 0x00, 0x00, 0x00, 0x00, 0x00, 0x00, 0x00, 0x00, 0x00, 0x00, 0x00, 0x00, 0x00, 0x00,
  0x00, 0x00, 0x00, 0x00, 0x00, 0x00, 0x00, 0x00, 0x00, 0x00, 0x00, 0x00, 0x00, 0x00, 0x00, 0x00,
  0x00, 0x00, 0x00, 0x00, 0x00, 0x00, 0x00, 0x00, 0x00, 0x00, 0x00, 0x00, 0x00, 0x00, 0x00, 0x00,
  0x00, 0x00, 0x00, 0x00, 0x00, 0x00, 0x00, 0x00, 0x00, 0x00, 0x00, 0x00, 0x00, 0x00, 0x00, 0x00,
  0x00, 0x00, 0x00, 0x26, 0x11, 0x19, 0x26, 0x11, 0x39, 0x26, 0x11, 0x58, 0x26, 0x11, 0x77, 0x26,
  0x11, 0x95, 0x26, 0x11, 0xb3, 0x26, 0x11, 0xd0, 0x26, 0x11, 0xed, 0x0e, 0x1b, 0xff, 0x0e, 0x1b,
  0xff, 0x0e, 0x1b, 0xff, 0x0e, 0x1b, 0xff, 0x0e, 0x1b, 0xff, 0x0e, 0x1b, 0xff, 0x0e, 0x1b, 0xff,
  0x0e, 0x1b, 0xff, 0x0e, 0x1b, 0xff, 0x0e, 0x1b, 0xff, 0x0e, 0x1b, 0xff, 0x0e, 0x1b, 0xff, 0x0e,
  0x1b, 0xff, 0x0e, 0x1b, 0xff, 0x2e, 0x1b, 0xff, 0x2e, 0x1b, 0xff, 0x2e, 0x1b, 0xff, 0x2e, 0x1b,
  0xff, 0x2e, 0x1b, 0xff, 0x2e, 0x1b, 0xff, 0x2e, 0x1b, 0xff, 0x2e, 0x1b, 0xff, 0x2e, 0x1b, 0xff,
  0x2e, 0x1b, 0xff, 0x2e, 0x1b, 0xff, 0x2e, 0x1b, 0xff, 0xdf, 0xff, 0xdc, 0xdf, 0xff, 0xdc, 0xdf,
  0xff, 0xdc, 0xdf, 0xff, 0xdc, 0xdf, 0xff, 0xdc, 0xdf, 0xff, 0xdc, 0xdf, 0xff, 0xdc, 0xdf, 0xff,
  0xdc, 0xdf, 0xff, 0xdc, 0xdf, 0xff, 0xdc, 0xdf, 0xff, 0xdc, 0xdf, 0xff, 0xdc, 0xdf, 0xff, 0xdc,
  0xdf, 0xff, 0xdc, 0xdf, 0xff, 0xdc, 0xdf, 0xff, 0xdc, 0xdf, 0xff, 0xdc, 0xdf, 0xff, 0xdc, 0xdf,
  0xff, 0xdc, 0xdf, 0xff, 0xdc, 0xdf, 0xff, 0xdc, 0xdf, 0xff, 0xdc, 0xdf, 0xff, 0xdc, 0xdf, 0xff,
  0xdc, 0xdf, 0xff, 0xdc, 0xdf, 0xff, 0xdc, 0xdf, 0xff, 0xdc, 0xdf, 0xff, 0xdc, 0x6e, 0x1b, 0xff,
  0x6e, 0x1b, 0xff, 0x6e, 0x1b, 0xff, 0x6e, 0x1b, 0xff, 0x6e, 0x1b, 0xff, 0x6e, 0x1b, 0xff, 0x6e,
  0x1b, 0xff, 0x6e, 0x1b, 0xff, 0x6e, 0x1b, 0xff, 0x26, 0x11, 0xed, 0x26, 0x11, 0xd0, 0x26, 0x11,
  0xb3, 0x26, 0x11, 0x95, 0x26, 0x11, 0x77, 0x26, 0x11, 0x58, 0x26, 0x11, 0x39, 0x26, 0x11, 0x19,
  0x00, 0x00, 0x00, 0x00, 0x00, 0x00, 0x00, 0x00, 0x00, 0x00, 0x00, 0x00, 0x00, 0x00, 0x00, 0x00,
  0x00, 0x00, 0x00, 0x00, 0x00, 0x00, 0x00, 0x00, 0x00, 0x00, 0x00, 0x00, 0x00, 0x00, 0x00, 0x00,
  0x00, 0x00, 0x00, 0x00, 0x00, 0x00, 0x00, 0x00, 0x00, 0x00, 0x00, 0x00, 0x00, 0x00, 0x00, 0x00,
  0x00, 0x00, 0x00, 0x00, 0x00, 0x00, 0x00, 0x00, 0x00, 0x00, 0x00, 0x00, 0x00, 0x00, 0x00, 0x00,
  0x00, 0x00, 0x00, 0x00, 0x00, 0x00, 0x00, 0x00, 0x00, 0x00, 0x00, 0x00, 0x00, 0x00, 0x00, 0x00,
  0x00, 0x00, 0x00, 0x00, 0x00, 0x00, 0x00, 0x00, 0x00, 0x00, 0x00, 0x00, 0x00, 0x00, 0x00, 0x00,
  0x00, 0x00, 0x00, 0x00, 0x00, 0x00, 0x26, 0x11, 0x1c, 0x26, 0x11, 0x3a, 0x26, 0x11, 0x59, 0x26,
  0x11, 0x77, 0x26, 0x11, 0x94, 0x26, 0x11, 0xb1, 0x26, 0x11, 0xcd, 0x26, 0x11, 0xe9, 0x0d, 0x1b,
  0xff, 0x0d, 0x1b, 0xff, 0x0d, 0x1b, 0xff, 0x0d, 0x1b, 0xff, 0x0d, 0x1b, 0xff, 0x0d, 0x1b, 0xff,
  0x0d, 0x1b, 0xff, 0x0d, 0x1b, 0xff, 0x0d, 0x1b, 0xff, 0x0d, 0x1b, 0xff, 0x0d, 0x1b, 0xff, 0x0d,
  0x1b, 0xff, 0x0d, 0x1b, 0xff, 0x2d, 0x1b, 0xff, 0x2d, 0x1b, 0xff, 0x2d, 0x1b, 0xff, 0x2d, 0x1b,
  0xff, 0x2d, 0x1b, 0xff, 0x2d, 0x1b, 0xff, 0x2d, 0x1b, 0xff, 0x2d, 0x1b, 0xff, 0x2d, 0x1b, 0xff,
  0x2d, 0x1b, 0xff, 0x2d, 0x1b, 0xff, 0x2d, 0x1b, 0xff, 0x2d, 0x1b, 0xff, 0x2d, 0x1b, 0xff, 0x2d,
  0x1b, 0xff, 0x2d, 0x1b, 0xff, 0x2d, 0x1b, 0xff, 0x2d, 0x1b, 0xff, 0x2d, 0x1b, 0xff, 0x2d, 0x1b,
  0xff, 0x4d, 0x1b, 0xff, 0x4d, 0x1b, 0xff, 0x4d, 0x1b, 0xff, 0x4d, 0x1b, 0xff, 0x4d, 0x1b, 0xff,
  0x4d, 0x1b, 0xff, 0x4d, 0x1b, 0xff, 0x4d, 0x1b, 0xff, 0x4d, 0x1b, 0xff, 0x4d, 0x1b, 0xff, 0x4d,
  0x1b, 0xff, 0x4d, 0x1b, 0xff, 0x4d, 0x1b, 0xff, 0x4d, 0x1b, 0xff, 0x4d, 0x1b, 0xff, 0x4d, 0x1b,
  0xff, 0x4d, 0x1b, 0xff, 0x4d, 0x1b, 0xff, 0x4d, 0x1b, 0xff, 0x4d, 0x1b, 0xff, 0x6d, 0x1b, 0xff,
  0x6d, 0x1b, 0xff, 0x6d, 0x1b, 0xff, 0x6d, 0x1b, 0xff, 0x6d, 0x1b, 0xff, 0x6d, 0x1b, 0xff, 0x6d,
  0x1b, 0xff, 0x6d, 0x1b, 0xff, 0x26, 0x11, 0xe9, 0x26, 0x11, 0xcd, 0x26, 0x11, 0xb1, 0x26, 0x11,
  0x94, 0x26, 0x11, 0x77, 0x26, 0x11, 0x59, 0x26, 0x11, 0x3a, 0x26, 0x11, 0x1c, 0x00, 0x00, 0x00,
  0x00, 0x00, 0x00, 0x00, 0x00, 0x00, 0x00, 0x00, 0x00, 0x00, 0x00, 0x00, 0x00, 0x00, 0x00, 0x00,
  0x00, 0x00, 0x00, 0x00, 0x00, 0x00, 0x00, 0x00, 0x00, 0x00, 0x00, 0x00, 0x00, 0x00, 0x00, 0x00,
  0x00, 0x00, 0x00, 0x00, 0x00, 0x00, 0x00, 0x00, 0x00, 0x00, 0x00, 0x00, 0x00, 0x00, 0x00, 0x00,
  0x00, 0x00, 0x00, 0x00, 0x00, 0x00, 0x00, 0x00, 0x00, 0x00, 0x00, 0x00, 0x00, 0x00, 0x00, 0x00,
  0x00, 0x00, 0x00, 0x00, 0x00, 0x00, 0x00, 0x00, 0x00, 0x00, 0x00, 0x00, 0x00, 0x00, 0x00, 0x00,
  0x00, 0x00, 0x00, 0x00, 0x00, 0x00, 0x00, 0x00, 0x00, 0x00, 0x00, 0x00, 0x00, 0x00, 0x00, 0x00,
  0x00, 0x00, 0x00, 0x00, 0x00, 0x00, 0x00, 0x00, 0x00, 0x26, 0x11, 0x1d, 0x26, 0x11, 0x3a, 0x26,
  0x11, 0x58, 0x26, 0x11, 0x75, 0x26, 0x11, 0x91, 0x26, 0x11, 0xad, 0x26, 0x11, 0xc9, 0x26, 0x11,
  0xe4, 0x26, 0x11, 0xff, 0x0d, 0x1b, 0xff, 0x0d, 0x1b, 0xff, 0x0d, 0x1b, 0xff, 0x0d, 0x1b, 0xff,
  0x0d, 0x1b, 0xff, 0x0d, 0x1b, 0xff, 0x0d, 0x1b, 0xff, 0x0d, 0x1b, 0xff, 0x0d, 0x1b, 0xff, 0x0d,
  0x1b, 0xff, 0x0d, 0x1b, 0xff, 0x2d, 0x1b, 0xff, 0x2d, 0x1b, 0xff, 0x2d, 0x1b, 0xff, 0x2d, 0x1b,
  0xff, 0x2d, 0x1b, 0xff, 0x2d, 0x1b, 0xff, 0x2d, 0x1b, 0xff, 0x2d, 0x1b, 0xff, 0x2d, 0x1b, 0xff,
  0x2d, 0x1b, 0xff, 0x2d, 0x1b, 0xff, 0x2d, 0x1b, 0xff, 0x2d, 0x1b, 0xff, 0x2d, 0x1b, 0xff, 0x2d,
  0x1b, 0xff, 0x2d, 0x1b, 0xff, 0x2d, 0x1b, 0xff, 0x2d, 0x1b, 0xff, 0x2d, 0x1b, 0xff, 0x2d, 0x1b,
  0xff, 0x4d, 0x1b, 0xff, 0x4d, 0x1b, 0xff, 0x4d, 0x1b, 0xff, 0x4d, 0x1b, 0xff, 0x4d, 0x1b, 0xff,
  0x4d, 0x1b, 0xff, 0x4d, 0x1b, 0xff, 0x4d, 0x1b, 0xff, 0x4d, 0x1b, 0xff, 0x4d, 0x1b, 0xff, 0x4d,
  0x1b, 0xff, 0x4d, 0x1b, 0xff, 0x4d, 0x1b, 0xff, 0x4d, 0x1b, 0xff, 0x4d, 0x1b, 0xff, 0x4d, 0x1b,
  0xff, 0x4d, 0x1b, 0xff, 0x4d, 0x1b, 0xff, 0x4d, 0x1b, 0xff, 0x4d, 0x1b, 0xff, 0x6d, 0x1b, 0xff,
  0x6d, 0x1b, 0xff, 0x6d, 0x1b, 0xff, 0x6d, 0x1b, 0xff, 0x6d, 0x1b, 0xff, 0x6d, 0x1b, 0xff, 0x26,
  0x11, 0xff, 0x26, 0x11, 0xe4, 0x26, 0x11, 0xc9, 0x26, 0x11, 0xad, 0x26, 0x11, 0x91, 0x26, 0x11,
  0x75, 0x26, 0x11, 0x58, 0x26, 0x11, 0x3a, 0x26, 0x11, 0x1d, 0x00, 0x00, 0x00, 0x00, 0x00, 0x00,
  0x00, 0x00, 0x00, 0x00, 0x00, 0x00, 0x00, 0x00, 0x00, 0x00, 0x00, 0x00, 0x00, 0x00, 0x00, 0x00,
  0x00, 0x00, 0x00, 0x00, 0x00, 0x00, 0x00, 0x00, 0x00, 0x00, 0x00, 0x00, 0x00, 0x00, 0x00, 0x00,
  0x00, 0x00, 0x00, 0x00, 0x00, 0x00, 0x00, 0x00, 0x00, 0x00, 0x00, 0x00, 0x00, 0x00, 0x00, 0x00,
  0x00, 0x00, 0x00, 0x00, 0x00, 0x00, 0x00, 0x00, 0x00, 0x00, 0x00, 0x00, 0x00, 0x00, 0x00, 0x00,
  0x00, 0x00, 0x00, 0x00, 0x00, 0x00, 0x00, 0x00, 0x00, 0x00, 0x00, 0x00, 0x00, 0x00, 0x00, 0x00,
  0x00, 0x00, 0x00, 0x00, 0x00, 0x00, 0x00, 0x00, 0x00, 0x00, 0x00, 0x00, 0x00, 0x00, 0x00, 0x00,
  0x00, 0x00, 0x00, 0x00, 0x00, 0x00, 0x00, 0x00, 0x00, 0x00, 0x00, 0x00, 0x26, 0x11, 0x1c, 0x26,
  0x11, 0x39, 0x26, 0x11, 0x55, 0x26, 0x11, 0x72, 0x26, 0x11, 0x8d, 0x26, 0x11, 0xa8, 0x26, 0x11,
  0xc3, 0x26, 0x11, 0xdd, 0x26, 0x11, 0xf6, 0x0d, 0x1b, 0xff, 0x0d, 0x1b, 0xff, 0x0d, 0x1b, 0xff,
  0x0d, 0x1b, 0xff, 0x0d, 0x1b, 0xff, 0x0d, 0x1b, 0xff, 0x0d, 0x1b, 0xff, 0x0d, 0x1b, 0xff, 0x0d,
  0x1b, 0xff, 0x0d, 0x1b, 0xff, 0x2d, 0x1b, 0xff, 0x2d, 0x1b, 0xff, 0x2d, 0x1b, 0xff, 0x2d, 0x1b,
  0xff, 0x2d, 0x1b, 0xff, 0x2d, 0x1b, 0xff, 0x2d, 0x1b, 0xff, 0x2d, 0x1b, 0xff, 0x2d, 0x1b, 0xff,
  0x2d, 0x1b, 0xff, 0x2d, 0x1b, 0xff, 0x2d, 0x1b, 0xff, 0x2d, 0x1b, 0xff, 0x2d, 0x1b, 0xff, 0x2d,
  0x1b, 0xff, 0x2d, 0x1b, 0xff, 0x2d, 0x1b, 0xff, 0x2d, 0x1b, 0xff, 0x2d, 0x1b, 0xff, 0x2d, 0x1b,
  0xff, 0x4d, 0x1b, 0xff, 0x4d, 0x1b, 0xff, 0x4d, 0x1b, 0xff, 0x4d, 0x1b, 0xff, 0x4d, 0x1b, 0xff,
  0x4d, 0x1b, 0xff, 0x4d, 0x1b, 0xff, 0x4d, 0x1b, 0xff, 0x4d, 0x1b, 0xff, 0x4d, 0x1b, 0xff, 0x4d,
  0x1b, 0xff, 0x4d, 0x1b, 0xff, 0x4d, 0x1b, 0xff, 0x4d, 0x1b, 0xff, 0x4d, 0x1b, 0xff, 0x4d, 0x1b,
  0xff, 0x4d, 0x1b, 0xff, 0x4d, 0x1b, 0xff, 0x4d, 0x1b, 0xff, 0x4d, 0x1b, 0xff, 0x6d, 0x1b, 0xff,
  0x6d, 0x1b, 0xff, 0x6d, 0x1b, 0xff, 0x6d, 0x1b, 0xff, 0x6d, 0x1b, 0xff, 0x26, 0x11, 0xf6, 0x26,
  0x11, 0xdd, 0x26, 0x11, 0xc3, 0x26, 0x11, 0xa8, 0x26, 0x11, 0x8d, 0x26, 0x11, 0x72, 0x26, 0x11,
  0x55, 0x26, 0x11, 0x39, 0x26, 0x11, 0x1c, 0x00, 0x00, 0x00, 0x00, 0x00, 0x00, 0x00, 0x00, 0x00,
  0x00, 0x00, 0x00, 0x00, 0x00, 0x00, 0x00, 0x00, 0x00, 0x00, 0x00, 0x00, 0x00, 0x00, 0x00, 0x00,
  0x00, 0x00, 0x00, 0x00, 0x00, 0x00, 0x00, 0x00, 0x00, 0x00, 0x00, 0x00, 0x00, 0x00, 0x00, 0x00,
  0x00, 0x00, 0x00, 0x00, 0x00, 0x00, 0x00, 0x00, 0x00, 0x00, 0x00, 0x00, 0x00, 0x00, 0x00, 0x00,
  0x00, 0x00, 0x00, 0x00, 0x00, 0x00, 0x00, 0x00, 0x00, 0x00, 0x00, 0x00, 0x00, 0x00, 0x00, 0x00,
  0x00, 0x00, 0x00, 0x00, 0x00, 0x00, 0x00, 0x00, 0x00, 0x00, 0x00, 0x00, 0x00, 0x00, 0x00, 0x00,
  0x00, 0x00, 0x00, 0x00, 0x00, 0x00, 0x00, 0x00, 0x00, 0x00, 0x00, 0x00, 0x00, 0x00, 0x00, 0x00,
  0x00, 0x00, 0x00, 0x00, 0x00, 0x00, 0x00, 0x00, 0x00, 0x00, 0x00, 0x00, 0x00, 0x00, 0x00, 0x26,
  0x11, 0x19, 0x26, 0x11, 0x36, 0x26, 0x11, 0x51, 0x26, 0x11, 0x6c, 0x26, 0x11, 0x87, 0x26, 0x11,
  0xa1, 0x26, 0x11, 0xbb, 0x26, 0x11, 0xd4, 0x26, 0x11, 0xed, 0x0d, 0x1b, 0xff, 0x0d, 0x1b, 0xff,
  0x0d, 0x1b, 0xff, 0x0d, 0x1b, 0xff, 0x0d, 0x1b, 0xff, 0x0d, 0x1b, 0xff, 0x0d, 0x1b, 0xff, 0x0d,
  0x1b, 0xff, 0x0d, 0x1b, 0xff, 0x2d, 0x1b, 0xff, 0x2d, 0x1b, 0xff, 0x2d, 0x1b, 0xff, 0x2d, 0x1b,
  0xff, 0x2d, 0x1b, 0xff, 0x2d, 0x1b, 0xff, 0x2d, 0x1b, 0xff, 0x2d, 0x1b, 0xff, 0x2d, 0x1b, 0xff,
  0x2d, 0x1b, 0xff, 0x2d, 0x1b, 0xff, 0x2d, 0x1b, 0xff, 0x2d, 0x1b, 0xff, 0x2d, 0x1b, 0xff, 0x2d,
  0x1b, 0xff, 0x2d, 0x1b, 0xff, 0x2d, 0x1b, 0xff, 0x2d, 0x1b, 0xff, 0x2d, 0x1b, 0xff, 0x2d, 0x1b,
  0xff, 0x4d, 0x1b, 0xff, 0x4d, 0x1b, 0xff, 0x4d, 0x1b, 0xff, 0x4d, 0x1b, 0xff, 0x4d, 0x1b, 0xff,
  0x4d, 0x1b, 0xff, 0x4d, 0x1b, 0xff, 0x4d, 0x1b, 0xff, 0x4d, 0x1b, 0xff, 0x4d, 0x1b, 0xff, 0x4d,
  0x1b, 0xff, 0x4d, 0x1b, 0xff, 0x4d, 0x1b, 0xff, 0x4d, 0x1b, 0xff, 0x4d, 0x1b, 0xff, 0x4d, 0x1b,
  0xff, 0x4d, 0x1b, 0xff, 0x4d, 0x1b, 0xff, 0x4d, 0x1b, 0xff, 0x4d, 0x1b, 0xff, 0x6d, 0x1b, 0xff,
  0x6d, 0x1b, 0xff, 0x6d, 0x1b, 0xff, 0x6d, 0x1b, 0xff, 0x26, 0x11, 0xed, 0x26, 0x11, 0xd4, 0x26,
  0x11, 0xbb, 0x26, 0x11, 0xa1, 0x26, 0x11, 0x87, 0x26, 0x11, 0x6c, 0x26, 0x11, 0x51, 0x26, 0x11,
  0x36, 0x26, 0x11, 0x19, 0x00, 0x00, 0x00, 0x00, 0x00, 0x00, 0x00, 0x00, 0x00, 0x00, 0x00, 0x00,
  0x00, 0x00, 0x00, 0x00, 0x00, 0x00, 0x00, 0x00, 0x00, 0x00, 0x00, 0x00, 0x00, 0x00, 0x00, 0x00,
  0x00, 0x00, 0x00, 0x00, 0x00, 0x00, 0x00, 0x00, 0x00, 0x00, 0x00, 0x00, 0x00, 0x00, 0x00, 0x00,
  0x00, 0x00, 0x00, 0x00, 0x00, 0x00, 0x00, 0x00, 0x00, 0x00, 0x00, 0x00, 0x00, 0x00, 0x00, 0x00,
  0x00, 0x00, 0x00, 0x00, 0x00, 0x00, 0x00, 0x00, 0x00, 0x00, 0x00, 0x00, 0x00, 0x00, 0x00, 0x00,
  0x00, 0x00, 0x00, 0x00, 0x00, 0x00, 0x00, 0x00, 0x00, 0x00, 0x00, 0x00, 0x00, 0x00, 0x00, 0x00,
  0x00, 0x00, 0x00, 0x00, 0x00, 0x00, 0x00, 0x00, 0x00, 0x00, 0x00, 0x00, 0x00, 0x00, 0x00, 0x00,
  0x00, 0x00, 0x00, 0x00, 0x00, 0x00, 0x00, 0x00, 0x00, 0x00, 0x00, 0x00, 0x00, 0x00, 0x00, 0x00,
  0x00, 0x00, 0x26, 0x11, 0x15, 0x26, 0x11, 0x31, 0x26, 0x11, 0x4b, 0x26, 0x11, 0x66, 0x26, 0x11,
  0x80, 0x26, 0x11, 0x99, 0x26, 0x11, 0xb1, 0x26, 0x11, 0xc9, 0x26, 0x11, 0xe1, 0x26, 0x11, 0xf8,
  0x0d, 0x1b, 0xff, 0x0d, 0x1b, 0xff, 0x0d, 0x1b, 0xff, 0x0d, 0x1b, 0xff, 0x0d, 0x1b, 0xff, 0x0d,
  0x1b, 0xff, 0x0d, 0x1b, 0xff, 0x2d, 0x1b, 0xff, 0x2d, 0x1b, 0xff, 0x2d, 0x1b, 0xff, 0x2d, 0x1b,
  0xff, 0x2d, 0x1b, 0xff, 0x2d, 0x1b, 0xff, 0x2d, 0x1b, 0xff, 0x2d, 0x1b, 0xff, 0x2d, 0x1b, 0xff,
  0x2d, 0x1b, 0xff, 0x2d, 0x1b, 0xff, 0x2d, 0x1b, 0xff, 0x2d, 0x1b, 0xff, 0x2d, 0x1b, 0xff, 0x2d,
  0x1b, 0xff, 0x2d, 0x1b, 0xff, 0x2d, 0x1b, 0xff, 0x2d, 0x1b, 0xff, 0x2d, 0x1b, 0xff, 0x2d, 0x1b,
  0xff, 0x4d, 0x1b, 0xff, 0x4d, 0x1b, 0xff, 0x4d, 0x1b, 0xff, 0x4d, 0x1b, 0xff, 0x4d, 0x1b, 0xff,
  0x4d, 0x1b, 0xff, 0x4d, 0x1b, 0xff, 0x4d, 0x1b, 0xff, 0x4d, 0x1b, 0xff, 0x4d, 0x1b, 0xff, 0x4d,
  0x1b, 0xff, 0x4d, 0x1b, 0xff, 0x4d, 0x1b, 0xff, 0x4d, 0x1b, 0xff, 0x4d, 0x1b, 0xff, 0x4d, 0x1b,
  0xff, 0x4d, 0x1b, 0xff, 0x4d, 0x1b, 0xff, 0x4d, 0x1b, 0xff, 0x4d, 0x1b, 0xff, 0x6d, 0x1b, 0xff,
  0x6d, 0x1b, 0xff, 0x26, 0x11, 0xf8, 0x26, 0x11, 0xe1, 0x26, 0x11, 0xc9, 0x26, 0x11, 0xb1, 0x26,
  0x11, 0x99, 0x26, 0x11, 0x80, 0x26, 0x11, 0x66, 0x26, 0x11, 0x4b, 0x26, 0x11, 0x31, 0x26, 0x11,
  0x15, 0x00, 0x00, 0x00, 0x00, 0x00, 0x00, 0x00, 0x00, 0x00, 0x00, 0x00, 0x00, 0x00, 0x00, 0x00,
  0x00, 0x00, 0x00, 0x00, 0x00, 0x00, 0x00, 0x00, 0x00, 0x00, 0x00, 0x00, 0x00, 0x00, 0x00, 0x00,
  0x00, 0x00, 0x00, 0x00, 0x00, 0x00, 0x00, 0x00, 0x00, 0x00, 0x00, 0x00, 0x00, 0x00, 0x00, 0x00,
  0x00, 0x00, 0x00, 0x00, 0x00, 0x00, 0x00, 0x00, 0x00, 0x00, 0x00, 0x00, 0x00, 0x00, 0x00, 0x00,
  0x00, 0x00, 0x00, 0x00, 0x00, 0x00, 0x00, 0x00, 0x00, 0x00, 0x00, 0x00, 0x00, 0x00, 0x00, 0x00,
  0x00, 0x00, 0x00, 0x00, 0x00, 0x00, 0x00, 0x00, 0x00, 0x00, 0x00, 0x00, 0x00, 0x00, 0x00, 0x00,
  0x00, 0x00, 0x00, 0x00, 0x00, 0x00, 0x00, 0x00, 0x00, 0x00, 0x00, 0x00, 0x00, 0x00, 0x00, 0x00,
  0x00, 0x00, 0x00, 0x00, 0x00, 0x00, 0x00, 0x00, 0x00, 0x00, 0x00, 0x00, 0x00, 0x00, 0x00, 0x00,
  0x00, 0x00, 0x00, 0x00, 0x00, 0x26, 0x11, 0x10, 0x26, 0x11, 0x2a, 0x26, 0x11, 0x44, 0x26, 0x11,
  0x5d, 0x26, 0x11, 0x76, 0x26, 0x11, 0x8e, 0x26, 0x11, 0xa6, 0x26, 0x11, 0xbd, 0x26, 0x11, 0xd4,
  0x26, 0x11, 0xe9, 0x26, 0x11, 0xff, 0x0d, 0x1b, 0xff, 0x0d, 0x1b, 0xff, 0x0d, 0x1b, 0xff, 0x0d,
  0x1b, 0xff, 0x0d, 0x1b, 0xff, 0x2d, 0x1b, 0xff, 0x2d, 0x1b, 0xff, 0x2d, 0x1b, 0xff, 0x2d, 0x1b,
  0xff, 0x2d, 0x1b, 0xff, 0x2d, 0x1b, 0xff, 0x2d, 0x1b, 0xff, 0x2d, 0x1b, 0xff, 0x2d, 0x1b, 0xff,
  0x2d, 0x1b, 0xff, 0x2d, 0x1b, 0xff, 0x2d, 0x1b, 0xff, 0x2d, 0x1b, 0xff, 0x2d, 0x1b, 0xff, 0x2d,
  0x1b, 0xff, 0x2d, 0x1b, 0xff, 0x2d, 0x1b, 0xff, 0x2d, 0x1b, 0xff, 0x2d, 0x1b, 0xff, 0x2d, 0x1b,
  0xff, 0x4d, 0x1b, 0xff, 0x4d, 0x1b, 0xff, 0x4d, 0x1b, 0xff, 0x4d, 0x1b, 0xff, 0x4d, 0x1b, 0xff,
  0x4d, 0x1b, 0xff, 0x4d, 0x1b, 0xff, 0x4d, 0x1b, 0xff, 0x4d, 0x1b, 0xff, 0x4d, 0x1b, 0xff, 0x4d,
  0x1b, 0xff, 0x4d, 0x1b, 0xff, 0x4d, 0x1b, 0xff, 0x4d, 0x1b, 0xff, 0x4d, 0x1b, 0xff, 0x4d, 0x1b,
  0xff, 0x4d, 0x1b, 0xff, 0x4d, 0x1b, 0xff, 0x4d, 0x1b, 0xff, 0x4d, 0x1b, 0xff, 0x26, 0x11, 0xff,
  0x26, 0x11, 0xe9, 0x26, 0x11, 0xd4, 0x26, 0x11, 0xbd, 0x26, 0x11, 0xa6, 0x26, 0x11, 0x8e, 0x26,
  0x11, 0x76, 0x26, 0x11, 0x5d, 0x26, 0x11, 0x44, 0x26, 0x11, 0x2a, 0x26, 0x11, 0x10, 0x00, 0x00,
  0x00, 0x00, 0x00, 0x00, 0x00, 0x00, 0x00, 0x00, 0x00, 0x00, 0x00, 0x00, 0x00, 0x00, 0x00, 0x00,
  0x00, 0x00, 0x00, 0x00, 0x00, 0x00, 0x00, 0x00, 0x00, 0x00, 0x00, 0x00, 0x00, 0x00, 0x00, 0x00,
  0x00, 0x00, 0x00, 0x00, 0x00, 0x00, 0x00, 0x00, 0x00, 0x00, 0x00, 0x00, 0x00, 0x00, 0x00, 0x00,
  0x00, 0x00, 0x00, 0x00, 0x00, 0x00, 0x00, 0x00, 0x00, 0x00, 0x00, 0x00, 0x00, 0x00, 0x00, 0x00,
  0x00, 0x00, 0x00, 0x00, 0x00, 0x00, 0x00, 0x00, 0x00, 0x00, 0x00, 0x00, 0x00, 0x00, 0x00, 0x00,
  0x00, 0x00, 0x00, 0x00, 0x00, 0x00, 0x00, 0x00, 0x00, 0x00, 0x00, 0x00, 0x00, 0x00, 0x00, 0x00,
  0x00, 0x00, 0x00, 0x00, 0x00, 0x00, 0x00, 0x00, 0x00, 0x00, 0x00, 0x00, 0x00, 0x00, 0x00, 0x00,
  0x00, 0x00, 0x00, 0x00, 0x00, 0x00, 0x00, 0x00, 0x00, 0x00, 0x00, 0x00, 0x00, 0x00, 0x00, 0x00,
  0x00, 0x00, 0x00, 0x00, 0x00, 0x00, 0x00, 0x00, 0x26, 0x11, 0x08, 0x26, 0x11, 0x22, 0x26, 0x11,
  0x3b, 0x26, 0x11, 0x53, 0x26, 0x11, 0x6b, 0x26, 0x11, 0x82, 0x26, 0x11, 0x99, 0x26, 0x11, 0xaf,
  0x26, 0x11, 0xc5, 0x26, 0x11, 0xd9, 0x26, 0x11, 0xed, 0x0d, 0x1b, 0xff, 0x0d, 0x1b, 0xff, 0x0d,
  0x1b, 0xff, 0x0d, 0x1b, 0xff, 0x2d, 0x1b, 0xff, 0x2d, 0x1b, 0xff, 0x2d, 0x1b, 0xff, 0x2d, 0x1b,
  0xff, 0x2d, 0x1b, 0xff, 0x2d, 0x1b, 0xff, 0x2d, 0x1b, 0xff, 0x2d, 0x1b, 0xff, 0x2d, 0x1b, 0xff,
  0x2d, 0x1b, 0xff, 0x2d, 0x1b, 0xff, 0x2d, 0x1b, 0xff, 0x2d, 0x1b, 0xff, 0x2d, 0x1b, 0xff, 0x2d,
  0x1b, 0xff, 0x2d, 0x1b, 0xff, 0x2d, 0x1b, 0xff, 0x2d, 0x1b, 0xff, 0x2d, 0x1b, 0xff, 0x2d, 0x1b,
  0xff, 0x4d, 0x1b, 0xff, 0x4d, 0x1b, 0xff, 0x4d, 0x1b, 0xff, 0x4d, 0x1b, 0xff, 0x4d, 0x1b, 0xff,
  0x4d, 0x1b, 0xff, 0x4d, 0x1b, 0xff, 0x4d, 0x1b, 0xff, 0x4d, 0x1b, 0xff, 0x4d, 0x1b, 0xff, 0x4d,
  0x1b, 0xff, 0x4d, 0x1b, 0xff, 0x4d, 0x1b, 0xff, 0x4d, 0x1b, 0xff, 0x4d, 0x1b, 0xff, 0x4d, 0x1b,
  0xff, 0x4d, 0x1b, 0xff, 0x4d, 0x1b, 0xff, 0x4d, 0x1b, 0xff, 0x26, 0x11, 0xed, 0x26, 0x11, 0xd9,
  0x26, 0x11, 0xc5, 0x26, 0x11, 0xaf, 0x26, 0x11, 0x99, 0x26, 0x11, 0x82, 0x26, 0x11, 0x6b, 0x26,
  0x11, 0x53, 0x26, 0x11, 0x3b, 0x26, 0x11, 0x22, 0x26, 0x11, 0x08, 0x00, 0x00, 0x00, 0x00, 0x00,
  0x00, 0x00, 0x00, 0x00, 0x00, 0x00, 0x00, 0x00, 0x00, 0x00, 0x00, 0x00, 0x00, 0x00, 0x00, 0x00,
  0x00, 0x00, 0x00, 0x00, 0x00, 0x00, 0x00, 0x00, 0x00, 0x00, 0x00, 0x00, 0x00, 0x00, 0x00, 0x00,
  0x00, 0x00, 0x00, 0x00, 0x00, 0x00, 0x00, 0x00, 0x00, 0x00, 0x00, 0x00, 0x00, 0x00, 0x00, 0x00,
  0x00, 0x00, 0x00, 0x00, 0x00, 0x00, 0x00, 0x00, 0x00, 0x00, 0x00, 0x00, 0x00, 0x00, 0x00, 0x00,
  0x00, 0x00, 0x00, 0x00, 0x00, 0x00, 0x00, 0x00, 0x00, 0x00, 0x00, 0x00, 0x00, 0x00, 0x00, 0x00,
  0x00, 0x00, 0x00, 0x00, 0x00, 0x00, 0x00, 0x00, 0x00, 0x00, 0x00, 0x00, 0x00, 0x00, 0x00, 0x00,
  0x00, 0x00, 0x00, 0x00, 0x00, 0x00, 0x00, 0x00, 0x00, 0x00, 0x00, 0x00, 0x00, 0x00, 0x00, 0x00,
  0x00, 0x00, 0x00, 0x00, 0x00, 0x00, 0x00, 0x00, 0x00, 0x00, 0x00, 0x00, 0x00, 0x00, 0x00, 0x00,
  0x00, 0x00, 0x00, 0x00, 0x00, 0x00, 0x00, 0x00, 0x00, 0x00, 0x00, 0x00, 0x00, 0x00, 0x26, 0x11,
  0x18, 0x26, 0x11, 0x30, 0x26, 0x11, 0x48, 0x26, 0x11, 0x5f, 0x26, 0x11, 0x75, 0x26, 0x11, 0x8b,
  0x26, 0x11, 0xa0, 0x26, 0x11, 0xb4, 0x26, 0x11, 0xc8, 0x26, 0x11, 0xdb, 0x26, 0x11, 0xed, 0x26,
  0x11, 0xff, 0x0d, 0x1b, 0xff, 0x2d, 0x1b, 0xff, 0x2d, 0x1b, 0xff, 0x2d, 0x1b, 0xff, 0x2d, 0x1b,
  0xff, 0x2d, 0x1b, 0xff, 0x2d, 0x1b, 0xff, 0x2d, 0x1b, 0xff, 0x2d, 0x1b, 0xff, 0x2d, 0x1b, 0xff,
  0x2d, 0x1b, 0xff, 0x2d, 0x1b, 0xff, 0x2d, 0x1b, 0xff, 0x2d, 0x1b, 0xff, 0x2d, 0x1b, 0xff, 0x2d,
  0x1b, 0xff, 0x2d, 0x1b, 0xff, 0x2d, 0x1b, 0xff, 0x2d, 0x1b, 0xff, 0x2d, 0x1b, 0xff, 0x2d, 0x1b,
  0xff, 0x4d, 0x1b, 0xff, 0x4d, 0x1b, 0xff, 0x4d, 0x1b, 0xff, 0x4d, 0x1b, 0xff, 0x4d, 0x1b, 0xff,
  0x4d, 0x1b, 0xff, 0x4d, 0x1b, 0xff, 0x4d, 0x1b, 0xff, 0x4d, 0x1b, 0xff, 0x4d, 0x1b, 0xff, 0x4d,
  0x1b, 0xff, 0x4d, 0x1b, 0xff, 0x4d, 0x1b, 0xff, 0x4d, 0x1b, 0xff, 0x4d, 0x1b, 0xff, 0x4d, 0x1b,
  0xff, 0x26, 0x11, 0xff, 0x26, 0x11, 0xed, 0x26, 0x11, 0xdb, 0x26, 0x11, 0xc8, 0x26, 0x11, 0xb4,
  0x26, 0x11, 0xa0, 0x26, 0x11, 0x8b, 0x26, 0x11, 0x75, 0x26, 0x11, 0x5f, 0x26, 0x11, 0x48, 0x26,
  0x11, 0x30, 0x26, 0x11, 0x18, 0x00, 0x00, 0x00, 0x00, 0x00, 0x00, 0x00, 0x00, 0x00, 0x00, 0x00,
  0x00, 0x00, 0x00, 0x00, 0x00, 0x00, 0x00, 0x00, 0x00, 0x00, 0x00, 0x00, 0x00, 0x00, 0x00, 0x00,
  0x00, 0x00, 0x00, 0x00, 0x00, 0x00, 0x00, 0x00, 0x00, 0x00, 0x00, 0x00, 0x00, 0x00, 0x00, 0x00,
  0x00, 0x00, 0x00, 0x00, 0x00, 0x00, 0x00, 0x00, 0x00, 0x00, 0x00, 0x00, 0x00, 0x00, 0x00, 0x00,
  0x00, 0x00, 0x00, 0x00, 0x00, 0x00, 0x00, 0x00, 0x00, 0x00, 0x00, 0x00, 0x00, 0x00, 0x00, 0x00,
  0x00, 0x00, 0x00, 0x00, 0x00, 0x00, 0x00, 0x00, 0x00, 0x00, 0x00, 0x00, 0x00, 0x00, 0x00, 0x00,
  0x00, 0x00, 0x00, 0x00, 0x00, 0x00, 0x00, 0x00, 0x00, 0x00, 0x00, 0x00, 0x00, 0x00, 0x00, 0x00,
  0x00, 0x00, 0x00, 0x00, 0x00, 0x00, 0x00, 0x00, 0x00, 0x00, 0x00, 0x00, 0x00, 0x00, 0x00, 0x00,
  0x00, 0x00, 0x00, 0x00, 0x00, 0x00, 0x00, 0x00, 0x00, 0x00, 0x00, 0x00, 0x00, 0x00, 0x00, 0x00,
  0x00, 0x00, 0x00, 0x00, 0x00, 0x00, 0x00, 0x00, 0x00, 0x00, 0x00, 0x00, 0x00, 0x00, 0x00, 0x00,
  0x00, 0x26, 0x11, 0x0d, 0x26, 0x11, 0x24, 0x26, 0x11, 0x3a, 0x26, 0x11, 0x50, 0x26, 0x11, 0x66,
  0x26, 0x11, 0x7a, 0x26, 0x11, 0x8e, 0x26, 0x11, 0xa2, 0x26, 0x11, 0xb4, 0x26, 0x11, 0xc6, 0x26,
  0x11, 0xd8, 0x26, 0x11, 0xe8, 0x26, 0x11, 0xf8, 0x2d, 0x1b, 0xff, 0x2d, 0x1b, 0xff, 0x2d, 0x1b,
  0xff, 0x2d, 0x1b, 0xff, 0x2d, 0x1b, 0xff, 0x2d, 0x1b, 0xff, 0x2d, 0x1b, 0xff, 0x2d, 0x1b, 0xff,
  0x2d, 0x1b, 0xff, 0x2d, 0x1b, 0xff, 0x2d, 0x1b, 0xff, 0x2d, 0x1b, 0xff, 0x2d, 0x1b, 0xff, 0x2d,
  0x1b, 0xff, 0x2d, 0x1b, 0xff, 0x2d, 0x1b, 0xff, 0x2d, 0x1b, 0xff, 0x2d, 0x1b, 0xff, 0x2d, 0x1b,
  0xff, 0x4d, 0x1b, 0xff, 0x4d, 0x1b, 0xff, 0x4d, 0x1b, 0xff, 0x4d, 0x1b, 0xff, 0x4d, 0x1b, 0xff,
  0x4d, 0x1b, 0xff, 0x4d, 0x1b, 0xff, 0x4d, 0x1b, 0xff, 0x4d, 0x1b, 0xff, 0x4d, 0x1b, 0xff, 0x4d,
  0x1b, 0xff, 0x4d, 0x1b, 0xff, 0x4d, 0x1b, 0xff, 0x4d, 0x1b, 0xff, 0x26, 0x11, 0xf8, 0x26, 0x11,
  0xe8, 0x26, 0x11, 0xd8, 0x26, 0x11, 0xc6, 0x26, 0x11, 0xb4, 0x26, 0x11, 0xa2, 0x26, 0x11, 0x8e,
  0x26, 0x11, 0x7a, 0x26, 0x11, 0x66, 0x26, 0x11, 0x50, 0x26, 0x11, 0x3a, 0x26, 0x11, 0x24, 0x26,
  0x11, 0x0d, 0x00, 0x00, 0x00, 0x00, 0x00, 0x00, 0x00, 0x00, 0x00, 0x00, 0x00, 0x00, 0x00, 0x00,
  0x00, 0x00, 0x00, 0x00, 0x00, 0x00, 0x00, 0x00, 0x00, 0x00, 0x00, 0x00, 0x00, 0x00, 0x00, 0x00,
  0x00, 0x00, 0x00, 0x00, 0x00, 0x00, 0x00, 0x00, 0x00, 0x00, 0x00, 0x00, 0x00, 0x00, 0x00, 0x00,
  0x00, 0x00, 0x00, 0x00, 0x00, 0x00, 0x00, 0x00, 0x00, 0x00, 0x00, 0x00, 0x00, 0x00, 0x00, 0x00,
  0x00, 0x00, 0x00, 0x00, 0x00, 0x00, 0x00, 0x00, 0x00, 0x00, 0x00, 0x00, 0x00, 0x00, 0x00, 0x00,
  0x00, 0x00, 0x00, 0x00, 0x00, 0x00, 0x00, 0x00, 0x00, 0x00, 0x00, 0x00, 0x00, 0x00, 0x00, 0x00,
  0x00, 0x00, 0x00, 0x00, 0x00, 0x00, 0x00, 0x00, 0x00, 0x00, 0x00, 0x00, 0x00, 0x00, 0x00, 0x00,
  0x00, 0x00, 0x00, 0x00, 0x00, 0x00, 0x00, 0x00, 0x00, 0x00, 0x00, 0x00, 0x00, 0x00, 0x00, 0x00,
  0x00, 0x00, 0x00, 0x00, 0x00, 0x00, 0x00, 0x00, 0x00, 0x00, 0x00, 0x00, 0x00, 0x00, 0x00, 0x00,
  0x00, 0x00, 0x00, 0x00, 0x00, 0x00, 0x00, 0x00, 0x00, 0x00, 0x00, 0x00, 0x00, 0x00, 0x00, 0x00,
  0x00, 0x00, 0x00, 0x00, 0x26, 0x11, 0x00, 0x26, 0x11, 0x16, 0x26, 0x11, 0x2c, 0x26, 0x11, 0x41,
  0x26, 0x11, 0x55, 0x26, 0x11, 0x69, 0x26, 0x11, 0x7c, 0x26, 0x11, 0x8e, 0x26, 0x11, 0xa0, 0x26,
  0x11, 0xb1, 0x26, 0x11, 0xc1, 0x26, 0x11, 0xd0, 0x26, 0x11, 0xdf, 0x26, 0x11, 0xed, 0x26, 0x11,
  0xfa, 0x2d, 0x1b, 0xff, 0x2d, 0x1b, 0xff, 0x2d, 0x1b, 0xff, 0x2d, 0x1b, 0xff, 0x2d, 0x1b, 0xff,
  0x2d, 0x1b, 0xff, 0x2d, 0x1b, 0xff, 0x2d, 0x1b, 0xff, 0x2d, 0x1b, 0xff, 0x2d, 0x1b, 0xff, 0x2d,
  0x1b, 0xff, 0x2d, 0x1b, 0xff, 0x2d, 0x1b, 0xff, 0x2d, 0x1b, 0xff, 0x2d, 0x1b, 0xff, 0x2d, 0x1b,
  0xff, 0x4d, 0x1b, 0xff, 0x4d, 0x1b, 0xff, 0x4d, 0x1b, 0xff, 0x4d, 0x1b, 0xff, 0x4d, 0x1b, 0xff,
  0x4d, 0x1b, 0xff, 0x4d, 0x1b, 0xff, 0x4d, 0x1b, 0xff, 0x4d, 0x1b, 0xff, 0x4d, 0x1b, 0xff, 0x4d,
  0x1b, 0xff, 0x26, 0x11, 0xfa, 0x26, 0x11, 0xed, 0x26, 0x11, 0xdf, 0x26, 0x11, 0xd0, 0x26, 0x11,
  0xc1, 0x26, 0x11, 0xb1, 0x26, 0x11, 0xa0, 0x26, 0x11, 0x8e, 0x26, 0x11, 0x7c, 0x26, 0x11, 0x69,
  0x26, 0x11, 0x55, 0x26, 0x11, 0x41, 0x26, 0x11, 0x2c, 0x26, 0x11, 0x16, 0x26, 0x11, 0x00, 0x00,
  0x00, 0x00, 0x00, 0x00, 0x00, 0x00, 0x00, 0x00, 0x00, 0x00, 0x00, 0x00, 0x00, 0x00, 0x00, 0x00,
  0x00, 0x00, 0x00, 0x00, 0x00, 0x00, 0x00, 0x00, 0x00, 0x00, 0x00, 0x00, 0x00, 0x00, 0x00, 0x00,
  0x00, 0x00, 0x00, 0x00, 0x00, 0x00, 0x00, 0x00, 0x00, 0x00, 0x00, 0x00, 0x00, 0x00, 0x00, 0x00,
  0x00, 0x00, 0x00, 0x00, 0x00, 0x00, 0x00, 0x00, 0x00, 0x00, 0x00, 0x00, 0x00, 0x00, 0x00, 0x00,
  0x00, 0x00, 0x00, 0x00, 0x00, 0x00, 0x00, 0x00, 0x00, 0x00, 0x00, 0x00, 0x00, 0x00, 0x00, 0x00,
  0x00, 0x00, 0x00, 0x00, 0x00, 0x00, 0x00, 0x00, 0x00, 0x00, 0x00, 0x00, 0x00, 0x00, 0x00, 0x00,
  0x00, 0x00, 0x00, 0x00, 0x00, 0x00, 0x00, 0x00, 0x00, 0x00, 0x00, 0x00, 0x00, 0x00, 0x00, 0x00,
  0x00, 0x00, 0x00, 0x00, 0x00, 0x00, 0x00, 0x00, 0x00, 0x00, 0x00, 0x00, 0x00, 0x00, 0x00, 0x00,
  0x00, 0x00, 0x00, 0x00, 0x00, 0x00, 0x00, 0x00, 0x00, 0x00, 0x00, 0x00, 0x00, 0x00, 0x00, 0x00,
  0x00, 0x00, 0x00, 0x00, 0x00, 0x00, 0x00, 0x00, 0x00, 0x00, 0x00, 0x00, 0x00, 0x00, 0x00, 0x00,
  0x00, 0x00, 0x00, 0x00, 0x00, 0x00, 0x00, 0x00, 0x00, 0x00, 0x26, 0x11, 0x07, 0x26, 0x11, 0x1b,
  0x26, 0x11, 0x2f, 0x26, 0x11, 0x43, 0x26, 0x11, 0x55, 0x26, 0x11, 0x67, 0x26, 0x11, 0x79, 0x26,
  0x11, 0x89, 0x26, 0x11, 0x99, 0x26, 0x11, 0xa8, 0x26, 0x11, 0xb7, 0x26, 0x11, 0xc4, 0x26, 0x11,
  0xd1, 0x26, 0x11, 0xdd, 0x26, 0x11, 0xe8, 0x26, 0x11, 0xf2, 0x26, 0x11, 0xfc, 0x2d, 0x1b, 0xff,
  0x2d, 0x1b, 0xff, 0x2d, 0x1b, 0xff, 0x2d, 0x1b, 0xff, 0x2d, 0x1b, 0xff, 0x2d, 0x1b, 0xff, 0x2d,
  0x1b, 0xff, 0x2d, 0x1b, 0xff, 0x2d, 0x1b, 0xff, 0x2d, 0x1b, 0xff, 0x2d, 0x1b, 0xff, 0x2d, 0x1b,
  0xff, 0x4d, 0x1b, 0xff, 0x4d, 0x1b, 0xff, 0x4d, 0x1b, 0xff, 0x4d, 0x1b, 0xff, 0x4d, 0x1b, 0xff,
  0x4d, 0x1b, 0xff, 0x4d, 0x1b, 0xff, 0x26, 0x11, 0xfc, 0x26, 0x11, 0xf2, 0x26, 0x11, 0xe8, 0x26,
  0x11, 0xdd, 0x26, 0x11, 0xd1, 0x26, 0x11, 0xc4, 0x26, 0x11, 0xb7, 0x26, 0x11, 0xa8, 0x26, 0x11,
  0x99, 0x26, 0x11, 0x89, 0x26, 0x11, 0x79, 0x26, 0x11, 0x67, 0x26, 0x11, 0x55, 0x26, 0x11, 0x43,
  0x26, 0x11, 0x2f, 0x26, 0x11, 0x1b, 0x26, 0x11, 0x07, 0x00, 0x00, 0x00, 0x00, 0x00, 0x00, 0x00,
  0x00, 0x00, 0x00, 0x00, 0x00, 0x00, 0x00, 0x00, 0x00, 0x00, 0x00, 0x00, 0x00, 0x00, 0x00, 0x00,
  0x00, 0x00, 0x00, 0x00, 0x00, 0x00, 0x00, 0x00, 0x00, 0x00, 0x00, 0x00, 0x00, 0x00, 0x00, 0x00,
  0x00, 0x00, 0x00, 0x00, 0x00, 0x00, 0x00, 0x00, 0x00, 0x00, 0x00, 0x00, 0x00, 0x00, 0x00, 0x00,
  0x00, 0x00, 0x00, 0x00, 0x00, 0x00, 0x00, 0x00, 0x00, 0x00, 0x00, 0x00, 0x00, 0x00, 0x00, 0x00,
  0x00, 0x00, 0x00, 0x00, 0x00, 0x00, 0x00, 0x00, 0x00, 0x00, 0x00, 0x00, 0x00, 0x00, 0x00, 0x00,
  0x00, 0x00, 0x00, 0x00, 0x00, 0x00, 0x00, 0x00, 0x00, 0x00, 0x00, 0x00, 0x00, 0x00, 0x00, 0x00,
  0x00, 0x00, 0x00, 0x00, 0x00, 0x00, 0x00, 0x00, 0x00, 0x00, 0x00, 0x00, 0x00, 0x00, 0x00, 0x00,
  0x00, 0x00, 0x00, 0x00, 0x00, 0x00, 0x00, 0x00, 0x00, 0x00, 0x00, 0x00, 0x00, 0x00, 0x00, 0x00,
  0x00, 0x00, 0x00, 0x00, 0x00, 0x00, 0x00, 0x00, 0x00, 0x00, 0x00, 0x00, 0x00, 0x00, 0x00, 0x00,
  0x00, 0x00, 0x00, 0x00, 0x00, 0x00, 0x00, 0x00, 0x00, 0x00, 0x00, 0x00, 0x00, 0x00, 0x00, 0x00,
  0x00, 0x00, 0x00, 0x00, 0x00, 0x00, 0x00, 0x00, 0x00, 0x00, 0x00, 0x00, 0x00, 0x00, 0x00, 0x00,
  0x26, 0x11, 0x0a, 0x26, 0x11, 0x1d, 0x26, 0x11, 0x2f, 0x26, 0x11, 0x41, 0x26, 0x11, 0x52, 0x26,
  0x11, 0x62, 0x26, 0x11, 0x72, 0x26, 0x11, 0x80, 0x26, 0x11, 0x8e, 0x26, 0x11, 0x9c, 0x26, 0x11,
  0xa8, 0x26, 0x11, 0xb4, 0x26, 0x11, 0xbf, 0x26, 0x11, 0xc9, 0x26, 0x11, 0xd2, 0x26, 0x11, 0xdb,
  0x26, 0x11, 0xe2, 0x26, 0x11, 0xe9, 0x26, 0x11, 0xef, 0x26, 0x11, 0xf4, 0x26, 0x11, 0xf8, 0x26,
  0x11, 0xfb, 0x26, 0x11, 0xfd, 0x26, 0x11, 0xff, 0x26, 0x11, 0xff, 0x26, 0x11, 0xff, 0x26, 0x11,
  0xfd, 0x26, 0x11, 0xfb, 0x26, 0x11, 0xf8, 0x26, 0x11, 0xf4, 0x26, 0x11, 0xef, 0x26, 0x11, 0xe9,
  0x26, 0x11, 0xe2, 0x26, 0x11, 0xdb, 0x26, 0x11, 0xd2, 0x26, 0x11, 0xc9, 0x26, 0x11, 0xbf, 0x26,
  0x11, 0xb4, 0x26, 0x11, 0xa8, 0x26, 0x11, 0x9c, 0x26, 0x11, 0x8e, 0x26, 0x11, 0x80, 0x26, 0x11,
  0x72, 0x26, 0x11, 0x62, 0x26, 0x11, 0x52, 0x26, 0x11, 0x41, 0x26, 0x11, 0x2f, 0x26, 0x11, 0x1d,
  0x26, 0x11, 0x0a, 0x00, 0x00, 0x00, 0x00, 0x00, 0x00, 0x00, 0x00, 0x00, 0x00, 0x00, 0x00, 0x00,
  0x00, 0x00, 0x00, 0x00, 0x00, 0x00, 0x00, 0x00, 0x00, 0x00, 0x00, 0x00, 0x00, 0x00, 0x00, 0x00,
  0x00, 0x00, 0x00, 0x00, 0x00, 0x00, 0x00, 0x00, 0x00, 0x00, 0x00, 0x00, 0x00, 0x00, 0x00, 0x00,
  0x00, 0x00, 0x00, 0x00, 0x00, 0x00, 0x00, 0x00, 0x00, 0x00, 0x00, 0x00, 0x00, 0x00, 0x00, 0x00,
  0x00, 0x00, 0x00, 0x00, 0x00, 0x00, 0x00, 0x00, 0x00, 0x00, 0x00, 0x00, 0x00, 0x00, 0x00, 0x00,
  0x00, 0x00, 0x00, 0x00, 0x00, 0x00, 0x00, 0x00, 0x00, 0x00, 0x00, 0x00, 0x00, 0x00, 0x00, 0x00,
  0x00, 0x00, 0x00, 0x00, 0x00, 0x00, 0x00, 0x00, 0x00, 0x00, 0x00, 0x00, 0x00, 0x00, 0x00, 0x00,
  0x00, 0x00, 0x00, 0x00, 0x00, 0x00, 0x00, 0x00, 0x00, 0x00, 0x00, 0x00, 0x00, 0x00, 0x00, 0x00,
  0x00, 0x00, 0x00, 0x00, 0x00, 0x00, 0x00, 0x00, 0x00, 0x00, 0x00, 0x00, 0x00, 0x00, 0x00, 0x00,
  0x00, 0x00, 0x00, 0x00, 0x00, 0x00, 0x00, 0x00, 0x00, 0x00, 0x00, 0x00, 0x00, 0x00, 0x00, 0x00,
  0x00, 0x00, 0x00, 0x00, 0x00, 0x00, 0x00, 0x00, 0x00, 0x00, 0x00, 0x00, 0x00, 0x00, 0x00, 0x00,
  0x00, 0x00, 0x00, 0x00, 0x00, 0x00, 0x00, 0x00, 0x00, 0x00, 0x00, 0x00, 0x00, 0x00, 0x00, 0x00,
  0x00, 0x00, 0x00, 0x00, 0x00, 0x00, 0x26, 0x11, 0x08, 0x26, 0x11, 0x1a, 0x26, 0x11, 0x2b, 0x26,
  0x11, 0x3a, 0x26, 0x11, 0x4a, 0x26, 0x11, 0x58, 0x26, 0x11, 0x66, 0x26, 0x11, 0x73, 0x26, 0x11,
  0x80, 0x26, 0x11, 0x8b, 0x26, 0x11, 0x96, 0x26, 0x11, 0xa0, 0x26, 0x11, 0xa9, 0x26, 0x11, 0xb1,
  0x26, 0x11, 0xb8, 0x26, 0x11, 0xbf, 0x26, 0x11, 0xc5, 0x26, 0x11, 0xc9, 0x26, 0x11, 0xcd, 0x26,
  0x11, 0xd1, 0x26, 0x11, 0xd3, 0x26, 0x11, 0xd4, 0x26, 0x11, 0xd5, 0x26, 0x11, 0xd4, 0x26, 0x11,
  0xd3, 0x26, 0x11, 0xd1, 0x26, 0x11, 0xcd, 0x26, 0x11, 0xc9, 0x26, 0x11, 0xc5, 0x26, 0x11, 0xbf,
  0x26, 0x11, 0xb8, 0x26, 0x11, 0xb1, 0x26, 0x11, 0xa9, 0x26, 0x11, 0xa0, 0x26, 0x11, 0x96, 0x26,
  0x11, 0x8b, 0x26, 0x11, 0x80, 0x26, 0x11, 0x73, 0x26, 0x11, 0x66, 0x26, 0x11, 0x58, 0x26, 0x11,
  0x4a, 0x26, 0x11, 0x3a, 0x26, 0x11, 0x2b, 0x26, 0x11, 0x1a, 0x26, 0x11, 0x08, 0x00, 0x00, 0x00,
  0x00, 0x00, 0x00, 0x00, 0x00, 0x00, 0x00, 0x00, 0x00, 0x00, 0x00, 0x00, 0x00, 0x00, 0x00, 0x00,
  0x00, 0x00, 0x00, 0x00, 0x00, 0x00, 0x00, 0x00, 0x00, 0x00, 0x00, 0x00, 0x00, 0x00, 0x00, 0x00,
  0x00, 0x00, 0x00, 0x00, 0x00, 0x00, 0x00, 0x00, 0x00, 0x00, 0x00, 0x00, 0x00, 0x00, 0x00, 0x00,
  0x00, 0x00, 0x00, 0x00, 0x00, 0x00, 0x00, 0x00, 0x00, 0x00, 0x00, 0x00, 0x00, 0x00, 0x00, 0x00,
  0x00, 0x00, 0x00, 0x00, 0x00, 0x00, 0x00, 0x00, 0x00, 0x00, 0x00, 0x00, 0x00, 0x00, 0x00, 0x00,
  0x00, 0x00, 0x00, 0x00, 0x00, 0x00, 0x00, 0x00, 0x00, 0x00, 0x00, 0x00, 0x00, 0x00, 0x00, 0x00,
  0x00, 0x00, 0x00, 0x00, 0x00, 0x00, 0x00, 0x00, 0x00, 0x00, 0x00, 0x00, 0x00, 0x00, 0x00, 0x00,
  0x00, 0x00, 0x00, 0x00, 0x00, 0x00, 0x00, 0x00, 0x00, 0x00, 0x00, 0x00, 0x00, 0x00, 0x00, 0x00,
  0x00, 0x00, 0x00, 0x00, 0x00, 0x00, 0x00, 0x00, 0x00, 0x00, 0x00, 0x00, 0x00, 0x00, 0x00, 0x00,
  0x00, 0x00, 0x00, 0x00, 0x00, 0x00, 0x00, 0x00, 0x00, 0x00, 0x00, 0x00, 0x00, 0x00, 0x00, 0x00,
  0x00, 0x00, 0x00, 0x00, 0x00, 0x00, 0x00, 0x00, 0x00, 0x00, 0x00, 0x00, 0x00, 0x00, 0x00, 0x00,
  0x00, 0x00, 0x00, 0x00, 0x00, 0x00, 0x00, 0x00, 0x00, 0x00, 0x00, 0x00, 0x00, 0x00, 0x00, 0x00,
  0x00, 0x00, 0x00, 0x00, 0x00, 0x00, 0x00, 0x00, 0x00, 0x00, 0x00, 0x00, 0x26, 0x11, 0x03, 0x26,
  0x11, 0x13, 0x26, 0x11, 0x22, 0x26, 0x11, 0x30, 0x26, 0x11, 0x3e, 0x26, 0x11, 0x4b, 0x26, 0x11,
  0x57, 0x26, 0x11, 0x62, 0x26, 0x11, 0x6c, 0x26, 0x11, 0x76, 0x26, 0x11, 0x7f, 0x26, 0x11, 0x87,
  0x26, 0x11, 0x8e, 0x26, 0x11, 0x95, 0x26, 0x11, 0x9a, 0x26, 0x11, 0x9f, 0x26, 0x11, 0xa3, 0x26,
  0x11, 0xa6, 0x26, 0x11, 0xa8, 0x26, 0x11, 0xaa, 0x26, 0x11, 0xaa, 0x26, 0x11, 0xaa, 0x26, 0x11,
  0xa8, 0x26, 0x11, 0xa6, 0x26, 0x11, 0xa3, 0x26, 0x11, 0x9f, 0x26, 0x11, 0x9a, 0x26, 0x11, 0x95,
  0x26, 0x11, 0x8e, 0x26, 0x11, 0x87, 0x26, 0x11, 0x7f, 0x26, 0x11, 0x76, 0x26, 0x11, 0x6c, 0x26,
  0x11, 0x62, 0x26, 0x11, 0x57, 0x26, 0x11, 0x4b, 0x26, 0x11, 0x3e, 0x26, 0x11, 0x30, 0x26, 0x11,
  0x22, 0x26, 0x11, 0x13, 0x26, 0x11, 0x03, 0x00, 0x00, 0x00, 0x00, 0x00, 0x00, 0x00, 0x00, 0x00,
  0x00, 0x00, 0x00, 0x00, 0x00, 0x00, 0x00, 0x00, 0x00, 0x00, 0x00, 0x00, 0x00, 0x00, 0x00, 0x00,
  0x00, 0x00, 0x00, 0x00, 0x00, 0x00, 0x00, 0x00, 0x00, 0x00, 0x00, 0x00, 0x00, 0x00, 0x00, 0x00,
  0x00, 0x00, 0x00, 0x00, 0x00, 0x00, 0x00, 0x00, 0x00, 0x00, 0x00, 0x00, 0x00, 0x00, 0x00, 0x00,
  0x00, 0x00, 0x00, 0x00, 0x00, 0x00, 0x00, 0x00, 0x00, 0x00, 0x00, 0x00, 0x00, 0x00, 0x00, 0x00,
  0x00, 0x00, 0x00, 0x00, 0x00, 0x00, 0x00, 0x00, 0x00, 0x00, 0x00, 0x00, 0x00, 0x00, 0x00, 0x00,
  0x00, 0x00, 0x00, 0x00, 0x00, 0x00, 0x00, 0x00, 0x00, 0x00, 0x00, 0x00, 0x00, 0x00, 0x00, 0x00,
  0x00, 0x00, 0x00, 0x00, 0x00, 0x00, 0x00, 0x00, 0x00, 0x00, 0x00, 0x00, 0x00, 0x00, 0x00, 0x00,
  0x00, 0x00, 0x00, 0x00, 0x00, 0x00, 0x00, 0x00, 0x00, 0x00, 0x00, 0x00, 0x00, 0x00, 0x00, 0x00,
  0x00, 0x00, 0x00, 0x00, 0x00, 0x00, 0x00, 0x00, 0x00, 0x00, 0x00, 0x00, 0x00, 0x00, 0x00, 0x00,
  0x00, 0x00, 0x00, 0x00, 0x00, 0x00, 0x00, 0x00, 0x00, 0x00, 0x00, 0x00, 0x00, 0x00, 0x00, 0x00,
  0x00, 0x00, 0x00, 0x00, 0x00, 0x00, 0x00, 0x00, 0x00, 0x00, 0x00, 0x00, 0x00, 0x00, 0x00, 0x00,
  0x00, 0x00, 0x00, 0x00, 0x00, 0x00, 0x00, 0x00, 0x00, 0x00, 0x00, 0x00, 0x00, 0x00, 0x00, 0x00,
  0x00, 0x00, 0x00, 0x00, 0x00, 0x00, 0x00, 0x00, 0x00, 0x00, 0x00, 0x00, 0x00, 0x00, 0x00, 0x00,
  0x00, 0x00, 0x00, 0x00, 0x00, 0x26, 0x11, 0x08, 0x26, 0x11, 0x15, 0x26, 0x11, 0x22, 0x26, 0x11,
  0x2e, 0x26, 0x11, 0x39, 0x26, 0x11, 0x43, 0x26, 0x11, 0x4d, 0x26, 0x11, 0x55, 0x26, 0x11, 0x5d,
  0x26, 0x11, 0x64, 0x26, 0x11, 0x6b, 0x26, 0x11, 0x70, 0x26, 0x11, 0x75, 0x26, 0x11, 0x79, 0x26,
  0x11, 0x7c, 0x26, 0x11, 0x7e, 0x26, 0x11, 0x7f, 0x26, 0x11, 0x80, 0x26, 0x11, 0x7f, 0x26, 0x11,
  0x7e, 0x26, 0x11, 0x7c, 0x26, 0x11, 0x79, 0x26, 0x11, 0x75, 0x26, 0x11, 0x70, 0x26, 0x11, 0x6b,
  0x26, 0x11, 0x64, 0x26, 0x11, 0x5d, 0x26, 0x11, 0x55, 0x26, 0x11, 0x4d, 0x26, 0x11, 0x43, 0x26,
  0x11, 0x39, 0x26, 0x11, 0x2e, 0x26, 0x11, 0x22, 0x26, 0x11, 0x15, 0x26, 0x11, 0x08, 0x00, 0x00,
  0x00, 0x00, 0x00, 0x00, 0x00, 0x00, 0x00, 0x00, 0x00, 0x00, 0x00, 0x00, 0x00, 0x00, 0x00, 0x00,
  0x00, 0x00, 0x00, 0x00, 0x00, 0x00, 0x00, 0x00, 0x00, 0x00, 0x00, 0x00, 0x00, 0x00, 0x00, 0x00,
  0x00, 0x00, 0x00, 0x00, 0x00, 0x00, 0x00, 0x00, 0x00, 0x00, 0x00, 0x00, 0x00, 0x00, 0x00, 0x00,
  0x00, 0x00, 0x00, 0x00, 0x00, 0x00, 0x00, 0x00, 0x00, 0x00, 0x00, 0x00, 0x00, 0x00, 0x00, 0x00,
  0x00, 0x00, 0x00, 0x00, 0x00, 0x00, 0x00, 0x00, 0x00, 0x00, 0x00, 0x00, 0x00, 0x00, 0x00, 0x00,
  0x00, 0x00, 0x00, 0x00, 0x00, 0x00, 0x00, 0x00, 0x00, 0x00, 0x00, 0x00, 0x00, 0x00, 0x00, 0x00,
  0x00, 0x00, 0x00, 0x00, 0x00, 0x00, 0x00, 0x00, 0x00, 0x00, 0x00, 0x00, 0x00, 0x00, 0x00, 0x00,
  0x00, 0x00, 0x00, 0x00, 0x00, 0x00, 0x00, 0x00, 0x00, 0x00, 0x00, 0x00, 0x00, 0x00, 0x00, 0x00,
  0x00, 0x00, 0x00, 0x00, 0x00, 0x00, 0x00, 0x00, 0x00, 0x00, 0x00, 0x00, 0x00, 0x00, 0x00, 0x00,
  0x00, 0x00, 0x00, 0x00, 0x00, 0x00, 0x00, 0x00, 0x00, 0x00, 0x00, 0x00, 0x00, 0x00, 0x00, 0x00,
  0x00, 0x00, 0x00, 0x00, 0x00, 0x00, 0x00, 0x00, 0x00, 0x00, 0x00, 0x00, 0x00, 0x00, 0x00, 0x00,
  0x00, 0x00, 0x00, 0x00, 0x00, 0x00, 0x00, 0x00, 0x00, 0x00, 0x00, 0x00, 0x00, 0x00, 0x00, 0x00,
  0x00, 0x00, 0x00, 0x00, 0x00, 0x00, 0x00, 0x00, 0x00, 0x00, 0x00, 0x00, 0x00, 0x00, 0x00, 0x00,
  0x00, 0x00, 0x00, 0x00, 0x00, 0x00, 0x00, 0x00, 0x00, 0x00, 0x00, 0x00, 0x00, 0x00, 0x00, 0x00,
  0x00, 0x00, 0x00, 0x00, 0x00, 0x00, 0x00, 0x00, 0x00, 0x00, 0x00, 0x00, 0x00, 0x00, 0x26, 0x11,
  0x05, 0x26, 0x11, 0x10, 0x26, 0x11, 0x1a, 0x26, 0x11, 0x23, 0x26, 0x11, 0x2c, 0x26, 0x11, 0x34,
  0x26, 0x11, 0x3a, 0x26, 0x11, 0x41, 0x26, 0x11, 0x46, 0x26, 0x11, 0x4b, 0x26, 0x11, 0x4e, 0x26,
  0x11, 0x51, 0x26, 0x11, 0x53, 0x26, 0x11, 0x55, 0x26, 0x11, 0x55, 0x26, 0x11, 0x55, 0x26, 0x11,
  0x53, 0x26, 0x11, 0x51, 0x26, 0x11, 0x4e, 0x26, 0x11, 0x4b, 0x26, 0x11, 0x46, 0x26, 0x11, 0x41,
  0x26, 0x11, 0x3a, 0x26, 0x11, 0x34, 0x26, 0x11, 0x2c, 0x26, 0x11, 0x23, 0x26, 0x11, 0x1a, 0x26,
  0x11, 0x10, 0x26, 0x11, 0x05, 0x00, 0x00, 0x00, 0x00, 0x00, 0x00, 0x00, 0x00, 0x00, 0x00, 0x00,
  0x00, 0x00, 0x00, 0x00, 0x00, 0x00, 0x00, 0x00, 0x00, 0x00, 0x00, 0x00, 0x00, 0x00, 0x00, 0x00,
  0x00, 0x00, 0x00, 0x00, 0x00, 0x00, 0x00, 0x00, 0x00, 0x00, 0x00, 0x00, 0x00, 0x00, 0x00, 0x00,
  0x00, 0x00, 0x00, 0x00, 0x00, 0x00, 0x00, 0x00, 0x00, 0x00, 0x00, 0x00, 0x00, 0x00, 0x00, 0x00,
  0x00, 0x00, 0x00, 0x00, 0x00, 0x00, 0x00, 0x00, 0x00, 0x00, 0x00, 0x00, 0x00, 0x00, 0x00, 0x00,
  0x00, 0x00, 0x00, 0x00, 0x00, 0x00, 0x00, 0x00, 0x00, 0x00, 0x00, 0x00, 0x00, 0x00, 0x00, 0x00,
  0x00, 0x00, 0x00, 0x00, 0x00, 0x00, 0x00, 0x00, 0x00, 0x00, 0x00, 0x00, 0x00, 0x00, 0x00, 0x00,
  0x00, 0x00, 0x00, 0x00, 0x00, 0x00, 0x00, 0x00, 0x00, 0x00, 0x00, 0x00, 0x00, 0x00, 0x00, 0x00,
  0x00, 0x00, 0x00, 0x00, 0x00, 0x00, 0x00, 0x00, 0x00, 0x00, 0x00, 0x00, 0x00, 0x00, 0x00, 0x00,
  0x00, 0x00, 0x00, 0x00, 0x00, 0x00, 0x00, 0x00, 0x00, 0x00, 0x00, 0x00, 0x00, 0x00, 0x00, 0x00,
  0x00, 0x00, 0x00, 0x00, 0x00, 0x00, 0x00, 0x00, 0x00, 0x00, 0x00, 0x00, 0x00, 0x00, 0x00, 0x00,
  0x00, 0x00, 0x00, 0x00, 0x00, 0x00, 0x00, 0x00, 0x00, 0x00, 0x00, 0x00, 0x00, 0x00, 0x00, 0x00,
  0x00, 0x00, 0x00, 0x00, 0x00, 0x00, 0x00, 0x00, 0x00, 0x00, 0x00, 0x00, 0x00, 0x00, 0x00, 0x00,
  0x00, 0x00, 0x00, 0x00, 0x00, 0x00, 0x00, 0x00, 0x00, 0x00, 0x00, 0x00, 0x00, 0x00, 0x00, 0x00,
  0x00, 0x00, 0x00, 0x00, 0x00, 0x00, 0x00, 0x00, 0x00, 0x00, 0x00, 0x00, 0x00, 0x00, 0x00, 0x00,
  0x00, 0x00, 0x00, 0x00, 0x00, 0x00, 0x00, 0x00, 0x00, 0x00, 0x00, 0x00, 0x00, 0x00, 0x00, 0x00,
  0x00, 0x00, 0x00, 0x00, 0x00, 0x00, 0x00, 0x00, 0x00, 0x00, 0x26, 0x11, 0x02, 0x26, 0x11, 0x0a,
  0x26, 0x11, 0x10, 0x26, 0x11, 0x17, 0x26, 0x11, 0x1c, 0x26, 0x11, 0x20, 0x26, 0x11, 0x24, 0x26,
  0x11, 0x27, 0x26, 0x11, 0x29, 0x26, 0x11, 0x2a, 0x26, 0x11, 0x2b, 0x26, 0x11, 0x2a, 0x26, 0x11,
  0x29, 0x26, 0x11, 0x27, 0x26, 0x11, 0x24, 0x26, 0x11, 0x20, 0x26, 0x11, 0x1c, 0x26, 0x11, 0x17,
  0x26, 0x11, 0x10, 0x26, 0x11, 0x0a, 0x26, 0x11, 0x02, 0x00, 0x00, 0x00, 0x00, 0x00, 0x00, 0x00,
  0x00, 0x00, 0x00, 0x00, 0x00, 0x00, 0x00, 0x00, 0x00, 0x00, 0x00, 0x00, 0x00, 0x00, 0x00, 0x00,
  0x00, 0x00, 0x00, 0x00, 0x00, 0x00, 0x00, 0x00, 0x00, 0x00, 0x00, 0x00, 0x00, 0x00, 0x00, 0x00,
  0x00, 0x00, 0x00, 0x00, 0x00, 0x00, 0x00, 0x00, 0x00, 0x00, 0x00, 0x00, 0x00, 0x00, 0x00, 0x00,
  0x00, 0x00, 0x00, 0x00, 0x00, 0x00, 0x00, 0x00, 0x00, 0x00, 0x00, 0x00, 0x00, 0x00, 0x00, 0x00,
  0x00, 0x00, 0x00, 0x00, 0x00, 0x00, 0x00, 0x00, 0x00, 0x00, 0x00, 0x00, 0x00, 0x00, 0x00, 0x00,
  0x00, 0x00, 0x00, 0x00, 0x00, 0x00, 0x00, 0x00, 0x00, 0x00, 0x00, 0x00, 0x00, 0x00, 0x00, 0x00,
  0x00, 0x00, 0x00, 0x00, 0x00, 0x00, 0x00, 0x00, 0x00, 0x00, 0x00, 0x00, 0x00, 0x00, 0x00, 0x00,
  0x00, 0x00, 0x00, 0x00, 0x00, 0x00, 0x00, 0x00, 0x00, 0x00, 0x00, 0x00, 0x00, 0x00, 0x00, 0x00,
  0x00, 0x00, 0x00, 0x00, 0x00, 0x00, 0x00, 0x00, 0x00, 0x00, 0x00, 0x00, 0x00, 0x00, 0x00, 0x00,
  0x00, 0x00, 0x00, 0x00, 0x00, 0x00, 0x00, 0x00, 0x00, 0x00, 0x00, 0x00, 0x00, 0x00, 0x00, 0x00,
  0x00, 0x00, 0x00, 0x00, 0x00, 0x00, 0x00, 0x00, 0x00, 0x00, 0x00, 0x00, 0x00, 0x00, 0x00, 0x00,
  0x00, 0x00, 0x00, 0x00, 0x00, 0x00, 0x00, 0x00, 0x00, 0x00, 0x00, 0x00, 0x00, 0x00, 0x00, 0x00,
  0x00, 0x00, 0x00, 0x00, 0x00, 0x00, 0x00, 0x00, 0x00, 0x00, 0x00, 0x00, 0x00, 0x00, 0x00, 0x00,
  0x00, 0x00, 0x00, 0x00, 0x00, 0x00, 0x00, 0x00, 0x00, 0x00, 0x00, 0x00, 0x00, 0x00, 0x00, 0x00,
  0x00, 0x00, 0x00, 0x00, 0x00, 0x00, 0x00, 0x00, 0x00, 0x00, 0x00, 0x00, 0x00, 0x00, 0x00, 0x00,
  0x00, 0x00, 0x00, 0x00, 0x00, 0x00, 0x00, 0x00, 0x00, 0x00, 0x00, 0x00, 0x00, 0x00, 0x00, 0x00,
  0x00, 0x00, 0x00, 0x00, 0x00, 0x00, 0x00, 0x00, 0x00, 0x00, 0x00, 0x00, 0x00, 0x00, 0x00, 0x00,
  0x00, 0x00, 0x00, 0x00, 0x00, 0x00, 0x00, 0x00, 0x00, 0x00, 0x00, 0x00, 0x00, 0x00, 0x00, 0x00,
  0x00, 0x00, 0x00, 0x00, 0x00, 0x00, 0x00, 0x00, 0x26, 0x11, 0x00, 0x00, 0x00, 0x00, 0x00, 0x00,
  0x00, 0x00, 0x00, 0x00, 0x00, 0x00, 0x00, 0x00, 0x00, 0x00, 0x00, 0x00, 0x00, 0x00, 0x00, 0x00,
  0x00, 0x00, 0x00, 0x00, 0x00, 0x00, 0x00, 0x00, 0x00, 0x00, 0x00, 0x00, 0x00, 0x00, 0x00, 0x00,
  0x00, 0x00, 0x00, 0x00, 0x00, 0x00, 0x00, 0x00, 0x00, 0x00, 0x00, 0x00, 0x00, 0x00, 0x00, 0x00,
  0x00, 0x00, 0x00, 0x00, 0x00, 0x00, 0x00, 0x00, 0x00, 0x00, 0x00, 0x00, 0x00, 0x00, 0x00, 0x00,
  0x00, 0x00, 0x00, 0x00, 0x00, 0x00, 0x00, 0x00, 0x00, 0x00, 0x00, 0x00, 0x00, 0x00, 0x00, 0x00,
  0x00, 0x00, 0x00, 0x00, 0x00, 0x00, 0x00, 0x00, 0x00, 0x00, 0x00, 0x00, 0x00, 0x00, 0x00, 0x00,
  0x00, 0x00, 0x00, 0x00, 0x00, 0x00, 0x00, 0x00, 0x00, 0x00, 0x00, 0x00, 0x00, 0x00, 0x00, 0x00,
  0x00, 0x00, 0x00, 0x00, 0x00, 0x00, 0x00, 0x00, 0x00, 0x00, 0x00, 0x00, 0x00, 0x00, 0x00, 0x00,
  0x00, 0x00, 0x00, 0x00, 0x00, 0x00, 0x00, 0x00, 0x00, 0x00, 0x00, 0x00, 0x00, 0x00, 0x00, 0x00,
  0x00, 0x00, 0x00, 0x00, 0x00, 0x00, 0x00, 0x00, 0x00, 0x00, 0x00, 0x00, 0x00, 0x00, 0x00, 0x00,
  0x00, 0x00, 0x00, 0x00, 0x00, 0x00, 0x00, 0x00, 0x00, 0x00, 0x00, 0x00, 0x00, 0x00, 0x00, 0x00,
  0x00, 0x00, 0x00, 0x00, 0x00, 0x00, 0x00, 0x00, 0x00, 0x00, 0x00, 0x00, 0x00, 0x00, 0x00, 0x00,
  0x00, 0x00, 0x00, 0x00, 0x00, 0x00, 0x00, 0x00, 0x00, 0x00, 0x00, 0x00, 0x00, 0x00, 0x00, 0x00,
  0x00, 0x00, 0x00, 0x00, 0x00, 0x00, 0x00, 0x00, 0x00, 0x00, 0x00, 0x00, 0x00, 0x00, 0x00, 0x00,
  0x00, 0x00, 0x00, 0x00, 0x00, 0x00, 0x00, 0x00, 0x00, 0x00, 0x00, 0x00, 0x00, 0x00, 0x00, 0x00,
  0x00, 0x00, 0x00, 0x00, 0x00, 0x00, 0x00, 0x00, 0x00, 0x00, 0x00, 0x00, 0x00, 0x00, 0x00, 0x00,
  0x00, 0x00, 0x00, 0x00, 0x00, 0x00, 0x00, 0x00, 0x00, 0x00, 0x00, 0x00, 0x00, 0x00, 0x00, 0x00,
  0x00, 0x00, 0x00, 0x00, 0x00, 0x00, 0x00, 0x00, 0x00, 0x00, 0x00, 0x00, 0x00, 0x00, 0x00, 0x00,
  0x00, 0x00, 0x00, 0x00, 0x00, 0x00, 0x00, 0x00, 0x00, 0x00, 0x00, 0x00, 0x00, 0x00, 0x00, 0x00,
  0x00, 0x00, 0x00, 0x00, 0x00, 0x00, 0x00, 0x00, 0x00, 0x00, 0x00, 0x00, 0x00, 0x00, 0x00, 0x00,
  0x00, 0x00, 0x00, 0x00, 0x00, 0x00, 0x00, 0x00, 0x00, 0x00, 0x00, 0x00, 0x00, 0x00, 0x00, 0x00,
  0x00, 0x00, 0x00, 0x00, 0x00, 0x00, 0x00, 0x00, 0x00, 0x00, 0x00, 0x00, 0x00, 0x00, 0x00, 0x00,
  0x00, 0x00, 0x00, 0x00, 0x00, 0x00, 0x00, 0x00, 0x00, 0x00, 0x00, 0x00, 0x00, 0x00, 0x00, 0x00,
  0x00, 0x00, 0x00, 0x00, 0x00, 0x00, 0x00, 0x00, 0x00, 0x00, 0x00, 0x00, 0x00, 0x00, 0x00, 0x00,
  0x00, 0x00, 0x00, 0x00, 0x00, 0x00, 0x00, 0x00, 0x00, 0x00, 0x00, 0x00, 0x00, 0x00, 0x00, 0x00,
  0x00, 0x00, 0x00, 0x00, 0x00, 0x00, 0x00, 0x00, 0x00, 0x00, 0x00, 0x00, 0x00, 0x00, 0x00, 0x00,
  0x00, 0x00, 0x00, 0x00, 0x00, 0x00, 0x00, 0x00, 0x00, 0x00, 0x00, 0x00, 0x00, 0x00, 0x00, 0x00,
  0x00, 0x00, 0x00, 0x00, 0x00, 0x00, 0x00, 0x00, 0x00, 0x00, 0x00, 0x00, 0x00, 0x00, 0x00, 0x00,
  0x00, 0x00, 0x00, 0x00, 0x00, 0x00, 0x00, 0x00, 0x00, 0x00, 0x00, 0x00, 0x00, 0x00, 0x00, 0x00,
  0x00, 0x00, 0x00, 0x00, 0x00, 0x00, 0x00, 0x00, 0x00, 0x00, 0x00, 0x00, 0x00, 0x00, 0x00, 0x00,
  0x00, 0x00, 0x00, 0x00, 0x00, 0x00, 0x00, 0x00, 0x00, 0x00, 0x00, 0x00, 0x00, 0x00, 0x00, 0x00,
  0x00, 0x00, 0x00, 0x00, 0x00, 0x00, 0x00, 0x00, 0x00, 0x00, 0x00, 0x00, 0x00, 0x00, 0x00, 0x00,
  0x00, 0x00, 0x00, 0x00, 0x00, 0x00, 0x00, 0x00, 0x00, 0x00, 0x00, 0x00, 0x00, 0x00, 0x00, 0x00,
  0x00, 0x00, 0x00, 0x00, 0x00, 0x00, 0x00, 0x00, 0x00, 0x00, 0x00, 0x00, 0x00, 0x00, 0x00, 0x00,
  0x00, 0x00, 0x00, 0x00, 0x00, 0x00, 0x00, 0x00, 0x00, 0x00, 0x00, 0x00, 0x00, 0x00, 0x00, 0x00,
  0x00, 0x00, 0x00, 0x00, 0x00, 0x00, 0x00, 0x00, 0x00, 0x00, 0x00, 0x00, 0x00, 0x00, 0x00, 0x00,
  0x00, 0x00, 0x00, 0x00, 0x00, 0x00, 0x00, 0x00, 0x00, 0x00, 0x00, 0x00, 0x00, 0x00, 0x00, 0x00,
  0x00, 0x00, 0x00, 0x00, 0x00, 0x00, 0x00, 0x00, 0x00, 0x00, 0x00, 0x00, 0x00, 0x00, 0x00, 0x00,
  0x00, 0x00, 0x00, 0x00, 0x00, 0x00, 0x00, 0x00, 0x00, 0x00, 0x00, 0x00, 0x00, 0x00, 0x00, 0x00,
  0x00, 0x00, 0x00, 0x00, 0x00, 0x00, 0x00, 0x00, 0x00, 0x00, 0x00, 0x00, 0x00, 0x00, 0x00, 0x00,
  0x00, 0x00, 0x00, 0x00, 0x00, 0x00, 0x00, 0x00, 0x00, 0x00, 0x00, 0x00, 0x00, 0x00, 0x00, 0x00,
  0x00, 0x00, 0x00, 0x00, 0x00, 0x00, 0x00, 0x00, 0x00, 0x00, 0x00, 0x00, 0x00, 0x00, 0x00, 0x00,
  0x00, 0x00, 0x00, 0x00, 0x00, 0x00, 0x00, 0x00, 0x00, 0x00, 0x00, 0x00, 0x00, 0x00, 0x00, 0x00,
  0x00, 0x00, 0x00, 0x00, 0x00, 0x00, 0x00, 0x00, 0x00, 0x00, 0x00, 0x00, 0x00, 0x00, 0x00, 0x00,
  0x00, 0x00, 0x00, 0x00, 0x00, 0x00, 0x00, 0x00, 0x00, 0x00, 0x00, 0x00, 0x00, 0x00, 0x00, 0x00,
  0x00, 0x00, 0x00, 0x00, 0x00, 0x00, 0x00, 0x00, 0x00, 0x00, 0x00, 0x00, 0x00, 0x00, 0x00, 0x00,
  0x00, 0x00, 0x00, 0x00, 0x00, 0x00, 0x00, 0x00, 0x00, 0x00, 0x00, 0x00, 0x00, 0x00, 0x00, 0x00,
  0x00, 0x00, 0x00, 0x00, 0x00, 0x00, 0x00, 0x00, 0x00, 0x00, 0x00, 0x00, 0x00, 0x00, 0x00, 0x00,
  0x00, 0x00, 0x00, 0x00, 0x00, 0x00, 0x00, 0x00, 0x00, 0x00, 0x00, 0x00, 0x00, 0x00, 0x00, 0x00,
  0x00, 0x00, 0x00, 0x00, 0x00, 0x00, 0x00, 0x00, 0x00, 0x00, 0x00, 0x00, 0x00, 0x00, 0x00, 0x00,
  0x00, 0x00, 0x00, 0x00, 0x00, 0x00, 0x00, 0x00, 0x00, 0x00, 0x00, 0x00, 0x00, 0x00, 0x00, 0x00,
  0x00, 0x00, 0x00, 0x00, 0x00, 0x00, 0x00, 0x00, 0x00, 0x00, 0x00, 0x00, 0x00, 0x00, 0x00, 0x00,
#elif LV_COLOR_DEPTH == 32
  /*Pixel format: Blue: 8 bit, Green: 8 bit, Red: 8 bit + Alpha 8 bit*/
  0x00, 0x00, 0x00, 0x00, 0x00, 0x00, 0x00, 0x00, 0x00, 0x00, 0x00, 0x00, 0x00, 0x00, 0x00, 0x00,
  0x00, 0x00, 0x00, 0x00, 0x00, 0x00, 0x00, 0x00, 0x00, 0x00, 0x00, 0x00, 0x00, 0x00, 0x00, 0x00,
  0x00, 0x00, 0x00, 0x00, 0x00, 0x00, 0x00, 0x00, 0x00, 0x00, 0x00, 0x00, 0x00, 0x00, 0x00, 0x00,
  0x00, 0x00, 0x00, 0x00, 0x00, 0x00, 0x00, 0x00, 0x00, 0x00, 0x00, 0x00, 0x00, 0x00, 0x00, 0x00,
  0x00, 0x00, 0x00, 0x00, 0x00, 0x00, 0x00, 0x00, 0x00, 0x00, 0x00, 0x00, 0x00, 0x00, 0x00, 0x00,
  0x00, 0x00, 0x00, 0x00, 0x00, 0x00, 0x00, 0x00, 0x00, 0x00, 0x00, 0x00, 0x00, 0x00, 0x00, 0x00,
  0x00, 0x00, 0x00, 0x00, 0x00, 0x00, 0x00, 0x00, 0x00, 0x00, 0x00, 0x00, 0x00, 0x00, 0x00, 0x00,
  0x00, 0x00, 0x00, 0x00, 0x00, 0x00, 0x00, 0x00, 0x00, 0x00, 0x00, 0x00, 0x00, 0x00, 0x00, 0x00,
  0x00, 0x00, 0x00, 0x00, 0x00, 0x00, 0x00, 0x00, 0x00, 0x00, 0x00, 0x00, 0x00, 0x00, 0x00, 0x00,
  0x00, 0x00, 0x00, 0x00, 0x00, 0x00, 0x00, 0x00, 0x00, 0x00, 0x00, 0x00, 0x00, 0x00, 0x00, 0x00,
  0x00, 0x00, 0x00, 0x00, 0x00, 0x00, 0x00, 0x00, 0x00, 0x00, 0x00, 0x00, 0x00, 0x00, 0x00, 0x00,
  0x00, 0x00, 0x00, 0x00, 0x00, 0x00, 0x00, 0x00, 0x00, 0x00, 0x00, 0x00, 0x00, 0x00, 0x00, 0x00,
  0x00, 0x00, 0x00, 0x00, 0x00, 0x00, 0x00, 0x00, 0x00, 0x00, 0x00, 0x00, 0x00, 0x00, 0x00, 0x00,
  0x00, 0x00, 0x00, 0x00, 0x00, 0x00, 0x00, 0x00, 0x00, 0x00, 0x00, 0x00, 0x00, 0x00, 0x00, 0x00,
  0x00, 0x00, 0x00, 0x00, 0x00, 0x00, 0x00, 0x00, 0x00, 0x00, 0x00, 0x00, 0x00, 0x00, 0x00, 0x00,
  0x00, 0x00, 0x00, 0x00, 0x00, 0x00, 0x00, 0x00, 0x00, 0x00, 0x00, 0x00, 0x00, 0x00, 0x00, 0x00,
  0x00, 0x00, 0x00, 0x00, 0x00, 0x00, 0x00, 0x00, 0x00, 0x00, 0x00, 0x00, 0x00, 0x00, 0x00, 0x00,
  0x00, 0x00, 0x00, 0x00, 0x00, 0x00, 0x00, 0x00, 0x00, 0x00, 0x00, 0x00, 0x00, 0x00, 0x00, 0x00,
  0x00, 0x00, 0x00, 0x00, 0x00, 0x00, 0x00, 0x00, 0x00, 0x00, 0x00, 0x00, 0x00, 0x00, 0x00, 0x00,
  0x00, 0x00, 0x00, 0x00, 0x00, 0x00, 0x00, 0x00, 0x00, 0x00, 0x00, 0x00, 0x00, 0x00, 0x00, 0x00,
  0x00, 0x00, 0x00, 0x00, 0x00, 0x00, 0x00, 0x00, 0x00, 0x00, 0x00, 0x00, 0x00, 0x00, 0x00, 0x00,
  0x00, 0x00, 0x00, 0x00, 0x00, 0x00, 0x00, 0x00, 0x00, 0x00, 0x00, 0x00, 0x00, 0x00, 0x00, 0x00,
  0x00, 0x00, 0x00, 0x00, 0x00, 0x00, 0x00, 0x00, 0x00, 0x00, 0x00, 0x00, 0x00, 0x00, 0x00, 0x00,
  0x00, 0x00, 0x00, 0x00, 0x00, 0x00, 0x00, 0x00, 0x00, 0x00, 0x00, 0x00, 0x00, 0x00, 0x00, 0x00,
  0x00, 0x00, 0x00, 0x00, 0x00, 0x00, 0x00, 0x00, 0x00, 0x00, 0x00, 0x00, 0x00, 0x00, 0x00, 0x00,
  0x00, 0x00, 0x00, 0x00, 0x00, 0x00, 0x00, 0x00, 0x00, 0x00, 0x00, 0x00, 0x00, 0x00, 0x00, 0x00,
  0x00, 0x00, 0x00, 0x00, 0x00, 0x00, 0x00, 0x00, 0x00, 0x00, 0x00, 0x00, 0x00, 0x00, 0x00, 0x00,
  0x00, 0x00, 0x00, 0x00, 0x00, 0x00, 0x00, 0x00, 0x00, 0x00, 0x00, 0x00, 0x00, 0x00, 0x00, 0x00,
  0x00, 0x00, 0x00, 0x00, 0x00, 0x00, 0x00, 0x00, 0x00, 0x00, 0x00, 0x00, 0x00, 0x00, 0x00, 0x00,
  0x00, 0x00, 0x00, 0x00, 0x00, 0x00, 0x00, 0x00, 0x00, 0x00, 0x00, 0x00, 0x00, 0x00, 0x00, 0x00,
  0x00, 0x00, 0x00, 0x00, 0x00, 0x00, 0x00, 0x00, 0x00, 0x00, 0x00, 0x00, 0x00, 0x00, 0x00, 0x00,
  0x00, 0x00, 0x00, 0x00, 0x00, 0x00, 0x00, 0x00, 0x00, 0x00, 0x00, 0x00, 0x00, 0x00, 0x00, 0x00,
  0x00, 0x00, 0x00, 0x00, 0x00, 0x00, 0x00, 0x00, 0x00, 0x00, 0x00, 0x00, 0x00, 0x00, 0x00, 0x00,
  0x00, 0x00, 0x00, 0x00, 0x00, 0x00, 0x00, 0x00, 0x00, 0x00, 0x00, 0x00, 0x00, 0x00, 0x00, 0x00,
  0x00, 0x00, 0x00, 0x00, 0x00, 0x00, 0x00, 0x00, 0x00, 0x00, 0x00, 0x00, 0x00, 0x00, 0x00, 0x00,
  0x00, 0x00, 0x00, 0x00, 0x00, 0x00, 0x00, 0x00, 0x00, 0x00, 0x00, 0x00, 0x00, 0x00, 0x00, 0x00,
  0x00, 0x00, 0x00, 0x00, 0x00, 0x00, 0x00, 0x00, 0x00, 0x00, 0x00, 0x00, 0x00, 0x00, 0x00, 0x00,
  0x00, 0x00, 0x00, 0x00, 0x00, 0x00, 0x00, 0x00, 0x00, 0x00, 0x00, 0x00, 0x00, 0x00, 0x00, 0x00,
  0x00, 0x00, 0x00, 0x00, 0x00, 0x00, 0x00, 0x00, 0x00, 0x00, 0x00, 0x00, 0x00, 0x00, 0x00, 0x00,
  0x00, 0x00, 0x00, 0x00, 0x00, 0x00, 0x00, 0x00, 0x00, 0x00, 0x00, 0x00, 0x00, 0x00, 0x00, 0x00,
  0x00, 0x00, 0x00, 0x00, 0x00, 0x00, 0x00, 0x00, 0x00, 0x00, 0x00, 0x00, 0x00, 0x00, 0x00, 0x00,
  0x00, 0x00, 0x00, 0x00, 0x00, 0x00, 0x00, 0x00, 0x00, 0x00, 0x00, 0x00, 0x00, 0x00, 0x00, 0x00,
  0x00, 0x00, 0x00, 0x00, 0x00, 0x00, 0x00, 0x00, 0x00, 0x00, 0x00, 0x00, 0x00, 0x00, 0x00, 0x00,
  0x00, 0x00, 0x00, 0x00, 0x00, 0x00, 0x00, 0x00, 0x00, 0x00, 0x00, 0x00, 0x00, 0x00, 0x00, 0x00,
  0x00, 0x00, 0x00, 0x00, 0x00, 0x00, 0x00, 0x00, 0x00, 0x00, 0x00, 0x00, 0x00, 0x00, 0x00, 0x00,
  0x00, 0x00, 0x00, 0x00, 0x00, 0x00, 0x00, 0x00, 0x00, 0x00, 0x00, 0x00, 0x00, 0x00, 0x00, 0x00,
  0x00, 0x00, 0x00, 0x00, 0x00, 0x00, 0x00, 0x00, 0x00, 0x00, 0x00, 0x00, 0x00, 0x00, 0x00, 0x00,
  0x00, 0x00, 0x00, 0x00, 0x00, 0x00, 0x00, 0x00, 0x00, 0x00, 0x00, 0x00, 0x00, 0x00, 0x00, 0x00,
  0x00, 0x00, 0x00, 0x00, 0x00, 0x00, 0x00, 0x00, 0x00, 0x00, 0x00, 0x00, 0x00, 0x00, 0x00, 0x00,
  0x00, 0x00, 0x00, 0x00, 0x00, 0x00, 0x00, 0x00, 0x00, 0x00, 0x00, 0x00, 0x00, 0x00, 0x00, 0x00,
  0x00, 0x00, 0x00, 0x00, 0x00, 0x00, 0x00, 0x00, 0x00, 0x00, 0x00, 0x00, 0x00, 0x00, 0x00, 0x00,
  0x00, 0x00, 0x00, 0x00, 0x00, 0x00, 0x00, 0x00, 0x00, 0x00, 0x00, 0x00, 0x00, 0x00, 0x00, 0x00,
  0x00, 0x00, 0x00, 0x00, 0x00, 0x00, 0x00, 0x00, 0x00, 0x00, 0x00, 0x00, 0x00, 0x00, 0x00, 0x00,
  0x00, 0x00, 0x00, 0x00, 0x00, 0x00, 0x00, 0x00, 0x00, 0x00, 0x00, 0x00, 0x00, 0x00, 0x00, 0x00,
  0x00, 0x00, 0x00, 0x00, 0x00, 0x00, 0x00, 0x00, 0x00, 0x00, 0x00, 0x00, 0x00, 0x00, 0x00, 0x00,
  0x00, 0x00, 0x00, 0x00, 0x00, 0x00, 0x00, 0x00, 0x00, 0x00, 0x00, 0x00, 0x00, 0x00, 0x00, 0x00,
  0x00, 0x00, 0x00, 0x00, 0x00, 0x00, 0x00, 0x00, 0x00, 0x00, 0x00, 0x00, 0x00, 0x00, 0x00, 0x00,
  0x00, 0x00, 0x00, 0x00, 0x00, 0x00, 0x00, 0x00, 0x00, 0x00, 0x00, 0x00, 0x00, 0x00, 0x00, 0x00,
  0x00, 0x00, 0x00, 0x00, 0x00, 0x00, 0x00, 0x00, 0x00, 0x00, 0x00, 0x00, 0x00, 0x00, 0x00, 0x00,
  0x00, 0x00, 0x00, 0x00, 0x00, 0x00, 0x00, 0x00, 0x00, 0x00, 0x00, 0x00, 0x00, 0x00, 0x00, 0x00,
  0x00, 0x00, 0x00, 0x00, 0x00, 0x00, 0x00, 0x00, 0x00, 0x00, 0x00, 0x00, 0x00, 0x00, 0x00, 0x00,
  0x00, 0x00, 0x00, 0x00, 0x00, 0x00, 0x00, 0x00, 0x00, 0x00, 0x00, 0x00, 0x00, 0x00, 0x00, 0x00,
  0x00, 0x00, 0x00, 0x00, 0x00, 0x00, 0x00, 0x00, 0x00, 0x00, 0x00, 0x00, 0x00, 0x00, 0x00, 0x00,
  0x00, 0x00, 0x00, 0x00, 0x00, 0x00, 0x00, 0x00, 0x00, 0x00, 0x00, 0x00, 0x00, 0x00, 0x00, 0x00,
  0x00, 0x00, 0x00, 0x00, 0x00, 0x00, 0x00, 0x00, 0x00, 0x00, 0x00, 0x00, 0x00, 0x00, 0x00, 0x00,
  0x00, 0x00, 0x00, 0x00, 0x00, 0x00, 0x00, 0x00, 0x00, 0x00, 0x00, 0x00, 0x00, 0x00, 0x00, 0x00,
  0x00, 0x00, 0x00, 0x00, 0x00, 0x00, 0x00, 0x00, 0x00, 0x00, 0x00, 0x00, 0x00, 0x00, 0x00, 0x00,
  0x00, 0x00, 0x00, 0x00, 0x00, 0x00, 0x00, 0x00, 0x00, 0x00, 0x00, 0x00, 0x00, 0x00, 0x00, 0x00,
  0x00, 0x00, 0x00, 0x00, 0x00, 0x00, 0x00, 0x00, 0x00, 0x00, 0x00, 0x00, 0x00, 0x00, 0x00, 0x00,
  0x00, 0x00, 0x00, 0x00, 0x00, 0x00, 0x00, 0x00, 0x00, 0x00, 0x00, 0x00, 0x00, 0x00, 0x00, 0x00,
  0x00, 0x00, 0x00, 0x00, 0x00, 0x00, 0x00, 0x00, 0x00, 0x00, 0x00, 0x00, 0x00, 0x00, 0x00, 0x00,
  0x00, 0x00, 0x00, 0x00, 0x00, 0x00, 0x00, 0x00, 0x00, 0x00, 0x00, 0x00, 0x00, 0x00, 0x00, 0x00,
  0x00, 0x00, 0x00, 0x00, 0x00, 0x00, 0x00, 0x00, 0x00, 0x00, 0x00, 0x00, 0x00, 0x00, 0x00, 0x00,
  0x00, 0x00, 0x00, 0x00, 0x00, 0x00, 0x00, 0x00, 0x00, 0x00, 0x00, 0x00, 0x00, 0x00, 0x00, 0x00,
  0x00, 0x00, 0x00, 0x00, 0x00, 0x00, 0x00, 0x00, 0x00, 0x00, 0x00, 0x00, 0x00, 0x00, 0x00, 0x00,
  0x00, 0x00, 0x00, 0x00, 0x00, 0x00, 0x00, 0x00, 0x00, 0x00, 0x00, 0x00, 0x00, 0x00, 0x00, 0x00,
  0x00, 0x00, 0x00, 0x00, 0x00, 0x00, 0x00, 0x00, 0x00, 0x00, 0x00, 0x00, 0x00, 0x00, 0x00, 0x00,
  0x00, 0x00, 0x00, 0x00, 0x00, 0x00, 0x00, 0x00, 0x00, 0x00, 0x00, 0x00, 0x00, 0x00, 0x00, 0x00,
  0x00, 0x00, 0x00, 0x00, 0x00, 0x00, 0x00, 0x00, 0x00, 0x00, 0x00, 0x00, 0x00, 0x00, 0x00, 0x00,
  0x00, 0x00, 0x00, 0x00, 0x00, 0x00, 0x00, 0x00, 0x00, 0x00, 0x00, 0x00, 0x00, 0x00, 0x00, 0x00,
  0x00, 0x00, 0x00, 0x00, 0x00, 0x00, 0x00, 0x00, 0x00, 0x00, 0x00, 0x00, 0x00, 0x00, 0x00, 0x00,
  0x00, 0x00, 0x00, 0x00, 0x00, 0x00, 0x00, 0x00, 0x00, 0x00, 0x00, 0x00, 0x00, 0x00, 0x00, 0x00,
  0x00, 0x00, 0x00, 0x00, 0x00, 0x00, 0x00, 0x00, 0x00, 0x00, 0x00, 0x00, 0x00, 0x00, 0x00, 0x00,
  0x00, 0x00, 0x00, 0x00, 0x00, 0x00, 0x00, 0x00, 0x00, 0x00, 0x00, 0x00, 0x00, 0x00, 0x00, 0x00,
  0x00, 0x00, 0x00, 0x00, 0x00, 0x00, 0x00, 0x00, 0x00, 0x00, 0x00, 0x00, 0x00, 0x00, 0x00, 0x00,
  0x00, 0x00, 0x00, 0x00, 0x00, 0x00, 0x00, 0x00, 0x00, 0x00, 0x00, 0x00, 0x00, 0x00, 0x00, 0x00,
  0x00, 0x00, 0x00, 0x00, 0x00, 0x00, 0x00, 0x00, 0x00, 0x00, 0x00, 0x00, 0x00, 0x00, 0x00, 0x00,
  0x00, 0x00, 0x00, 0x00, 0x00, 0x00, 0x00, 0x00, 0x00, 0x00, 0x00, 0x00, 0x00, 0x00, 0x00, 0x00,
  0x00, 0x00, 0x00, 0x00, 0x00, 0x00, 0x00, 0x00, 0x00, 0x00, 0x00, 0x00, 0x00, 0x00, 0x00, 0x00,
  0x00, 0x00, 0x00, 0x00, 0x00, 0x00, 0x00, 0x00, 0x00, 0x00, 0x00, 0x00, 0x00, 0x00, 0x00, 0x00,
  0x00, 0x00, 0x00, 0x00, 0x00, 0x00, 0x00, 0x00, 0x00, 0x00, 0x00, 0x00, 0x00, 0x00, 0x00, 0x00,
  0x00, 0x00, 0x00, 0x00, 0x00, 0x00, 0x00, 0x00, 0x00, 0x00, 0x00, 0x00, 0x00, 0x00, 0x00, 0x00,
  0x00, 0x00, 0x00, 0x00, 0x00, 0x00, 0x00, 0x00, 0x00, 0x00, 0x00, 0x00, 0x00, 0x00, 0x00, 0x00,
  0x00, 0x00, 0x00, 0x00, 0x00, 0x00, 0x00, 0x00, 0x00, 0x00, 0x00, 0x00, 0x00, 0x00, 0x00, 0x00,
  0x00, 0x00, 0x00, 0x00, 0x00, 0x00, 0x00, 0x00, 0x00, 0x00, 0x00, 0x00, 0x00, 0x00, 0x00, 0x00,
  0x00, 0x00, 0x00, 0x00, 0x00, 0x00, 0x00, 0x00, 0x00, 0x00, 0x00, 0x00, 0x00, 0x00, 0x00, 0x00,
  0x00, 0x00, 0x00, 0x00, 0x00, 0x00, 0x00, 0x00, 0x00, 0x00, 0x00, 0x00, 0x00, 0x00, 0x00, 0x00,
  0x00, 0x00, 0x00, 0x00, 0x00, 0x00, 0x00, 0x00, 0x00, 0x00, 0x00, 0x00, 0x00, 0x00, 0x00, 0x00,
  0x30, 0x26, 0x12, 0x00, 0x00, 0x00, 0x00, 0x00, 0x00, 0x00, 0x00, 0x00, 0x00, 0x00, 0x00, 0x00,
  0x00, 0x00, 0x00, 0x00, 0x00, 0x00, 0x00, 0x00, 0x00, 0x00, 0x00, 0x00, 0x00, 0x00, 0x00, 0x00,
  0x00, 0x00, 0x00, 0x00, 0x00, 0x00, 0x00, 0x00, 0x00, 0x00, 0x00, 0x00, 0x00, 0x00, 0x00, 0x00,
  0x00, 0x00, 0x00, 0x00, 0x00, 0x00, 0x00, 0x00, 0x00, 0x00, 0x00, 0x00, 0x00, 0x00, 0x00, 0x00,
  0x00, 0x00, 0x00, 0x00, 0x00, 0x00, 0x00, 0x00, 0x00, 0x00, 0x00, 0x00, 0x00, 0x00, 0x00, 0x00,
  0x00, 0x00, 0x00, 0x00, 0x00, 0x00, 0x00, 0x00, 0x00, 0x00, 0x00, 0x00, 0x00, 0x00, 0x00, 0x00,
  0x00, 0x00, 0x00, 0x00, 0x00, 0x00, 0x00, 0x00, 0x00, 0x00, 0x00, 0x00, 0x00, 0x00, 0x00, 0x00,
  0x00, 0x00, 0x00, 0x00, 0x00, 0x00, 0x00, 0x00, 0x00, 0x00, 0x00, 0x00, 0x00, 0x00, 0x00, 0x00,
  0x00, 0x00, 0x00, 0x00, 0x00, 0x00, 0x00, 0x00, 0x00, 0x00, 0x00, 0x00, 0x00, 0x00, 0x00, 0x00,
  0x00, 0x00, 0x00, 0x00, 0x00, 0x00, 0x00, 0x00, 0x00, 0x00, 0x00, 0x00, 0x00, 0x00, 0x00, 0x00,
  0x00, 0x00, 0x00, 0x00, 0x00, 0x00, 0x00, 0x00, 0x00, 0x00, 0x00, 0x00, 0x00, 0x00, 0x00, 0x00,
  0x00, 0x00, 0x00, 0x00, 0x00, 0x00, 0x00, 0x00, 0x00, 0x00, 0x00, 0x00, 0x00, 0x00, 0x00, 0x00,
  0x00, 0x00, 0x00, 0x00, 0x00, 0x00, 0x00, 0x00, 0x00, 0x00, 0x00, 0x00, 0x00, 0x00, 0x00, 0x00,
  0x00, 0x00, 0x00, 0x00, 0x00, 0x00, 0x00, 0x00, 0x00, 0x00, 0x00, 0x00, 0x00, 0x00, 0x00, 0x00,
  0x00, 0x00, 0x00, 0x00, 0x00, 0x00, 0x00, 0x00, 0x00, 0x00, 0x00, 0x00, 0x00, 0x00, 0x00, 0x00,
  0x00, 0x00, 0x00, 0x00, 0x00, 0x00, 0x00, 0x00, 0x00, 0x00, 0x00, 0x00, 0x00, 0x00, 0x00, 0x00,
  0x00, 0x00, 0x00, 0x00, 0x00, 0x00, 0x00, 0x00, 0x00, 0x00, 0x00, 0x00, 0x00, 0x00, 0x00, 0x00,
  0x00, 0x00, 0x00, 0x00, 0x00, 0x00, 0x00, 0x00, 0x00, 0x00, 0x00, 0x00, 0x00, 0x00, 0x00, 0x00,
  0x00, 0x00, 0x00, 0x00, 0x00, 0x00, 0x00, 0x00, 0x00, 0x00, 0x00, 0x00, 0x00, 0x00, 0x00, 0x00,
  0x00, 0x00, 0x00, 0x00, 0x00, 0x00, 0x00, 0x00, 0x00, 0x00, 0x00, 0x00, 0x00, 0x00, 0x00, 0x00,
  0x00, 0x00, 0x00, 0x00, 0x00, 0x00, 0x00, 0x00, 0x00, 0x00, 0x00, 0x00, 0x00, 0x00, 0x00, 0x00,
  0x00, 0x00, 0x00, 0x00, 0x00, 0x00, 0x00, 0x00, 0x00, 0x00, 0x00, 0x00, 0x00, 0x00, 0x00, 0x00,
  0x00, 0x00, 0x00, 0x00, 0x00, 0x00, 0x00, 0x00, 0x00, 0x00, 0x00, 0x00, 0x00, 0x00, 0x00, 0x00,
  0x00, 0x00, 0x00, 0x00, 0x00, 0x00, 0x00, 0x00, 0x00, 0x00, 0x00, 0x00, 0x00, 0x00, 0x00, 0x00,
  0x00, 0x00, 0x00, 0x00, 0x00, 0x00, 0x00, 0x00, 0x00, 0x00, 0x00, 0x00, 0x00, 0x00, 0x00, 0x00,
  0x00, 0x00, 0x00, 0x00, 0x00, 0x00, 0x00, 0x00, 0x30, 0x26, 0x12, 0x02, 0x30, 0x26, 0x12, 0x0a,
  0x30, 0x26, 0x12, 0x10, 0x30, 0x26, 0x12, 0x17, 0x30, 0x26, 0x12, 0x1c, 0x30, 0x26, 0x12, 0x20,
  0x30, 0x26, 0x12, 0x24, 0x30, 0x26, 0x12, 0x27, 0x30, 0x26, 0x12, 0x29, 0x30, 0x26, 0x12, 0x2a,
  0x30, 0x26, 0x12, 0x2b, 0x30, 0x26, 0x12, 0x2a, 0x30, 0x26, 0x12, 0x29, 0x30, 0x26, 0x12, 0x27,
  0x30, 0x26, 0x12, 0x24, 0x30, 0x26, 0x12, 0x20, 0x30, 0x26, 0x12, 0x1c, 0x30, 0x26, 0x12, 0x17,
  0x30, 0x26, 0x12, 0x10, 0x30, 0x26, 0x12, 0x0a, 0x30, 0x26, 0x12, 0x02, 0x00, 0x00, 0x00, 0x00,
  0x00, 0x00, 0x00, 0x00, 0x00, 0x00, 0x00, 0x00, 0x00, 0x00, 0x00, 0x00, 0x00, 0x00, 0x00, 0x00,
  0x00, 0x00, 0x00, 0x00, 0x00, 0x00, 0x00, 0x00, 0x00, 0x00, 0x00, 0x00, 0x00, 0x00, 0x00, 0x00,
  0x00, 0x00, 0x00, 0x00, 0x00, 0x00, 0x00, 0x00, 0x00, 0x00, 0x00, 0x00, 0x00, 0x00, 0x00, 0x00,
  0x00, 0x00, 0x00, 0x00, 0x00, 0x00, 0x00, 0x00, 0x00, 0x00, 0x00, 0x00, 0x00, 0x00, 0x00, 0x00,
  0x00, 0x00, 0x00, 0x00, 0x00, 0x00, 0x00, 0x00, 0x00, 0x00, 0x00, 0x00, 0x00, 0x00, 0x00, 0x00,
  0x00, 0x00, 0x00, 0x00, 0x00, 0x00, 0x00, 0x00, 0x00, 0x00, 0x00, 0x00, 0x00, 0x00, 0x00, 0x00,
  0x00, 0x00, 0x00, 0x00, 0x00, 0x00, 0x00, 0x00, 0x00, 0x00, 0x00, 0x00, 0x00, 0x00, 0x00, 0x00,
  0x00, 0x00, 0x00, 0x00, 0x00, 0x00, 0x00, 0x00, 0x00, 0x00, 0x00, 0x00, 0x00, 0x00, 0x00, 0x00,
  0x00, 0x00, 0x00, 0x00, 0x00, 0x00, 0x00, 0x00, 0x00, 0x00, 0x00, 0x00, 0x00, 0x00, 0x00, 0x00,
  0x00, 0x00, 0x00, 0x00, 0x00, 0x00, 0x00, 0x00, 0x00, 0x00, 0x00, 0x00, 0x00, 0x00, 0x00, 0x00,
  0x00, 0x00, 0x00, 0x00, 0x00, 0x00, 0x00, 0x00, 0x00, 0x00, 0x00, 0x00, 0x00, 0x00, 0x00, 0x00,
  0x00, 0x00, 0x00, 0x00, 0x00, 0x00, 0x00, 0x00, 0x00, 0x00, 0x00, 0x00, 0x00, 0x00, 0x00, 0x00,
  0x00, 0x00, 0x00, 0x00, 0x00, 0x00, 0x00, 0x00, 0x00, 0x00, 0x00, 0x00, 0x00, 0x00, 0x00, 0x00,
  0x00, 0x00, 0x00, 0x00, 0x00, 0x00, 0x00, 0x00, 0x00, 0x00, 0x00, 0x00, 0x00, 0x00, 0x00, 0x00,
  0x00, 0x00, 0x00, 0x00, 0x00, 0x00, 0x00, 0x00, 0x00, 0x00, 0x00, 0x00, 0x00, 0x00, 0x00, 0x00,
  0x00, 0x00, 0x00, 0x00, 0x00, 0x00, 0x00, 0x00, 0x00, 0x00, 0x00, 0x00, 0x00, 0x00, 0x00, 0x00,
  0x00, 0x00, 0x00, 0x00, 0x00, 0x00, 0x00, 0x00, 0x00, 0x00, 0x00, 0x00, 0x00, 0x00, 0x00, 0x00,
  0x00, 0x00, 0x00, 0x00, 0x00, 0x00, 0x00, 0x00, 0x00, 0x00, 0x00, 0x00, 0x00, 0x00, 0x00, 0x00,
  0x00, 0x00, 0x00, 0x00, 0x00, 0x00, 0x00, 0x00, 0x00, 0x00, 0x00, 0x00, 0x00, 0x00, 0x00, 0x00,
  0x00, 0x00, 0x00, 0x00, 0x00, 0x00, 0x00, 0x00, 0x00, 0x00, 0x00, 0x00, 0x00, 0x00, 0x00, 0x00,
  0x00, 0x00, 0x00, 0x00, 0x00, 0x00, 0x00, 0x00, 0x00, 0x00, 0x00, 0x00, 0x00, 0x00, 0x00, 0x00,
  0x00, 0x00, 0x00, 0x00, 0x00, 0x00, 0x00, 0x00, 0x30, 0x26, 0x12, 0x05, 0x30, 0x26, 0x12, 0x10,
  0x30, 0x26, 0x12, 0x1a, 0x30, 0x26, 0x12, 0x23, 0x30, 0x26, 0x12, 0x2c, 0x30, 0x26, 0x12, 0x34,
  0x30, 0x26, 0x12, 0x3a, 0x30, 0x26, 0x12, 0x41, 0x30, 0x26, 0x12, 0x46, 0x30, 0x26, 0x12, 0x4b,
  0x30, 0x26, 0x12, 0x4e, 0x30, 0x26, 0x12, 0x51, 0x30, 0x26, 0x12, 0x53, 0x30, 0x26, 0x12, 0x55,
  0x30, 0x26, 0x12, 0x55, 0x30, 0x26, 0x12, 0x55, 0x30, 0x26, 0x12, 0x53, 0x30, 0x26, 0x12, 0x51,
  0x30, 0x26, 0x12, 0x4e, 0x30, 0x26, 0x12, 0x4b, 0x30, 0x26, 0x12, 0x46, 0x30, 0x26, 0x12, 0x41,
  0x30, 0x26, 0x12, 0x3a, 0x30, 0x26, 0x12, 0x34, 0x30, 0x26, 0x12, 0x2c, 0x30, 0x26, 0x12, 0x23,
  0x30, 0x26, 0x12, 0x1a, 0x30, 0x26, 0x12, 0x10, 0x30, 0x26, 0x12, 0x05, 0x00, 0x00, 0x00, 0x00,
  0x00, 0x00, 0x00, 0x00, 0x00, 0x00, 0x00, 0x00, 0x00, 0x00, 0x00, 0x00, 0x00, 0x00, 0x00, 0x00,
  0x00, 0x00, 0x00, 0x00, 0x00, 0x00, 0x00, 0x00, 0x00, 0x00, 0x00, 0x00, 0x00, 0x00, 0x00, 0x00,
  0x00, 0x00, 0x00, 0x00, 0x00, 0x00, 0x00, 0x00, 0x00, 0x00, 0x00, 0x00, 0x00, 0x00, 0x00, 0x00,
  0x00, 0x00, 0x00, 0x00, 0x00, 0x00, 0x00, 0x00, 0x00, 0x00, 0x00, 0x00, 0x00, 0x00, 0x00, 0x00,
  0x00, 0x00, 0x00, 0x00, 0x00, 0x00, 0x00, 0x00, 0x00, 0x00, 0x00, 0x00, 0x00, 0x00, 0x00, 0x00,
  0x00, 0x00, 0x00, 0x00, 0x00, 0x00, 0x00, 0x00, 0x00, 0x00, 0x00, 0x00, 0x00, 0x00, 0x00, 0x00,
  0x00, 0x00, 0x00, 0x00, 0x00, 0x00, 0x00, 0x00, 0x00, 0x00, 0x00, 0x00, 0x00, 0x00, 0x00, 0x00,
  0x00, 0x00, 0x00, 0x00, 0x00, 0x00, 0x00, 0x00, 0x00, 0x00, 0x00, 0x00, 0x00, 0x00, 0x00, 0x00,
  0x00, 0x00, 0x00, 0x00, 0x00, 0x00, 0x00, 0x00, 0x00, 0x00, 0x00, 0x00, 0x00, 0x00, 0x00, 0x00,
  0x00, 0x00, 0x00, 0x00, 0x00, 0x00, 0x00, 0x00, 0x00, 0x00, 0x00, 0x00, 0x00, 0x00, 0x00, 0x00,
  0x00, 0x00, 0x00, 0x00, 0x00, 0x00, 0x00, 0x00, 0x00, 0x00, 0x00, 0x00, 0x00, 0x00, 0x00, 0x00,
  0x00, 0x00, 0x00, 0x00, 0x00, 0x00, 0x00, 0x00, 0x00, 0x00, 0x00, 0x00, 0x00, 0x00, 0x00, 0x00,
  0x00, 0x00, 0x00, 0x00, 0x00, 0x00, 0x00, 0x00, 0x00, 0x00, 0x00, 0x00, 0x00, 0x00, 0x00, 0x00,
  0x00, 0x00, 0x00, 0x00, 0x00, 0x00, 0x00, 0x00, 0x00, 0x00, 0x00, 0x00, 0x00, 0x00, 0x00, 0x00,
  0x00, 0x00, 0x00, 0x00, 0x00, 0x00, 0x00, 0x00, 0x00, 0x00, 0x00, 0x00, 0x00, 0x00, 0x00, 0x00,
  0x00, 0x00, 0x00, 0x00, 0x00, 0x00, 0x00, 0x00, 0x00, 0x00, 0x00, 0x00, 0x00, 0x00, 0x00, 0x00,
  0x00, 0x00, 0x00, 0x00, 0x00, 0x00, 0x00, 0x00, 0x00, 0x00, 0x00, 0x00, 0x00, 0x00, 0x00, 0x00,
  0x00, 0x00, 0x00, 0x00, 0x00, 0x00, 0x00, 0x00, 0x00, 0x00, 0x00, 0x00, 0x00, 0x00, 0x00, 0x00,
  0x00, 0x00, 0x00, 0x00, 0x00, 0x00, 0x00, 0x00, 0x00, 0x00, 0x00, 0x00, 0x00, 0x00, 0x00, 0x00,
  0x00, 0x00, 0x00, 0x00, 0x00, 0x00, 0x00, 0x00, 0x00, 0x00, 0x00, 0x00, 0x30, 0x26, 0x12, 0x08,
  0x30, 0x26, 0x12, 0x15, 0x30, 0x26, 0x12, 0x22, 0x30, 0x26, 0x12, 0x2e, 0x30, 0x26, 0x12, 0x39,
  0x30, 0x26, 0x12, 0x43, 0x30, 0x26, 0x12, 0x4d, 0x30, 0x26, 0x12, 0x55, 0x30, 0x26, 0x12, 0x5d,
  0x30, 0x26, 0x12, 0x64, 0x30, 0x26, 0x12, 0x6b, 0x30, 0x26, 0x12, 0x70, 0x30, 0x26, 0x12, 0x75,
  0x30, 0x26, 0x12, 0x79, 0x30, 0x26, 0x12, 0x7c, 0x30, 0x26, 0x12, 0x7e, 0x30, 0x26, 0x12, 0x7f,
  0x30, 0x26, 0x12, 0x80, 0x30, 0x26, 0x12, 0x7f, 0x30, 0x26, 0x12, 0x7e, 0x30, 0x26, 0x12, 0x7c,
  0x30, 0x26, 0x12, 0x79, 0x30, 0x26, 0x12, 0x75, 0x30, 0x26, 0x12, 0x70, 0x30, 0x26, 0x12, 0x6b,
  0x30, 0x26, 0x12, 0x64, 0x30, 0x26, 0x12, 0x5d, 0x30, 0x26, 0x12, 0x55, 0x30, 0x26, 0x12, 0x4d,
  0x30, 0x26, 0x12, 0x43, 0x30, 0x26, 0x12, 0x39, 0x30, 0x26, 0x12, 0x2e, 0x30, 0x26, 0x12, 0x22,
  0x30, 0x26, 0x12, 0x15, 0x30, 0x26, 0x12, 0x08, 0x00, 0x00, 0x00, 0x00, 0x00, 0x00, 0x00, 0x00,
  0x00, 0x00, 0x00, 0x00, 0x00, 0x00, 0x00, 0x00, 0x00, 0x00, 0x00, 0x00, 0x00, 0x00, 0x00, 0x00,
  0x00, 0x00, 0x00, 0x00, 0x00, 0x00, 0x00, 0x00, 0x00, 0x00, 0x00, 0x00, 0x00, 0x00, 0x00, 0x00,
  0x00, 0x00, 0x00, 0x00, 0x00, 0x00, 0x00, 0x00, 0x00, 0x00, 0x00, 0x00, 0x00, 0x00, 0x00, 0x00,
  0x00, 0x00, 0x00, 0x00, 0x00, 0x00, 0x00, 0x00, 0x00, 0x00, 0x00, 0x00, 0x00, 0x00, 0x00, 0x00,
  0x00, 0x00, 0x00, 0x00, 0x00, 0x00, 0x00, 0x00, 0x00, 0x00, 0x00, 0x00, 0x00, 0x00, 0x00, 0x00,
  0x00, 0x00, 0x00, 0x00, 0x00, 0x00, 0x00, 0x00, 0x00, 0x00, 0x00, 0x00, 0x00, 0x00, 0x00, 0x00,
  0x00, 0x00, 0x00, 0x00, 0x00, 0x00, 0x00, 0x00, 0x00, 0x00, 0x00, 0x00, 0x00, 0x00, 0x00, 0x00,
  0x00, 0x00, 0x00, 0x00, 0x00, 0x00, 0x00, 0x00, 0x00, 0x00, 0x00, 0x00, 0x00, 0x00, 0x00, 0x00,
  0x00, 0x00, 0x00, 0x00, 0x00, 0x00, 0x00, 0x00, 0x00, 0x00, 0x00, 0x00, 0x00, 0x00, 0x00, 0x00,
  0x00, 0x00, 0x00, 0x00, 0x00, 0x00, 0x00, 0x00, 0x00, 0x00, 0x00, 0x00, 0x00, 0x00, 0x00, 0x00,
  0x00, 0x00, 0x00, 0x00, 0x00, 0x00, 0x00, 0x00, 0x00, 0x00, 0x00, 0x00, 0x00, 0x00, 0x00, 0x00,
  0x00, 0x00, 0x00, 0x00, 0x00, 0x00, 0x00, 0x00, 0x00, 0x00, 0x00, 0x00, 0x00, 0x00, 0x00, 0x00,
  0x00, 0x00, 0x00, 0x00, 0x00, 0x00, 0x00, 0x00, 0x00, 0x00, 0x00, 0x00, 0x00, 0x00, 0x00, 0x00,
  0x00, 0x00, 0x00, 0x00, 0x00, 0x00, 0x00, 0x00, 0x00, 0x00, 0x00, 0x00, 0x00, 0x00, 0x00, 0x00,
  0x00, 0x00, 0x00, 0x00, 0x00, 0x00, 0x00, 0x00, 0x00, 0x00, 0x00, 0x00, 0x00, 0x00, 0x00, 0x00,
  0x00, 0x00, 0x00, 0x00, 0x00, 0x00, 0x00, 0x00, 0x00, 0x00, 0x00, 0x00, 0x00, 0x00, 0x00, 0x00,
  0x00, 0x00, 0x00, 0x00, 0x00, 0x00, 0x00, 0x00, 0x00, 0x00, 0x00, 0x00, 0x00, 0x00, 0x00, 0x00,
  0x00, 0x00, 0x00, 0x00, 0x00, 0x00, 0x00, 0x00, 0x00, 0x00, 0x00, 0x00, 0x00, 0x00, 0x00, 0x00,
  0x30, 0x26, 0x12, 0x03, 0x30, 0x26, 0x12, 0x13, 0x30, 0x26, 0x12, 0x22, 0x30, 0x26, 0x12, 0x30,
  0x30, 0x26, 0x12, 0x3e, 0x30, 0x26, 0x12, 0x4b, 0x30, 0x26, 0x12, 0x57, 0x30, 0x26, 0x12, 0x62,
  0x30, 0x26, 0x12, 0x6c, 0x30, 0x26, 0x12, 0x76, 0x30, 0x26, 0x12, 0x7f, 0x30, 0x26, 0x12, 0x87,
  0x30, 0x26, 0x12, 0x8e, 0x30, 0x26, 0x12, 0x95, 0x30, 0x26, 0x12, 0x9a, 0x30, 0x26, 0x12, 0x9f,
  0x30, 0x26, 0x12, 0xa3, 0x30, 0x26, 0x12, 0xa6, 0x30, 0x26, 0x12, 0xa8, 0x30, 0x26, 0x12, 0xaa,
  0x30, 0x26, 0x12, 0xaa, 0x30, 0x26, 0x12, 0xaa, 0x30, 0x26, 0x12, 0xa8, 0x30, 0x26, 0x12, 0xa6,
  0x30, 0x26, 0x12, 0xa3, 0x30, 0x26, 0x12, 0x9f, 0x30, 0x26, 0x12, 0x9a, 0x30, 0x26, 0x12, 0x95,
  0x30, 0x26, 0x12, 0x8e, 0x30, 0x26, 0x12, 0x87, 0x30, 0x26, 0x12, 0x7f, 0x30, 0x26, 0x12, 0x76,
  0x30, 0x26, 0x12, 0x6c, 0x30, 0x26, 0x12, 0x62, 0x30, 0x26, 0x12, 0x57, 0x30, 0x26, 0x12, 0x4b,
  0x30, 0x26, 0x12, 0x3e, 0x30, 0x26, 0x12, 0x30, 0x30, 0x26, 0x12, 0x22, 0x30, 0x26, 0x12, 0x13,
  0x30, 0x26, 0x12, 0x03, 0x00, 0x00, 0x00, 0x00, 0x00, 0x00, 0x00, 0x00, 0x00, 0x00, 0x00, 0x00,
  0x00, 0x00, 0x00, 0x00, 0x00, 0x00, 0x00, 0x00, 0x00, 0x00, 0x00, 0x00, 0x00, 0x00, 0x00, 0x00,
  0x00, 0x00, 0x00, 0x00, 0x00, 0x00, 0x00, 0x00, 0x00, 0x00, 0x00, 0x00, 0x00, 0x00, 0x00, 0x00,
  0x00, 0x00, 0x00, 0x00, 0x00, 0x00, 0x00, 0x00, 0x00, 0x00, 0x00, 0x00, 0x00, 0x00, 0x00, 0x00,
  0x00, 0x00, 0x00, 0x00, 0x00, 0x00, 0x00, 0x00, 0x00, 0x00, 0x00, 0x00, 0x00, 0x00, 0x00, 0x00,
  0x00, 0x00, 0x00, 0x00, 0x00, 0x00, 0x00, 0x00, 0x00, 0x00, 0x00, 0x00, 0x00, 0x00, 0x00, 0x00,
  0x00, 0x00, 0x00, 0x00, 0x00, 0x00, 0x00, 0x00, 0x00, 0x00, 0x00, 0x00, 0x00, 0x00, 0x00, 0x00,
  0x00, 0x00, 0x00, 0x00, 0x00, 0x00, 0x00, 0x00, 0x00, 0x00, 0x00, 0x00, 0x00, 0x00, 0x00, 0x00,
  0x00, 0x00, 0x00, 0x00, 0x00, 0x00, 0x00, 0x00, 0x00, 0x00, 0x00, 0x00, 0x00, 0x00, 0x00, 0x00,
  0x00, 0x00, 0x00, 0x00, 0x00, 0x00, 0x00, 0x00, 0x00, 0x00, 0x00, 0x00, 0x00, 0x00, 0x00, 0x00,
  0x00, 0x00, 0x00, 0x00, 0x00, 0x00, 0x00, 0x00, 0x00, 0x00, 0x00, 0x00, 0x00, 0x00, 0x00, 0x00,
  0x00, 0x00, 0x00, 0x00, 0x00, 0x00, 0x00, 0x00, 0x00, 0x00, 0x00, 0x00, 0x00, 0x00, 0x00, 0x00,
  0x00, 0x00, 0x00, 0x00, 0x00, 0x00, 0x00, 0x00, 0x00, 0x00, 0x00, 0x00, 0x00, 0x00, 0x00, 0x00,
  0x00, 0x00, 0x00, 0x00, 0x00, 0x00, 0x00, 0x00, 0x00, 0x00, 0x00, 0x00, 0x00, 0x00, 0x00, 0x00,
  0x00, 0x00, 0x00, 0x00, 0x00, 0x00, 0x00, 0x00, 0x00, 0x00, 0x00, 0x00, 0x00, 0x00, 0x00, 0x00,
  0x00, 0x00, 0x00, 0x00, 0x00, 0x00, 0x00, 0x00, 0x00, 0x00, 0x00, 0x00, 0x00, 0x00, 0x00, 0x00,
  0x00, 0x00, 0x00, 0x00, 0x00, 0x00, 0x00, 0x00, 0x00, 0x00, 0x00, 0x00, 0x00, 0x00, 0x00, 0x00,
  0x00, 0x00, 0x00, 0x00, 0x00, 0x00, 0x00, 0x00, 0x30, 0x26, 0x12, 0x08, 0x30, 0x26, 0x12, 0x1a,
  0x30, 0x26, 0x12, 0x2b, 0x30, 0x26, 0x12, 0x3a, 0x30, 0x26, 0x12, 0x4a, 0x30, 0x26, 0x12, 0x58,
  0x30, 0x26, 0x12, 0x66, 0x30, 0x26, 0x12, 0x73, 0x30, 0x26, 0x12, 0x80, 0x30, 0x26, 0x12, 0x8b,
  0x30, 0x26, 0x12, 0x96, 0x30, 0x26, 0x12, 0xa0, 0x30, 0x26, 0x12, 0xa9, 0x30, 0x26, 0x12, 0xb1,
  0x30, 0x26, 0x12, 0xb8, 0x30, 0x26, 0x12, 0xbf, 0x30, 0x26, 0x12, 0xc5, 0x30, 0x26, 0x12, 0xc9,
  0x30, 0x26, 0x12, 0xcd, 0x30, 0x26, 0x12, 0xd1, 0x30, 0x26, 0x12, 0xd3, 0x30, 0x26, 0x12, 0xd4,
  0x30, 0x26, 0x12, 0xd5, 0x30, 0x26, 0x12, 0xd4, 0x30, 0x26, 0x12, 0xd3, 0x30, 0x26, 0x12, 0xd1,
  0x30, 0x26, 0x12, 0xcd, 0x30, 0x26, 0x12, 0xc9, 0x30, 0x26, 0x12, 0xc5, 0x30, 0x26, 0x12, 0xbf,
  0x30, 0x26, 0x12, 0xb8, 0x30, 0x26, 0x12, 0xb1, 0x30, 0x26, 0x12, 0xa9, 0x30, 0x26, 0x12, 0xa0,
  0x30, 0x26, 0x12, 0x96, 0x30, 0x26, 0x12, 0x8b, 0x30, 0x26, 0x12, 0x80, 0x30, 0x26, 0x12, 0x73,
  0x30, 0x26, 0x12, 0x66, 0x30, 0x26, 0x12, 0x58, 0x30, 0x26, 0x12, 0x4a, 0x30, 0x26, 0x12, 0x3a,
  0x30, 0x26, 0x12, 0x2b, 0x30, 0x26, 0x12, 0x1a, 0x30, 0x26, 0x12, 0x08, 0x00, 0x00, 0x00, 0x00,
  0x00, 0x00, 0x00, 0x00, 0x00, 0x00, 0x00, 0x00, 0x00, 0x00, 0x00, 0x00, 0x00, 0x00, 0x00, 0x00,
  0x00, 0x00, 0x00, 0x00, 0x00, 0x00, 0x00, 0x00, 0x00, 0x00, 0x00, 0x00, 0x00, 0x00, 0x00, 0x00,
  0x00, 0x00, 0x00, 0x00, 0x00, 0x00, 0x00, 0x00, 0x00, 0x00, 0x00, 0x00, 0x00, 0x00, 0x00, 0x00,
  0x00, 0x00, 0x00, 0x00, 0x00, 0x00, 0x00, 0x00, 0x00, 0x00, 0x00, 0x00, 0x00, 0x00, 0x00, 0x00,
  0x00, 0x00, 0x00, 0x00, 0x00, 0x00, 0x00, 0x00, 0x00, 0x00, 0x00, 0x00, 0x00, 0x00, 0x00, 0x00,
  0x00, 0x00, 0x00, 0x00, 0x00, 0x00, 0x00, 0x00, 0x00, 0x00, 0x00, 0x00, 0x00, 0x00, 0x00, 0x00,
  0x00, 0x00, 0x00, 0x00, 0x00, 0x00, 0x00, 0x00, 0x00, 0x00, 0x00, 0x00, 0x00, 0x00, 0x00, 0x00,
  0x00, 0x00, 0x00, 0x00, 0x00, 0x00, 0x00, 0x00, 0x00, 0x00, 0x00, 0x00, 0x00, 0x00, 0x00, 0x00,
  0x00, 0x00, 0x00, 0x00, 0x00, 0x00, 0x00, 0x00, 0x00, 0x00, 0x00, 0x00, 0x00, 0x00, 0x00, 0x00,
  0x00, 0x00, 0x00, 0x00, 0x00, 0x00, 0x00, 0x00, 0x00, 0x00, 0x00, 0x00, 0x00, 0x00, 0x00, 0x00,
  0x00, 0x00, 0x00, 0x00, 0x00, 0x00, 0x00, 0x00, 0x00, 0x00, 0x00, 0x00, 0x00, 0x00, 0x00, 0x00,
  0x00, 0x00, 0x00, 0x00, 0x00, 0x00, 0x00, 0x00, 0x00, 0x00, 0x00, 0x00, 0x00, 0x00, 0x00, 0x00,
  0x00, 0x00, 0x00, 0x00, 0x00, 0x00, 0x00, 0x00, 0x00, 0x00, 0x00, 0x00, 0x00, 0x00, 0x00, 0x00,
  0x00, 0x00, 0x00, 0x00, 0x00, 0x00, 0x00, 0x00, 0x00, 0x00, 0x00, 0x00, 0x00, 0x00, 0x00, 0x00,
  0x00, 0x00, 0x00, 0x00, 0x00, 0x00, 0x00, 0x00, 0x00, 0x00, 0x00, 0x00, 0x00, 0x00, 0x00, 0x00,
  0x00, 0x00, 0x00, 0x00, 0x00, 0x00, 0x00, 0x00, 0x00, 0x00, 0x00, 0x00, 0x00, 0x00, 0x00, 0x00,
  0x30, 0x26, 0x12, 0x0a, 0x30, 0x26, 0x12, 0x1d, 0x30, 0x26, 0x12, 0x2f, 0x30, 0x26, 0x12, 0x41,
  0x30, 0x26, 0x12, 0x52, 0x30, 0x26, 0x12, 0x62, 0x30, 0x26, 0x12, 0x72, 0x30, 0x26, 0x12, 0x80,
  0x30, 0x26, 0x12, 0x8e, 0x30, 0x26, 0x12, 0x9c, 0x30, 0x26, 0x12, 0xa8, 0x30, 0x26, 0x12, 0xb4,
  0x30, 0x26, 0x12, 0xbf, 0x30, 0x26, 0x12, 0xc9, 0x30, 0x26, 0x12, 0xd2, 0x30, 0x26, 0x12, 0xdb,
  0x30, 0x26, 0x12, 0xe2, 0x30, 0x26, 0x12, 0xe9, 0x30, 0x26, 0x12, 0xef, 0x30, 0x26, 0x12, 0xf4,
  0x30, 0x26, 0x12, 0xf8, 0x30, 0x26, 0x12, 0xfb, 0x30, 0x26, 0x12, 0xfd, 0x30, 0x26, 0x12, 0xff,
  0x30, 0x26, 0x12, 0xff, 0x30, 0x26, 0x12, 0xff, 0x30, 0x26, 0x12, 0xfd, 0x30, 0x26, 0x12, 0xfb,
  0x30, 0x26, 0x12, 0xf8, 0x30, 0x26, 0x12, 0xf4, 0x30, 0x26, 0x12, 0xef, 0x30, 0x26, 0x12, 0xe9,
  0x30, 0x26, 0x12, 0xe2, 0x30, 0x26, 0x12, 0xdb, 0x30, 0x26, 0x12, 0xd2, 0x30, 0x26, 0x12, 0xc9,
  0x30, 0x26, 0x12, 0xbf, 0x30, 0x26, 0x12, 0xb4, 0x30, 0x26, 0x12, 0xa8, 0x30, 0x26, 0x12, 0x9c,
  0x30, 0x26, 0x12, 0x8e, 0x30, 0x26, 0x12, 0x80, 0x30, 0x26, 0x12, 0x72, 0x30, 0x26, 0x12, 0x62,
  0x30, 0x26, 0x12, 0x52, 0x30, 0x26, 0x12, 0x41, 0x30, 0x26, 0x12, 0x2f, 0x30, 0x26, 0x12, 0x1d,
  0x30, 0x26, 0x12, 0x0a, 0x00, 0x00, 0x00, 0x00, 0x00, 0x00, 0x00, 0x00, 0x00, 0x00, 0x00, 0x00,
  0x00, 0x00, 0x00, 0x00, 0x00, 0x00, 0x00, 0x00, 0x00, 0x00, 0x00, 0x00, 0x00, 0x00, 0x00, 0x00,
  0x00, 0x00, 0x00, 0x00, 0x00, 0x00, 0x00, 0x00, 0x00, 0x00, 0x00, 0x00, 0x00, 0x00, 0x00, 0x00,
  0x00, 0x00, 0x00, 0x00, 0x00, 0x00, 0x00, 0x00, 0x00, 0x00, 0x00, 0x00, 0x00, 0x00, 0x00, 0x00,
  0x00, 0x00, 0x00, 0x00, 0x00, 0x00, 0x00, 0x00, 0x00, 0x00, 0x00, 0x00, 0x00, 0x00, 0x00, 0x00,
  0x00, 0x00, 0x00, 0x00, 0x00, 0x00, 0x00, 0x00, 0x00, 0x00, 0x00, 0x00, 0x00, 0x00, 0x00, 0x00,
  0x00, 0x00, 0x00, 0x00, 0x00, 0x00, 0x00, 0x00, 0x00, 0x00, 0x00, 0x00, 0x00, 0x00, 0x00, 0x00,
  0x00, 0x00, 0x00, 0x00, 0x00, 0x00, 0x00, 0x00, 0x00, 0x00, 0x00, 0x00, 0x00, 0x00, 0x00, 0x00,
  0x00, 0x00, 0x00, 0x00, 0x00, 0x00, 0x00, 0x00, 0x00, 0x00, 0x00, 0x00, 0x00, 0x00, 0x00, 0x00,
  0x00, 0x00, 0x00, 0x00, 0x00, 0x00, 0x00, 0x00, 0x00, 0x00, 0x00, 0x00, 0x00, 0x00, 0x00, 0x00,
  0x00, 0x00, 0x00, 0x00, 0x00, 0x00, 0x00, 0x00, 0x00, 0x00, 0x00, 0x00, 0x00, 0x00, 0x00, 0x00,
  0x00, 0x00, 0x00, 0x00, 0x00, 0x00, 0x00, 0x00, 0x00, 0x00, 0x00, 0x00, 0x00, 0x00, 0x00, 0x00,
  0x00, 0x00, 0x00, 0x00, 0x00, 0x00, 0x00, 0x00, 0x00, 0x00, 0x00, 0x00, 0x00, 0x00, 0x00, 0x00,
  0x00, 0x00, 0x00, 0x00, 0x00, 0x00, 0x00, 0x00, 0x00, 0x00, 0x00, 0x00, 0x00, 0x00, 0x00, 0x00,
  0x00, 0x00, 0x00, 0x00, 0x00, 0x00, 0x00, 0x00, 0x00, 0x00, 0x00, 0x00, 0x00, 0x00, 0x00, 0x00,
  0x00, 0x00, 0x00, 0x00, 0x00, 0x00, 0x00, 0x00, 0x30, 0x26, 0x12, 0x07, 0x30, 0x26, 0x12, 0x1b,
  0x30, 0x26, 0x12, 0x2f, 0x30, 0x26, 0x12, 0x43, 0x30, 0x26, 0x12, 0x55, 0x30, 0x26, 0x12, 0x67,
  0x30, 0x26, 0x12, 0x79, 0x30, 0x26, 0x12, 0x89, 0x30, 0x26, 0x12, 0x99, 0x30, 0x26, 0x12, 0xa8,
  0x30, 0x26, 0x12, 0xb7, 0x30, 0x26, 0x12, 0xc4, 0x30, 0x26, 0x12, 0xd1, 0x30, 0x26, 0x12, 0xdd,
  0x30, 0x26, 0x12, 0xe8, 0x30, 0x26, 0x12, 0xf2, 0x30, 0x26, 0x12, 0xfc, 0x85, 0x65, 0x17, 0xff,
  0x85, 0x65, 0x17, 0xff, 0x85, 0x66, 0x17, 0xff, 0x85, 0x66, 0x17, 0xff, 0x85, 0x66, 0x17, 0xff,
  0x85, 0x66, 0x17, 0xff, 0x85, 0x66, 0x17, 0xff, 0x85, 0x67, 0x17, 0xff, 0x85, 0x67, 0x17, 0xff,
  0x85, 0x67, 0x17, 0xff, 0x85, 0x67, 0x17, 0xff, 0x85, 0x67, 0x17, 0xff, 0x85, 0x68, 0x17, 0xff,
  0x85, 0x68, 0x17, 0xff, 0x85, 0x68, 0x17, 0xff, 0x85, 0x68, 0x17, 0xff, 0x85, 0x68, 0x17, 0xff,
  0x85, 0x69, 0x17, 0xff, 0x85, 0x69, 0x17, 0xff, 0x30, 0x26, 0x12, 0xfc, 0x30, 0x26, 0x12, 0xf2,
  0x30, 0x26, 0x12, 0xe8, 0x30, 0x26, 0x12, 0xdd, 0x30, 0x26, 0x12, 0xd1, 0x30, 0x26, 0x12, 0xc4,
  0x30, 0x26, 0x12, 0xb7, 0x30, 0x26, 0x12, 0xa8, 0x30, 0x26, 0x12, 0x99, 0x30, 0x26, 0x12, 0x89,
  0x30, 0x26, 0x12, 0x79, 0x30, 0x26, 0x12, 0x67, 0x30, 0x26, 0x12, 0x55, 0x30, 0x26, 0x12, 0x43,
  0x30, 0x26, 0x12, 0x2f, 0x30, 0x26, 0x12, 0x1b, 0x30, 0x26, 0x12, 0x07, 0x00, 0x00, 0x00, 0x00,
  0x00, 0x00, 0x00, 0x00, 0x00, 0x00, 0x00, 0x00, 0x00, 0x00, 0x00, 0x00, 0x00, 0x00, 0x00, 0x00,
  0x00, 0x00, 0x00, 0x00, 0x00, 0x00, 0x00, 0x00, 0x00, 0x00, 0x00, 0x00, 0x00, 0x00, 0x00, 0x00,
  0x00, 0x00, 0x00, 0x00, 0x00, 0x00, 0x00, 0x00, 0x00, 0x00, 0x00, 0x00, 0x00, 0x00, 0x00, 0x00,
  0x00, 0x00, 0x00, 0x00, 0x00, 0x00, 0x00, 0x00, 0x00, 0x00, 0x00, 0x00, 0x00, 0x00, 0x00, 0x00,
  0x00, 0x00, 0x00, 0x00, 0x00, 0x00, 0x00, 0x00, 0x00, 0x00, 0x00, 0x00, 0x00, 0x00, 0x00, 0x00,
  0x00, 0x00, 0x00, 0x00, 0x00, 0x00, 0x00, 0x00, 0x00, 0x00, 0x00, 0x00, 0x00, 0x00, 0x00, 0x00,
  0x00, 0x00, 0x00, 0x00, 0x00, 0x00, 0x00, 0x00, 0x00, 0x00, 0x00, 0x00, 0x00, 0x00, 0x00, 0x00,
  0x00, 0x00, 0x00, 0x00, 0x00, 0x00, 0x00, 0x00, 0x00, 0x00, 0x00, 0x00, 0x00, 0x00, 0x00, 0x00,
  0x00, 0x00, 0x00, 0x00, 0x00, 0x00, 0x00, 0x00, 0x00, 0x00, 0x00, 0x00, 0x00, 0x00, 0x00, 0x00,
  0x00, 0x00, 0x00, 0x00, 0x00, 0x00, 0x00, 0x00, 0x00, 0x00, 0x00, 0x00, 0x00, 0x00, 0x00, 0x00,
  0x00, 0x00, 0x00, 0x00, 0x00, 0x00, 0x00, 0x00, 0x00, 0x00, 0x00, 0x00, 0x00, 0x00, 0x00, 0x00,
  0x00, 0x00, 0x00, 0x00, 0x00, 0x00, 0x00, 0x00, 0x00, 0x00, 0x00, 0x00, 0x00, 0x00, 0x00, 0x00,
  0x00, 0x00, 0x00, 0x00, 0x00, 0x00, 0x00, 0x00, 0x00, 0x00, 0x00, 0x00, 0x00, 0x00, 0x00, 0x00,
  0x00, 0x00, 0x00, 0x00, 0x00, 0x00, 0x00, 0x00, 0x00, 0x00, 0x00, 0x00, 0x00, 0x00, 0x00, 0x00,
  0x30, 0x26, 0x12, 0x00, 0x30, 0x26, 0x12, 0x16, 0x30, 0x26, 0x12, 0x2c, 0x30, 0x26, 0x12, 0x41,
  0x30, 0x26, 0x12, 0x55, 0x30, 0x26, 0x12, 0x69, 0x30, 0x26, 0x12, 0x7c, 0x30, 0x26, 0x12, 0x8e,
  0x30, 0x26, 0x12, 0xa0, 0x30, 0x26, 0x12, 0xb1, 0x30, 0x26, 0x12, 0xc1, 0x30, 0x26, 0x12, 0xd0,
  0x30, 0x26, 0x12, 0xdf, 0x30, 0x26, 0x12, 0xed, 0x30, 0x26, 0x12, 0xfa, 0x85, 0x64, 0x17, 0xff,
  0x85, 0x65, 0x17, 0xff, 0x85, 0x65, 0x17, 0xff, 0x85, 0x65, 0x17, 0xff, 0x85, 0x65, 0x17, 0xff,
  0x85, 0x65, 0x17, 0xff, 0x85, 0x66, 0x17, 0xff, 0x85, 0x66, 0x17, 0xff, 0x85, 0x66, 0x17, 0xff,
  0x85, 0x66, 0x17, 0xff, 0x85, 0x66, 0x17, 0xff, 0x85, 0x67, 0x17, 0xff, 0x85, 0x67, 0x17, 0xff,
  0x85, 0x67, 0x17, 0xff, 0x85, 0x67, 0x17, 0xff, 0x85, 0x67, 0x17, 0xff, 0x85, 0x68, 0x17, 0xff,
  0x85, 0x68, 0x17, 0xff, 0x85, 0x68, 0x17, 0xff, 0x85, 0x68, 0x17, 0xff, 0x85, 0x68, 0x17, 0xff,
  0x85, 0x69, 0x17, 0xff, 0x85, 0x69, 0x17, 0xff, 0x85, 0x69, 0x17, 0xff, 0x85, 0x69, 0x17, 0xff,
  0x85, 0x69, 0x17, 0xff, 0x85, 0x6a, 0x17, 0xff, 0x30, 0x26, 0x12, 0xfa, 0x30, 0x26, 0x12, 0xed,
  0x30, 0x26, 0x12, 0xdf, 0x30, 0x26, 0x12, 0xd0, 0x30, 0x26, 0x12, 0xc1, 0x30, 0x26, 0x12, 0xb1,
  0x30, 0x26, 0x12, 0xa0, 0x30, 0x26, 0x12, 0x8e, 0x30, 0x26, 0x12, 0x7c, 0x30, 0x26, 0x12, 0x69,
  0x30, 0x26, 0x12, 0x55, 0x30, 0x26, 0x12, 0x41, 0x30, 0x26, 0x12, 0x2c, 0x30, 0x26, 0x12, 0x16,
  0x30, 0x26, 0x12, 0x00, 0x00, 0x00, 0x00, 0x00, 0x00, 0x00, 0x00, 0x00, 0x00, 0x00, 0x00, 0x00,
  0x00, 0x00, 0x00, 0x00, 0x00, 0x00, 0x00, 0x00, 0x00, 0x00, 0x00, 0x00, 0x00, 0x00, 0x00, 0x00,
  0x00, 0x00, 0x00, 0x00, 0x00, 0x00, 0x00, 0x00, 0x00, 0x00, 0x00, 0x00, 0x00, 0x00, 0x00, 0x00,
  0x00, 0x00, 0x00, 0x00, 0x00, 0x00, 0x00, 0x00, 0x00, 0x00, 0x00, 0x00, 0x00, 0x00, 0x00, 0x00,
  0x00, 0x00, 0x00, 0x00, 0x00, 0x00, 0x00, 0x00, 0x00, 0x00, 0x00, 0x00, 0x00, 0x00, 0x00, 0x00,
  0x00, 0x00, 0x00, 0x00, 0x00, 0x00, 0x00, 0x00, 0x00, 0x00, 0x00, 0x00, 0x00, 0x00, 0x00, 0x00,
  0x00, 0x00, 0x00, 0x00, 0x00, 0x00, 0x00, 0x00, 0x00, 0x00, 0x00, 0x00, 0x00, 0x00, 0x00, 0x00,
  0x00, 0x00, 0x00, 0x00, 0x00, 0x00, 0x00, 0x00, 0x00, 0x00, 0x00, 0x00, 0x00, 0x00, 0x00, 0x00,
  0x00, 0x00, 0x00, 0x00, 0x00, 0x00, 0x00, 0x00, 0x00, 0x00, 0x00, 0x00, 0x00, 0x00, 0x00, 0x00,
  0x00, 0x00, 0x00, 0x00, 0x00, 0x00, 0x00, 0x00, 0x00, 0x00, 0x00, 0x00, 0x00, 0x00, 0x00, 0x00,
  0x00, 0x00, 0x00, 0x00, 0x00, 0x00, 0x00, 0x00, 0x00, 0x00, 0x00, 0x00, 0x00, 0x00, 0x00, 0x00,
  0x00, 0x00, 0x00, 0x00, 0x00, 0x00, 0x00, 0x00, 0x00, 0x00, 0x00, 0x00, 0x00, 0x00, 0x00, 0x00,
  0x00, 0x00, 0x00, 0x00, 0x00, 0x00, 0x00, 0x00, 0x00, 0x00, 0x00, 0x00, 0x00, 0x00, 0x00, 0x00,
  0x00, 0x00, 0x00, 0x00, 0x00, 0x00, 0x00, 0x00, 0x00, 0x00, 0x00, 0x00, 0x30, 0x26, 0x12, 0x0d,
  0x30, 0x26, 0x12, 0x24, 0x30, 0x26, 0x12, 0x3a, 0x30, 0x26, 0x12, 0x50, 0x30, 0x26, 0x12, 0x66,
  0x30, 0x26, 0x12, 0x7a, 0x30, 0x26, 0x12, 0x8e, 0x30, 0x26, 0x12, 0xa2, 0x30, 0x26, 0x12, 0xb4,
  0x30, 0x26, 0x12, 0xc6, 0x30, 0x26, 0x12, 0xd8, 0x30, 0x26, 0x12, 0xe8, 0x30, 0x26, 0x12, 0xf8,
  0x85, 0x64, 0x17, 0xff, 0x85, 0x64, 0x17, 0xff, 0x85, 0x64, 0x17, 0xff, 0x85, 0x64, 0x17, 0xff,
  0x85, 0x65, 0x17, 0xff, 0x85, 0x65, 0x17, 0xff, 0x85, 0x65, 0x17, 0xff, 0x85, 0x65, 0x17, 0xff,
  0x85, 0x65, 0x17, 0xff, 0x85, 0x66, 0x17, 0xff, 0x85, 0x66, 0x17, 0xff, 0x85, 0x66, 0x17, 0xff,
  0x85, 0x66, 0x17, 0xff, 0x85, 0x66, 0x17, 0xff, 0x85, 0x67, 0x17, 0xff, 0x85, 0x67, 0x17, 0xff,
  0x85, 0x67, 0x17, 0xff, 0x85, 0x67, 0x17, 0xff, 0x85, 0x67, 0x17, 0xff, 0x85, 0x68, 0x17, 0xff,
  0x85, 0x68, 0x17, 0xff, 0x85, 0x68, 0x17, 0xff, 0x85, 0x68, 0x17, 0xff, 0x85, 0x68, 0x17, 0xff,
  0x85, 0x69, 0x17, 0xff, 0x85, 0x69, 0x17, 0xff, 0x85, 0x69, 0x17, 0xff, 0x85, 0x69, 0x17, 0xff,
  0x85, 0x69, 0x17, 0xff, 0x85, 0x6a, 0x17, 0xff, 0x85, 0x6a, 0x17, 0xff, 0x85, 0x6a, 0x17, 0xff,
  0x85, 0x6a, 0x17, 0xff, 0x30, 0x26, 0x12, 0xf8, 0x30, 0x26, 0x12, 0xe8, 0x30, 0x26, 0x12, 0xd8,
  0x30, 0x26, 0x12, 0xc6, 0x30, 0x26, 0x12, 0xb4, 0x30, 0x26, 0x12, 0xa2, 0x30, 0x26, 0x12, 0x8e,
  0x30, 0x26, 0x12, 0x7a, 0x30, 0x26, 0x12, 0x66, 0x30, 0x26, 0x12, 0x50, 0x30, 0x26, 0x12, 0x3a,
  0x30, 0x26, 0x12, 0x24, 0x30, 0x26, 0x12, 0x0d, 0x00, 0x00, 0x00, 0x00, 0x00, 0x00, 0x00, 0x00,
  0x00, 0x00, 0x00, 0x00, 0x00, 0x00, 0x00, 0x00, 0x00, 0x00, 0x00, 0x00, 0x00, 0x00, 0x00, 0x00,
  0x00, 0x00, 0x00, 0x00, 0x00, 0x00, 0x00, 0x00, 0x00, 0x00, 0x00, 0x00, 0x00, 0x00, 0x00, 0x00,
  0x00, 0x00, 0x00, 0x00, 0x00, 0x00, 0x00, 0x00, 0x00, 0x00, 0x00, 0x00, 0x00, 0x00, 0x00, 0x00,
  0x00, 0x00, 0x00, 0x00, 0x00, 0x00, 0x00, 0x00, 0x00, 0x00, 0x00, 0x00, 0x00, 0x00, 0x00, 0x00,
  0x00, 0x00, 0x00, 0x00, 0x00, 0x00, 0x00, 0x00, 0x00, 0x00, 0x00, 0x00, 0x00, 0x00, 0x00, 0x00,
  0x00, 0x00, 0x00, 0x00, 0x00, 0x00, 0x00, 0x00, 0x00, 0x00, 0x00, 0x00, 0x00, 0x00, 0x00, 0x00,
  0x00, 0x00, 0x00, 0x00, 0x00, 0x00, 0x00, 0x00, 0x00, 0x00, 0x00, 0x00, 0x00, 0x00, 0x00, 0x00,
  0x00, 0x00, 0x00, 0x00, 0x00, 0x00, 0x00, 0x00, 0x00, 0x00, 0x00, 0x00, 0x00, 0x00, 0x00, 0x00,
  0x00, 0x00, 0x00, 0x00, 0x00, 0x00, 0x00, 0x00, 0x00, 0x00, 0x00, 0x00, 0x00, 0x00, 0x00, 0x00,
  0x00, 0x00, 0x00, 0x00, 0x00, 0x00, 0x00, 0x00, 0x00, 0x00, 0x00, 0x00, 0x00, 0x00, 0x00, 0x00,
  0x00, 0x00, 0x00, 0x00, 0x00, 0x00, 0x00, 0x00, 0x00, 0x00, 0x00, 0x00, 0x00, 0x00, 0x00, 0x00,
  0x00, 0x00, 0x00, 0x00, 0x00, 0x00, 0x00, 0x00, 0x00, 0x00, 0x00, 0x00, 0x00, 0x00, 0x00, 0x00,
  0x00, 0x00, 0x00, 0x00, 0x00, 0x00, 0x00, 0x00, 0x30, 0x26, 0x12, 0x18, 0x30, 0x26, 0x12, 0x30,
  0x30, 0x26, 0x12, 0x48, 0x30, 0x26, 0x12, 0x5f, 0x30, 0x26, 0x12, 0x75, 0x30, 0x26, 0x12, 0x8b,
  0x30, 0x26, 0x12, 0xa0, 0x30, 0x26, 0x12, 0xb4, 0x30, 0x26, 0x12, 0xc8, 0x30, 0x26, 0x12, 0xdb,
  0x30, 0x26, 0x12, 0xed, 0x30, 0x26, 0x12, 0xff, 0x85, 0x63, 0x17, 0xff, 0x85, 0x64, 0x17, 0xff,
  0x85, 0x64, 0x17, 0xff, 0x85, 0x64, 0x17, 0xff, 0x85, 0x64, 0x17, 0xff, 0x85, 0x64, 0x17, 0xff,
  0x85, 0x65, 0x17, 0xff, 0x85, 0x65, 0x17, 0xff, 0x85, 0x65, 0x17, 0xff, 0x85, 0x65, 0x17, 0xff,
  0x85, 0x65, 0x17, 0xff, 0x85, 0x66, 0x17, 0xff, 0x85, 0x66, 0x17, 0xff, 0x85, 0x66, 0x17, 0xff,
  0x85, 0x66, 0x17, 0xff, 0x85, 0x66, 0x17, 0xff, 0x85, 0x67, 0x17, 0xff, 0x85, 0x67, 0x17, 0xff,
  0x85, 0x67, 0x17, 0xff, 0x85, 0x67, 0x17, 0xff, 0x85, 0x67, 0x17, 0xff, 0x85, 0x68, 0x17, 0xff,
  0x85, 0x68, 0x17, 0xff, 0x85, 0x68, 0x17, 0xff, 0x85, 0x68, 0x17, 0xff, 0x85, 0x68, 0x17, 0xff,
  0x85, 0x69, 0x17, 0xff, 0x85, 0x69, 0x17, 0xff, 0x85, 0x69, 0x17, 0xff, 0x85, 0x69, 0x17, 0xff,
  0x85, 0x69, 0x17, 0xff, 0x85, 0x6a, 0x17, 0xff, 0x85, 0x6a, 0x17, 0xff, 0x85, 0x6a, 0x17, 0xff,
  0x85, 0x6a, 0x17, 0xff, 0x85, 0x6a, 0x17, 0xff, 0x85, 0x6b, 0x17, 0xff, 0x30, 0x26, 0x12, 0xff,
  0x30, 0x26, 0x12, 0xed, 0x30, 0x26, 0x12, 0xdb, 0x30, 0x26, 0x12, 0xc8, 0x30, 0x26, 0x12, 0xb4,
  0x30, 0x26, 0x12, 0xa0, 0x30, 0x26, 0x12, 0x8b, 0x30, 0x26, 0x12, 0x75, 0x30, 0x26, 0x12, 0x5f,
  0x30, 0x26, 0x12, 0x48, 0x30, 0x26, 0x12, 0x30, 0x30, 0x26, 0x12, 0x18, 0x00, 0x00, 0x00, 0x00,
  0x00, 0x00, 0x00, 0x00, 0x00, 0x00, 0x00, 0x00, 0x00, 0x00, 0x00, 0x00, 0x00, 0x00, 0x00, 0x00,
  0x00, 0x00, 0x00, 0x00, 0x00, 0x00, 0x00, 0x00, 0x00, 0x00, 0x00, 0x00, 0x00, 0x00, 0x00, 0x00,
  0x00, 0x00, 0x00, 0x00, 0x00, 0x00, 0x00, 0x00, 0x00, 0x00, 0x00, 0x00, 0x00, 0x00, 0x00, 0x00,
  0x00, 0x00, 0x00, 0x00, 0x00, 0x00, 0x00, 0x00, 0x00, 0x00, 0x00, 0x00, 0x00, 0x00, 0x00, 0x00,
  0x00, 0x00, 0x00, 0x00, 0x00, 0x00, 0x00, 0x00, 0x00, 0x00, 0x00, 0x00, 0x00, 0x00, 0x00, 0x00,
  0x00, 0x00, 0x00, 0x00, 0x00, 0x00, 0x00, 0x00, 0x00, 0x00, 0x00, 0x00, 0x00, 0x00, 0x00, 0x00,
  0x00, 0x00, 0x00, 0x00, 0x00, 0x00, 0x00, 0x00, 0x00, 0x00, 0x00, 0x00, 0x00, 0x00, 0x00, 0x00,
  0x00, 0x00, 0x00, 0x00, 0x00, 0x00, 0x00, 0x00, 0x00, 0x00, 0x00, 0x00, 0x00, 0x00, 0x00, 0x00,
  0x00, 0x00, 0x00, 0x00, 0x00, 0x00, 0x00, 0x00, 0x00, 0x00, 0x00, 0x00, 0x00, 0x00, 0x00, 0x00,
  0x00, 0x00, 0x00, 0x00, 0x00, 0x00, 0x00, 0x00, 0x00, 0x00, 0x00, 0x00, 0x00, 0x00, 0x00, 0x00,
  0x00, 0x00, 0x00, 0x00, 0x00, 0x00, 0x00, 0x00, 0x00, 0x00, 0x00, 0x00, 0x00, 0x00, 0x00, 0x00,
  0x00, 0x00, 0x00, 0x00, 0x00, 0x00, 0x00, 0x00, 0x00, 0x00, 0x00, 0x00, 0x00, 0x00, 0x00, 0x00,
  0x30, 0x26, 0x12, 0x08, 0x30, 0x26, 0x12, 0x22, 0x30, 0x26, 0x12, 0x3b, 0x30, 0x26, 0x12, 0x53,
  0x30, 0x26, 0x12, 0x6b, 0x30, 0x26, 0x12, 0x82, 0x30, 0x26, 0x12, 0x99, 0x30, 0x26, 0x12, 0xaf,
  0x30, 0x26, 0x12, 0xc5, 0x30, 0x26, 0x12, 0xd9, 0x30, 0x26, 0x12, 0xed, 0x84, 0x63, 0x17, 0xff,
  0x84, 0x63, 0x17, 0xff, 0x84, 0x63, 0x17, 0xff, 0x84, 0x63, 0x17, 0xff, 0x84, 0x64, 0x17, 0xff,
  0x84, 0x64, 0x17, 0xff, 0x84, 0x64, 0x17, 0xff, 0x84, 0x64, 0x17, 0xff, 0x84, 0x64, 0x17, 0xff,
  0x84, 0x65, 0x17, 0xff, 0x84, 0x65, 0x17, 0xff, 0x84, 0x65, 0x17, 0xff, 0x84, 0x65, 0x17, 0xff,
  0x84, 0x65, 0x17, 0xff, 0x84, 0x66, 0x17, 0xff, 0x84, 0x66, 0x17, 0xff, 0x84, 0x66, 0x17, 0xff,
  0x84, 0x66, 0x17, 0xff, 0x84, 0x66, 0x17, 0xff, 0x84, 0x67, 0x17, 0xff, 0x84, 0x67, 0x17, 0xff,
  0x84, 0x67, 0x17, 0xff, 0x84, 0x67, 0x17, 0xff, 0x84, 0x67, 0x17, 0xff, 0x84, 0x68, 0x17, 0xff,
  0x84, 0x68, 0x17, 0xff, 0x84, 0x68, 0x17, 0xff, 0x84, 0x68, 0x17, 0xff, 0x84, 0x68, 0x17, 0xff,
  0x84, 0x69, 0x17, 0xff, 0x84, 0x69, 0x17, 0xff, 0x84, 0x69, 0x17, 0xff, 0x84, 0x69, 0x17, 0xff,
  0x84, 0x69, 0x17, 0xff, 0x84, 0x6a, 0x17, 0xff, 0x84, 0x6a, 0x17, 0xff, 0x84, 0x6a, 0x17, 0xff,
  0x84, 0x6a, 0x17, 0xff, 0x84, 0x6a, 0x17, 0xff, 0x84, 0x6b, 0x17, 0xff, 0x84, 0x6b, 0x17, 0xff,
  0x84, 0x6b, 0x17, 0xff, 0x84, 0x6b, 0x17, 0xff, 0x30, 0x26, 0x12, 0xed, 0x30, 0x26, 0x12, 0xd9,
  0x30, 0x26, 0x12, 0xc5, 0x30, 0x26, 0x12, 0xaf, 0x30, 0x26, 0x12, 0x99, 0x30, 0x26, 0x12, 0x82,
  0x30, 0x26, 0x12, 0x6b, 0x30, 0x26, 0x12, 0x53, 0x30, 0x26, 0x12, 0x3b, 0x30, 0x26, 0x12, 0x22,
  0x30, 0x26, 0x12, 0x08, 0x00, 0x00, 0x00, 0x00, 0x00, 0x00, 0x00, 0x00, 0x00, 0x00, 0x00, 0x00,
  0x00, 0x00, 0x00, 0x00, 0x00, 0x00, 0x00, 0x00, 0x00, 0x00, 0x00, 0x00, 0x00, 0x00, 0x00, 0x00,
  0x00, 0x00, 0x00, 0x00, 0x00, 0x00, 0x00, 0x00, 0x00, 0x00, 0x00, 0x00, 0x00, 0x00, 0x00, 0x00,
  0x00, 0x00, 0x00, 0x00, 0x00, 0x00, 0x00, 0x00, 0x00, 0x00, 0x00, 0x00, 0x00, 0x00, 0x00, 0x00,
  0x00, 0x00, 0x00, 0x00, 0x00, 0x00, 0x00, 0x00, 0x00, 0x00, 0x00, 0x00, 0x00, 0x00, 0x00, 0x00,
  0x00, 0x00, 0x00, 0x00, 0x00, 0x00, 0x00, 0x00, 0x00, 0x00, 0x00, 0x00, 0x00, 0x00, 0x00, 0x00,
  0x00, 0x00, 0x00, 0x00, 0x00, 0x00, 0x00, 0x00, 0x00, 0x00, 0x00, 0x00, 0x00, 0x00, 0x00, 0x00,
  0x00, 0x00, 0x00, 0x00, 0x00, 0x00, 0x00, 0x00, 0x00, 0x00, 0x00, 0x00, 0x00, 0x00, 0x00, 0x00,
  0x00, 0x00, 0x00, 0x00, 0x00, 0x00, 0x00, 0x00, 0x00, 0x00, 0x00, 0x00, 0x00, 0x00, 0x00, 0x00,
  0x00, 0x00, 0x00, 0x00, 0x00, 0x00, 0x00, 0x00, 0x00, 0x00, 0x00, 0x00, 0x00, 0x00, 0x00, 0x00,
  0x00, 0x00, 0x00, 0x00, 0x00, 0x00, 0x00, 0x00, 0x00, 0x00, 0x00, 0x00, 0x00, 0x00, 0x00, 0x00,
  0x00, 0x00, 0x00, 0x00, 0x00, 0x00, 0x00, 0x00, 0x00, 0x00, 0x00, 0x00, 0x30, 0x26, 0x12, 0x10,
  0x30, 0x26, 0x12, 0x2a, 0x30, 0x26, 0x12, 0x44, 0x30, 0x26, 0x12, 0x5d, 0x30, 0x26, 0x12, 0x76,
  0x30, 0x26, 0x12, 0x8e, 0x30, 0x26, 0x12, 0xa6, 0x30, 0x26, 0x12, 0xbd, 0x30, 0x26, 0x12, 0xd4,
  0x30, 0x26, 0x12, 0xe9, 0x30, 0x26, 0x12, 0xff, 0x84, 0x63, 0x17, 0xff, 0x84, 0x63, 0x17, 0xff,
  0x84, 0x63, 0x17, 0xff, 0x84, 0x63, 0x17, 0xff, 0x84, 0x63, 0x17, 0xff, 0x84, 0x64, 0x17, 0xff,
  0x84, 0x64, 0x17, 0xff, 0x84, 0x64, 0x17, 0xff, 0x84, 0x64, 0x17, 0xff, 0x84, 0x64, 0x17, 0xff,
  0x84, 0x65, 0x17, 0xff, 0x84, 0x65, 0x17, 0xff, 0x84, 0x65, 0x17, 0xff, 0x84, 0x65, 0x17, 0xff,
  0x84, 0x65, 0x17, 0xff, 0x84, 0x66, 0x17, 0xff, 0x84, 0x66, 0x17, 0xff, 0x84, 0x66, 0x17, 0xff,
  0x84, 0x66, 0x17, 0xff, 0x84, 0x66, 0x17, 0xff, 0x84, 0x67, 0x17, 0xff, 0x84, 0x67, 0x17, 0xff,
  0x84, 0x67, 0x17, 0xff, 0x84, 0x67, 0x17, 0xff, 0x84, 0x67, 0x17, 0xff, 0x84, 0x68, 0x17, 0xff,
  0x84, 0x68, 0x17, 0xff, 0x84, 0x68, 0x17, 0xff, 0x84, 0x68, 0x17, 0xff, 0x84, 0x68, 0x17, 0xff,
  0x84, 0x69, 0x17, 0xff, 0x84, 0x69, 0x17, 0xff, 0x84, 0x69, 0x17, 0xff, 0x84, 0x69, 0x17, 0xff,
  0x84, 0x69, 0x17, 0xff, 0x84, 0x6a, 0x17, 0xff, 0x84, 0x6a, 0x17, 0xff, 0x84, 0x6a, 0x17, 0xff,
  0x84, 0x6a, 0x17, 0xff, 0x84, 0x6a, 0x17, 0xff, 0x84, 0x6b, 0x17, 0xff, 0x84, 0x6b, 0x17, 0xff,
  0x84, 0x6b, 0x17, 0xff, 0x84, 0x6b, 0x17, 0xff, 0x84, 0x6b, 0x17, 0xff, 0x30, 0x26, 0x12, 0xff,
  0x30, 0x26, 0x12, 0xe9, 0x30, 0x26, 0x12, 0xd4, 0x30, 0x26, 0x12, 0xbd, 0x30, 0x26, 0x12, 0xa6,
  0x30, 0x26, 0x12, 0x8e, 0x30, 0x26, 0x12, 0x76, 0x30, 0x26, 0x12, 0x5d, 0x30, 0x26, 0x12, 0x44,
  0x30, 0x26, 0x12, 0x2a, 0x30, 0x26, 0x12, 0x10, 0x00, 0x00, 0x00, 0x00, 0x00, 0x00, 0x00, 0x00,
  0x00, 0x00, 0x00, 0x00, 0x00, 0x00, 0x00, 0x00, 0x00, 0x00, 0x00, 0x00, 0x00, 0x00, 0x00, 0x00,
  0x00, 0x00, 0x00, 0x00, 0x00, 0x00, 0x00, 0x00, 0x00, 0x00, 0x00, 0x00, 0x00, 0x00, 0x00, 0x00,
  0x00, 0x00, 0x00, 0x00, 0x00, 0x00, 0x00, 0x00, 0x00, 0x00, 0x00, 0x00, 0x00, 0x00, 0x00, 0x00,
  0x00, 0x00, 0x00, 0x00, 0x00, 0x00, 0x00, 0x00, 0x00, 0x00, 0x00, 0x00, 0x00, 0x00, 0x00, 0x00,
  0x00, 0x00, 0x00, 0x00, 0x00, 0x00, 0x00, 0x00, 0x00, 0x00, 0x00, 0x00, 0x00, 0x00, 0x00, 0x00,
  0x00, 0x00, 0x00, 0x00, 0x00, 0x00, 0x00, 0x00, 0x00, 0x00, 0x00, 0x00, 0x00, 0x00, 0x00, 0x00,
  0x00, 0x00, 0x00, 0x00, 0x00, 0x00, 0x00, 0x00, 0x00, 0x00, 0x00, 0x00, 0x00, 0x00, 0x00, 0x00,
  0x00, 0x00, 0x00, 0x00, 0x00, 0x00, 0x00, 0x00, 0x00, 0x00, 0x00, 0x00, 0x00, 0x00, 0x00, 0x00,
  0x00, 0x00, 0x00, 0x00, 0x00, 0x00, 0x00, 0x00, 0x00, 0x00, 0x00, 0x00, 0x00, 0x00, 0x00, 0x00,
  0x00, 0x00, 0x00, 0x00, 0x00, 0x00, 0x00, 0x00, 0x00, 0x00, 0x00, 0x00, 0x00, 0x00, 0x00, 0x00,
  0x00, 0x00, 0x00, 0x00, 0x00, 0x00, 0x00, 0x00, 0x30, 0x26, 0x12, 0x15, 0x30, 0x26, 0x12, 0x31,
  0x30, 0x26, 0x12, 0x4b, 0x30, 0x26, 0x12, 0x66, 0x30, 0x26, 0x12, 0x80, 0x30, 0x26, 0x12, 0x99,
  0x30, 0x26, 0x12, 0xb1, 0x30, 0x26, 0x12, 0xc9, 0x30, 0x26, 0x12, 0xe1, 0x30, 0x26, 0x12, 0xf8,
  0x84, 0x62, 0x17, 0xff, 0x84, 0x62, 0x17, 0xff, 0x84, 0x63, 0x17, 0xff, 0x84, 0x63, 0x17, 0xff,
  0x84, 0x63, 0x17, 0xff, 0x84, 0x63, 0x17, 0xff, 0x84, 0x63, 0x17, 0xff, 0x84, 0x64, 0x17, 0xff,
  0x84, 0x64, 0x17, 0xff, 0x84, 0x64, 0x17, 0xff, 0x84, 0x64, 0x17, 0xff, 0x84, 0x64, 0x17, 0xff,
  0x84, 0x65, 0x17, 0xff, 0x84, 0x65, 0x17, 0xff, 0x84, 0x65, 0x17, 0xff, 0x84, 0x65, 0x17, 0xff,
  0x84, 0x65, 0x17, 0xff, 0x84, 0x66, 0x17, 0xff, 0x84, 0x66, 0x17, 0xff, 0x84, 0x66, 0x17, 0xff,
  0x84, 0x66, 0x17, 0xff, 0x84, 0x66, 0x17, 0xff, 0x84, 0x67, 0x17, 0xff, 0x84, 0x67, 0x17, 0xff,
  0x84, 0x67, 0x17, 0xff, 0x84, 0x67, 0x17, 0xff, 0x84, 0x67, 0x17, 0xff, 0x84, 0x68, 0x17, 0xff,
  0x84, 0x68, 0x17, 0xff, 0x84, 0x68, 0x17, 0xff, 0x84, 0x68, 0x17, 0xff, 0x84, 0x68, 0x17, 0xff,
  0x84, 0x69, 0x17, 0xff, 0x84, 0x69, 0x17, 0xff, 0x84, 0x69, 0x17, 0xff, 0x84, 0x69, 0x17, 0xff,
  0x84, 0x69, 0x17, 0xff, 0x84, 0x6a, 0x17, 0xff, 0x84, 0x6a, 0x17, 0xff, 0x84, 0x6a, 0x17, 0xff,
  0x84, 0x6a, 0x17, 0xff, 0x84, 0x6a, 0x17, 0xff, 0x84, 0x6b, 0x17, 0xff, 0x84, 0x6b, 0x17, 0xff,
  0x84, 0x6b, 0x17, 0xff, 0x84, 0x6b, 0x17, 0xff, 0x84, 0x6b, 0x17, 0xff, 0x84, 0x6c, 0x17, 0xff,
  0x84, 0x6c, 0x17, 0xff, 0x30, 0x26, 0x12, 0xf8, 0x30, 0x26, 0x12, 0xe1, 0x30, 0x26, 0x12, 0xc9,
  0x30, 0x26, 0x12, 0xb1, 0x30, 0x26, 0x12, 0x99, 0x30, 0x26, 0x12, 0x80, 0x30, 0x26, 0x12, 0x66,
  0x30, 0x26, 0x12, 0x4b, 0x30, 0x26, 0x12, 0x31, 0x30, 0x26, 0x12, 0x15, 0x00, 0x00, 0x00, 0x00,
  0x00, 0x00, 0x00, 0x00, 0x00, 0x00, 0x00, 0x00, 0x00, 0x00, 0x00, 0x00, 0x00, 0x00, 0x00, 0x00,
  0x00, 0x00, 0x00, 0x00, 0x00, 0x00, 0x00, 0x00, 0x00, 0x00, 0x00, 0x00, 0x00, 0x00, 0x00, 0x00,
  0x00, 0x00, 0x00, 0x00, 0x00, 0x00, 0x00, 0x00, 0x00, 0x00, 0x00, 0x00, 0x00, 0x00, 0x00, 0x00,
  0x00, 0x00, 0x00, 0x00, 0x00, 0x00, 0x00, 0x00, 0x00, 0x00, 0x00, 0x00, 0x00, 0x00, 0x00, 0x00,
  0x00, 0x00, 0x00, 0x00, 0x00, 0x00, 0x00, 0x00, 0x00, 0x00, 0x00, 0x00, 0x00, 0x00, 0x00, 0x00,
  0x00, 0x00, 0x00, 0x00, 0x00, 0x00, 0x00, 0x00, 0x00, 0x00, 0x00, 0x00, 0x00, 0x00, 0x00, 0x00,
  0x00, 0x00, 0x00, 0x00, 0x00, 0x00, 0x00, 0x00, 0x00, 0x00, 0x00, 0x00, 0x00, 0x00, 0x00, 0x00,
  0x00, 0x00, 0x00, 0x00, 0x00, 0x00, 0x00, 0x00, 0x00, 0x00, 0x00, 0x00, 0x00, 0x00, 0x00, 0x00,
  0x00, 0x00, 0x00, 0x00, 0x00, 0x00, 0x00, 0x00, 0x00, 0x00, 0x00, 0x00, 0x00, 0x00, 0x00, 0x00,
  0x00, 0x00, 0x00, 0x00, 0x00, 0x00, 0x00, 0x00, 0x00, 0x00, 0x00, 0x00, 0x00, 0x00, 0x00, 0x00,
  0x00, 0x00, 0x00, 0x00, 0x30, 0x26, 0x12, 0x19, 0x30, 0x26, 0x12, 0x36, 0x30, 0x26, 0x12, 0x51,
  0x30, 0x26, 0x12, 0x6c, 0x30, 0x26, 0x12, 0x87, 0x30, 0x26, 0x12, 0xa1, 0x30, 0x26, 0x12, 0xbb,
  0x30, 0x26, 0x12, 0xd4, 0x30, 0x26, 0x12, 0xed, 0x83, 0x62, 0x18, 0xff, 0x83, 0x62, 0x18, 0xff,
  0x83, 0x62, 0x18, 0xff, 0x83, 0x62, 0x18, 0xff, 0x83, 0x63, 0x18, 0xff, 0x83, 0x63, 0x18, 0xff,
  0x83, 0x63, 0x18, 0xff, 0x83, 0x63, 0x18, 0xff, 0x83, 0x63, 0x18, 0xff, 0x83, 0x64, 0x18, 0xff,
  0x83, 0x64, 0x18, 0xff, 0x83, 0x64, 0x18, 0xff, 0x83, 0x64, 0x18, 0xff, 0x83, 0x64, 0x18, 0xff,
  0x83, 0x65, 0x18, 0xff, 0x83, 0x65, 0x18, 0xff, 0x83, 0x65, 0x18, 0xff, 0x83, 0x65, 0x18, 0xff,
  0x83, 0x65, 0x18, 0xff, 0x83, 0x66, 0x18, 0xff, 0x83, 0x66, 0x18, 0xff, 0x83, 0x66, 0x18, 0xff,
  0x83, 0x66, 0x18, 0xff, 0x83, 0x66, 0x18, 0xff, 0x83, 0x67, 0x18, 0xff, 0x83, 0x67, 0x18, 0xff,
  0x83, 0x67, 0x18, 0xff, 0x83, 0x67, 0x18, 0xff, 0x83, 0x67, 0x18, 0xff, 0x83, 0x68, 0x18, 0xff,
  0x83, 0x68, 0x18, 0xff, 0x83, 0x68, 0x18, 0xff, 0x83, 0x68, 0x18, 0xff, 0x83, 0x68, 0x18, 0xff,
  0x83, 0x69, 0x18, 0xff, 0x83, 0x69, 0x18, 0xff, 0x83, 0x69, 0x18, 0xff, 0x83, 0x69, 0x18, 0xff,
  0x83, 0x69, 0x18, 0xff, 0x83, 0x6a, 0x18, 0xff, 0x83, 0x6a, 0x18, 0xff, 0x83, 0x6a, 0x18, 0xff,
  0x83, 0x6a, 0x18, 0xff, 0x83, 0x6a, 0x18, 0xff, 0x83, 0x6b, 0x18, 0xff, 0x83, 0x6b, 0x18, 0xff,
  0x83, 0x6b, 0x18, 0xff, 0x83, 0x6b, 0x18, 0xff, 0x83, 0x6b, 0x18, 0xff, 0x83, 0x6c, 0x18, 0xff,
  0x83, 0x6c, 0x18, 0xff, 0x83, 0x6c, 0x18, 0xff, 0x83, 0x6c, 0x18, 0xff, 0x30, 0x26, 0x12, 0xed,
  0x30, 0x26, 0x12, 0xd4, 0x30, 0x26, 0x12, 0xbb, 0x30, 0x26, 0x12, 0xa1, 0x30, 0x26, 0x12, 0x87,
  0x30, 0x26, 0x12, 0x6c, 0x30, 0x26, 0x12, 0x51, 0x30, 0x26, 0x12, 0x36, 0x30, 0x26, 0x12, 0x19,
  0x00, 0x00, 0x00, 0x00, 0x00, 0x00, 0x00, 0x00, 0x00, 0x00, 0x00, 0x00, 0x00, 0x00, 0x00, 0x00,
  0x00, 0x00, 0x00, 0x00, 0x00, 0x00, 0x00, 0x00, 0x00, 0x00, 0x00, 0x00, 0x00, 0x00, 0x00, 0x00,
  0x00, 0x00, 0x00, 0x00, 0x00, 0x00, 0x00, 0x00, 0x00, 0x00, 0x00, 0x00, 0x00, 0x00, 0x00, 0x00,
  0x00, 0x00, 0x00, 0x00, 0x00, 0x00, 0x00, 0x00, 0x00, 0x00, 0x00, 0x00, 0x00, 0x00, 0x00, 0x00,
  0x00, 0x00, 0x00, 0x00, 0x00, 0x00, 0x00, 0x00, 0x00, 0x00, 0x00, 0x00, 0x00, 0x00, 0x00, 0x00,
  0x00, 0x00, 0x00, 0x00, 0x00, 0x00, 0x00, 0x00, 0x00, 0x00, 0x00, 0x00, 0x00, 0x00, 0x00, 0x00,
  0x00, 0x00, 0x00, 0x00, 0x00, 0x00, 0x00, 0x00, 0x00, 0x00, 0x00, 0x00, 0x00, 0x00, 0x00, 0x00,
  0x00, 0x00, 0x00, 0x00, 0x00, 0x00, 0x00, 0x00, 0x00, 0x00, 0x00, 0x00, 0x00, 0x00, 0x00, 0x00,
  0x00, 0x00, 0x00, 0x00, 0x00, 0x00, 0x00, 0x00, 0x00, 0x00, 0x00, 0x00, 0x00, 0x00, 0x00, 0x00,
  0x00, 0x00, 0x00, 0x00, 0x00, 0x00, 0x00, 0x00, 0x00, 0x00, 0x00, 0x00, 0x00, 0x00, 0x00, 0x00,
  0x30, 0x26, 0x12, 0x1c, 0x30, 0x26, 0x12, 0x39, 0x30, 0x26, 0x12, 0x55, 0x30, 0x26, 0x12, 0x72,
  0x30, 0x26, 0x12, 0x8d, 0x30, 0x26, 0x12, 0xa8, 0x30, 0x26, 0x12, 0xc3, 0x30, 0x26, 0x12, 0xdd,
  0x30, 0x26, 0x12, 0xf6, 0x83, 0x62, 0x18, 0xff, 0x83, 0x62, 0x18, 0xff, 0x83, 0x62, 0x18, 0xff,
  0x83, 0x62, 0x18, 0xff, 0x83, 0x62, 0x18, 0xff, 0x83, 0x63, 0x18, 0xff, 0x83, 0x63, 0x18, 0xff,
  0x83, 0x63, 0x18, 0xff, 0x83, 0x63, 0x18, 0xff, 0x83, 0x63, 0x18, 0xff, 0x83, 0x64, 0x18, 0xff,
  0x83, 0x64, 0x18, 0xff, 0x83, 0x64, 0x18, 0xff, 0x83, 0x64, 0x18, 0xff, 0x83, 0x64, 0x18, 0xff,
  0x83, 0x65, 0x18, 0xff, 0x83, 0x65, 0x18, 0xff, 0x83, 0x65, 0x18, 0xff, 0x83, 0x65, 0x18, 0xff,
  0x83, 0x65, 0x18, 0xff, 0x83, 0x66, 0x18, 0xff, 0x83, 0x66, 0x18, 0xff, 0x83, 0x66, 0x18, 0xff,
  0x83, 0x66, 0x18, 0xff, 0x83, 0x66, 0x18, 0xff, 0x83, 0x67, 0x18, 0xff, 0x83, 0x67, 0x18, 0xff,
  0x83, 0x67, 0x18, 0xff, 0x83, 0x67, 0x18, 0xff, 0x83, 0x67, 0x18, 0xff, 0x83, 0x68, 0x18, 0xff,
  0x83, 0x68, 0x18, 0xff, 0x83, 0x68, 0x18, 0xff, 0x83, 0x68, 0x18, 0xff, 0x83, 0x68, 0x18, 0xff,
  0x83, 0x69, 0x18, 0xff, 0x83, 0x69, 0x18, 0xff, 0x83, 0x69, 0x18, 0xff, 0x83, 0x69, 0x18, 0xff,
  0x83, 0x69, 0x18, 0xff, 0x83, 0x6a, 0x18, 0xff, 0x83, 0x6a, 0x18, 0xff, 0x83, 0x6a, 0x18, 0xff,
  0x83, 0x6a, 0x18, 0xff, 0x83, 0x6a, 0x18, 0xff, 0x83, 0x6b, 0x18, 0xff, 0x83, 0x6b, 0x18, 0xff,
  0x83, 0x6b, 0x18, 0xff, 0x83, 0x6b, 0x18, 0xff, 0x83, 0x6b, 0x18, 0xff, 0x83, 0x6c, 0x18, 0xff,
  0x83, 0x6c, 0x18, 0xff, 0x83, 0x6c, 0x18, 0xff, 0x83, 0x6c, 0x18, 0xff, 0x83, 0x6c, 0x18, 0xff,
  0x30, 0x26, 0x12, 0xf6, 0x30, 0x26, 0x12, 0xdd, 0x30, 0x26, 0x12, 0xc3, 0x30, 0x26, 0x12, 0xa8,
  0x30, 0x26, 0x12, 0x8d, 0x30, 0x26, 0x12, 0x72, 0x30, 0x26, 0x12, 0x55, 0x30, 0x26, 0x12, 0x39,
  0x30, 0x26, 0x12, 0x1c, 0x00, 0x00, 0x00, 0x00, 0x00, 0x00, 0x00, 0x00, 0x00, 0x00, 0x00, 0x00,
  0x00, 0x00, 0x00, 0x00, 0x00, 0x00, 0x00, 0x00, 0x00, 0x00, 0x00, 0x00, 0x00, 0x00, 0x00, 0x00,
  0x00, 0x00, 0x00, 0x00, 0x00, 0x00, 0x00, 0x00, 0x00, 0x00, 0x00, 0x00, 0x00, 0x00, 0x00, 0x00,
  0x00, 0x00, 0x00, 0x00, 0x00, 0x00, 0x00, 0x00, 0x00, 0x00, 0x00, 0x00, 0x00, 0x00, 0x00, 0x00,
  0x00, 0x00, 0x00, 0x00, 0x00, 0x00, 0x00, 0x00, 0x00, 0x00, 0x00, 0x00, 0x00, 0x00, 0x00, 0x00,
  0x00, 0x00, 0x00, 0x00, 0x00, 0x00, 0x00, 0x00, 0x00, 0x00, 0x00, 0x00, 0x00, 0x00, 0x00, 0x00,
  0x00, 0x00, 0x00, 0x00, 0x00, 0x00, 0x00, 0x00, 0x00, 0x00, 0x00, 0x00, 0x00, 0x00, 0x00, 0x00,
  0x00, 0x00, 0x00, 0x00, 0x00, 0x00, 0x00, 0x00, 0x00, 0x00, 0x00, 0x00, 0x00, 0x00, 0x00, 0x00,
  0x00, 0x00, 0x00, 0x00, 0x00, 0x00, 0x00, 0x00, 0x00, 0x00, 0x00, 0x00, 0x00, 0x00, 0x00, 0x00,
  0x00, 0x00, 0x00, 0x00, 0x00, 0x00, 0x00, 0x00, 0x00, 0x00, 0x00, 0x00, 0x30, 0x26, 0x12, 0x1d,
  0x30, 0x26, 0x12, 0x3a, 0x30, 0x26, 0x12, 0x58, 0x30, 0x26, 0x12, 0x75, 0x30, 0x26, 0x12, 0x91,
  0x30, 0x26, 0x12, 0xad, 0x30, 0x26, 0x12, 0xc9, 0x30, 0x26, 0x12, 0xe4, 0x30, 0x26, 0x12, 0xff,
  0x83, 0x62, 0x18, 0xff, 0x83, 0x62, 0x18, 0xff, 0x83, 0x62, 0x18, 0xff, 0x83, 0x62, 0x18, 0xff,
  0x83, 0x62, 0x18, 0xff, 0x83, 0x62, 0x18, 0xff, 0x83, 0x63, 0x18, 0xff, 0x83, 0x63, 0x18, 0xff,
  0x83, 0x63, 0x18, 0xff, 0x83, 0x63, 0x18, 0xff, 0x83, 0x63, 0x18, 0xff, 0x83, 0x64, 0x18, 0xff,
  0x83, 0x64, 0x18, 0xff, 0x83, 0x64, 0x18, 0xff, 0x83, 0x64, 0x18, 0xff, 0x83, 0x64, 0x18, 0xff,
  0x83, 0x65, 0x18, 0xff, 0x83, 0x65, 0x18, 0xff, 0x83, 0x65, 0x18, 0xff, 0x83, 0x65, 0x18, 0xff,
  0x83, 0x65, 0x18, 0xff, 0x83, 0x66, 0x18, 0xff, 0x83, 0x66, 0x18, 0xff, 0x83, 0x66, 0x18, 0xff,
  0x83, 0x66, 0x18, 0xff, 0x83, 0x66, 0x18, 0xff, 0x83, 0x67, 0x18, 0xff, 0x83, 0x67, 0x18, 0xff,
  0x83, 0x67, 0x18, 0xff, 0x83, 0x67, 0x18, 0xff, 0x83, 0x67, 0x18, 0xff, 0x83, 0x68, 0x18, 0xff,
  0x83, 0x68, 0x18, 0xff, 0x83, 0x68, 0x18, 0xff, 0x83, 0x68, 0x18, 0xff, 0x83, 0x68, 0x18, 0xff,
  0x83, 0x69, 0x18, 0xff, 0x83, 0x69, 0x18, 0xff, 0x83, 0x69, 0x18, 0xff, 0x83, 0x69, 0x18, 0xff,
  0x83, 0x69, 0x18, 0xff, 0x83, 0x6a, 0x18, 0xff, 0x83, 0x6a, 0x18, 0xff, 0x83, 0x6a, 0x18, 0xff,
  0x83, 0x6a, 0x18, 0xff, 0x83, 0x6a, 0x18, 0xff, 0x83, 0x6b, 0x18, 0xff, 0x83, 0x6b, 0x18, 0xff,
  0x83, 0x6b, 0x18, 0xff, 0x83, 0x6b, 0x18, 0xff, 0x83, 0x6b, 0x18, 0xff, 0x83, 0x6c, 0x18, 0xff,
  0x83, 0x6c, 0x18, 0xff, 0x83, 0x6c, 0x18, 0xff, 0x83, 0x6c, 0x18, 0xff, 0x83, 0x6c, 0x18, 0xff,
  0x83, 0x6d, 0x18, 0xff, 0x30, 0x26, 0x12, 0xff, 0x30, 0x26, 0x12, 0xe4, 0x30, 0x26, 0x12, 0xc9,
  0x30, 0x26, 0x12, 0xad, 0x30, 0x26, 0x12, 0x91, 0x30, 0x26, 0x12, 0x75, 0x30, 0x26, 0x12, 0x58,
  0x30, 0x26, 0x12, 0x3a, 0x30, 0x26, 0x12, 0x1d, 0x00, 0x00, 0x00, 0x00, 0x00, 0x00, 0x00, 0x00,
  0x00, 0x00, 0x00, 0x00, 0x00, 0x00, 0x00, 0x00, 0x00, 0x00, 0x00, 0x00, 0x00, 0x00, 0x00, 0x00,
  0x00, 0x00, 0x00, 0x00, 0x00, 0x00, 0x00, 0x00, 0x00, 0x00, 0x00, 0x00, 0x00, 0x00, 0x00, 0x00,
  0x00, 0x00, 0x00, 0x00, 0x00, 0x00, 0x00, 0x00, 0x00, 0x00, 0x00, 0x00, 0x00, 0x00, 0x00, 0x00,
  0x00, 0x00, 0x00, 0x00, 0x00, 0x00, 0x00, 0x00, 0x00, 0x00, 0x00, 0x00, 0x00, 0x00, 0x00, 0x00,
  0x00, 0x00, 0x00, 0x00, 0x00, 0x00, 0x00, 0x00, 0x00, 0x00, 0x00, 0x00, 0x00, 0x00, 0x00, 0x00,
  0x00, 0x00, 0x00, 0x00, 0x00, 0x00, 0x00, 0x00, 0x00, 0x00, 0x00, 0x00, 0x00, 0x00, 0x00, 0x00,
  0x00, 0x00, 0x00, 0x00, 0x00, 0x00, 0x00, 0x00, 0x00, 0x00, 0x00, 0x00, 0x00, 0x00, 0x00, 0x00,
  0x00, 0x00, 0x00, 0x00, 0x00, 0x00, 0x00, 0x00, 0x00, 0x00, 0x00, 0x00, 0x00, 0x00, 0x00, 0x00,
  0x00, 0x00, 0x00, 0x00, 0x00, 0x00, 0x00, 0x00, 0x30, 0x26, 0x12, 0x1c, 0x30, 0x26, 0x12, 0x3a,
  0x30, 0x26, 0x12, 0x59, 0x30, 0x26, 0x12, 0x77, 0x30, 0x26, 0x12, 0x94, 0x30, 0x26, 0x12, 0xb1,
  0x30, 0x26, 0x12, 0xcd, 0x30, 0x26, 0x12, 0xe9, 0x83, 0x61, 0x18, 0xff, 0x83, 0x61, 0x18, 0xff,
  0x83, 0x62, 0x18, 0xff, 0x83, 0x62, 0x18, 0xff, 0x83, 0x62, 0x18, 0xff, 0x83, 0x62, 0x18, 0xff,
  0x83, 0x62, 0x18, 0xff, 0x83, 0x62, 0x18, 0xff, 0x83, 0x63, 0x18, 0xff, 0x83, 0x63, 0x18, 0xff,
  0x83, 0x63, 0x18, 0xff, 0x83, 0x63, 0x18, 0xff, 0x83, 0x63, 0x18, 0xff, 0x83, 0x64, 0x18, 0xff,
  0x83, 0x64, 0x18, 0xff, 0x83, 0x64, 0x18, 0xff, 0x83, 0x64, 0x18, 0xff, 0x83, 0x64, 0x18, 0xff,
  0x83, 0x65, 0x18, 0xff, 0x83, 0x65, 0x18, 0xff, 0x83, 0x65, 0x18, 0xff, 0x83, 0x65, 0x18, 0xff,
  0x83, 0x65, 0x18, 0xff, 0x83, 0x66, 0x18, 0xff, 0x83, 0x66, 0x18, 0xff, 0x83, 0x66, 0x18, 0xff,
  0x83, 0x66, 0x18, 0xff, 0x83, 0x66, 0x18, 0xff, 0x83, 0x67, 0x18, 0xff, 0x83, 0x67, 0x18, 0xff,
  0x83, 0x67, 0x18, 0xff, 0x83, 0x67, 0x18, 0xff, 0x83, 0x67, 0x18, 0xff, 0x83, 0x68, 0x18, 0xff,
  0x83, 0x68, 0x18, 0xff, 0x83, 0x68, 0x18, 0xff, 0x83, 0x68, 0x18, 0xff, 0x83, 0x68, 0x18, 0xff,
  0x83, 0x69, 0x18, 0xff, 0x83, 0x69, 0x18, 0xff, 0x83, 0x69, 0x18, 0xff, 0x83, 0x69, 0x18, 0xff,
  0x83, 0x69, 0x18, 0xff, 0x83, 0x6a, 0x18, 0xff, 0x83, 0x6a, 0x18, 0xff, 0x83, 0x6a, 0x18, 0xff,
  0x83, 0x6a, 0x18, 0xff, 0x83, 0x6a, 0x18, 0xff, 0x83, 0x6b, 0x18, 0xff, 0x83, 0x6b, 0x18, 0xff,
  0x83, 0x6b, 0x18, 0xff, 0x83, 0x6b, 0x18, 0xff, 0x83, 0x6b, 0x18, 0xff, 0x83, 0x6c, 0x18, 0xff,
  0x83, 0x6c, 0x18, 0xff, 0x83, 0x6c, 0x18, 0xff, 0x83, 0x6c, 0x18, 0xff, 0x83, 0x6c, 0x18, 0xff,
  0x83, 0x6d, 0x18, 0xff, 0x83, 0x6d, 0x18, 0xff, 0x83, 0x6d, 0x18, 0xff, 0x30, 0x26, 0x12, 0xe9,
  0x30, 0x26, 0x12, 0xcd, 0x30, 0x26, 0x12, 0xb1, 0x30, 0x26, 0x12, 0x94, 0x30, 0x26, 0x12, 0x77,
  0x30, 0x26, 0x12, 0x59, 0x30, 0x26, 0x12, 0x3a, 0x30, 0x26, 0x12, 0x1c, 0x00, 0x00, 0x00, 0x00,
  0x00, 0x00, 0x00, 0x00, 0x00, 0x00, 0x00, 0x00, 0x00, 0x00, 0x00, 0x00, 0x00, 0x00, 0x00, 0x00,
  0x00, 0x00, 0x00, 0x00, 0x00, 0x00, 0x00, 0x00, 0x00, 0x00, 0x00, 0x00, 0x00, 0x00, 0x00, 0x00,
  0x00, 0x00, 0x00, 0x00, 0x00, 0x00, 0x00, 0x00, 0x00, 0x00, 0x00, 0x00, 0x00, 0x00, 0x00, 0x00,
  0x00, 0x00, 0x00, 0x00, 0x00, 0x00, 0x00, 0x00, 0x00, 0x00, 0x00, 0x00, 0x00, 0x00, 0x00, 0x00,
  0x00, 0x00, 0x00, 0x00, 0x00, 0x00, 0x00, 0x00, 0x00, 0x00, 0x00, 0x00, 0x00, 0x00, 0x00, 0x00,
  0x00, 0x00, 0x00, 0x00, 0x00, 0x00, 0x00, 0x00, 0x00, 0x00, 0x00, 0x00, 0x00, 0x00, 0x00, 0x00,
  0x00, 0x00, 0x00, 0x00, 0x00, 0x00, 0x00, 0x00, 0x00, 0x00, 0x00, 0x00, 0x00, 0x00, 0x00, 0x00,
  0x00, 0x00, 0x00, 0x00, 0x00, 0x00, 0x00, 0x00, 0x00, 0x00, 0x00, 0x00, 0x00, 0x00, 0x00, 0x00,
  0x00, 0x00, 0x00, 0x00, 0x30, 0x26, 0x12, 0x19, 0x30, 0x26, 0x12, 0x39, 0x30, 0x26, 0x12, 0x58,
  0x30, 0x26, 0x12, 0x77, 0x30, 0x26, 0x12, 0x95, 0x30, 0x26, 0x12, 0xb3, 0x30, 0x26, 0x12, 0xd0,
  0x30, 0x26, 0x12, 0xed, 0x82, 0x61, 0x18, 0xff, 0x82, 0x61, 0x18, 0xff, 0x82, 0x61, 0x18, 0xff,
  0x82, 0x62, 0x18, 0xff, 0x82, 0x62, 0x18, 0xff, 0x82, 0x62, 0x18, 0xff, 0x82, 0x62, 0x18, 0xff,
  0x82, 0x62, 0x18, 0xff, 0x82, 0x62, 0x18, 0xff, 0x82, 0x63, 0x18, 0xff, 0x82, 0x63, 0x18, 0xff,
  0x82, 0x63, 0x18, 0xff, 0x82, 0x63, 0x18, 0xff, 0x82, 0x63, 0x18, 0xff, 0x82, 0x64, 0x18, 0xff,
  0x82, 0x64, 0x18, 0xff, 0x82, 0x64, 0x18, 0xff, 0x82, 0x64, 0x18, 0xff, 0x82, 0x64, 0x18, 0xff,
  0x82, 0x65, 0x18, 0xff, 0x82, 0x65, 0x18, 0xff, 0x82, 0x65, 0x18, 0xff, 0x82, 0x65, 0x18, 0xff,
  0x82, 0x65, 0x18, 0xff, 0x82, 0x66, 0x18, 0xff, 0x82, 0x66, 0x18, 0xff, 0x82, 0x66, 0x18, 0xff,
  0x82, 0x66, 0x18, 0xff, 0x82, 0x66, 0x18, 0xff, 0x82, 0x67, 0x18, 0xff, 0x82, 0x67, 0x18, 0xff,
  0x82, 0x67, 0x18, 0xff, 0x82, 0x67, 0x18, 0xff, 0x82, 0x67, 0x18, 0xff, 0x82, 0x68, 0x18, 0xff,
  0x82, 0x68, 0x18, 0xff, 0x82, 0x68, 0x18, 0xff, 0x82, 0x68, 0x18, 0xff, 0x82, 0x68, 0x18, 0xff,
  0x82, 0x69, 0x18, 0xff, 0x82, 0x69, 0x18, 0xff, 0x82, 0x69, 0x18, 0xff, 0x82, 0x69, 0x18, 0xff,
  0x82, 0x69, 0x18, 0xff, 0x82, 0x6a, 0x18, 0xff, 0x82, 0x6a, 0x18, 0xff, 0x82, 0x6a, 0x18, 0xff,
  0x82, 0x6a, 0x18, 0xff, 0x82, 0x6a, 0x18, 0xff, 0x82, 0x6b, 0x18, 0xff, 0x82, 0x6b, 0x18, 0xff,
  0x82, 0x6b, 0x18, 0xff, 0x82, 0x6b, 0x18, 0xff, 0x82, 0x6b, 0x18, 0xff, 0x82, 0x6c, 0x18, 0xff,
  0x82, 0x6c, 0x18, 0xff, 0x82, 0x6c, 0x18, 0xff, 0x82, 0x6c, 0x18, 0xff, 0x82, 0x6c, 0x18, 0xff,
  0x82, 0x6d, 0x18, 0xff, 0x82, 0x6d, 0x18, 0xff, 0x82, 0x6d, 0x18, 0xff, 0x82, 0x6d, 0x18, 0xff,
  0x30, 0x26, 0x12, 0xed, 0x30, 0x26, 0x12, 0xd0, 0x30, 0x26, 0x12, 0xb3, 0x30, 0x26, 0x12, 0x95,
  0x30, 0x26, 0x12, 0x77, 0x30, 0x26, 0x12, 0x58, 0x30, 0x26, 0x12, 0x39, 0x30, 0x26, 0x12, 0x19,
  0x00, 0x00, 0x00, 0x00, 0x00, 0x00, 0x00, 0x00, 0x00, 0x00, 0x00, 0x00, 0x00, 0x00, 0x00, 0x00,
  0x00, 0x00, 0x00, 0x00, 0x00, 0x00, 0x00, 0x00, 0x00, 0x00, 0x00, 0x00, 0x00, 0x00, 0x00, 0x00,
  0x00, 0x00, 0x00, 0x00, 0x00, 0x00, 0x00, 0x00, 0x00, 0x00, 0x00, 0x00, 0x00, 0x00, 0x00, 0x00,
  0x00, 0x00, 0x00, 0x00, 0x00, 0x00, 0x00, 0x00, 0x00, 0x00, 0x00, 0x00, 0x00, 0x00, 0x00, 0x00,
  0x00, 0x00, 0x00, 0x00, 0x00, 0x00, 0x00, 0x00, 0x00, 0x00, 0x00, 0x00, 0x00, 0x00, 0x00, 0x00,
  0x00, 0x00, 0x00, 0x00, 0x00, 0x00, 0x00, 0x00, 0x00, 0x00, 0x00, 0x00, 0x00, 0x00, 0x00, 0x00,
  0x00, 0x00, 0x00, 0x00, 0x00, 0x00, 0x00, 0x00, 0x00, 0x00, 0x00, 0x00, 0x00, 0x00, 0x00, 0x00,
  0x00, 0x00, 0x00, 0x00, 0x00, 0x00, 0x00, 0x00, 0x00, 0x00, 0x00, 0x00, 0x00, 0x00, 0x00, 0x00,
  0x30, 0x26, 0x12, 0x15, 0x30, 0x26, 0x12, 0x36, 0x30, 0x26, 0x12, 0x55, 0x30, 0x26, 0x12, 0x75,
  0x30, 0x26, 0x12, 0x94, 0x30, 0x26, 0x12, 0xb3, 0x30, 0x26, 0x12, 0xd1, 0x30, 0x26, 0x12, 0xef,
  0x82, 0x61, 0x18, 0xff, 0x82, 0x61, 0x18, 0xff, 0x82, 0x61, 0x18, 0xff, 0x82, 0x61, 0x18, 0xff,
  0x82, 0x62, 0x18, 0xff, 0x82, 0x62, 0x18, 0xff, 0x82, 0x62, 0x18, 0xff, 0x82, 0x62, 0x18, 0xff,
  0x82, 0x62, 0x18, 0xff, 0x82, 0x62, 0x18, 0xff, 0x82, 0x63, 0x18, 0xff, 0x82, 0x63, 0x18, 0xff,
  0x82, 0x63, 0x18, 0xff, 0x82, 0x63, 0x18, 0xff, 0x82, 0x63, 0x18, 0xff, 0x82, 0x64, 0x18, 0xff,
  0x82, 0x64, 0x18, 0xff, 0x82, 0x64, 0x18, 0xff, 0x82, 0x64, 0x18, 0xff, 0x82, 0x64, 0x18, 0xff,
  0x82, 0x65, 0x18, 0xff, 0x82, 0x65, 0x18, 0xff, 0x82, 0x65, 0x18, 0xff, 0x82, 0x65, 0x18, 0xff,
  0x82, 0x65, 0x18, 0xff, 0x82, 0x66, 0x18, 0xff, 0x82, 0x66, 0x18, 0xff, 0x82, 0x66, 0x18, 0xff,
  0x82, 0x66, 0x18, 0xff, 0x82, 0x66, 0x18, 0xff, 0x82, 0x67, 0x18, 0xff, 0x82, 0x67, 0x18, 0xff,
  0x82, 0x67, 0x18, 0xff, 0x82, 0x67, 0x18, 0xff, 0x82, 0x67, 0x18, 0xff, 0x82, 0x68, 0x18, 0xff,
  0x82, 0x68, 0x18, 0xff, 0x82, 0x68, 0x18, 0xff, 0x82, 0x68, 0x18, 0xff, 0x82, 0x68, 0x18, 0xff,
  0x82, 0x69, 0x18, 0xff, 0x82, 0x69, 0x18, 0xff, 0x82, 0x69, 0x18, 0xff, 0x82, 0x69, 0x18, 0xff,
  0x82, 0x69, 0x18, 0xff, 0x82, 0x6a, 0x18, 0xff, 0x82, 0x6a, 0x18, 0xff, 0x82, 0x6a, 0x18, 0xff,
  0x82, 0x6a, 0x18, 0xff, 0x82, 0x6a, 0x18, 0xff, 0x82, 0x6b, 0x18, 0xff, 0x82, 0x6b, 0x18, 0xff,
  0x82, 0x6b, 0x18, 0xff, 0x82, 0x6b, 0x18, 0xff, 0x82, 0x6b, 0x18, 0xff, 0x82, 0x6c, 0x18, 0xff,
  0x82, 0x6c, 0x18, 0xff, 0x82, 0x6c, 0x18, 0xff, 0x82, 0x6c, 0x18, 0xff, 0x82, 0x6c, 0x18, 0xff,
  0x82, 0x6d, 0x18, 0xff, 0x82, 0x6d, 0x18, 0xff, 0x82, 0x6d, 0x18, 0xff, 0x82, 0x6d, 0x18, 0xff,
  0x82, 0x6d, 0x18, 0xff, 0x30, 0x26, 0x12, 0xef, 0x30, 0x26, 0x12, 0xd1, 0x30, 0x26, 0x12, 0xb3,
  0x30, 0x26, 0x12, 0x94, 0x30, 0x26, 0x12, 0x75, 0x30, 0x26, 0x12, 0x55, 0x30, 0x26, 0x12, 0x36,
  0x30, 0x26, 0x12, 0x15, 0x00, 0x00, 0x00, 0x00, 0x00, 0x00, 0x00, 0x00, 0x00, 0x00, 0x00, 0x00,
  0x00, 0x00, 0x00, 0x00, 0x00, 0x00, 0x00, 0x00, 0x00, 0x00, 0x00, 0x00, 0x00, 0x00, 0x00, 0x00,
  0x00, 0x00, 0x00, 0x00, 0x00, 0x00, 0x00, 0x00, 0x00, 0x00, 0x00, 0x00, 0x00, 0x00, 0x00, 0x00,
  0x00, 0x00, 0x00, 0x00, 0x00, 0x00, 0x00, 0x00, 0x00, 0x00, 0x00, 0x00, 0x00, 0x00, 0x00, 0x00,
  0x00, 0x00, 0x00, 0x00, 0x00, 0x00, 0x00, 0x00, 0x00, 0x00, 0x00, 0x00, 0x00, 0x00, 0x00, 0x00,
  0x00, 0x00, 0x00, 0x00, 0x00, 0x00, 0x00, 0x00, 0x00, 0x00, 0x00, 0x00, 0x00, 0x00, 0x00, 0x00,
  0x00, 0x00, 0x00, 0x00, 0x00, 0x00, 0x00, 0x00, 0x00, 0x00, 0x00, 0x00, 0x00, 0x00, 0x00, 0x00,
  0x00, 0x00, 0x00, 0x00, 0x00, 0x00, 0x00, 0x00, 0x00, 0x00, 0x00, 0x00, 0x30, 0x26, 0x12, 0x10,
  0x30, 0x26, 0x12, 0x31, 0x30, 0x26, 0x12, 0x51, 0x30, 0x26, 0x12, 0x72, 0x30, 0x26, 0x12, 0x91,
  0x30, 0x26, 0x12, 0xb1, 0x30, 0x26, 0x12, 0xd0, 0x30, 0x26, 0x12, 0xef, 0x82, 0x61, 0x18, 0xff,
  0x82, 0x61, 0x18, 0xff, 0x82, 0x61, 0x18, 0xff, 0x82, 0x61, 0x18, 0xff, 0x82, 0x61, 0x18, 0xff,
  0x82, 0x62, 0x18, 0xff, 0x82, 0x62, 0x18, 0xff, 0x82, 0x62, 0x18, 0xff, 0x82, 0x62, 0x18, 0xff,
  0x82, 0x62, 0x18, 0xff, 0x82, 0x62, 0x18, 0xff, 0x82, 0x63, 0x18, 0xff, 0x82, 0x63, 0x18, 0xff,
  0x82, 0x63, 0x18, 0xff, 0x82, 0x63, 0x18, 0xff, 0x82, 0x63, 0x18, 0xff, 0x82, 0x64, 0x18, 0xff,
  0x82, 0x64, 0x18, 0xff, 0x82, 0x64, 0x18, 0xff, 0x82, 0x64, 0x18, 0xff, 0x82, 0x64, 0x18, 0xff,
  0x82, 0x65, 0x18, 0xff, 0x82, 0x65, 0x18, 0xff, 0x82, 0x65, 0x18, 0xff, 0x82, 0x65, 0x18, 0xff,
  0x82, 0x65, 0x18, 0xff, 0x82, 0x66, 0x18, 0xff, 0x82, 0x66, 0x18, 0xff, 0x82, 0x66, 0x18, 0xff,
  0x82, 0x66, 0x18, 0xff, 0x82, 0x66, 0x18, 0xff, 0x82, 0x67, 0x18, 0xff, 0x82, 0x67, 0x18, 0xff,
  0x82, 0x67, 0x18, 0xff, 0x82, 0x67, 0x18, 0xff, 0x82, 0x67, 0x18, 0xff, 0x82, 0x68, 0x18, 0xff,
  0x82, 0x68, 0x18, 0xff, 0x82, 0x68, 0x18, 0xff, 0x82, 0x68, 0x18, 0xff, 0x82, 0x68, 0x18, 0xff,
  0x82, 0x69, 0x18, 0xff, 0x82, 0x69, 0x18, 0xff, 0x82, 0x69, 0x18, 0xff, 0x82, 0x69, 0x18, 0xff,
  0x82, 0x69, 0x18, 0xff, 0x82, 0x6a, 0x18, 0xff, 0x82, 0x6a, 0x18, 0xff, 0x82, 0x6a, 0x18, 0xff,
  0x82, 0x6a, 0x18, 0xff, 0x82, 0x6a, 0x18, 0xff, 0x82, 0x6b, 0x18, 0xff, 0x82, 0x6b, 0x18, 0xff,
  0x82, 0x6b, 0x18, 0xff, 0x82, 0x6b, 0x18, 0xff, 0x82, 0x6b, 0x18, 0xff, 0x82, 0x6c, 0x18, 0xff,
  0x82, 0x6c, 0x18, 0xff, 0x82, 0x6c, 0x18, 0xff, 0x82, 0x6c, 0x18, 0xff, 0x82, 0x6c, 0x18, 0xff,
  0x82, 0x6d, 0x18, 0xff, 0x82, 0x6d, 0x18, 0xff, 0x82, 0x6d, 0x18, 0xff, 0x82, 0x6d, 0x18, 0xff,
  0x82, 0x6d, 0x18, 0xff, 0x82, 0x6d, 0x18, 0xff, 0x30, 0x26, 0x12, 0xef, 0x30, 0x26, 0x12, 0xd0,
  0x30, 0x26, 0x12, 0xb1, 0x30, 0x26, 0x12, 0x91, 0x30, 0x26, 0x12, 0x72, 0x30, 0x26, 0x12, 0x51,
  0x30, 0x26, 0x12, 0x31, 0x30, 0x26, 0x12, 0x10, 0x00, 0x00, 0x00, 0x00, 0x00, 0x00, 0x00, 0x00,
  0x00, 0x00, 0x00, 0x00, 0x00, 0x00, 0x00, 0x00, 0x00, 0x00, 0x00, 0x00, 0x00, 0x00, 0x00, 0x00,
  0x00, 0x00, 0x00, 0x00, 0x00, 0x00, 0x00, 0x00, 0x00, 0x00, 0x00, 0x00, 0x00, 0x00, 0x00, 0x00,
  0x00, 0x00, 0x00, 0x00, 0x00, 0x00, 0x00, 0x00, 0x00, 0x00, 0x00, 0x00, 0x00, 0x00, 0x00, 0x00,
  0x00, 0x00, 0x00, 0x00, 0x00, 0x00, 0x00, 0x00, 0x00, 0x00, 0x00, 0x00, 0x00, 0x00, 0x00, 0x00,
  0x00, 0x00, 0x00, 0x00, 0x00, 0x00, 0x00, 0x00, 0x00, 0x00, 0x00, 0x00, 0x00, 0x00, 0x00, 0x00,
  0x00, 0x00, 0x00, 0x00, 0x00, 0x00, 0x00, 0x00, 0x00, 0x00, 0x00, 0x00, 0x00, 0x00, 0x00, 0x00,
  0x00, 0x00, 0x00, 0x00, 0x00, 0x00, 0x00, 0x00, 0x30, 0x26, 0x12, 0x08, 0x30, 0x26, 0x12, 0x2a,
  0x30, 0x26, 0x12, 0x4b, 0x30, 0x26, 0x12, 0x6c, 0x30, 0x26, 0x12, 0x8d, 0x30, 0x26, 0x12, 0xad,
  0x30, 0x26, 0x12, 0xcd, 0x30, 0x26, 0x12, 0xed, 0x82, 0x60, 0x18, 0xff, 0x82, 0x61, 0x18, 0xff,
  0x82, 0x61, 0x18, 0xff, 0x82, 0x61, 0x18, 0xff, 0x82, 0x61, 0x18, 0xff, 0x82, 0x61, 0x18, 0xff,
  0x82, 0x62, 0x18, 0xff, 0x82, 0x62, 0x18, 0xff, 0x82, 0x62, 0x18, 0xff, 0x82, 0x62, 0x18, 0xff,
  0x82, 0x62, 0x18, 0xff, 0x82, 0x62, 0x18, 0xff, 0x82, 0x63, 0x18, 0xff, 0x82, 0x63, 0x18, 0xff,
  0x82, 0x63, 0x18, 0xff, 0x82, 0x63, 0x18, 0xff, 0x82, 0x63, 0x18, 0xff, 0x82, 0x64, 0x18, 0xff,
  0x82, 0x64, 0x18, 0xff, 0x82, 0x64, 0x18, 0xff, 0x82, 0x64, 0x18, 0xff, 0x82, 0x64, 0x18, 0xff,
  0x82, 0x65, 0x18, 0xff, 0x82, 0x65, 0x18, 0xff, 0x82, 0x65, 0x18, 0xff, 0x82, 0x65, 0x18, 0xff,
  0x82, 0x65, 0x18, 0xff, 0x82, 0x66, 0x18, 0xff, 0x82, 0x66, 0x18, 0xff, 0x82, 0x66, 0x18, 0xff,
  0x82, 0x66, 0x18, 0xff, 0x82, 0x66, 0x18, 0xff, 0x82, 0x67, 0x18, 0xff, 0x82, 0x67, 0x18, 0xff,
  0x82, 0x67, 0x18, 0xff, 0x82, 0x67, 0x18, 0xff, 0x82, 0x67, 0x18, 0xff, 0x82, 0x68, 0x18, 0xff,
  0x82, 0x68, 0x18, 0xff, 0x82, 0x68, 0x18, 0xff, 0x82, 0x68, 0x18, 0xff, 0x82, 0x68, 0x18, 0xff,
  0x82, 0x69, 0x18, 0xff, 0x82, 0x69, 0x18, 0xff, 0x82, 0x69, 0x18, 0xff, 0x82, 0x69, 0x18, 0xff,
  0x82, 0x69, 0x18, 0xff, 0x82, 0x6a, 0x18, 0xff, 0x82, 0x6a, 0x18, 0xff, 0x82, 0x6a, 0x18, 0xff,
  0x82, 0x6a, 0x18, 0xff, 0x82, 0x6a, 0x18, 0xff, 0x82, 0x6b, 0x18, 0xff, 0x82, 0x6b, 0x18, 0xff,
  0x82, 0x6b, 0x18, 0xff, 0x82, 0x6b, 0x18, 0xff, 0x82, 0x6b, 0x18, 0xff, 0x82, 0x6c, 0x18, 0xff,
  0x82, 0x6c, 0x18, 0xff, 0x82, 0x6c, 0x18, 0xff, 0x82, 0x6c, 0x18, 0xff, 0x82, 0x6c, 0x18, 0xff,
  0x82, 0x6d, 0x18, 0xff, 0x82, 0x6d, 0x18, 0xff, 0x82, 0x6d, 0x18, 0xff, 0x82, 0x6d, 0x18, 0xff,
  0x82, 0x6d, 0x18, 0xff, 0x82, 0x6d, 0x18, 0xff, 0x82, 0x6e, 0x18, 0xff, 0x30, 0x26, 0x12, 0xed,
  0x30, 0x26, 0x12, 0xcd, 0x30, 0x26, 0x12, 0xad, 0x30, 0x26, 0x12, 0x8d, 0x30, 0x26, 0x12, 0x6c,
  0x30, 0x26, 0x12, 0x4b, 0x30, 0x26, 0x12, 0x2a, 0x30, 0x26, 0x12, 0x08, 0x00, 0x00, 0x00, 0x00,
  0x00, 0x00, 0x00, 0x00, 0x00, 0x00, 0x00, 0x00, 0x00, 0x00, 0x00, 0x00, 0x00, 0x00, 0x00, 0x00,
  0x00, 0x00, 0x00, 0x00, 0x00, 0x00, 0x00, 0x00, 0x00, 0x00, 0x00, 0x00, 0x00, 0x00, 0x00, 0x00,
  0x00, 0x00, 0x00, 0x00, 0x00, 0x00, 0x00, 0x00, 0x00, 0x00, 0x00, 0x00, 0x00, 0x00, 0x00, 0x00,
  0x00, 0x00, 0x00, 0x00, 0x00, 0x00, 0x00, 0x00, 0x00, 0x00, 0x00, 0x00, 0x00, 0x00, 0x00, 0x00,
  0x00, 0x00, 0x00, 0x00, 0x00, 0x00, 0x00, 0x00, 0x00, 0x00, 0x00, 0x00, 0x00, 0x00, 0x00, 0x00,
  0x00, 0x00, 0x00, 0x00, 0x00, 0x00, 0x00, 0x00, 0x00, 0x00, 0x00, 0x00, 0x00, 0x00, 0x00, 0x00,
  0x00, 0x00, 0x00, 0x00, 0x00, 0x00, 0x00, 0x00, 0x30, 0x26, 0x12, 0x22, 0x30, 0x26, 0x12, 0x44,
  0x30, 0x26, 0x12, 0x66, 0x30, 0x26, 0x12, 0x87, 0x30, 0x26, 0x12, 0xa8, 0x30, 0x26, 0x12, 0xc9,
  0x30, 0x26, 0x12, 0xe9, 0x81, 0x60, 0x18, 0xff, 0x81, 0x60, 0x18, 0xff, 0x81, 0x61, 0x18, 0xff,
  0x81, 0x61, 0x18, 0xff, 0x81, 0x61, 0x18, 0xff, 0x81, 0x61, 0x18, 0xff, 0x81, 0x61, 0x18, 0xff,
  0x81, 0x62, 0x18, 0xff, 0x81, 0x62, 0x18, 0xff, 0x81, 0x62, 0x18, 0xff, 0x81, 0x62, 0x18, 0xff,
  0x81, 0x62, 0x18, 0xff, 0x81, 0x62, 0x18, 0xff, 0x81, 0x63, 0x18, 0xff, 0x81, 0x63, 0x18, 0xff,
  0x81, 0x63, 0x18, 0xff, 0x81, 0x63, 0x18, 0xff, 0x81, 0x63, 0x18, 0xff, 0x81, 0x64, 0x18, 0xff,
  0x81, 0x64, 0x18, 0xff, 0x81, 0x64, 0x18, 0xff, 0x81, 0x64, 0x18, 0xff, 0x81, 0x64, 0x18, 0xff,
  0x81, 0x65, 0x18, 0xff, 0x81, 0x65, 0x18, 0xff, 0x81, 0x65, 0x18, 0xff, 0x81, 0x65, 0x18, 0xff,
  0x81, 0x65, 0x18, 0xff, 0x81, 0x66, 0x18, 0xff, 0x81, 0x66, 0x18, 0xff, 0x81, 0x66, 0x18, 0xff,
  0x81, 0x66, 0x18, 0xff, 0x81, 0x66, 0x18, 0xff, 0x81, 0x67, 0x18, 0xff, 0x81, 0x67, 0x18, 0xff,
  0x81, 0x67, 0x18, 0xff, 0x81, 0x67, 0x18, 0xff, 0x81, 0x67, 0x18, 0xff, 0x81, 0x68, 0x18, 0xff,
  0x81, 0x68, 0x18, 0xff, 0x81, 0x68, 0x18, 0xff, 0x81, 0x68, 0x18, 0xff, 0x81, 0x68, 0x18, 0xff,
  0x81, 0x69, 0x18, 0xff, 0x81, 0x69, 0x18, 0xff, 0x81, 0x69, 0x18, 0xff, 0x81, 0x69, 0x18, 0xff,
  0x81, 0x69, 0x18, 0xff, 0x81, 0x6a, 0x18, 0xff, 0x81, 0x6a, 0x18, 0xff, 0x81, 0x6a, 0x18, 0xff,
  0x24, 0xbf, 0xfb, 0xe6, 0x24, 0xbf, 0xfb, 0xe6, 0x24, 0xbf, 0xfb, 0xe6, 0x24, 0xbf, 0xfb, 0xe6,
  0x24, 0xbf, 0xfb, 0xe6, 0x24, 0xbf, 0xfb, 0xe6, 0x81, 0x6b, 0x18, 0xff, 0x81, 0x6c, 0x18, 0xff,
  0x81, 0x6c, 0x18, 0xff, 0x81, 0x6c, 0x18, 0xff, 0x81, 0x6c, 0x18, 0xff, 0x81, 0x6c, 0x18, 0xff,
  0x81, 0x6d, 0x18, 0xff, 0x81, 0x6d, 0x18, 0xff, 0x81, 0x6d, 0x18, 0xff, 0x81, 0x6d, 0x18, 0xff,
  0x81, 0x6d, 0x18, 0xff, 0x81, 0x6d, 0x18, 0xff, 0x81, 0x6e, 0x18, 0xff, 0x81, 0x6e, 0x18, 0xff,
  0x30, 0x26, 0x12, 0xe9, 0x30, 0x26, 0x12, 0xc9, 0x30, 0x26, 0x12, 0xa8, 0x30, 0x26, 0x12, 0x87,
  0x30, 0x26, 0x12, 0x66, 0x30, 0x26, 0x12, 0x44, 0x30, 0x26, 0x12, 0x22, 0x00, 0x00, 0x00, 0x00,
  0x00, 0x00, 0x00, 0x00, 0x00, 0x00, 0x00, 0x00, 0x00, 0x00, 0x00, 0x00, 0x00, 0x00, 0x00, 0x00,
  0x00, 0x00, 0x00, 0x00, 0x00, 0x00, 0x00, 0x00, 0x00, 0x00, 0x00, 0x00, 0x00, 0x00, 0x00, 0x00,
  0x00, 0x00, 0x00, 0x00, 0x00, 0x00, 0x00, 0x00, 0x00, 0x00, 0x00, 0x00, 0x00, 0x00, 0x00, 0x00,
  0x00, 0x00, 0x00, 0x00, 0x00, 0x00, 0x00, 0x00, 0x00, 0x00, 0x00, 0x00, 0x00, 0x00, 0x00, 0x00,
  0x00, 0x00, 0x00, 0x00, 0x00, 0x00, 0x00, 0x00, 0x00, 0x00, 0x00, 0x00, 0x00, 0x00, 0x00, 0x00,
  0x00, 0x00, 0x00, 0x00, 0x00, 0x00, 0x00, 0x00, 0x00, 0x00, 0x00, 0x00, 0x00, 0x00, 0x00, 0x00,
  0x00, 0x00, 0x00, 0x00, 0x30, 0x26, 0x12, 0x18, 0x30, 0x26, 0x12, 0x3b, 0x30, 0x26, 0x12, 0x5d,
  0x30, 0x26, 0x12, 0x80, 0x30, 0x26, 0x12, 0xa1, 0x30, 0x26, 0x12, 0xc3, 0x30, 0x26, 0x12, 0xe4,
  0x81, 0x60, 0x18, 0xff, 0x81, 0x60, 0x18, 0xff, 0x81, 0x60, 0x18, 0xff, 0x81, 0x61, 0x18, 0xff,
  0x81, 0x61, 0x18, 0xff, 0x81, 0x61, 0x18, 0xff, 0x81, 0x61, 0x18, 0xff, 0x81, 0x61, 0x18, 0xff,
  0x81, 0x62, 0x18, 0xff, 0x81, 0x62, 0x18, 0xff, 0x81, 0x62, 0x18, 0xff, 0x81, 0x62, 0x18, 0xff,
  0x81, 0x62, 0x18, 0xff, 0x81, 0x62, 0x18, 0xff, 0x81, 0x63, 0x18, 0xff, 0x81, 0x63, 0x18, 0xff,
  0x81, 0x63, 0x18, 0xff, 0x81, 0x63, 0x18, 0xff, 0x81, 0x63, 0x18, 0xff, 0x81, 0x64, 0x18, 0xff,
  0x81, 0x64, 0x18, 0xff, 0x81, 0x64, 0x18, 0xff, 0x81, 0x64, 0x18, 0xff, 0x81, 0x64, 0x18, 0xff,
  0x81, 0x65, 0x18, 0xff, 0x81, 0x65, 0x18, 0xff, 0x81, 0x65, 0x18, 0xff, 0x81, 0x65, 0x18, 0xff,
  0x81, 0x65, 0x18, 0xff, 0x81, 0x66, 0x18, 0xff, 0x81, 0x66, 0x18, 0xff, 0x81, 0x66, 0x18, 0xff,
  0x81, 0x66, 0x18, 0xff, 0x81, 0x66, 0x18, 0xff, 0x81, 0x67, 0x18, 0xff, 0x81, 0x67, 0x18, 0xff,
  0x81, 0x67, 0x18, 0xff, 0x81, 0x67, 0x18, 0xff, 0x81, 0x67, 0x18, 0xff, 0x81, 0x68, 0x18, 0xff,
  0x81, 0x68, 0x18, 0xff, 0x81, 0x68, 0x18, 0xff, 0x81, 0x68, 0x18, 0xff, 0x81, 0x68, 0x18, 0xff,
  0x81, 0x69, 0x18, 0xff, 0x81, 0x69, 0x18, 0xff, 0x81, 0x69, 0x18, 0xff, 0x81, 0x69, 0x18, 0xff,
  0x81, 0x69, 0x18, 0xff, 0x81, 0x6a, 0x18, 0xff, 0x81, 0x6a, 0x18, 0xff, 0x81, 0x6a, 0x18, 0xff,
  0x24, 0xbf, 0xfb, 0xe6, 0x24, 0xbf, 0xfb, 0xe6, 0x24, 0xbf, 0xfb, 0xe6, 0x24, 0xbf, 0xfb, 0xe6,
  0x24, 0xbf, 0xfb, 0xe6, 0x24, 0xbf, 0xfb, 0xe6, 0x81, 0x6b, 0x18, 0xff, 0x81, 0x6c, 0x18, 0xff,
  0x81, 0x6c, 0x18, 0xff, 0x81, 0x6c, 0x18, 0xff, 0x81, 0x6c, 0x18, 0xff, 0x81, 0x6c, 0x18, 0xff,
  0x81, 0x6d, 0x18, 0xff, 0x81, 0x6d, 0x18, 0xff, 0x81, 0x6d, 0x18, 0xff, 0x81, 0x6d, 0x18, 0xff,
  0x81, 0x6d, 0x18, 0xff, 0x81, 0x6d, 0x18, 0xff, 0x81, 0x6e, 0x18, 0xff, 0x81, 0x6e, 0x18, 0xff,
  0x81, 0x6e, 0x18, 0xff, 0x30, 0x26, 0x12, 0xe4, 0x30, 0x26, 0x12, 0xc3, 0x30, 0x26, 0x12, 0xa1,
  0x30, 0x26, 0x12, 0x80, 0x30, 0x26, 0x12, 0x5d, 0x30, 0x26, 0x12, 0x3b, 0x30, 0x26, 0x12, 0x18,
  0x00, 0x00, 0x00, 0x00, 0x00, 0x00, 0x00, 0x00, 0x00, 0x00, 0x00, 0x00, 0x00, 0x00, 0x00, 0x00,
  0x00, 0x00, 0x00, 0x00, 0x00, 0x00, 0x00, 0x00, 0x00, 0x00, 0x00, 0x00, 0x00, 0x00, 0x00, 0x00,
  0x00, 0x00, 0x00, 0x00, 0x00, 0x00, 0x00, 0x00, 0x00, 0x00, 0x00, 0x00, 0x00, 0x00, 0x00, 0x00,
  0x00, 0x00, 0x00, 0x00, 0x00, 0x00, 0x00, 0x00, 0x00, 0x00, 0x00, 0x00, 0x00, 0x00, 0x00, 0x00,
  0x00, 0x00, 0x00, 0x00, 0x00, 0x00, 0x00, 0x00, 0x00, 0x00, 0x00, 0x00, 0x00, 0x00, 0x00, 0x00,
  0x00, 0x00, 0x00, 0x00, 0x00, 0x00, 0x00, 0x00, 0x00, 0x00, 0x00, 0x00, 0x00, 0x00, 0x00, 0x00,
  0x30, 0x26, 0x12, 0x0d, 0x30, 0x26, 0x12, 0x30, 0x30, 0x26, 0x12, 0x53, 0x30, 0x26, 0x12, 0x76,
  0x30, 0x26, 0x12, 0x99, 0x30, 0x26, 0x12, 0xbb, 0x30, 0x26, 0x12, 0xdd, 0x30, 0x26, 0x12, 0xff,
  0x81, 0x60, 0x18, 0xff, 0x81, 0x60, 0x18, 0xff, 0x81, 0x60, 0x18, 0xff, 0x81, 0x61, 0x18, 0xff,
  0x81, 0x61, 0x18, 0xff, 0x81, 0x61, 0x18, 0xff, 0x81, 0x61, 0x18, 0xff, 0x81, 0x61, 0x18, 0xff,
  0x81, 0x62, 0x18, 0xff, 0x81, 0x62, 0x18, 0xff, 0x71, 0x71, 0xf8, 0xff, 0x71, 0x71, 0xf8, 0xff,
  0x71, 0x71, 0xf8, 0xff, 0x71, 0x71, 0xf8, 0xff, 0x71, 0x71, 0xf8, 0xff, 0x71, 0x71, 0xf8, 0xff,
  0x71, 0x71, 0xf8, 0xff, 0x71, 0x71, 0xf8, 0xff, 0x71, 0x71, 0xf8, 0xff, 0x71, 0x71, 0xf8, 0xff,
  0x81, 0x64, 0x18, 0xff, 0x81, 0x64, 0x18, 0xff, 0x81, 0x64, 0x18, 0xff, 0x81, 0x64, 0x18, 0xff,
  0x81, 0x65, 0x18, 0xff, 0x81, 0x65, 0x18, 0xff, 0x81, 0x65, 0x18, 0xff, 0x81, 0x65, 0x18, 0xff,
  0x81, 0x65, 0x18, 0xff, 0x81, 0x66, 0x18, 0xff, 0x81, 0x66, 0x18, 0xff, 0x81, 0x66, 0x18, 0xff,
  0x81, 0x66, 0x18, 0xff, 0x81, 0x66, 0x18, 0xff, 0x81, 0x67, 0x18, 0xff, 0x81, 0x67, 0x18, 0xff,
  0x81, 0x67, 0x18, 0xff, 0x81, 0x67, 0x18, 0xff, 0x81, 0x67, 0x18, 0xff, 0x81, 0x68, 0x18, 0xff,
  0x81, 0x68, 0x18, 0xff, 0x81, 0x68, 0x18, 0xff, 0x81, 0x68, 0x18, 0xff, 0x81, 0x68, 0x18, 0xff,
  0x81, 0x69, 0x18, 0xff, 0x81, 0x69, 0x18, 0xff, 0x81, 0x69, 0x18, 0xff, 0x81, 0x69, 0x18, 0xff,
  0x81, 0x69, 0x18, 0xff, 0x81, 0x6a, 0x18, 0xff, 0x81, 0x6a, 0x18, 0xff, 0x81, 0x6a, 0x18, 0xff,
  0x24, 0xbf, 0xfb, 0xe6, 0x24, 0xbf, 0xfb, 0xe6, 0x24, 0xbf, 0xfb, 0xe6, 0x24, 0xbf, 0xfb, 0xe6,
  0x24, 0xbf, 0xfb, 0xe6, 0x24, 0xbf, 0xfb, 0xe6, 0x81, 0x6b, 0x18, 0xff, 0x81, 0x6c, 0x18, 0xff,
  0x81, 0x6c, 0x18, 0xff, 0x81, 0x6c, 0x18, 0xff, 0x81, 0x6c, 0x18, 0xff, 0x81, 0x6c, 0x18, 0xff,
  0x81, 0x6d, 0x18, 0xff, 0x81, 0x6d, 0x18, 0xff, 0x81, 0x6d, 0x18, 0xff, 0x81, 0x6d, 0x18, 0xff,
  0x81, 0x6d, 0x18, 0xff, 0x81, 0x6d, 0x18, 0xff, 0x81, 0x6e, 0x18, 0xff, 0x81, 0x6e, 0x18, 0xff,
  0x81, 0x6e, 0x18, 0xff, 0x30, 0x26, 0x12, 0xff, 0x30, 0x26, 0x12, 0xdd, 0x30, 0x26, 0x12, 0xbb,
  0x30, 0x26, 0x12, 0x99, 0x30, 0x26, 0x12, 0x76, 0x30, 0x26, 0x12, 0x53, 0x30, 0x26, 0x12, 0x30,
  0x30, 0x26, 0x12, 0x0d, 0x00, 0x00, 0x00, 0x00, 0x00, 0x00, 0x00, 0x00, 0x00, 0x00, 0x00, 0x00,
  0x00, 0x00, 0x00, 0x00, 0x00, 0x00, 0x00, 0x00, 0x00, 0x00, 0x00, 0x00, 0x00, 0x00, 0x00, 0x00,
  0x00, 0x00, 0x00, 0x00, 0x00, 0x00, 0x00, 0x00, 0x00, 0x00, 0x00, 0x00, 0x00, 0x00, 0x00, 0x00,
  0x00, 0x00, 0x00, 0x00, 0x00, 0x00, 0x00, 0x00, 0x00, 0x00, 0x00, 0x00, 0x00, 0x00, 0x00, 0x00,
  0x00, 0x00, 0x00, 0x00, 0x00, 0x00, 0x00, 0x00, 0x00, 0x00, 0x00, 0x00, 0x00, 0x00, 0x00, 0x00,
  0x00, 0x00, 0x00, 0x00, 0x00, 0x00, 0x00, 0x00, 0x00, 0x00, 0x00, 0x00, 0x30, 0x26, 0x12, 0x00,
  0x30, 0x26, 0x12, 0x24, 0x30, 0x26, 0x12, 0x48, 0x30, 0x26, 0x12, 0x6b, 0x30, 0x26, 0x12, 0x8e,
  0x30, 0x26, 0x12, 0xb1, 0x30, 0x26, 0x12, 0xd4, 0x30, 0x26, 0x12, 0xf6, 0x81, 0x60, 0x19, 0xff,
  0x81, 0x60, 0x19, 0xff, 0x81, 0x60, 0x19, 0xff, 0x81, 0x60, 0x19, 0xff, 0x81, 0x61, 0x19, 0xff,
  0x81, 0x61, 0x19, 0xff, 0x81, 0x61, 0x19, 0xff, 0x81, 0x61, 0x19, 0xff, 0x81, 0x61, 0x19, 0xff,
  0x81, 0x62, 0x19, 0xff, 0x81, 0x62, 0x19, 0xff, 0x71, 0x71, 0xf8, 0xff, 0x71, 0x71, 0xf8, 0xff,
  0x71, 0x71, 0xf8, 0xff, 0x71, 0x71, 0xf8, 0xff, 0x71, 0x71, 0xf8, 0xff, 0x71, 0x71, 0xf8, 0xff,
  0x71, 0x71, 0xf8, 0xff, 0x71, 0x71, 0xf8, 0xff, 0x71, 0x71, 0xf8, 0xff, 0x71, 0x71, 0xf8, 0xff,
  0x81, 0x64, 0x19, 0xff, 0x81, 0x64, 0x19, 0xff, 0x81, 0x64, 0x19, 0xff, 0x81, 0x64, 0x19, 0xff,
  0x81, 0x65, 0x19, 0xff, 0x81, 0x65, 0x19, 0xff, 0x81, 0x65, 0x19, 0xff, 0x81, 0x65, 0x19, 0xff,
  0x81, 0x65, 0x19, 0xff, 0x81, 0x66, 0x19, 0xff, 0x81, 0x66, 0x19, 0xff, 0x81, 0x66, 0x19, 0xff,
  0x81, 0x66, 0x19, 0xff, 0x81, 0x66, 0x19, 0xff, 0x81, 0x67, 0x19, 0xff, 0x81, 0x67, 0x19, 0xff,
  0x81, 0x67, 0x19, 0xff, 0x81, 0x67, 0x19, 0xff, 0x81, 0x67, 0x19, 0xff, 0x81, 0x68, 0x19, 0xff,
  0x81, 0x68, 0x19, 0xff, 0x81, 0x68, 0x19, 0xff, 0x81, 0x68, 0x19, 0xff, 0x81, 0x68, 0x19, 0xff,
  0x81, 0x69, 0x19, 0xff, 0x81, 0x69, 0x19, 0xff, 0x81, 0x69, 0x19, 0xff, 0x81, 0x69, 0x19, 0xff,
  0x81, 0x69, 0x19, 0xff, 0x81, 0x6a, 0x19, 0xff, 0x81, 0x6a, 0x19, 0xff, 0x81, 0x6a, 0x19, 0xff,
  0x24, 0xbf, 0xfb, 0xe6, 0x24, 0xbf, 0xfb, 0xe6, 0x24, 0xbf, 0xfb, 0xe6, 0x24, 0xbf, 0xfb, 0xe6,
  0x24, 0xbf, 0xfb, 0xe6, 0x24, 0xbf, 0xfb, 0xe6, 0x81, 0x6b, 0x19, 0xff, 0x81, 0x6c, 0x19, 0xff,
  0x81, 0x6c, 0x19, 0xff, 0x81, 0x6c, 0x19, 0xff, 0x81, 0x6c, 0x19, 0xff, 0x81, 0x6c, 0x19, 0xff,
  0x81, 0x6d, 0x19, 0xff, 0x81, 0x6d, 0x19, 0xff, 0x81, 0x6d, 0x19, 0xff, 0x81, 0x6d, 0x19, 0xff,
  0x81, 0x6d, 0x19, 0xff, 0x81, 0x6d, 0x19, 0xff, 0x81, 0x6e, 0x19, 0xff, 0x81, 0x6e, 0x19, 0xff,
  0x81, 0x6e, 0x19, 0xff, 0x81, 0x6e, 0x19, 0xff, 0x30, 0x26, 0x12, 0xf6, 0x30, 0x26, 0x12, 0xd4,
  0x30, 0x26, 0x12, 0xb1, 0x30, 0x26, 0x12, 0x8e, 0x30, 0x26, 0x12, 0x6b, 0x30, 0x26, 0x12, 0x48,
  0x30, 0x26, 0x12, 0x24, 0x30, 0x26, 0x12, 0x00, 0x00, 0x00, 0x00, 0x00, 0x00, 0x00, 0x00, 0x00,
  0x00, 0x00, 0x00, 0x00, 0x00, 0x00, 0x00, 0x00, 0x00, 0x00, 0x00, 0x00, 0x00, 0x00, 0x00, 0x00,
  0x00, 0x00, 0x00, 0x00, 0x00, 0x00, 0x00, 0x00, 0x00, 0x00, 0x00, 0x00, 0x00, 0x00, 0x00, 0x00,
  0x00, 0x00, 0x00, 0x00, 0x00, 0x00, 0x00, 0x00, 0x00, 0x00, 0x00, 0x00, 0x00, 0x00, 0x00, 0x00,
  0x00, 0x00, 0x00, 0x00, 0x00, 0x00, 0x00, 0x00, 0x00, 0x00, 0x00, 0x00, 0x00, 0x00, 0x00, 0x00,
  0x00, 0x00, 0x00, 0x00, 0x00, 0x00, 0x00, 0x00, 0x00, 0x00, 0x00, 0x00, 0x30, 0x26, 0x12, 0x16,
  0x30, 0x26, 0x12, 0x3a, 0x30, 0x26, 0x12, 0x5f, 0x30, 0x26, 0x12, 0x82, 0x30, 0x26, 0x12, 0xa6,
  0x30, 0x26, 0x12, 0xc9, 0x30, 0x26, 0x12, 0xed, 0x80, 0x60, 0x19, 0xff, 0x80, 0x60, 0x19, 0xff,
  0x80, 0x60, 0x19, 0xff, 0x80, 0x60, 0x19, 0xff, 0x80, 0x60, 0x19, 0xff, 0x80, 0x61, 0x19, 0xff,
  0x80, 0x61, 0x19, 0xff, 0x80, 0x61, 0x19, 0xff, 0x80, 0x61, 0x19, 0xff, 0x80, 0x61, 0x19, 0xff,
  0x80, 0x62, 0x19, 0xff, 0x80, 0x62, 0x19, 0xff, 0x71, 0x71, 0xf8, 0xff, 0x71, 0x71, 0xf8, 0xff,
  0x71, 0x71, 0xf8, 0xff, 0x71, 0x71, 0xf8, 0xff, 0x71, 0x71, 0xf8, 0xff, 0x71, 0x71, 0xf8, 0xff,
  0x71, 0x71, 0xf8, 0xff, 0x71, 0x71, 0xf8, 0xff, 0x71, 0x71, 0xf8, 0xff, 0x71, 0x71, 0xf8, 0xff,
  0x80, 0x64, 0x19, 0xff, 0x80, 0x64, 0x19, 0xff, 0x80, 0x64, 0x19, 0xff, 0x80, 0x64, 0x19, 0xff,
  0x80, 0x65, 0x19, 0xff, 0x80, 0x65, 0x19, 0xff, 0x80, 0x65, 0x19, 0xff, 0x80, 0x65, 0x19, 0xff,
  0x80, 0x65, 0x19, 0xff, 0x80, 0x66, 0x19, 0xff, 0x80, 0x66, 0x19, 0xff, 0x80, 0x66, 0x19, 0xff,
  0x80, 0x66, 0x19, 0xff, 0x80, 0x66, 0x19, 0xff, 0x80, 0x67, 0x19, 0xff, 0x80, 0x67, 0x19, 0xff,
  0x80, 0x67, 0x19, 0xff, 0x80, 0x67, 0x19, 0xff, 0x80, 0x67, 0x19, 0xff, 0x80, 0x68, 0x19, 0xff,
  0x80, 0x68, 0x19, 0xff, 0x80, 0x68, 0x19, 0xff, 0x24, 0xbf, 0xfb, 0xe6, 0x24, 0xbf, 0xfb, 0xe6,
  0x24, 0xbf, 0xfb, 0xe6, 0x24, 0xbf, 0xfb, 0xe6, 0x24, 0xbf, 0xfb, 0xe6, 0x24, 0xbf, 0xfb, 0xe6,
  0x80, 0x69, 0x19, 0xff, 0x80, 0x6a, 0x19, 0xff, 0x80, 0x6a, 0x19, 0xff, 0x80, 0x6a, 0x19, 0xff,
  0x24, 0xbf, 0xfb, 0xe6, 0x24, 0xbf, 0xfb, 0xe6, 0x24, 0xbf, 0xfb, 0xe6, 0x24, 0xbf, 0xfb, 0xe6,
  0x24, 0xbf, 0xfb, 0xe6, 0x24, 0xbf, 0xfb, 0xe6, 0x80, 0x6b, 0x19, 0xff, 0x80, 0x6c, 0x19, 0xff,
  0x80, 0x6c, 0x19, 0xff, 0x80, 0x6c, 0x19, 0xff, 0x80, 0x6c, 0x19, 0xff, 0x80, 0x6c, 0x19, 0xff,
  0x80, 0x6d, 0x19, 0xff, 0x80, 0x6d, 0x19, 0xff, 0x80, 0x6d, 0x19, 0xff, 0x80, 0x6d, 0x19, 0xff,
  0x80, 0x6d, 0x19, 0xff, 0x80, 0x6d, 0x19, 0xff, 0x80, 0x6e, 0x19, 0xff, 0x80, 0x6e, 0x19, 0xff,
  0x80, 0x6e, 0x19, 0xff, 0x80, 0x6e, 0x19, 0xff, 0x80, 0x6e, 0x19, 0xff, 0x30, 0x26, 0x12, 0xed,
  0x30, 0x26, 0x12, 0xc9, 0x30, 0x26, 0x12, 0xa6, 0x30, 0x26, 0x12, 0x82, 0x30, 0x26, 0x12, 0x5f,
  0x30, 0x26, 0x12, 0x3a, 0x30, 0x26, 0x12, 0x16, 0x00, 0x00, 0x00, 0x00, 0x00, 0x00, 0x00, 0x00,
  0x00, 0x00, 0x00, 0x00, 0x00, 0x00, 0x00, 0x00, 0x00, 0x00, 0x00, 0x00, 0x00, 0x00, 0x00, 0x00,
  0x00, 0x00, 0x00, 0x00, 0x00, 0x00, 0x00, 0x00, 0x00, 0x00, 0x00, 0x00, 0x00, 0x00, 0x00, 0x00,
  0x00, 0x00, 0x00, 0x00, 0x00, 0x00, 0x00, 0x00, 0x00, 0x00, 0x00, 0x00, 0x00, 0x00, 0x00, 0x00,
  0x00, 0x00, 0x00, 0x00, 0x00, 0x00, 0x00, 0x00, 0x00, 0x00, 0x00, 0x00, 0x00, 0x00, 0x00, 0x00,
  0x00, 0x00, 0x00, 0x00, 0x00, 0x00, 0x00, 0x00, 0x30, 0x26, 0x12, 0x07, 0x30, 0x26, 0x12, 0x2c,
  0x30, 0x26, 0x12, 0x50, 0x30, 0x26, 0x12, 0x75, 0x30, 0x26, 0x12, 0x99, 0x30, 0x26, 0x12, 0xbd,
  0x30, 0x26, 0x12, 0xe1, 0x80, 0x5f, 0x19, 0xff, 0x80, 0x60, 0x19, 0xff, 0x80, 0x60, 0x19, 0xff,
  0x80, 0x60, 0x19, 0xff, 0x80, 0x60, 0x19, 0xff, 0x80, 0x60, 0x19, 0xff, 0x80, 0x61, 0x19, 0xff,
  0x80, 0x61, 0x19, 0xff, 0x80, 0x61, 0x19, 0xff, 0x80, 0x61, 0x19, 0xff, 0x80, 0x61, 0x19, 0xff,
  0x80, 0x62, 0x19, 0xff, 0x80, 0x62, 0x19, 0xff, 0x71, 0x71, 0xf8, 0xff, 0x71, 0x71, 0xf8, 0xff,
  0x71, 0x71, 0xf8, 0xff, 0x71, 0x71, 0xf8, 0xff, 0x71, 0x71, 0xf8, 0xff, 0x71, 0x71, 0xf8, 0xff,
  0x71, 0x71, 0xf8, 0xff, 0x71, 0x71, 0xf8, 0xff, 0x71, 0x71, 0xf8, 0xff, 0x71, 0x71, 0xf8, 0xff,
  0x80, 0x64, 0x19, 0xff, 0x80, 0x64, 0x19, 0xff, 0x80, 0x64, 0x19, 0xff, 0x80, 0x64, 0x19, 0xff,
  0x80, 0x65, 0x19, 0xff, 0x80, 0x65, 0x19, 0xff, 0x80, 0x65, 0x19, 0xff, 0x80, 0x65, 0x19, 0xff,
  0x80, 0x65, 0x19, 0xff, 0x80, 0x66, 0x19, 0xff, 0x80, 0x66, 0x19, 0xff, 0x80, 0x66, 0x19, 0xff,
  0x80, 0x66, 0x19, 0xff, 0x80, 0x66, 0x19, 0xff, 0x80, 0x67, 0x19, 0xff, 0x80, 0x67, 0x19, 0xff,
  0x80, 0x67, 0x19, 0xff, 0x80, 0x67, 0x19, 0xff, 0x80, 0x67, 0x19, 0xff, 0x80, 0x68, 0x19, 0xff,
  0x80, 0x68, 0x19, 0xff, 0x80, 0x68, 0x19, 0xff, 0x24, 0xbf, 0xfb, 0xe6, 0x24, 0xbf, 0xfb, 0xe6,
  0x24, 0xbf, 0xfb, 0xe6, 0x24, 0xbf, 0xfb, 0xe6, 0x24, 0xbf, 0xfb, 0xe6, 0x24, 0xbf, 0xfb, 0xe6,
  0x80, 0x69, 0x19, 0xff, 0x80, 0x6a, 0x19, 0xff, 0x80, 0x6a, 0x19, 0xff, 0x80, 0x6a, 0x19, 0xff,
  0x24, 0xbf, 0xfb, 0xe6, 0x24, 0xbf, 0xfb, 0xe6, 0x24, 0xbf, 0xfb, 0xe6, 0x24, 0xbf, 0xfb, 0xe6,
  0x24, 0xbf, 0xfb, 0xe6, 0x24, 0xbf, 0xfb, 0xe6, 0x80, 0x6b, 0x19, 0xff, 0x80, 0x6c, 0x19, 0xff,
  0x80, 0x6c, 0x19, 0xff, 0x80, 0x6c, 0x19, 0xff, 0x80, 0x6c, 0x19, 0xff, 0x80, 0x6c, 0x19, 0xff,
  0x80, 0x6d, 0x19, 0xff, 0x80, 0x6d, 0x19, 0xff, 0x80, 0x6d, 0x19, 0xff, 0x80, 0x6d, 0x19, 0xff,
  0x80, 0x6d, 0x19, 0xff, 0x80, 0x6d, 0x19, 0xff, 0x80, 0x6e, 0x19, 0xff, 0x80, 0x6e, 0x19, 0xff,
  0x80, 0x6e, 0x19, 0xff, 0x80, 0x6e, 0x19, 0xff, 0x80, 0x6e, 0x19, 0xff, 0x80, 0x6f, 0x19, 0xff,
  0x30, 0x26, 0x12, 0xe1, 0x30, 0x26, 0x12, 0xbd, 0x30, 0x26, 0x12, 0x99, 0x30, 0x26, 0x12, 0x75,
  0x30, 0x26, 0x12, 0x50, 0x30, 0x26, 0x12, 0x2c, 0x30, 0x26, 0x12, 0x07, 0x00, 0x00, 0x00, 0x00,
  0x00, 0x00, 0x00, 0x00, 0x00, 0x00, 0x00, 0x00, 0x00, 0x00, 0x00, 0x00, 0x00, 0x00, 0x00, 0x00,
  0x00, 0x00, 0x00, 0x00, 0x00, 0x00, 0x00, 0x00, 0x00, 0x00, 0x00, 0x00, 0x00, 0x00, 0x00, 0x00,
  0x00, 0x00, 0x00, 0x00, 0x00, 0x00, 0x00, 0x00, 0x00, 0x00, 0x00, 0x00, 0x00, 0x00, 0x00, 0x00,
  0x00, 0x00, 0x00, 0x00, 0x00, 0x00, 0x00, 0x00, 0x00, 0x00, 0x00, 0x00, 0x00, 0x00, 0x00, 0x00,
  0x00, 0x00, 0x00, 0x00, 0x00, 0x00, 0x00, 0x00, 0x30, 0x26, 0x12, 0x1b, 0x30, 0x26, 0x12, 0x41,
  0x30, 0x26, 0x12, 0x66, 0x30, 0x26, 0x12, 0x8b, 0x30, 0x26, 0x12, 0xaf, 0x30, 0x26, 0x12, 0xd4,
  0x30, 0x26, 0x12, 0xf8, 0x80, 0x5f, 0x19, 0xff, 0x80, 0x60, 0x19, 0xff, 0x80, 0x60, 0x19, 0xff,
  0x80, 0x60, 0x19, 0xff, 0x80, 0x60, 0x19, 0xff, 0x80, 0x60, 0x19, 0xff, 0x80, 0x61, 0x19, 0xff,
  0x80, 0x61, 0x19, 0xff, 0x80, 0x61, 0x19, 0xff, 0x80, 0x61, 0x19, 0xff, 0x80, 0x61, 0x19, 0xff,
  0x80, 0x62, 0x19, 0xff, 0x80, 0x62, 0x19, 0xff, 0x71, 0x71, 0xf8, 0xff, 0x71, 0x71, 0xf8, 0xff,
  0x71, 0x71, 0xf8, 0xff, 0x71, 0x71, 0xf8, 0xff, 0x71, 0x71, 0xf8, 0xff, 0x71, 0x71, 0xf8, 0xff,
  0x71, 0x71, 0xf8, 0xff, 0x71, 0x71, 0xf8, 0xff, 0x71, 0x71, 0xf8, 0xff, 0x71, 0x71, 0xf8, 0xff,
  0x80, 0x64, 0x19, 0xff, 0x80, 0x64, 0x19, 0xff, 0x80, 0x64, 0x19, 0xff, 0x80, 0x64, 0x19, 0xff,
  0x80, 0x65, 0x19, 0xff, 0x80, 0x65, 0x19, 0xff, 0x80, 0x65, 0x19, 0xff, 0x80, 0x65, 0x19, 0xff,
  0x80, 0x65, 0x19, 0xff, 0x80, 0x66, 0x19, 0xff, 0x80, 0x66, 0x19, 0xff, 0x80, 0x66, 0x19, 0xff,
  0x80, 0x66, 0x19, 0xff, 0x80, 0x66, 0x19, 0xff, 0x80, 0x67, 0x19, 0xff, 0x80, 0x67, 0x19, 0xff,
  0x80, 0x67, 0x19, 0xff, 0x80, 0x67, 0x19, 0xff, 0x80, 0x67, 0x19, 0xff, 0x80, 0x68, 0x19, 0xff,
  0x80, 0x68, 0x19, 0xff, 0x80, 0x68, 0x19, 0xff, 0x24, 0xbf, 0xfb, 0xe6, 0x24, 0xbf, 0xfb, 0xe6,
  0x24, 0xbf, 0xfb, 0xe6, 0x24, 0xbf, 0xfb, 0xe6, 0x24, 0xbf, 0xfb, 0xe6, 0x24, 0xbf, 0xfb, 0xe6,
  0x80, 0x69, 0x19, 0xff, 0x80, 0x6a, 0x19, 0xff, 0x80, 0x6a, 0x19, 0xff, 0x80, 0x6a, 0x19, 0xff,
  0x24, 0xbf, 0xfb, 0xe6, 0x24, 0xbf, 0xfb, 0xe6, 0x24, 0xbf, 0xfb, 0xe6, 0x24, 0xbf, 0xfb, 0xe6,
  0x24, 0xbf, 0xfb, 0xe6, 0x24, 0xbf, 0xfb, 0xe6, 0x80, 0x6b, 0x19, 0xff, 0x80, 0x6c, 0x19, 0xff,
  0x80, 0x6c, 0x19, 0xff, 0x80, 0x6c, 0x19, 0xff, 0x80, 0x6c, 0x19, 0xff, 0x80, 0x6c, 0x19, 0xff,
  0x80, 0x6d, 0x19, 0xff, 0x80, 0x6d, 0x19, 0xff, 0x80, 0x6d, 0x19, 0xff, 0x80, 0x6d, 0x19, 0xff,
  0x80, 0x6d, 0x19, 0xff, 0x80, 0x6d, 0x19, 0xff, 0x80, 0x6e, 0x19, 0xff, 0x80, 0x6e, 0x19, 0xff,
  0x80, 0x6e, 0x19, 0xff, 0x80, 0x6e, 0x19, 0xff, 0x80, 0x6e, 0x19, 0xff, 0x80, 0x6f, 0x19, 0xff,
  0x30, 0x26, 0x12, 0xf8, 0x30, 0x26, 0x12, 0xd4, 0x30, 0x26, 0x12, 0xaf, 0x30, 0x26, 0x12, 0x8b,
  0x30, 0x26, 0x12, 0x66, 0x30, 0x26, 0x12, 0x41, 0x30, 0x26, 0x12, 0x1b, 0x00, 0x00, 0x00, 0x00,
  0x00, 0x00, 0x00, 0x00, 0x00, 0x00, 0x00, 0x00, 0x00, 0x00, 0x00, 0x00, 0x00, 0x00, 0x00, 0x00,
  0x00, 0x00, 0x00, 0x00, 0x00, 0x00, 0x00, 0x00, 0x00, 0x00, 0x00, 0x00, 0x00, 0x00, 0x00, 0x00,
  0x00, 0x00, 0x00, 0x00, 0x00, 0x00, 0x00, 0x00, 0x00, 0x00, 0x00, 0x00, 0x00, 0x00, 0x00, 0x00,
  0x00, 0x00, 0x00, 0x00, 0x00, 0x00, 0x00, 0x00, 0x00, 0x00, 0x00, 0x00, 0x00, 0x00, 0x00, 0x00,
  0x00, 0x00, 0x00, 0x00, 0x30, 0x26, 0x12, 0x0a, 0x30, 0x26, 0x12, 0x2f, 0x30, 0x26, 0x12, 0x55,
  0x30, 0x26, 0x12, 0x7a, 0x30, 0x26, 0x12, 0xa0, 0x30, 0x26, 0x12, 0xc5, 0x30, 0x26, 0x12, 0xe9,
  0x7f, 0x5f, 0x19, 0xff, 0x7f, 0x5f, 0x19, 0xff, 0x7f, 0x60, 0x19, 0xff, 0x7f, 0x60, 0x19, 0xff,
  0x7f, 0x60, 0x19, 0xff, 0x7f, 0x60, 0x19, 0xff, 0x7f, 0x60, 0x19, 0xff, 0x7f, 0x61, 0x19, 0xff,
  0x7f, 0x61, 0x19, 0xff, 0x7f, 0x61, 0x19, 0xff, 0x7f, 0x61, 0x19, 0xff, 0x7f, 0x61, 0x19, 0xff,
  0x7f, 0x62, 0x19, 0xff, 0x7f, 0x62, 0x19, 0xff, 0x71, 0x71, 0xf8, 0xff, 0x71, 0x71, 0xf8, 0xff,
  0x71, 0x71, 0xf8, 0xff, 0x71, 0x71, 0xf8, 0xff, 0x71, 0x71, 0xf8, 0xff, 0x71, 0x71, 0xf8, 0xff,
  0x71, 0x71, 0xf8, 0xff, 0x71, 0x71, 0xf8, 0xff, 0x71, 0x71, 0xf8, 0xff, 0x71, 0x71, 0xf8, 0xff,
  0x7f, 0x64, 0x19, 0xff, 0x7f, 0x64, 0x19, 0xff, 0x7f, 0x64, 0x19, 0xff, 0x7f, 0x64, 0x19, 0xff,
  0x7f, 0x65, 0x19, 0xff, 0x7f, 0x65, 0x19, 0xff, 0x7f, 0x65, 0x19, 0xff, 0x7f, 0x65, 0x19, 0xff,
  0x7f, 0x65, 0x19, 0xff, 0x7f, 0x66, 0x19, 0xff, 0x7f, 0x66, 0x19, 0xff, 0x7f, 0x66, 0x19, 0xff,
  0x7f, 0x66, 0x19, 0xff, 0x7f, 0x66, 0x19, 0xff, 0x7f, 0x67, 0x19, 0xff, 0x7f, 0x67, 0x19, 0xff,
  0x7f, 0x67, 0x19, 0xff, 0x7f, 0x67, 0x19, 0xff, 0x7f, 0x67, 0x19, 0xff, 0x7f, 0x68, 0x19, 0xff,
  0x7f, 0x68, 0x19, 0xff, 0x7f, 0x68, 0x19, 0xff, 0x24, 0xbf, 0xfb, 0xe6, 0x24, 0xbf, 0xfb, 0xe6,
  0x24, 0xbf, 0xfb, 0xe6, 0x24, 0xbf, 0xfb, 0xe6, 0x24, 0xbf, 0xfb, 0xe6, 0x24, 0xbf, 0xfb, 0xe6,
  0x7f, 0x69, 0x19, 0xff, 0x7f, 0x6a, 0x19, 0xff, 0x7f, 0x6a, 0x19, 0xff, 0x7f, 0x6a, 0x19, 0xff,
  0x24, 0xbf, 0xfb, 0xe6, 0x24, 0xbf, 0xfb, 0xe6, 0x24, 0xbf, 0xfb, 0xe6, 0x24, 0xbf, 0xfb, 0xe6,
  0x24, 0xbf, 0xfb, 0xe6, 0x24, 0xbf, 0xfb, 0xe6, 0x7f, 0x6b, 0x19, 0xff, 0x7f, 0x6c, 0x19, 0xff,
  0x7f, 0x6c, 0x19, 0xff, 0x7f, 0x6c, 0x19, 0xff, 0x24, 0xbf, 0xfb, 0xe6, 0x24, 0xbf, 0xfb, 0xe6,
  0x24, 0xbf, 0xfb, 0xe6, 0x24, 0xbf, 0xfb, 0xe6, 0x24, 0xbf, 0xfb, 0xe6, 0x24, 0xbf, 0xfb, 0xe6,
  0x7f, 0x6d, 0x19, 0xff, 0x7f, 0x6d, 0x19, 0xff, 0x7f, 0x6e, 0x19, 0xff, 0x7f, 0x6e, 0x19, 0xff,
  0x7f, 0x6e, 0x19, 0xff, 0x7f, 0x6e, 0x19, 0xff, 0x7f, 0x6e, 0x19, 0xff, 0x7f, 0x6f, 0x19, 0xff,
  0x7f, 0x6f, 0x19, 0xff, 0x30, 0x26, 0x12, 0xe9, 0x30, 0x26, 0x12, 0xc5, 0x30, 0x26, 0x12, 0xa0,
  0x30, 0x26, 0x12, 0x7a, 0x30, 0x26, 0x12, 0x55, 0x30, 0x26, 0x12, 0x2f, 0x30, 0x26, 0x12, 0x0a,
  0x00, 0x00, 0x00, 0x00, 0x00, 0x00, 0x00, 0x00, 0x00, 0x00, 0x00, 0x00, 0x00, 0x00, 0x00, 0x00,
  0x00, 0x00, 0x00, 0x00, 0x00, 0x00, 0x00, 0x00, 0x00, 0x00, 0x00, 0x00, 0x00, 0x00, 0x00, 0x00,
  0x00, 0x00, 0x00, 0x00, 0x00, 0x00, 0x00, 0x00, 0x00, 0x00, 0x00, 0x00, 0x00, 0x00, 0x00, 0x00,
  0x00, 0x00, 0x00, 0x00, 0x00, 0x00, 0x00, 0x00, 0x00, 0x00, 0x00, 0x00, 0x00, 0x00, 0x00, 0x00,
  0x00, 0x00, 0x00, 0x00, 0x30, 0x26, 0x12, 0x1d, 0x30, 0x26, 0x12, 0x43, 0x30, 0x26, 0x12, 0x69,
  0x30, 0x26, 0x12, 0x8e, 0x30, 0x26, 0x12, 0xb4, 0x30, 0x26, 0x12, 0xd9, 0x30, 0x26, 0x12, 0xff,
  0x7f, 0x5f, 0x19, 0xff, 0x7f, 0x5f, 0x19, 0xff, 0x7f, 0x60, 0x19, 0xff, 0x7f, 0x60, 0x19, 0xff,
  0x7f, 0x60, 0x19, 0xff, 0x7f, 0x60, 0x19, 0xff, 0x7f, 0x60, 0x19, 0xff, 0x7f, 0x61, 0x19, 0xff,
  0x7f, 0x61, 0x19, 0xff, 0x7f, 0x61, 0x19, 0xff, 0x7f, 0x61, 0x19, 0xff, 0x7f, 0x61, 0x19, 0xff,
  0x7f, 0x62, 0x19, 0xff, 0x7f, 0x62, 0x19, 0xff, 0x71, 0x71, 0xf8, 0xff, 0x71, 0x71, 0xf8, 0xff,
  0x71, 0x71, 0xf8, 0xff, 0x71, 0x71, 0xf8, 0xff, 0x71, 0x71, 0xf8, 0xff, 0x71, 0x71, 0xf8, 0xff,
  0x71, 0x71, 0xf8, 0xff, 0x71, 0x71, 0xf8, 0xff, 0x71, 0x71, 0xf8, 0xff, 0x71, 0x71, 0xf8, 0xff,
  0x7f, 0x64, 0x19, 0xff, 0x7f, 0x64, 0x19, 0xff, 0x7f, 0x64, 0x19, 0xff, 0x7f, 0x64, 0x19, 0xff,
  0x7f, 0x65, 0x19, 0xff, 0x7f, 0x65, 0x19, 0xff, 0x7f, 0x65, 0x19, 0xff, 0x7f, 0x65, 0x19, 0xff,
  0x7f, 0x65, 0x19, 0xff, 0x7f, 0x66, 0x19, 0xff, 0x7f, 0x66, 0x19, 0xff, 0x7f, 0x66, 0x19, 0xff,
  0x7f, 0x66, 0x19, 0xff, 0x7f, 0x66, 0x19, 0xff, 0x7f, 0x67, 0x19, 0xff, 0x7f, 0x67, 0x19, 0xff,
  0x7f, 0x67, 0x19, 0xff, 0x7f, 0x67, 0x19, 0xff, 0x7f, 0x67, 0x19, 0xff, 0x7f, 0x68, 0x19, 0xff,
  0x7f, 0x68, 0x19, 0xff, 0x7f, 0x68, 0x19, 0xff, 0x24, 0xbf, 0xfb, 0xe6, 0x24, 0xbf, 0xfb, 0xe6,
  0x24, 0xbf, 0xfb, 0xe6, 0x24, 0xbf, 0xfb, 0xe6, 0x24, 0xbf, 0xfb, 0xe6, 0x24, 0xbf, 0xfb, 0xe6,
  0x7f, 0x69, 0x19, 0xff, 0x7f, 0x6a, 0x19, 0xff, 0x7f, 0x6a, 0x19, 0xff, 0x7f, 0x6a, 0x19, 0xff,
  0x24, 0xbf, 0xfb, 0xe6, 0x24, 0xbf, 0xfb, 0xe6, 0x24, 0xbf, 0xfb, 0xe6, 0x24, 0xbf, 0xfb, 0xe6,
  0x24, 0xbf, 0xfb, 0xe6, 0x24, 0xbf, 0xfb, 0xe6, 0x7f, 0x6b, 0x19, 0xff, 0x7f, 0x6c, 0x19, 0xff,
  0x7f, 0x6c, 0x19, 0xff, 0x7f, 0x6c, 0x19, 0xff, 0x24, 0xbf, 0xfb, 0xe6, 0x24, 0xbf, 0xfb, 0xe6,
  0x24, 0xbf, 0xfb, 0xe6, 0x24, 0xbf, 0xfb, 0xe6, 0x24, 0xbf, 0xfb, 0xe6, 0x24, 0xbf, 0xfb, 0xe6,
  0x7f, 0x6d, 0x19, 0xff, 0x7f, 0x6d, 0x19, 0xff, 0x7f, 0x6e, 0x19, 0xff, 0x7f, 0x6e, 0x19, 0xff,
  0x7f, 0x6e, 0x19, 0xff, 0x7f, 0x6e, 0x19, 0xff, 0x7f, 0x6e, 0x19, 0xff, 0x7f, 0x6f, 0x19, 0xff,
  0x7f, 0x6f, 0x19, 0xff, 0x30, 0x26, 0x12, 0xff, 0x30, 0x26, 0x12, 0xd9, 0x30, 0x26, 0x12, 0xb4,
  0x30, 0x26, 0x12, 0x8e, 0x30, 0x26, 0x12, 0x69, 0x30, 0x26, 0x12, 0x43, 0x30, 0x26, 0x12, 0x1d,
  0x00, 0x00, 0x00, 0x00, 0x00, 0x00, 0x00, 0x00, 0x00, 0x00, 0x00, 0x00, 0x00, 0x00, 0x00, 0x00,
  0x00, 0x00, 0x00, 0x00, 0x00, 0x00, 0x00, 0x00, 0x00, 0x00, 0x00, 0x00, 0x00, 0x00, 0x00, 0x00,
  0x00, 0x00, 0x00, 0x00, 0x00, 0x00, 0x00, 0x00, 0x00, 0x00, 0x00, 0x00, 0x00, 0x00, 0x00, 0x00,
  0x00, 0x00, 0x00, 0x00, 0x00, 0x00, 0x00, 0x00, 0x00, 0x00, 0x00, 0x00, 0x00, 0x00, 0x00, 0x00,
  0x30, 0x26, 0x12, 0x08, 0x30, 0x26, 0x12, 0x2f, 0x30, 0x26, 0x12, 0x55, 0x30, 0x26, 0x12, 0x7c,
  0x30, 0x26, 0x12, 0xa2, 0x30, 0x26, 0x12, 0xc8, 0x30, 0x26, 0x12, 0xed, 0x7f, 0x5f, 0x19, 0xff,
  0x7f, 0x5f, 0x19, 0xff, 0x7f, 0x5f, 0x19, 0xff, 0x7f, 0x60, 0x19, 0xff, 0x7f, 0x60, 0x19, 0xff,
  0x7f, 0x60, 0x19, 0xff, 0x7f, 0x60, 0x19, 0xff, 0x7f, 0x60, 0x19, 0xff, 0x7f, 0x61, 0x19, 0xff,
  0x7f, 0x61, 0x19, 0xff, 0x7f, 0x61, 0x19, 0xff, 0x7f, 0x61, 0x19, 0xff, 0x7f, 0x61, 0x19, 0xff,
  0x7f, 0x62, 0x19, 0xff, 0x7f, 0x62, 0x19, 0xff, 0x71, 0x71, 0xf8, 0xff, 0x71, 0x71, 0xf8, 0xff,
  0x71, 0x71, 0xf8, 0xff, 0xd6, 0xf4, 0xff, 0xff, 0xd6, 0xf4, 0xff, 0xff, 0xd6, 0xf4, 0xff, 0xff,
  0xd6, 0xf4, 0xff, 0xff, 0x71, 0x71, 0xf8, 0xff, 0x71, 0x71, 0xf8, 0xff, 0x71, 0x71, 0xf8, 0xff,
  0x7f, 0x64, 0x19, 0xff, 0x7f, 0x64, 0x19, 0xff, 0x7f, 0x64, 0x19, 0xff, 0x7f, 0x64, 0x19, 0xff,
  0x7f, 0x65, 0x19, 0xff, 0x7f, 0x65, 0x19, 0xff, 0x7f, 0x65, 0x19, 0xff, 0x7f, 0x65, 0x19, 0xff,
  0x7f, 0x65, 0x19, 0xff, 0x7f, 0x66, 0x19, 0xff, 0x7f, 0x66, 0x19, 0xff, 0x7f, 0x66, 0x19, 0xff,
  0x7f, 0x66, 0x19, 0xff, 0x7f, 0x66, 0x19, 0xff, 0x7f, 0x67, 0x19, 0xff, 0x7f, 0x67, 0x19, 0xff,
  0x7f, 0x67, 0x19, 0xff, 0x7f, 0x67, 0x19, 0xff, 0x7f, 0x67, 0x19, 0xff, 0x7f, 0x68, 0x19, 0xff,
  0x7f, 0x68, 0x19, 0xff, 0x7f, 0x68, 0x19, 0xff, 0x24, 0xbf, 0xfb, 0xe6, 0x24, 0xbf, 0xfb, 0xe6,
  0x24, 0xbf, 0xfb, 0xe6, 0x24, 0xbf, 0xfb, 0xe6, 0x24, 0xbf, 0xfb, 0xe6, 0x24, 0xbf, 0xfb, 0xe6,
  0x7f, 0x69, 0x19, 0xff, 0x7f, 0x6a, 0x19, 0xff, 0x7f, 0x6a, 0x19, 0xff, 0x7f, 0x6a, 0x19, 0xff,
  0x24, 0xbf, 0xfb, 0xe6, 0x24, 0xbf, 0xfb, 0xe6, 0x24, 0xbf, 0xfb, 0xe6, 0x24, 0xbf, 0xfb, 0xe6,
  0x24, 0xbf, 0xfb, 0xe6, 0x24, 0xbf, 0xfb, 0xe6, 0x7f, 0x6b, 0x19, 0xff, 0x7f, 0x6c, 0x19, 0xff,
  0x7f, 0x6c, 0x19, 0xff, 0x7f, 0x6c, 0x19, 0xff, 0x24, 0xbf, 0xfb, 0xe6, 0x24, 0xbf, 0xfb, 0xe6,
  0x24, 0xbf, 0xfb, 0xe6, 0x24, 0xbf, 0xfb, 0xe6, 0x24, 0xbf, 0xfb, 0xe6, 0x24, 0xbf, 0xfb, 0xe6,
  0x7f, 0x6d, 0x19, 0xff, 0x7f, 0x6d, 0x19, 0xff, 0x7f, 0x6e, 0x19, 0xff, 0x7f, 0x6e, 0x19, 0xff,
  0x7f, 0x6e, 0x19, 0xff, 0x7f, 0x6e, 0x19, 0xff, 0x7f, 0x6e, 0x19, 0xff, 0x7f, 0x6f, 0x19, 0xff,
  0x7f, 0x6f, 0x19, 0xff, 0x7f, 0x6f, 0x19, 0xff, 0x30, 0x26, 0x12, 0xed, 0x30, 0x26, 0x12, 0xc8,
  0x30, 0x26, 0x12, 0xa2, 0x30, 0x26, 0x12, 0x7c, 0x30, 0x26, 0x12, 0x55, 0x30, 0x26, 0x12, 0x2f,
  0x30, 0x26, 0x12, 0x08, 0x00, 0x00, 0x00, 0x00, 0x00, 0x00, 0x00, 0x00, 0x00, 0x00, 0x00, 0x00,
  0x00, 0x00, 0x00, 0x00, 0x00, 0x00, 0x00, 0x00, 0x00, 0x00, 0x00, 0x00, 0x00, 0x00, 0x00, 0x00,
  0x00, 0x00, 0x00, 0x00, 0x00, 0x00, 0x00, 0x00, 0x00, 0x00, 0x00, 0x00, 0x00, 0x00, 0x00, 0x00,
  0x00, 0x00, 0x00, 0x00, 0x00, 0x00, 0x00, 0x00, 0x00, 0x00, 0x00, 0x00, 0x00, 0x00, 0x00, 0x00,
  0x30, 0x26, 0x12, 0x1a, 0x30, 0x26, 0x12, 0x41, 0x30, 0x26, 0x12, 0x67, 0x30, 0x26, 0x12, 0x8e,
  0x30, 0x26, 0x12, 0xb4, 0x30, 0x26, 0x12, 0xdb, 0x7f, 0x5f, 0x19, 0xff, 0x7f, 0x5f, 0x19, 0xff,
  0x7f, 0x5f, 0x19, 0xff, 0x7f, 0x5f, 0x19, 0xff, 0x7f, 0x60, 0x19, 0xff, 0x7f, 0x60, 0x19, 0xff,
  0x7f, 0x60, 0x19, 0xff, 0x7f, 0x60, 0x19, 0xff, 0x7f, 0x60, 0x19, 0xff, 0x7f, 0x61, 0x19, 0xff,
  0x7f, 0x61, 0x19, 0xff, 0x7f, 0x61, 0x19, 0xff, 0x7f, 0x61, 0x19, 0xff, 0x7f, 0x61, 0x19, 0xff,
  0x7f, 0x62, 0x19, 0xff, 0x7f, 0x62, 0x19, 0xff, 0x71, 0x71, 0xf8, 0xff, 0x71, 0x71, 0xf8, 0xff,
  0x71, 0x71, 0xf8, 0xff, 0xd6, 0xf4, 0xff, 0xff, 0xd6, 0xf4, 0xff, 0xff, 0xd6, 0xf4, 0xff, 0xff,
  0xd6, 0xf4, 0xff, 0xff, 0x71, 0x71, 0xf8, 0xff, 0x71, 0x71, 0xf8, 0xff, 0x71, 0x71, 0xf8, 0xff,
  0x7f, 0x64, 0x19, 0xff, 0x7f, 0x64, 0x19, 0xff, 0x7f, 0x64, 0x19, 0xff, 0x7f, 0x64, 0x19, 0xff,
  0x7f, 0x65, 0x19, 0xff, 0x7f, 0x65, 0x19, 0xff, 0x7f, 0x65, 0x19, 0xff, 0x7f, 0x65, 0x19, 0xff,
  0x7f, 0x65, 0x19, 0xff, 0x7f, 0x66, 0x19, 0xff, 0x7f, 0x66, 0x19, 0xff, 0x7f, 0x66, 0x19, 0xff,
  0x7f, 0x66, 0x19, 0xff, 0x7f, 0x66, 0x19, 0xff, 0x7f, 0x67, 0x19, 0xff, 0x7f, 0x67, 0x19, 0xff,
  0x7f, 0x67, 0x19, 0xff, 0x7f, 0x67, 0x19, 0xff, 0x7f, 0x67, 0x19, 0xff, 0x7f, 0x68, 0x19, 0xff,
  0x7f, 0x68, 0x19, 0xff, 0x7f, 0x68, 0x19, 0xff, 0x24, 0xbf, 0xfb, 0xe6, 0x24, 0xbf, 0xfb, 0xe6,
  0x24, 0xbf, 0xfb, 0xe6, 0x24, 0xbf, 0xfb, 0xe6, 0x24, 0xbf, 0xfb, 0xe6, 0x24, 0xbf, 0xfb, 0xe6,
  0x7f, 0x69, 0x19, 0xff, 0x7f, 0x6a, 0x19, 0xff, 0x7f, 0x6a, 0x19, 0xff, 0x7f, 0x6a, 0x19, 0xff,
  0x24, 0xbf, 0xfb, 0xe6, 0x24, 0xbf, 0xfb, 0xe6, 0x24, 0xbf, 0xfb, 0xe6, 0x24, 0xbf, 0xfb, 0xe6,
  0x24, 0xbf, 0xfb, 0xe6, 0x24, 0xbf, 0xfb, 0xe6, 0x7f, 0x6b, 0x19, 0xff, 0x7f, 0x6c, 0x19, 0xff,
  0x7f, 0x6c, 0x19, 0xff, 0x7f, 0x6c, 0x19, 0xff, 0x24, 0xbf, 0xfb, 0xe6, 0x24, 0xbf, 0xfb, 0xe6,
  0x24, 0xbf, 0xfb, 0xe6, 0x24, 0xbf, 0xfb, 0xe6, 0x24, 0xbf, 0xfb, 0xe6, 0x24, 0xbf, 0xfb, 0xe6,
  0x7f, 0x6d, 0x19, 0xff, 0x7f, 0x6d, 0x19, 0xff, 0x7f, 0x6e, 0x19, 0xff, 0x7f, 0x6e, 0x19, 0xff,
  0x7f, 0x6e, 0x19, 0xff, 0x7f, 0x6e, 0x19, 0xff, 0x7f, 0x6e, 0x19, 0xff, 0x7f, 0x6f, 0x19, 0xff,
  0x7f, 0x6f, 0x19, 0xff, 0x7f, 0x6f, 0x19, 0xff, 0x7f, 0x6f, 0x19, 0xff, 0x30, 0x26, 0x12, 0xdb,
  0x30, 0x26, 0x12, 0xb4, 0x30, 0x26, 0x12, 0x8e, 0x30, 0x26, 0x12, 0x67, 0x30, 0x26, 0x12, 0x41,
  0x30, 0x26, 0x12, 0x1a, 0x00, 0x00, 0x00, 0x00, 0x00, 0x00, 0x00, 0x00, 0x00, 0x00, 0x00, 0x00,
  0x00, 0x00, 0x00, 0x00, 0x00, 0x00, 0x00, 0x00, 0x00, 0x00, 0x00, 0x00, 0x00, 0x00, 0x00, 0x00,
  0x00, 0x00, 0x00, 0x00, 0x00, 0x00, 0x00, 0x00, 0x00, 0x00, 0x00, 0x00, 0x00, 0x00, 0x00, 0x00,
  0x00, 0x00, 0x00, 0x00, 0x00, 0x00, 0x00, 0x00, 0x00, 0x00, 0x00, 0x00, 0x30, 0x26, 0x12, 0x03,
  0x30, 0x26, 0x12, 0x2b, 0x30, 0x26, 0x12, 0x52, 0x30, 0x26, 0x12, 0x79, 0x30, 0x26, 0x12, 0xa0,
  0x30, 0x26, 0x12, 0xc6, 0x30, 0x26, 0x12, 0xed, 0x7e, 0x5f, 0x19, 0xff, 0x7e, 0x5f, 0x19, 0xff,
  0x7e, 0x5f, 0x19, 0xff, 0x7e, 0x5f, 0x19, 0xff, 0x7e, 0x60, 0x19, 0xff, 0x7e, 0x60, 0x19, 0xff,
  0x7e, 0x60, 0x19, 0xff, 0x7e, 0x60, 0x19, 0xff, 0x7e, 0x60, 0x19, 0xff, 0x7e, 0x61, 0x19, 0xff,
  0x7e, 0x61, 0x19, 0xff, 0x7e, 0x61, 0x19, 0xff, 0x7e, 0x61, 0x19, 0xff, 0x7e, 0x61, 0x19, 0xff,
  0x7e, 0x62, 0x19, 0xff, 0x7e, 0x62, 0x19, 0xff, 0x71, 0x71, 0xf8, 0xff, 0x71, 0x71, 0xf8, 0xff,
  0x71, 0x71, 0xf8, 0xff, 0xd6, 0xf4, 0xff, 0xff, 0xd6, 0xf4, 0xff, 0xff, 0xd6, 0xf4, 0xff, 0xff,
  0xd6, 0xf4, 0xff, 0xff, 0x71, 0x71, 0xf8, 0xff, 0x71, 0x71, 0xf8, 0xff, 0x71, 0x71, 0xf8, 0xff,
  0x7e, 0x64, 0x19, 0xff, 0x7e, 0x64, 0x19, 0xff, 0x7e, 0x64, 0x19, 0xff, 0x7e, 0x64, 0x19, 0xff,
  0x7e, 0x65, 0x19, 0xff, 0x7e, 0x65, 0x19, 0xff, 0x7e, 0x65, 0x19, 0xff, 0x7e, 0x65, 0x19, 0xff,
  0x7e, 0x65, 0x19, 0xff, 0x7e, 0x66, 0x19, 0xff, 0x7e, 0x66, 0x19, 0xff, 0x7e, 0x66, 0x19, 0xff,
  0x7e, 0x66, 0x19, 0xff, 0x7e, 0x66, 0x19, 0xff, 0x7e, 0x67, 0x19, 0xff, 0x7e, 0x67, 0x19, 0xff,
  0x7e, 0x67, 0x19, 0xff, 0x7e, 0x67, 0x19, 0xff, 0x7e, 0x67, 0x19, 0xff, 0x7e, 0x68, 0x19, 0xff,
  0x7e, 0x68, 0x19, 0xff, 0x7e, 0x68, 0x19, 0xff, 0x24, 0xbf, 0xfb, 0xe6, 0x24, 0xbf, 0xfb, 0xe6,
  0x24, 0xbf, 0xfb, 0xe6, 0x24, 0xbf, 0xfb, 0xe6, 0x24, 0xbf, 0xfb, 0xe6, 0x24, 0xbf, 0xfb, 0xe6,
  0x7e, 0x69, 0x19, 0xff, 0x7e, 0x6a, 0x19, 0xff, 0x7e, 0x6a, 0x19, 0xff, 0x7e, 0x6a, 0x19, 0xff,
  0x24, 0xbf, 0xfb, 0xe6, 0x24, 0xbf, 0xfb, 0xe6, 0x24, 0xbf, 0xfb, 0xe6, 0x24, 0xbf, 0xfb, 0xe6,
  0x24, 0xbf, 0xfb, 0xe6, 0x24, 0xbf, 0xfb, 0xe6, 0x7e, 0x6b, 0x19, 0xff, 0x7e, 0x6c, 0x19, 0xff,
  0x7e, 0x6c, 0x19, 0xff, 0x7e, 0x6c, 0x19, 0xff, 0x24, 0xbf, 0xfb, 0xe6, 0x24, 0xbf, 0xfb, 0xe6,
  0x24, 0xbf, 0xfb, 0xe6, 0x24, 0xbf, 0xfb, 0xe6, 0x24, 0xbf, 0xfb, 0xe6, 0x24, 0xbf, 0xfb, 0xe6,
  0x7e, 0x6d, 0x19, 0xff, 0x7e, 0x6d, 0x19, 0xff, 0x7e, 0x6e, 0x19, 0xff, 0x7e, 0x6e, 0x19, 0xff,
  0x7e, 0x6e, 0x19, 0xff, 0x7e, 0x6e, 0x19, 0xff, 0x7e, 0x6e, 0x19, 0xff, 0x7e, 0x6f, 0x19, 0xff,
  0x7e, 0x6f, 0x19, 0xff, 0x7e, 0x6f, 0x19, 0xff, 0x7e, 0x6f, 0x19, 0xff, 0x30, 0x26, 0x12, 0xed,
  0x30, 0x26, 0x12, 0xc6, 0x30, 0x26, 0x12, 0xa0, 0x30, 0x26, 0x12, 0x79, 0x30, 0x26, 0x12, 0x52,
  0x30, 0x26, 0x12, 0x2b, 0x30, 0x26, 0x12, 0x03, 0x00, 0x00, 0x00, 0x00, 0x00, 0x00, 0x00, 0x00,
  0x00, 0x00, 0x00, 0x00, 0x00, 0x00, 0x00, 0x00, 0x00, 0x00, 0x00, 0x00, 0x00, 0x00, 0x00, 0x00,
  0x00, 0x00, 0x00, 0x00, 0x00, 0x00, 0x00, 0x00, 0x00, 0x00, 0x00, 0x00, 0x00, 0x00, 0x00, 0x00,
  0x00, 0x00, 0x00, 0x00, 0x00, 0x00, 0x00, 0x00, 0x00, 0x00, 0x00, 0x00, 0x30, 0x26, 0x12, 0x13,
  0x30, 0x26, 0x12, 0x3a, 0x30, 0x26, 0x12, 0x62, 0x30, 0x26, 0x12, 0x89, 0x30, 0x26, 0x12, 0xb1,
  0x30, 0x26, 0x12, 0xd8, 0x30, 0x26, 0x12, 0xff, 0x7e, 0x5f, 0x19, 0xff, 0x7e, 0x5f, 0x19, 0xff,
  0x7e, 0x5f, 0x19, 0xff, 0x7e, 0x5f, 0x19, 0xff, 0x7e, 0x60, 0x19, 0xff, 0x7e, 0x60, 0x19, 0xff,
  0x7e, 0x60, 0x19, 0xff, 0x7e, 0x60, 0x19, 0xff, 0x7e, 0x60, 0x19, 0xff, 0x7e, 0x61, 0x19, 0xff,
  0x7e, 0x61, 0x19, 0xff, 0x7e, 0x61, 0x19, 0xff, 0x7e, 0x61, 0x19, 0xff, 0x7e, 0x61, 0x19, 0xff,
  0x7e, 0x62, 0x19, 0xff, 0x7e, 0x62, 0x19, 0xff, 0x71, 0x71, 0xf8, 0xff, 0x71, 0x71, 0xf8, 0xff,
  0x71, 0x71, 0xf8, 0xff, 0xd6, 0xf4, 0xff, 0xff, 0xd6, 0xf4, 0xff, 0xff, 0xd6, 0xf4, 0xff, 0xff,
  0xd6, 0xf4, 0xff, 0xff, 0x71, 0x71, 0xf8, 0xff, 0x71, 0x71, 0xf8, 0xff, 0x71, 0x71, 0xf8, 0xff,
  0x7e, 0x64, 0x19, 0xff, 0x7e, 0x64, 0x19, 0xff, 0x7e, 0x64, 0x19, 0xff, 0x7e, 0x64, 0x19, 0xff,
  0x7e, 0x65, 0x19, 0xff, 0x7e, 0x65, 0x19, 0xff, 0x7e, 0x65, 0x19, 0xff, 0x7e, 0x65, 0x19, 0xff,
  0x7e, 0x65, 0x19, 0xff, 0x7e, 0x66, 0x19, 0xff, 0x7e, 0x66, 0x19, 0xff, 0x7e, 0x66, 0x19, 0xff,
  0x7e, 0x66, 0x19, 0xff, 0x7e, 0x66, 0x19, 0xff, 0x7e, 0x67, 0x19, 0xff, 0x7e, 0x67, 0x19, 0xff,
  0x7e, 0x67, 0x19, 0xff, 0x7e, 0x67, 0x19, 0xff, 0x7e, 0x67, 0x19, 0xff, 0x7e, 0x68, 0x19, 0xff,
  0x7e, 0x68, 0x19, 0xff, 0x7e, 0x68, 0x19, 0xff, 0x24, 0xbf, 0xfb, 0xe6, 0x24, 0xbf, 0xfb, 0xe6,
  0x24, 0xbf, 0xfb, 0xe6, 0x24, 0xbf, 0xfb, 0xe6, 0x24, 0xbf, 0xfb, 0xe6, 0x24, 0xbf, 0xfb, 0xe6,
  0x7e, 0x69, 0x19, 0xff, 0x7e, 0x6a, 0x19, 0xff, 0x7e, 0x6a, 0x19, 0xff, 0x7e, 0x6a, 0x19, 0xff,
  0x24, 0xbf, 0xfb, 0xe6, 0x24, 0xbf, 0xfb, 0xe6, 0x24, 0xbf, 0xfb, 0xe6, 0x24, 0xbf, 0xfb, 0xe6,
  0x24, 0xbf, 0xfb, 0xe6, 0x24, 0xbf, 0xfb, 0xe6, 0x7e, 0x6b, 0x19, 0xff, 0x7e, 0x6c, 0x19, 0xff,
  0x7e, 0x6c, 0x19, 0xff, 0x7e, 0x6c, 0x19, 0xff, 0x24, 0xbf, 0xfb, 0xe6, 0x24, 0xbf, 0xfb, 0xe6,
  0x24, 0xbf, 0xfb, 0xe6, 0x24, 0xbf, 0xfb, 0xe6, 0x24, 0xbf, 0xfb, 0xe6, 0x24, 0xbf, 0xfb, 0xe6,
  0x7e, 0x6d, 0x19, 0xff, 0x7e, 0x6d, 0x19, 0xff, 0x7e, 0x6e, 0x19, 0xff, 0x7e, 0x6e, 0x19, 0xff,
  0x7e, 0x6e, 0x19, 0xff, 0x7e, 0x6e, 0x19, 0xff, 0x7e, 0x6e, 0x19, 0xff, 0x7e, 0x6f, 0x19, 0xff,
  0x7e, 0x6f, 0x19, 0xff, 0x7e, 0x6f, 0x19, 0xff, 0x7e, 0x6f, 0x19, 0xff, 0x30, 0x26, 0x12, 0xff,
  0x30, 0x26, 0x12, 0xd8, 0x30, 0x26, 0x12, 0xb1, 0x30, 0x26, 0x12, 0x89, 0x30, 0x26, 0x12, 0x62,
  0x30, 0x26, 0x12, 0x3a, 0x30, 0x26, 0x12, 0x13, 0x00, 0x00, 0x00, 0x00, 0x00, 0x00, 0x00, 0x00,
  0x00, 0x00, 0x00, 0x00, 0x00, 0x00, 0x00, 0x00, 0x00, 0x00, 0x00, 0x00, 0x00, 0x00, 0x00, 0x00,
  0x00, 0x00, 0x00, 0x00, 0x00, 0x00, 0x00, 0x00, 0x00, 0x00, 0x00, 0x00, 0x00, 0x00, 0x00, 0x00,
  0x00, 0x00, 0x00, 0x00, 0x00, 0x00, 0x00, 0x00, 0x00, 0x00, 0x00, 0x00, 0x30, 0x26, 0x12, 0x22,
  0x30, 0x26, 0x12, 0x4a, 0x30, 0x26, 0x12, 0x72, 0x30, 0x26, 0x12, 0x99, 0x30, 0x26, 0x12, 0xc1,
  0x30, 0x26, 0x12, 0xe8, 0x7e, 0x5f, 0x19, 0xff, 0x7e, 0x5f, 0x19, 0xff, 0x7e, 0x5f, 0x19, 0xff,
  0x7e, 0x5f, 0x19, 0xff, 0x7e, 0x5f, 0x19, 0xff, 0x7e, 0x60, 0x19, 0xff, 0x7e, 0x60, 0x19, 0xff,
  0x7e, 0x60, 0x19, 0xff, 0x7e, 0x60, 0x19, 0xff, 0x7e, 0x60, 0x19, 0xff, 0x7e, 0x61, 0x19, 0xff,
  0x7e, 0x61, 0x19, 0xff, 0x7e, 0x61, 0x19, 0xff, 0x7e, 0x61, 0x19, 0xff, 0x7e, 0x61, 0x19, 0xff,
  0x7e, 0x62, 0x19, 0xff, 0x7e, 0x62, 0x19, 0xff, 0x71, 0x71, 0xf8, 0xff, 0x71, 0x71, 0xf8, 0xff,
  0x71, 0x71, 0xf8, 0xff, 0xd6, 0xf4, 0xff, 0xff, 0xd6, 0xf4, 0xff, 0xff, 0xd6, 0xf4, 0xff, 0xff,
  0xd6, 0xf4, 0xff, 0xff, 0x71, 0x71, 0xf8, 0xff, 0x71, 0x71, 0xf8, 0xff, 0x71, 0x71, 0xf8, 0xff,
  0x7e, 0x64, 0x19, 0xff, 0x7e, 0x64, 0x19, 0xff, 0x7e, 0x64, 0x19, 0xff, 0x7e, 0x64, 0x19, 0xff,
  0x7e, 0x65, 0x19, 0xff, 0x7e, 0x65, 0x19, 0xff, 0x7e, 0x65, 0x19, 0xff, 0x7e, 0x65, 0x19, 0xff,
  0x7e, 0x65, 0x19, 0xff, 0x7e, 0x66, 0x19, 0xff, 0x7e, 0x66, 0x19, 0xff, 0x7e, 0x66, 0x19, 0xff,
  0x7e, 0x66, 0x19, 0xff, 0x7e, 0x66, 0x19, 0xff, 0x7e, 0x67, 0x19, 0xff, 0x7e, 0x67, 0x19, 0xff,
  0x7e, 0x67, 0x19, 0xff, 0x7e, 0x67, 0x19, 0xff, 0x7e, 0x67, 0x19, 0xff, 0x7e, 0x68, 0x19, 0xff,
  0x7e, 0x68, 0x19, 0xff, 0x7e, 0x68, 0x19, 0xff, 0x24, 0xbf, 0xfb, 0xe6, 0x24, 0xbf, 0xfb, 0xe6,
  0x24, 0xbf, 0xfb, 0xe6, 0x24, 0xbf, 0xfb, 0xe6, 0x24, 0xbf, 0xfb, 0xe6, 0x24, 0xbf, 0xfb, 0xe6,
  0x7e, 0x69, 0x19, 0xff, 0x7e, 0x6a, 0x19, 0xff, 0x7e, 0x6a, 0x19, 0xff, 0x7e, 0x6a, 0x19, 0xff,
  0x24, 0xbf, 0xfb, 0xe6, 0x24, 0xbf, 0xfb, 0xe6, 0x24, 0xbf, 0xfb, 0xe6, 0x24, 0xbf, 0xfb, 0xe6,
  0x24, 0xbf, 0xfb, 0xe6, 0x24, 0xbf, 0xfb, 0xe6, 0x7e, 0x6b, 0x19, 0xff, 0x7e, 0x6c, 0x19, 0xff,
  0x7e, 0x6c, 0x19, 0xff, 0x7e, 0x6c, 0x19, 0xff, 0x24, 0xbf, 0xfb, 0xe6, 0x24, 0xbf, 0xfb, 0xe6,
  0x24, 0xbf, 0xfb, 0xe6, 0x24, 0xbf, 0xfb, 0xe6, 0x24, 0xbf, 0xfb, 0xe6, 0x24, 0xbf, 0xfb, 0xe6,
  0x7e, 0x6d, 0x19, 0xff, 0x7e, 0x6d, 0x19, 0xff, 0x7e, 0x6e, 0x19, 0xff, 0x7e, 0x6e, 0x19, 0xff,
  0x7e, 0x6e, 0x19, 0xff, 0x7e, 0x6e, 0x19, 0xff, 0x7e, 0x6e, 0x19, 0xff, 0x7e, 0x6f, 0x19, 0xff,
  0x7e, 0x6f, 0x19, 0xff, 0x7e, 0x6f, 0x19, 0xff, 0x7e, 0x6f, 0x19, 0xff, 0x7e, 0x6f, 0x19, 0xff,
  0x30, 0x26, 0x12, 0xe8, 0x30, 0x26, 0x12, 0xc1, 0x30, 0x26, 0x12, 0x99, 0x30, 0x26, 0x12, 0x72,
  0x30, 0x26, 0x12, 0x4a, 0x30, 0x26, 0x12, 0x22, 0x00, 0x00, 0x00, 0x00, 0x00, 0x00, 0x00, 0x00,
  0x00, 0x00, 0x00, 0x00, 0x00, 0x00, 0x00, 0x00, 0x00, 0x00, 0x00, 0x00, 0x00, 0x00, 0x00, 0x00,
  0x00, 0x00, 0x00, 0x00, 0x00, 0x00, 0x00, 0x00, 0x00, 0x00, 0x00, 0x00, 0x00, 0x00, 0x00, 0x00,
  0x00, 0x00, 0x00, 0x00, 0x00, 0x00, 0x00, 0x00, 0x30, 0x26, 0x12, 0x08, 0x30, 0x26, 0x12, 0x30,
  0x30, 0x26, 0x12, 0x58, 0x30, 0x26, 0x12, 0x80, 0x30, 0x26, 0x12, 0xa8, 0x30, 0x26, 0x12, 0xd0,
  0x30, 0x26, 0x12, 0xf8, 0x7e, 0x5f, 0x19, 0xff, 0x7e, 0x5f, 0x19, 0xff, 0x7e, 0x5f, 0x19, 0xff,
  0x7e, 0x5f, 0x19, 0xff, 0x7e, 0x5f, 0x19, 0xff, 0x7e, 0x60, 0x19, 0xff, 0x7e, 0x60, 0x19, 0xff,
  0x7e, 0x60, 0x19, 0xff, 0x7e, 0x60, 0x19, 0xff, 0x7e, 0x60, 0x19, 0xff, 0x7e, 0x61, 0x19, 0xff,
  0x7e, 0x61, 0x19, 0xff, 0x7e, 0x61, 0x19, 0xff, 0x7e, 0x61, 0x19, 0xff, 0x7e, 0x61, 0x19, 0xff,
  0x7e, 0x62, 0x19, 0xff, 0x7e, 0x62, 0x19, 0xff, 0x71, 0x71, 0xf8, 0xff, 0x71, 0x71, 0xf8, 0xff,
  0x71, 0x71, 0xf8, 0xff, 0xd6, 0xf4, 0xff, 0xff, 0xd6, 0xf4, 0xff, 0xff, 0xd6, 0xf4, 0xff, 0xff,
  0xd6, 0xf4, 0xff, 0xff, 0x71, 0x71, 0xf8, 0xff, 0x71, 0x71, 0xf8, 0xff, 0x71, 0x71, 0xf8, 0xff,
  0x7e, 0x64, 0x19, 0xff, 0x7e, 0x64, 0x19, 0xff, 0x7e, 0x64, 0x19, 0xff, 0x7e, 0x64, 0x19, 0xff,
  0x7e, 0x65, 0x19, 0xff, 0x7e, 0x65, 0x19, 0xff, 0x7e, 0x65, 0x19, 0xff, 0x7e, 0x65, 0x19, 0xff,
  0x7e, 0x65, 0x19, 0xff, 0x7e, 0x66, 0x19, 0xff, 0x7e, 0x66, 0x19, 0xff, 0x7e, 0x66, 0x19, 0xff,
  0x7e, 0x66, 0x19, 0xff, 0x7e, 0x66, 0x19, 0xff, 0x7e, 0x67, 0x19, 0xff, 0x7e, 0x67, 0x19, 0xff,
  0x7e, 0x67, 0x19, 0xff, 0x7e, 0x67, 0x19, 0xff, 0x7e, 0x67, 0x19, 0xff, 0x7e, 0x68, 0x19, 0xff,
  0x7e, 0x68, 0x19, 0xff, 0x7e, 0x68, 0x19, 0xff, 0x24, 0xbf, 0xfb, 0xe6, 0x24, 0xbf, 0xfb, 0xe6,
  0x24, 0xbf, 0xfb, 0xe6, 0x24, 0xbf, 0xfb, 0xe6, 0x24, 0xbf, 0xfb, 0xe6, 0x24, 0xbf, 0xfb, 0xe6,
  0x7e, 0x69, 0x19, 0xff, 0x7e, 0x6a, 0x19, 0xff, 0x7e, 0x6a, 0x19, 0xff, 0x7e, 0x6a, 0x19, 0xff,
  0x24, 0xbf, 0xfb, 0xe6, 0x24, 0xbf, 0xfb, 0xe6, 0x24, 0xbf, 0xfb, 0xe6, 0x24, 0xbf, 0xfb, 0xe6,
  0x24, 0xbf, 0xfb, 0xe6, 0x24, 0xbf, 0xfb, 0xe6, 0x7e, 0x6b, 0x19, 0xff, 0x7e, 0x6c, 0x19, 0xff,
  0x7e, 0x6c, 0x19, 0xff, 0x7e, 0x6c, 0x19, 0xff, 0x24, 0xbf, 0xfb, 0xe6, 0x24, 0xbf, 0xfb, 0xe6,
  0x24, 0xbf, 0xfb, 0xe6, 0x24, 0xbf, 0xfb, 0xe6, 0x24, 0xbf, 0xfb, 0xe6, 0x24, 0xbf, 0xfb, 0xe6,
  0x7e, 0x6d, 0x19, 0xff, 0x7e, 0x6d, 0x19, 0xff, 0x7e, 0x6e, 0x19, 0xff, 0x7e, 0x6e, 0x19, 0xff,
  0x7e, 0x6e, 0x19, 0xff, 0x7e, 0x6e, 0x19, 0xff, 0x7e, 0x6e, 0x19, 0xff, 0x7e, 0x6f, 0x19, 0xff,
  0x7e, 0x6f, 0x19, 0xff, 0x7e, 0x6f, 0x19, 0xff, 0x7e, 0x6f, 0x19, 0xff, 0x7e, 0x6f, 0x19, 0xff,
  0x30, 0x26, 0x12, 0xf8, 0x30, 0x26, 0x12, 0xd0, 0x30, 0x26, 0x12, 0xa8, 0x30, 0x26, 0x12, 0x80,
  0x30, 0x26, 0x12, 0x58, 0x30, 0x26, 0x12, 0x30, 0x30, 0x26, 0x12, 0x08, 0x00, 0x00, 0x00, 0x00,
  0x00, 0x00, 0x00, 0x00, 0x00, 0x00, 0x00, 0x00, 0x00, 0x00, 0x00, 0x00, 0x00, 0x00, 0x00, 0x00,
  0x00, 0x00, 0x00, 0x00, 0x00, 0x00, 0x00, 0x00, 0x00, 0x00, 0x00, 0x00, 0x00, 0x00, 0x00, 0x00,
  0x00, 0x00, 0x00, 0x00, 0x00, 0x00, 0x00, 0x00, 0x30, 0x26, 0x12, 0x15, 0x30, 0x26, 0x12, 0x3e,
  0x30, 0x26, 0x12, 0x66, 0x30, 0x26, 0x12, 0x8e, 0x30, 0x26, 0x12, 0xb7, 0x30, 0x26, 0x12, 0xdf,
  0x7d, 0x5e, 0x1a, 0xff, 0x7d, 0x5f, 0x1a, 0xff, 0x7d, 0x5f, 0x1a, 0xff, 0x7d, 0x5f, 0x1a, 0xff,
  0x7d, 0x5f, 0x1a, 0xff, 0x7d, 0x5f, 0x1a, 0xff, 0x7d, 0x60, 0x1a, 0xff, 0x7d, 0x60, 0x1a, 0xff,
  0x7d, 0x60, 0x1a, 0xff, 0x7d, 0x60, 0x1a, 0xff, 0x7d, 0x60, 0x1a, 0xff, 0x7d, 0x61, 0x1a, 0xff,
  0x7d, 0x61, 0x1a, 0xff, 0x7d, 0x61, 0x1a, 0xff, 0x7d, 0x61, 0x1a, 0xff, 0x7d, 0x61, 0x1a, 0xff,
  0x7d, 0x62, 0x1a, 0xff, 0x7d, 0x62, 0x1a, 0xff, 0x71, 0x71, 0xf8, 0xff, 0x71, 0x71, 0xf8, 0xff,
  0x71, 0x71, 0xf8, 0xff, 0xd6, 0xf4, 0xff, 0xff, 0xd6, 0xf4, 0xff, 0xff, 0xd6, 0xf4, 0xff, 0xff,
  0xd6, 0xf4, 0xff, 0xff, 0x71, 0x71, 0xf8, 0xff, 0x71, 0x71, 0xf8, 0xff, 0x71, 0x71, 0xf8, 0xff,
  0x7d, 0x64, 0x1a, 0xff, 0x7d, 0x64, 0x1a, 0xff, 0x7d, 0x64, 0x1a, 0xff, 0x7d, 0x64, 0x1a, 0xff,
  0x7d, 0x65, 0x1a, 0xff, 0x7d, 0x65, 0x1a, 0xff, 0x7d, 0x65, 0x1a, 0xff, 0x7d, 0x65, 0x1a, 0xff,
  0x7d, 0x65, 0x1a, 0xff, 0x7d, 0x66, 0x1a, 0xff, 0x7d, 0x66, 0x1a, 0xff, 0x7d, 0x66, 0x1a, 0xff,
  0x7d, 0x66, 0x1a, 0xff, 0x7d, 0x66, 0x1a, 0xff, 0x7d, 0x67, 0x1a, 0xff, 0x7d, 0x67, 0x1a, 0xff,
  0x7d, 0x67, 0x1a, 0xff, 0x7d, 0x67, 0x1a, 0xff, 0x7d, 0x67, 0x1a, 0xff, 0x7d, 0x68, 0x1a, 0xff,
  0x7d, 0x68, 0x1a, 0xff, 0x7d, 0x68, 0x1a, 0xff, 0x24, 0xbf, 0xfb, 0xe6, 0x24, 0xbf, 0xfb, 0xe6,
  0x24, 0xbf, 0xfb, 0xe6, 0x24, 0xbf, 0xfb, 0xe6, 0x24, 0xbf, 0xfb, 0xe6, 0x24, 0xbf, 0xfb, 0xe6,
  0x7d, 0x69, 0x1a, 0xff, 0x7d, 0x6a, 0x1a, 0xff, 0x7d, 0x6a, 0x1a, 0xff, 0x7d, 0x6a, 0x1a, 0xff,
  0x24, 0xbf, 0xfb, 0xe6, 0x24, 0xbf, 0xfb, 0xe6, 0x24, 0xbf, 0xfb, 0xe6, 0x24, 0xbf, 0xfb, 0xe6,
  0x24, 0xbf, 0xfb, 0xe6, 0x24, 0xbf, 0xfb, 0xe6, 0x7d, 0x6b, 0x1a, 0xff, 0x7d, 0x6c, 0x1a, 0xff,
  0x7d, 0x6c, 0x1a, 0xff, 0x7d, 0x6c, 0x1a, 0xff, 0x24, 0xbf, 0xfb, 0xe6, 0x24, 0xbf, 0xfb, 0xe6,
  0x24, 0xbf, 0xfb, 0xe6, 0x24, 0xbf, 0xfb, 0xe6, 0x24, 0xbf, 0xfb, 0xe6, 0x24, 0xbf, 0xfb, 0xe6,
  0x7d, 0x6d, 0x1a, 0xff, 0x7d, 0x6d, 0x1a, 0xff, 0x7d, 0x6e, 0x1a, 0xff, 0x7d, 0x6e, 0x1a, 0xff,
  0x7d, 0x6e, 0x1a, 0xff, 0x7d, 0x6e, 0x1a, 0xff, 0x7d, 0x6e, 0x1a, 0xff, 0x7d, 0x6f, 0x1a, 0xff,
  0x7d, 0x6f, 0x1a, 0xff, 0x7d, 0x6f, 0x1a, 0xff, 0x7d, 0x6f, 0x1a, 0xff, 0x7d, 0x6f, 0x1a, 0xff,
  0x7d, 0x70, 0x1a, 0xff, 0x30, 0x26, 0x12, 0xdf, 0x30, 0x26, 0x12, 0xb7, 0x30, 0x26, 0x12, 0x8e,
  0x30, 0x26, 0x12, 0x66, 0x30, 0x26, 0x12, 0x3e, 0x30, 0x26, 0x12, 0x15, 0x00, 0x00, 0x00, 0x00,
  0x00, 0x00, 0x00, 0x00, 0x00, 0x00, 0x00, 0x00, 0x00, 0x00, 0x00, 0x00, 0x00, 0x00, 0x00, 0x00,
  0x00, 0x00, 0x00, 0x00, 0x00, 0x00, 0x00, 0x00, 0x00, 0x00, 0x00, 0x00, 0x00, 0x00, 0x00, 0x00,
  0x00, 0x00, 0x00, 0x00, 0x00, 0x00, 0x00, 0x00, 0x30, 0x26, 0x12, 0x22, 0x30, 0x26, 0x12, 0x4b,
  0x30, 0x26, 0x12, 0x73, 0x30, 0x26, 0x12, 0x9c, 0x30, 0x26, 0x12, 0xc4, 0x30, 0x26, 0x12, 0xed,
  0x7d, 0x5e, 0x1a, 0xff, 0x7d, 0x5f, 0x1a, 0xff, 0x7d, 0x5f, 0x1a, 0xff, 0x7d, 0x5f, 0x1a, 0xff,
  0x7d, 0x5f, 0x1a, 0xff, 0x7d, 0x5f, 0x1a, 0xff, 0x7d, 0x60, 0x1a, 0xff, 0x7d, 0x60, 0x1a, 0xff,
  0x7d, 0x60, 0x1a, 0xff, 0x7d, 0x60, 0x1a, 0xff, 0x7d, 0x60, 0x1a, 0xff, 0x7d, 0x61, 0x1a, 0xff,
  0x7d, 0x61, 0x1a, 0xff, 0x7d, 0x61, 0x1a, 0xff, 0x7d, 0x61, 0x1a, 0xff, 0x7d, 0x61, 0x1a, 0xff,
  0x7d, 0x62, 0x1a, 0xff, 0x7d, 0x62, 0x1a, 0xff, 0x71, 0x71, 0xf8, 0xff, 0x71, 0x71, 0xf8, 0xff,
  0x71, 0x71, 0xf8, 0xff, 0xd6, 0xf4, 0xff, 0xff, 0xd6, 0xf4, 0xff, 0xff, 0xd6, 0xf4, 0xff, 0xff,
  0xd6, 0xf4, 0xff, 0xff, 0x71, 0x71, 0xf8, 0xff, 0x71, 0x71, 0xf8, 0xff, 0x71, 0x71, 0xf8, 0xff,
  0x7d, 0x64, 0x1a, 0xff, 0x7d, 0x64, 0x1a, 0xff, 0x7d, 0x64, 0x1a, 0xff, 0x7d, 0x64, 0x1a, 0xff,
  0x7d, 0x65, 0x1a, 0xff, 0x7d, 0x65, 0x1a, 0xff, 0x7d, 0x65, 0x1a, 0xff, 0x7d, 0x65, 0x1a, 0xff,
  0x7d, 0x65, 0x1a, 0xff, 0x7d, 0x66, 0x1a, 0xff, 0x7d, 0x66, 0x1a, 0xff, 0x7d, 0x66, 0x1a, 0xff,
  0x7d, 0x66, 0x1a, 0xff, 0x7d, 0x66, 0x1a, 0xff, 0x7d, 0x67, 0x1a, 0xff, 0x7d, 0x67, 0x1a, 0xff,
  0x7d, 0x67, 0x1a, 0xff, 0x7d, 0x67, 0x1a, 0xff, 0x7d, 0x67, 0x1a, 0xff, 0x7d, 0x68, 0x1a, 0xff,
  0x7d, 0x68, 0x1a, 0xff, 0x7d, 0x68, 0x1a, 0xff, 0x24, 0xbf, 0xfb, 0xe6, 0x24, 0xbf, 0xfb, 0xe6,
  0x24, 0xbf, 0xfb, 0xe6, 0x24, 0xbf, 0xfb, 0xe6, 0x24, 0xbf, 0xfb, 0xe6, 0x24, 0xbf, 0xfb, 0xe6,
  0x7d, 0x69, 0x1a, 0xff, 0x7d, 0x6a, 0x1a, 0xff, 0x7d, 0x6a, 0x1a, 0xff, 0x7d, 0x6a, 0x1a, 0xff,
  0x24, 0xbf, 0xfb, 0xe6, 0x24, 0xbf, 0xfb, 0xe6, 0x24, 0xbf, 0xfb, 0xe6, 0x24, 0xbf, 0xfb, 0xe6,
  0x24, 0xbf, 0xfb, 0xe6, 0x24, 0xbf, 0xfb, 0xe6, 0x7d, 0x6b, 0x1a, 0xff, 0x7d, 0x6c, 0x1a, 0xff,
  0x7d, 0x6c, 0x1a, 0xff, 0x7d, 0x6c, 0x1a, 0xff, 0x24, 0xbf, 0xfb, 0xe6, 0x24, 0xbf, 0xfb, 0xe6,
  0x24, 0xbf, 0xfb, 0xe6, 0x24, 0xbf, 0xfb, 0xe6, 0x24, 0xbf, 0xfb, 0xe6, 0x24, 0xbf, 0xfb, 0xe6,
  0x7d, 0x6d, 0x1a, 0xff, 0x7d, 0x6d, 0x1a, 0xff, 0x7d, 0x6e, 0x1a, 0xff, 0x7d, 0x6e, 0x1a, 0xff,
  0x7d, 0x6e, 0x1a, 0xff, 0x7d, 0x6e, 0x1a, 0xff, 0x7d, 0x6e, 0x1a, 0xff, 0x7d, 0x6f, 0x1a, 0xff,
  0x7d, 0x6f, 0x1a, 0xff, 0x7d, 0x6f, 0x1a, 0xff, 0x7d, 0x6f, 0x1a, 0xff, 0x7d, 0x6f, 0x1a, 0xff,
  0x7d, 0x70, 0x1a, 0xff, 0x30, 0x26, 0x12, 0xed, 0x30, 0x26, 0x12, 0xc4, 0x30, 0x26, 0x12, 0x9c,
  0x30, 0x26, 0x12, 0x73, 0x30, 0x26, 0x12, 0x4b, 0x30, 0x26, 0x12, 0x22, 0x00, 0x00, 0x00, 0x00,
  0x00, 0x00, 0x00, 0x00, 0x00, 0x00, 0x00, 0x00, 0x00, 0x00, 0x00, 0x00, 0x00, 0x00, 0x00, 0x00,
  0x00, 0x00, 0x00, 0x00, 0x00, 0x00, 0x00, 0x00, 0x00, 0x00, 0x00, 0x00, 0x00, 0x00, 0x00, 0x00,
  0x00, 0x00, 0x00, 0x00, 0x30, 0x26, 0x12, 0x05, 0x30, 0x26, 0x12, 0x2e, 0x30, 0x26, 0x12, 0x57,
  0x30, 0x26, 0x12, 0x80, 0x30, 0x26, 0x12, 0xa8, 0x30, 0x26, 0x12, 0xd1, 0x30, 0x26, 0x12, 0xfa,
  0x7d, 0x5e, 0x1a, 0xff, 0x7d, 0x5f, 0x1a, 0xff, 0x7d, 0x5f, 0x1a, 0xff, 0x7d, 0x5f, 0x1a, 0xff,
  0x7d, 0x5f, 0x1a, 0xff, 0x7d, 0x5f, 0x1a, 0xff, 0x7d, 0x60, 0x1a, 0xff, 0x7d, 0x60, 0x1a, 0xff,
  0x7d, 0x60, 0x1a, 0xff, 0x7d, 0x60, 0x1a, 0xff, 0x7d, 0x60, 0x1a, 0xff, 0x7d, 0x61, 0x1a, 0xff,
  0x7d, 0x61, 0x1a, 0xff, 0x7d, 0x61, 0x1a, 0xff, 0x7d, 0x61, 0x1a, 0xff, 0x7d, 0x61, 0x1a, 0xff,
  0x7d, 0x62, 0x1a, 0xff, 0x7d, 0x62, 0x1a, 0xff, 0x71, 0x71, 0xf8, 0xff, 0x71, 0x71, 0xf8, 0xff,
  0x71, 0x71, 0xf8, 0xff, 0xd6, 0xf4, 0xff, 0xff, 0xd6, 0xf4, 0xff, 0xff, 0xd6, 0xf4, 0xff, 0xff,
  0xd6, 0xf4, 0xff, 0xff, 0x71, 0x71, 0xf8, 0xff, 0x71, 0x71, 0xf8, 0xff, 0x71, 0x71, 0xf8, 0xff,
  0x7d, 0x64, 0x1a, 0xff, 0x7d, 0x64, 0x1a, 0xff, 0x7d, 0x64, 0x1a, 0xff, 0x7d, 0x64, 0x1a, 0xff,
  0x7d, 0x65, 0x1a, 0xff, 0x7d, 0x65, 0x1a, 0xff, 0x7d, 0x65, 0x1a, 0xff, 0x7d, 0x65, 0x1a, 0xff,
  0x7d, 0x65, 0x1a, 0xff, 0x7d, 0x66, 0x1a, 0xff, 0x7d, 0x66, 0x1a, 0xff, 0x7d, 0x66, 0x1a, 0xff,
  0x7d, 0x66, 0x1a, 0xff, 0x7d, 0x66, 0x1a, 0xff, 0x7d, 0x67, 0x1a, 0xff, 0x7d, 0x67, 0x1a, 0xff,
  0x7d, 0x67, 0x1a, 0xff, 0x7d, 0x67, 0x1a, 0xff, 0x7d, 0x67, 0x1a, 0xff, 0x7d, 0x68, 0x1a, 0xff,
  0x7d, 0x68, 0x1a, 0xff, 0x7d, 0x68, 0x1a, 0xff, 0x24, 0xbf, 0xfb, 0xe6, 0x24, 0xbf, 0xfb, 0xe6,
  0x24, 0xbf, 0xfb, 0xe6, 0x24, 0xbf, 0xfb, 0xe6, 0x24, 0xbf, 0xfb, 0xe6, 0x24, 0xbf, 0xfb, 0xe6,
  0x7d, 0x69, 0x1a, 0xff, 0x7d, 0x6a, 0x1a, 0xff, 0x7d, 0x6a, 0x1a, 0xff, 0x7d, 0x6a, 0x1a, 0xff,
  0x24, 0xbf, 0xfb, 0xe6, 0x24, 0xbf, 0xfb, 0xe6, 0x24, 0xbf, 0xfb, 0xe6, 0x24, 0xbf, 0xfb, 0xe6,
  0x24, 0xbf, 0xfb, 0xe6, 0x24, 0xbf, 0xfb, 0xe6, 0x7d, 0x6b, 0x1a, 0xff, 0x7d, 0x6c, 0x1a, 0xff,
  0x7d, 0x6c, 0x1a, 0xff, 0x7d, 0x6c, 0x1a, 0xff, 0x24, 0xbf, 0xfb, 0xe6, 0x24, 0xbf, 0xfb, 0xe6,
  0x24, 0xbf, 0xfb, 0xe6, 0x24, 0xbf, 0xfb, 0xe6, 0x24, 0xbf, 0xfb, 0xe6, 0x24, 0xbf, 0xfb, 0xe6,
  0x7d, 0x6d, 0x1a, 0xff, 0x7d, 0x6d, 0x1a, 0xff, 0x7d, 0x6e, 0x1a, 0xff, 0x7d, 0x6e, 0x1a, 0xff,
  0x7d, 0x6e, 0x1a, 0xff, 0x7d, 0x6e, 0x1a, 0xff, 0x7d, 0x6e, 0x1a, 0xff, 0x7d, 0x6f, 0x1a, 0xff,
  0x7d, 0x6f, 0x1a, 0xff, 0x7d, 0x6f, 0x1a, 0xff, 0x7d, 0x6f, 0x1a, 0xff, 0x7d, 0x6f, 0x1a, 0xff,
  0x7d, 0x70, 0x1a, 0xff, 0x30, 0x26, 0x12, 0xfa, 0x30, 0x26, 0x12, 0xd1, 0x30, 0x26, 0x12, 0xa8,
  0x30, 0x26, 0x12, 0x80, 0x30, 0x26, 0x12, 0x57, 0x30, 0x26, 0x12, 0x2e, 0x30, 0x26, 0x12, 0x05,
  0x00, 0x00, 0x00, 0x00, 0x00, 0x00, 0x00, 0x00, 0x00, 0x00, 0x00, 0x00, 0x00, 0x00, 0x00, 0x00,
  0x00, 0x00, 0x00, 0x00, 0x00, 0x00, 0x00, 0x00, 0x00, 0x00, 0x00, 0x00, 0x00, 0x00, 0x00, 0x00,
  0x00, 0x00, 0x00, 0x00, 0x30, 0x26, 0x12, 0x10, 0x30, 0x26, 0x12, 0x39, 0x30, 0x26, 0x12, 0x62,
  0x30, 0x26, 0x12, 0x8b, 0x30, 0x26, 0x12, 0xb4, 0x30, 0x26, 0x12, 0xdd, 0x7c, 0x5e, 0x1a, 0xff,
  0x7c, 0x5e, 0x1a, 0xff, 0x7c, 0x5f, 0x1a, 0xff, 0x7c, 0x5f, 0x1a, 0xff, 0x7c, 0x5f, 0x1a, 0xff,
  0x7c, 0x5f, 0x1a, 0xff, 0x7c, 0x5f, 0x1a, 0xff, 0x7c, 0x60, 0x1a, 0xff, 0x7c, 0x60, 0x1a, 0xff,
  0x7c, 0x60, 0x1a, 0xff, 0x7c, 0x60, 0x1a, 0xff, 0x7c, 0x60, 0x1a, 0xff, 0x7c, 0x61, 0x1a, 0xff,
  0x7c, 0x61, 0x1a, 0xff, 0x7c, 0x61, 0x1a, 0xff, 0x7c, 0x61, 0x1a, 0xff, 0x7c, 0x61, 0x1a, 0xff,
  0x7c, 0x62, 0x1a, 0xff, 0x7c, 0x62, 0x1a, 0xff, 0x71, 0x71, 0xf8, 0xff, 0x71, 0x71, 0xf8, 0xff,
  0x71, 0x71, 0xf8, 0xff, 0xd6, 0xf4, 0xff, 0xff, 0xd6, 0xf4, 0xff, 0xff, 0xd6, 0xf4, 0xff, 0xff,
  0xd6, 0xf4, 0xff, 0xff, 0x71, 0x71, 0xf8, 0xff, 0x71, 0x71, 0xf8, 0xff, 0x71, 0x71, 0xf8, 0xff,
  0x7c, 0x64, 0x1a, 0xff, 0x7c, 0x64, 0x1a, 0xff, 0x7c, 0x64, 0x1a, 0xff, 0x7c, 0x64, 0x1a, 0xff,
  0x7c, 0x65, 0x1a, 0xff, 0x7c, 0x65, 0x1a, 0xff, 0x7c, 0x65, 0x1a, 0xff, 0x7c, 0x65, 0x1a, 0xff,
  0x7c, 0x65, 0x1a, 0xff, 0x7c, 0x66, 0x1a, 0xff, 0x7c, 0x66, 0x1a, 0xff, 0x7c, 0x66, 0x1a, 0xff,
  0x7c, 0x66, 0x1a, 0xff, 0x7c, 0x66, 0x1a, 0xff, 0x7c, 0x67, 0x1a, 0xff, 0x7c, 0x67, 0x1a, 0xff,
  0x7c, 0x67, 0x1a, 0xff, 0x7c, 0x67, 0x1a, 0xff, 0x7c, 0x67, 0x1a, 0xff, 0x7c, 0x68, 0x1a, 0xff,
  0x7c, 0x68, 0x1a, 0xff, 0x7c, 0x68, 0x1a, 0xff, 0x24, 0xbf, 0xfb, 0xe6, 0x24, 0xbf, 0xfb, 0xe6,
  0x24, 0xbf, 0xfb, 0xe6, 0x24, 0xbf, 0xfb, 0xe6, 0x24, 0xbf, 0xfb, 0xe6, 0x24, 0xbf, 0xfb, 0xe6,
  0x7c, 0x69, 0x1a, 0xff, 0x7c, 0x6a, 0x1a, 0xff, 0x7c, 0x6a, 0x1a, 0xff, 0x7c, 0x6a, 0x1a, 0xff,
  0x24, 0xbf, 0xfb, 0xe6, 0x24, 0xbf, 0xfb, 0xe6, 0x24, 0xbf, 0xfb, 0xe6, 0x24, 0xbf, 0xfb, 0xe6,
  0x24, 0xbf, 0xfb, 0xe6, 0x24, 0xbf, 0xfb, 0xe6, 0x7c, 0x6b, 0x1a, 0xff, 0x7c, 0x6c, 0x1a, 0xff,
  0x7c, 0x6c, 0x1a, 0xff, 0x7c, 0x6c, 0x1a, 0xff, 0x24, 0xbf, 0xfb, 0xe6, 0x24, 0xbf, 0xfb, 0xe6,
  0x24, 0xbf, 0xfb, 0xe6, 0x24, 0xbf, 0xfb, 0xe6, 0x24, 0xbf, 0xfb, 0xe6, 0x24, 0xbf, 0xfb, 0xe6,
  0x7c, 0x6d, 0x1a, 0xff, 0x7c, 0x6d, 0x1a, 0xff, 0x7c, 0x6e, 0x1a, 0xff, 0x7c, 0x6e, 0x1a, 0xff,
  0x7c, 0x6e, 0x1a, 0xff, 0x7c, 0x6e, 0x1a, 0xff, 0x7c, 0x6e, 0x1a, 0xff, 0x7c, 0x6f, 0x1a, 0xff,
  0x7c, 0x6f, 0x1a, 0xff, 0x7c, 0x6f, 0x1a, 0xff, 0x7c, 0x6f, 0x1a, 0xff, 0x7c, 0x6f, 0x1a, 0xff,
  0x7c, 0x70, 0x1a, 0xff, 0x7c, 0x70, 0x1a, 0xff, 0x30, 0x26, 0x12, 0xdd, 0x30, 0x26, 0x12, 0xb4,
  0x30, 0x26, 0x12, 0x8b, 0x30, 0x26, 0x12, 0x62, 0x30, 0x26, 0x12, 0x39, 0x30, 0x26, 0x12, 0x10,
  0x00, 0x00, 0x00, 0x00, 0x00, 0x00, 0x00, 0x00, 0x00, 0x00, 0x00, 0x00, 0x00, 0x00, 0x00, 0x00,
  0x00, 0x00, 0x00, 0x00, 0x00, 0x00, 0x00, 0x00, 0x00, 0x00, 0x00, 0x00, 0x00, 0x00, 0x00, 0x00,
  0x00, 0x00, 0x00, 0x00, 0x30, 0x26, 0x12, 0x1a, 0x30, 0x26, 0x12, 0x43, 0x30, 0x26, 0x12, 0x6c,
  0x30, 0x26, 0x12, 0x96, 0x30, 0x26, 0x12, 0xbf, 0x30, 0x26, 0x12, 0xe8, 0x7c, 0x5e, 0x1a, 0xff,
  0x7c, 0x5e, 0x1a, 0xff, 0x7c, 0x5f, 0x1a, 0xff, 0x7c, 0x5f, 0x1a, 0xff, 0x7c, 0x5f, 0x1a, 0xff,
  0x7c, 0x5f, 0x1a, 0xff, 0x7c, 0x5f, 0x1a, 0xff, 0x7c, 0x60, 0x1a, 0xff, 0x7c, 0x60, 0x1a, 0xff,
  0x7c, 0x60, 0x1a, 0xff, 0x7c, 0x60, 0x1a, 0xff, 0x7c, 0x60, 0x1a, 0xff, 0x7c, 0x61, 0x1a, 0xff,
  0x7c, 0x61, 0x1a, 0xff, 0x7c, 0x61, 0x1a, 0xff, 0x7c, 0x61, 0x1a, 0xff, 0x7c, 0x61, 0x1a, 0xff,
  0x7c, 0x62, 0x1a, 0xff, 0x7c, 0x62, 0x1a, 0xff, 0x71, 0x71, 0xf8, 0xff, 0x71, 0x71, 0xf8, 0xff,
  0x71, 0x71, 0xf8, 0xff, 0xd6, 0xf4, 0xff, 0xff, 0xd6, 0xf4, 0xff, 0xff, 0xd6, 0xf4, 0xff, 0xff,
  0xd6, 0xf4, 0xff, 0xff, 0x71, 0x71, 0xf8, 0xff, 0x71, 0x71, 0xf8, 0xff, 0x71, 0x71, 0xf8, 0xff,
  0x7c, 0x64, 0x1a, 0xff, 0x7c, 0x64, 0x1a, 0xff, 0x7c, 0x64, 0x1a, 0xff, 0x7c, 0x64, 0x1a, 0xff,
  0x7c, 0x65, 0x1a, 0xff, 0x7c, 0x65, 0x1a, 0xff, 0x7c, 0x65, 0x1a, 0xff, 0x7c, 0x65, 0x1a, 0xff,
  0x7c, 0x65, 0x1a, 0xff, 0x7c, 0x66, 0x1a, 0xff, 0x7c, 0x66, 0x1a, 0xff, 0x7c, 0x66, 0x1a, 0xff,
  0x7c, 0x66, 0x1a, 0xff, 0x7c, 0x66, 0x1a, 0xff, 0x7c, 0x67, 0x1a, 0xff, 0x7c, 0x67, 0x1a, 0xff,
  0x7c, 0x67, 0x1a, 0xff, 0x7c, 0x67, 0x1a, 0xff, 0x7c, 0x67, 0x1a, 0xff, 0x7c, 0x68, 0x1a, 0xff,
  0x7c, 0x68, 0x1a, 0xff, 0x7c, 0x68, 0x1a, 0xff, 0x24, 0xbf, 0xfb, 0xe6, 0x24, 0xbf, 0xfb, 0xe6,
  0x24, 0xbf, 0xfb, 0xe6, 0x24, 0xbf, 0xfb, 0xe6, 0x24, 0xbf, 0xfb, 0xe6, 0x24, 0xbf, 0xfb, 0xe6,
  0x7c, 0x69, 0x1a, 0xff, 0x7c, 0x6a, 0x1a, 0xff, 0x7c, 0x6a, 0x1a, 0xff, 0x7c, 0x6a, 0x1a, 0xff,
  0x24, 0xbf, 0xfb, 0xe6, 0x24, 0xbf, 0xfb, 0xe6, 0x24, 0xbf, 0xfb, 0xe6, 0x24, 0xbf, 0xfb, 0xe6,
  0x24, 0xbf, 0xfb, 0xe6, 0x24, 0xbf, 0xfb, 0xe6, 0x7c, 0x6b, 0x1a, 0xff, 0x7c, 0x6c, 0x1a, 0xff,
  0x7c, 0x6c, 0x1a, 0xff, 0x7c, 0x6c, 0x1a, 0xff, 0x24, 0xbf, 0xfb, 0xe6, 0x24, 0xbf, 0xfb, 0xe6,
  0x24, 0xbf, 0xfb, 0xe6, 0x24, 0xbf, 0xfb, 0xe6, 0x24, 0xbf, 0xfb, 0xe6, 0x24, 0xbf, 0xfb, 0xe6,
  0x7c, 0x6d, 0x1a, 0xff, 0x7c, 0x6d, 0x1a, 0xff, 0x7c, 0x6e, 0x1a, 0xff, 0x7c, 0x6e, 0x1a, 0xff,
  0x7c, 0x6e, 0x1a, 0xff, 0x7c, 0x6e, 0x1a, 0xff, 0x7c, 0x6e, 0x1a, 0xff, 0x7c, 0x6f, 0x1a, 0xff,
  0x7c, 0x6f, 0x1a, 0xff, 0x7c, 0x6f, 0x1a, 0xff, 0x7c, 0x6f, 0x1a, 0xff, 0x7c, 0x6f, 0x1a, 0xff,
  0x7c, 0x70, 0x1a, 0xff, 0x7c, 0x70, 0x1a, 0xff, 0x30, 0x26, 0x12, 0xe8, 0x30, 0x26, 0x12, 0xbf,
  0x30, 0x26, 0x12, 0x96, 0x30, 0x26, 0x12, 0x6c, 0x30, 0x26, 0x12, 0x43, 0x30, 0x26, 0x12, 0x1a,
  0x00, 0x00, 0x00, 0x00, 0x00, 0x00, 0x00, 0x00, 0x00, 0x00, 0x00, 0x00, 0x00, 0x00, 0x00, 0x00,
  0x00, 0x00, 0x00, 0x00, 0x00, 0x00, 0x00, 0x00, 0x00, 0x00, 0x00, 0x00, 0x00, 0x00, 0x00, 0x00,
  0x00, 0x00, 0x00, 0x00, 0x30, 0x26, 0x12, 0x23, 0x30, 0x26, 0x12, 0x4d, 0x30, 0x26, 0x12, 0x76,
  0x30, 0x26, 0x12, 0xa0, 0x30, 0x26, 0x12, 0xc9, 0x30, 0x26, 0x12, 0xf2, 0x7c, 0x5e, 0x1a, 0xff,
  0x7c, 0x5e, 0x1a, 0xff, 0x7c, 0x5f, 0x1a, 0xff, 0x7c, 0x5f, 0x1a, 0xff, 0x7c, 0x5f, 0x1a, 0xff,
  0x7c, 0x5f, 0x1a, 0xff, 0x7c, 0x5f, 0x1a, 0xff, 0x7c, 0x60, 0x1a, 0xff, 0x7c, 0x60, 0x1a, 0xff,
  0x7c, 0x60, 0x1a, 0xff, 0x7c, 0x60, 0x1a, 0xff, 0x7c, 0x60, 0x1a, 0xff, 0x7c, 0x61, 0x1a, 0xff,
  0x7c, 0x61, 0x1a, 0xff, 0x7c, 0x61, 0x1a, 0xff, 0x7c, 0x61, 0x1a, 0xff, 0x7c, 0x61, 0x1a, 0xff,
  0x7c, 0x62, 0x1a, 0xff, 0x7c, 0x62, 0x1a, 0xff, 0x71, 0x71, 0xf8, 0xff, 0x71, 0x71, 0xf8, 0xff,
  0x71, 0x71, 0xf8, 0xff, 0xd6, 0xf4, 0xff, 0xff, 0xd6, 0xf4, 0xff, 0xff, 0xd6, 0xf4, 0xff, 0xff,
  0xd6, 0xf4, 0xff, 0xff, 0x71, 0x71, 0xf8, 0xff, 0x71, 0x71, 0xf8, 0xff, 0x71, 0x71, 0xf8, 0xff,
  0x7c, 0x64, 0x1a, 0xff, 0x7c, 0x64, 0x1a, 0xff, 0x7c, 0x64, 0x1a, 0xff, 0x7c, 0x64, 0x1a, 0xff,
  0x7c, 0x65, 0x1a, 0xff, 0x7c, 0x65, 0x1a, 0xff, 0x7c, 0x65, 0x1a, 0xff, 0x7c, 0x65, 0x1a, 0xff,
  0x7c, 0x65, 0x1a, 0xff, 0x7c, 0x66, 0x1a, 0xff, 0x7c, 0x66, 0x1a, 0xff, 0x7c, 0x66, 0x1a, 0xff,
  0x7c, 0x66, 0x1a, 0xff, 0x7c, 0x66, 0x1a, 0xff, 0x7c, 0x67, 0x1a, 0xff, 0x7c, 0x67, 0x1a, 0xff,
  0x7c, 0x67, 0x1a, 0xff, 0x7c, 0x67, 0x1a, 0xff, 0x7c, 0x67, 0x1a, 0xff, 0x7c, 0x68, 0x1a, 0xff,
  0x7c, 0x68, 0x1a, 0xff, 0x7c, 0x68, 0x1a, 0xff, 0x24, 0xbf, 0xfb, 0xe6, 0x24, 0xbf, 0xfb, 0xe6,
  0x24, 0xbf, 0xfb, 0xe6, 0x24, 0xbf, 0xfb, 0xe6, 0x24, 0xbf, 0xfb, 0xe6, 0x24, 0xbf, 0xfb, 0xe6,
  0x7c, 0x69, 0x1a, 0xff, 0x7c, 0x6a, 0x1a, 0xff, 0x7c, 0x6a, 0x1a, 0xff, 0x7c, 0x6a, 0x1a, 0xff,
  0x24, 0xbf, 0xfb, 0xe6, 0x24, 0xbf, 0xfb, 0xe6, 0x24, 0xbf, 0xfb, 0xe6, 0x24, 0xbf, 0xfb, 0xe6,
  0x24, 0xbf, 0xfb, 0xe6, 0x24, 0xbf, 0xfb, 0xe6, 0x7c, 0x6b, 0x1a, 0xff, 0x7c, 0x6c, 0x1a, 0xff,
  0x7c, 0x6c, 0x1a, 0xff, 0x7c, 0x6c, 0x1a, 0xff, 0x24, 0xbf, 0xfb, 0xe6, 0x24, 0xbf, 0xfb, 0xe6,
  0x24, 0xbf, 0xfb, 0xe6, 0x24, 0xbf, 0xfb, 0xe6, 0x24, 0xbf, 0xfb, 0xe6, 0x24, 0xbf, 0xfb, 0xe6,
  0x7c, 0x6d, 0x1a, 0xff, 0x7c, 0x6d, 0x1a, 0xff, 0x7c, 0x6e, 0x1a, 0xff, 0x7c, 0x6e, 0x1a, 0xff,
  0x7c, 0x6e, 0x1a, 0xff, 0x7c, 0x6e, 0x1a, 0xff, 0x7c, 0x6e, 0x1a, 0xff, 0x7c, 0x6f, 0x1a, 0xff,
  0x7c, 0x6f, 0x1a, 0xff, 0x7c, 0x6f, 0x1a, 0xff, 0x7c, 0x6f, 0x1a, 0xff, 0x7c, 0x6f, 0x1a, 0xff,
  0x7c, 0x70, 0x1a, 0xff, 0x7c, 0x70, 0x1a, 0xff, 0x30, 0x26, 0x12, 0xf2, 0x30, 0x26, 0x12, 0xc9,
  0x30, 0x26, 0x12, 0xa0, 0x30, 0x26, 0x12, 0x76, 0x30, 0x26, 0x12, 0x4d, 0x30, 0x26, 0x12, 0x23,
  0x00, 0x00, 0x00, 0x00, 0x00, 0x00, 0x00, 0x00, 0x00, 0x00, 0x00, 0x00, 0x00, 0x00, 0x00, 0x00,
  0x00, 0x00, 0x00, 0x00, 0x00, 0x00, 0x00, 0x00, 0x00, 0x00, 0x00, 0x00, 0x00, 0x00, 0x00, 0x00,
  0x30, 0x26, 0x12, 0x02, 0x30, 0x26, 0x12, 0x2c, 0x30, 0x26, 0x12, 0x55, 0x30, 0x26, 0x12, 0x7f,
  0x30, 0x26, 0x12, 0xa9, 0x30, 0x26, 0x12, 0xd2, 0x30, 0x26, 0x12, 0xfc, 0x7c, 0x5e, 0x1a, 0xff,
  0x7c, 0x5e, 0x1a, 0xff, 0x7c, 0x5f, 0x1a, 0xff, 0x7c, 0x5f, 0x1a, 0xff, 0x7c, 0x5f, 0x1a, 0xff,
  0x7c, 0x5f, 0x1a, 0xff, 0x7c, 0x5f, 0x1a, 0xff, 0x7c, 0x60, 0x1a, 0xff, 0x7c, 0x60, 0x1a, 0xff,
  0x7c, 0x60, 0x1a, 0xff, 0x7c, 0x60, 0x1a, 0xff, 0x7c, 0x60, 0x1a, 0xff, 0x7c, 0x61, 0x1a, 0xff,
  0x7c, 0x61, 0x1a, 0xff, 0x7c, 0x61, 0x1a, 0xff, 0x7c, 0x61, 0x1a, 0xff, 0x7c, 0x61, 0x1a, 0xff,
  0x7c, 0x62, 0x1a, 0xff, 0x7c, 0x62, 0x1a, 0xff, 0x71, 0x71, 0xf8, 0xff, 0x71, 0x71, 0xf8, 0xff,
  0x71, 0x71, 0xf8, 0xff, 0xd6, 0xf4, 0xff, 0xff, 0xd6, 0xf4, 0xff, 0xff, 0xd6, 0xf4, 0xff, 0xff,
  0xd6, 0xf4, 0xff, 0xff, 0x71, 0x71, 0xf8, 0xff, 0x71, 0x71, 0xf8, 0xff, 0x71, 0x71, 0xf8, 0xff,
  0x7c, 0x64, 0x1a, 0xff, 0x7c, 0x64, 0x1a, 0xff, 0x7c, 0x64, 0x1a, 0xff, 0x7c, 0x64, 0x1a, 0xff,
  0x7c, 0x65, 0x1a, 0xff, 0x7c, 0x65, 0x1a, 0xff, 0x7c, 0x65, 0x1a, 0xff, 0x7c, 0x65, 0x1a, 0xff,
  0x7c, 0x65, 0x1a, 0xff, 0x7c, 0x66, 0x1a, 0xff, 0x7c, 0x66, 0x1a, 0xff, 0x7c, 0x66, 0x1a, 0xff,
  0x7c, 0x66, 0x1a, 0xff, 0x7c, 0x66, 0x1a, 0xff, 0x7c, 0x67, 0x1a, 0xff, 0x7c, 0x67, 0x1a, 0xff,
  0x7c, 0x67, 0x1a, 0xff, 0x7c, 0x67, 0x1a, 0xff, 0x7c, 0x67, 0x1a, 0xff, 0x7c, 0x68, 0x1a, 0xff,
  0x7c, 0x68, 0x1a, 0xff, 0x7c, 0x68, 0x1a, 0xff, 0x24, 0xbf, 0xfb, 0xe6, 0x24, 0xbf, 0xfb, 0xe6,
  0x24, 0xbf, 0xfb, 0xe6, 0x24, 0xbf, 0xfb, 0xe6, 0x24, 0xbf, 0xfb, 0xe6, 0x24, 0xbf, 0xfb, 0xe6,
  0x7c, 0x69, 0x1a, 0xff, 0x7c, 0x6a, 0x1a, 0xff, 0x7c, 0x6a, 0x1a, 0xff, 0x7c, 0x6a, 0x1a, 0xff,
  0x24, 0xbf, 0xfb, 0xe6, 0x24, 0xbf, 0xfb, 0xe6, 0x24, 0xbf, 0xfb, 0xe6, 0x24, 0xbf, 0xfb, 0xe6,
  0x24, 0xbf, 0xfb, 0xe6, 0x24, 0xbf, 0xfb, 0xe6, 0x7c, 0x6b, 0x1a, 0xff, 0x7c, 0x6c, 0x1a, 0xff,
  0x7c, 0x6c, 0x1a, 0xff, 0x7c, 0x6c, 0x1a, 0xff, 0x24, 0xbf, 0xfb, 0xe6, 0x24, 0xbf, 0xfb, 0xe6,
  0x24, 0xbf, 0xfb, 0xe6, 0x24, 0xbf, 0xfb, 0xe6, 0x24, 0xbf, 0xfb, 0xe6, 0x24, 0xbf, 0xfb, 0xe6,
  0x7c, 0x6d, 0x1a, 0xff, 0x7c, 0x6d, 0x1a, 0xff, 0x7c, 0x6e, 0x1a, 0xff, 0x7c, 0x6e, 0x1a, 0xff,
  0x7c, 0x6e, 0x1a, 0xff, 0x7c, 0x6e, 0x1a, 0xff, 0x7c, 0x6e, 0x1a, 0xff, 0x7c, 0x6f, 0x1a, 0xff,
  0x7c, 0x6f, 0x1a, 0xff, 0x7c, 0x6f, 0x1a, 0xff, 0x7c, 0x6f, 0x1a, 0xff, 0x7c, 0x6f, 0x1a, 0xff,
  0x7c, 0x70, 0x1a, 0xff, 0x7c, 0x70, 0x1a, 0xff, 0x30, 0x26, 0x12, 0xfc, 0x30, 0x26, 0x12, 0xd2,
  0x30, 0x26, 0x12, 0xa9, 0x30, 0x26, 0x12, 0x7f, 0x30, 0x26, 0x12, 0x55, 0x30, 0x26, 0x12, 0x2c,
  0x30, 0x26, 0x12, 0x02, 0x00, 0x00, 0x00, 0x00, 0x00, 0x00, 0x00, 0x00, 0x00, 0x00, 0x00, 0x00,
  0x00, 0x00, 0x00, 0x00, 0x00, 0x00, 0x00, 0x00, 0x00, 0x00, 0x00, 0x00, 0x00, 0x00, 0x00, 0x00,
  0x30, 0x26, 0x12, 0x0a, 0x30, 0x26, 0x12, 0x34, 0x30, 0x26, 0x12, 0x5d, 0x30, 0x26, 0x12, 0x87,
  0x30, 0x26, 0x12, 0xb1, 0x30, 0x26, 0x12, 0xdb, 0x7b, 0x5e, 0x1a, 0xff, 0x7b, 0x5e, 0x1a, 0xff,
  0x7b, 0x5e, 0x1a, 0xff, 0x7b, 0x5f, 0x1a, 0xff, 0x7b, 0x5f, 0x1a, 0xff, 0x7b, 0x5f, 0x1a, 0xff,
  0x7b, 0x5f, 0x1a, 0xff, 0x7b, 0x5f, 0x1a, 0xff, 0x7b, 0x60, 0x1a, 0xff, 0x7b, 0x60, 0x1a, 0xff,
  0x7b, 0x60, 0x1a, 0xff, 0x7b, 0x60, 0x1a, 0xff, 0x7b, 0x60, 0x1a, 0xff, 0x7b, 0x61, 0x1a, 0xff,
  0x7b, 0x61, 0x1a, 0xff, 0x7b, 0x61, 0x1a, 0xff, 0x7b, 0x61, 0x1a, 0xff, 0x7b, 0x61, 0x1a, 0xff,
  0x7b, 0x62, 0x1a, 0xff, 0x7b, 0x62, 0x1a, 0xff, 0x71, 0x71, 0xf8, 0xff, 0x71, 0x71, 0xf8, 0xff,
  0x71, 0x71, 0xf8, 0xff, 0xd6, 0xf4, 0xff, 0xff, 0xd6, 0xf4, 0xff, 0xff, 0xd6, 0xf4, 0xff, 0xff,
  0xd6, 0xf4, 0xff, 0xff, 0x71, 0x71, 0xf8, 0xff, 0x71, 0x71, 0xf8, 0xff, 0x71, 0x71, 0xf8, 0xff,
  0x7b, 0x64, 0x1a, 0xff, 0x7b, 0x64, 0x1a, 0xff, 0x7b, 0x64, 0x1a, 0xff, 0x7b, 0x64, 0x1a, 0xff,
  0x7b, 0x65, 0x1a, 0xff, 0x7b, 0x65, 0x1a, 0xff, 0x7b, 0x65, 0x1a, 0xff, 0x7b, 0x65, 0x1a, 0xff,
  0x7b, 0x65, 0x1a, 0xff, 0x7b, 0x66, 0x1a, 0xff, 0x7b, 0x66, 0x1a, 0xff, 0x7b, 0x66, 0x1a, 0xff,
  0x7b, 0x66, 0x1a, 0xff, 0x7b, 0x66, 0x1a, 0xff, 0x7b, 0x67, 0x1a, 0xff, 0x7b, 0x67, 0x1a, 0xff,
  0x7b, 0x67, 0x1a, 0xff, 0x7b, 0x67, 0x1a, 0xff, 0x7b, 0x67, 0x1a, 0xff, 0x7b, 0x68, 0x1a, 0xff,
  0x7b, 0x68, 0x1a, 0xff, 0x7b, 0x68, 0x1a, 0xff, 0x24, 0xbf, 0xfb, 0xe6, 0x24, 0xbf, 0xfb, 0xe6,
  0x24, 0xbf, 0xfb, 0xe6, 0x24, 0xbf, 0xfb, 0xe6, 0x24, 0xbf, 0xfb, 0xe6, 0x24, 0xbf, 0xfb, 0xe6,
  0x7b, 0x69, 0x1a, 0xff, 0x7b, 0x6a, 0x1a, 0xff, 0x7b, 0x6a, 0x1a, 0xff, 0x7b, 0x6a, 0x1a, 0xff,
  0x24, 0xbf, 0xfb, 0xe6, 0x24, 0xbf, 0xfb, 0xe6, 0x24, 0xbf, 0xfb, 0xe6, 0x24, 0xbf, 0xfb, 0xe6,
  0x24, 0xbf, 0xfb, 0xe6, 0x24, 0xbf, 0xfb, 0xe6, 0x7b, 0x6b, 0x1a, 0xff, 0x7b, 0x6c, 0x1a, 0xff,
  0x7b, 0x6c, 0x1a, 0xff, 0x7b, 0x6c, 0x1a, 0xff, 0x24, 0xbf, 0xfb, 0xe6, 0x24, 0xbf, 0xfb, 0xe6,
  0x24, 0xbf, 0xfb, 0xe6, 0x24, 0xbf, 0xfb, 0xe6, 0x24, 0xbf, 0xfb, 0xe6, 0x24, 0xbf, 0xfb, 0xe6,
  0x7b, 0x6d, 0x1a, 0xff, 0x7b, 0x6d, 0x1a, 0xff, 0x7b, 0x6e, 0x1a, 0xff, 0x7b, 0x6e, 0x1a, 0xff,
  0x7b, 0x6e, 0x1a, 0xff, 0x7b, 0x6e, 0x1a, 0xff, 0x7b, 0x6e, 0x1a, 0xff, 0x7b, 0x6f, 0x1a, 0xff,
  0x7b, 0x6f, 0x1a, 0xff, 0x7b, 0x6f, 0x1a, 0xff, 0x7b, 0x6f, 0x1a, 0xff, 0x7b, 0x6f, 0x1a, 0xff,
  0x7b, 0x70, 0x1a, 0xff, 0x7b, 0x70, 0x1a, 0xff, 0x7b, 0x70, 0x1a, 0xff, 0x30, 0x26, 0x12, 0xdb,
  0x30, 0x26, 0x12, 0xb1, 0x30, 0x26, 0x12, 0x87, 0x30, 0x26, 0x12, 0x5d, 0x30, 0x26, 0x12, 0x34,
  0x30, 0x26, 0x12, 0x0a, 0x00, 0x00, 0x00, 0x00, 0x00, 0x00, 0x00, 0x00, 0x00, 0x00, 0x00, 0x00,
  0x00, 0x00, 0x00, 0x00, 0x00, 0x00, 0x00, 0x00, 0x00, 0x00, 0x00, 0x00, 0x00, 0x00, 0x00, 0x00,
  0x30, 0x26, 0x12, 0x10, 0x30, 0x26, 0x12, 0x3a, 0x30, 0x26, 0x12, 0x64, 0x30, 0x26, 0x12, 0x8e,
  0x30, 0x26, 0x12, 0xb8, 0x30, 0x26, 0x12, 0xe2, 0x7b, 0x5e, 0x1a, 0xff, 0x7b, 0x5e, 0x1a, 0xff,
  0x7b, 0x5e, 0x1a, 0xff, 0x7b, 0x5f, 0x1a, 0xff, 0x7b, 0x5f, 0x1a, 0xff, 0x7b, 0x5f, 0x1a, 0xff,
  0x7b, 0x5f, 0x1a, 0xff, 0x7b, 0x5f, 0x1a, 0xff, 0x7b, 0x60, 0x1a, 0xff, 0x7b, 0x60, 0x1a, 0xff,
  0x7b, 0x60, 0x1a, 0xff, 0x7b, 0x60, 0x1a, 0xff, 0x7b, 0x60, 0x1a, 0xff, 0x7b, 0x61, 0x1a, 0xff,
  0x7b, 0x61, 0x1a, 0xff, 0x7b, 0x61, 0x1a, 0xff, 0x7b, 0x61, 0x1a, 0xff, 0x7b, 0x61, 0x1a, 0xff,
  0x7b, 0x62, 0x1a, 0xff, 0x7b, 0x62, 0x1a, 0xff, 0x71, 0x71, 0xf8, 0xff, 0x71, 0x71, 0xf8, 0xff,
  0x71, 0x71, 0xf8, 0xff, 0xd6, 0xf4, 0xff, 0xff, 0xd6, 0xf4, 0xff, 0xff, 0xd6, 0xf4, 0xff, 0xff,
  0xd6, 0xf4, 0xff, 0xff, 0x71, 0x71, 0xf8, 0xff, 0x71, 0x71, 0xf8, 0xff, 0x71, 0x71, 0xf8, 0xff,
  0x7b, 0x64, 0x1a, 0xff, 0x7b, 0x64, 0x1a, 0xff, 0x7b, 0x64, 0x1a, 0xff, 0x7b, 0x64, 0x1a, 0xff,
  0x7b, 0x65, 0x1a, 0xff, 0x7b, 0x65, 0x1a, 0xff, 0x7b, 0x65, 0x1a, 0xff, 0x7b, 0x65, 0x1a, 0xff,
  0x7b, 0x65, 0x1a, 0xff, 0x7b, 0x66, 0x1a, 0xff, 0x7b, 0x66, 0x1a, 0xff, 0x7b, 0x66, 0x1a, 0xff,
  0x7b, 0x66, 0x1a, 0xff, 0x7b, 0x66, 0x1a, 0xff, 0x7b, 0x67, 0x1a, 0xff, 0x7b, 0x67, 0x1a, 0xff,
  0x7b, 0x67, 0x1a, 0xff, 0x7b, 0x67, 0x1a, 0xff, 0x7b, 0x67, 0x1a, 0xff, 0x7b, 0x68, 0x1a, 0xff,
  0x7b, 0x68, 0x1a, 0xff, 0x7b, 0x68, 0x1a, 0xff, 0x24, 0xbf, 0xfb, 0xe6, 0x24, 0xbf, 0xfb, 0xe6,
  0x24, 0xbf, 0xfb, 0xe6, 0x24, 0xbf, 0xfb, 0xe6, 0x24, 0xbf, 0xfb, 0xe6, 0x24, 0xbf, 0xfb, 0xe6,
  0x7b, 0x69, 0x1a, 0xff, 0x7b, 0x6a, 0x1a, 0xff, 0x7b, 0x6a, 0x1a, 0xff, 0x7b, 0x6a, 0x1a, 0xff,
  0x7b, 0x6a, 0x1a, 0xff, 0x7b, 0x6a, 0x1a, 0xff, 0x7b, 0x6b, 0x1a, 0xff, 0x7b, 0x6b, 0x1a, 0xff,
  0x7b, 0x6b, 0x1a, 0xff, 0x7b, 0x6b, 0x1a, 0xff, 0x7b, 0x6b, 0x1a, 0xff, 0x7b, 0x6c, 0x1a, 0xff,
  0x7b, 0x6c, 0x1a, 0xff, 0x7b, 0x6c, 0x1a, 0xff, 0x24, 0xbf, 0xfb, 0xe6, 0x24, 0xbf, 0xfb, 0xe6,
  0x24, 0xbf, 0xfb, 0xe6, 0x24, 0xbf, 0xfb, 0xe6, 0x24, 0xbf, 0xfb, 0xe6, 0x24, 0xbf, 0xfb, 0xe6,
  0x7b, 0x6d, 0x1a, 0xff, 0x7b, 0x6d, 0x1a, 0xff, 0x7b, 0x6e, 0x1a, 0xff, 0x7b, 0x6e, 0x1a, 0xff,
  0x7b, 0x6e, 0x1a, 0xff, 0x7b, 0x6e, 0x1a, 0xff, 0x7b, 0x6e, 0x1a, 0xff, 0x7b, 0x6f, 0x1a, 0xff,
  0x7b, 0x6f, 0x1a, 0xff, 0x7b, 0x6f, 0x1a, 0xff, 0x7b, 0x6f, 0x1a, 0xff, 0x7b, 0x6f, 0x1a, 0xff,
  0x7b, 0x70, 0x1a, 0xff, 0x7b, 0x70, 0x1a, 0xff, 0x7b, 0x70, 0x1a, 0xff, 0x30, 0x26, 0x12, 0xe2,
  0x30, 0x26, 0x12, 0xb8, 0x30, 0x26, 0x12, 0x8e, 0x30, 0x26, 0x12, 0x64, 0x30, 0x26, 0x12, 0x3a,
  0x30, 0x26, 0x12, 0x10, 0x00, 0x00, 0x00, 0x00, 0x00, 0x00, 0x00, 0x00, 0x00, 0x00, 0x00, 0x00,
  0x00, 0x00, 0x00, 0x00, 0x00, 0x00, 0x00, 0x00, 0x00, 0x00, 0x00, 0x00, 0x00, 0x00, 0x00, 0x00,
  0x30, 0x26, 0x12, 0x17, 0x30, 0x26, 0x12, 0x41, 0x30, 0x26, 0x12, 0x6b, 0x30, 0x26, 0x12, 0x95,
  0x30, 0x26, 0x12, 0xbf, 0x30, 0x26, 0x12, 0xe9, 0x7b, 0x5e, 0x1a, 0xff, 0x7b, 0x5e, 0x1a, 0xff,
  0x7b, 0x5e, 0x1a, 0xff, 0x7b, 0x5f, 0x1a, 0xff, 0x7b, 0x5f, 0x1a, 0xff, 0x7b, 0x5f, 0x1a, 0xff,
  0x7b, 0x5f, 0x1a, 0xff, 0x7b, 0x5f, 0x1a, 0xff, 0x7b, 0x60, 0x1a, 0xff, 0x7b, 0x60, 0x1a, 0xff,
  0x7b, 0x60, 0x1a, 0xff, 0x7b, 0x60, 0x1a, 0xff, 0x7b, 0x60, 0x1a, 0xff, 0x7b, 0x61, 0x1a, 0xff,
  0x7b, 0x61, 0x1a, 0xff, 0x7b, 0x61, 0x1a, 0xff, 0x7b, 0x61, 0x1a, 0xff, 0x7b, 0x61, 0x1a, 0xff,
  0x7b, 0x62, 0x1a, 0xff, 0x7b, 0x62, 0x1a, 0xff, 0x71, 0x71, 0xf8, 0xff, 0x71, 0x71, 0xf8, 0xff,
  0x71, 0x71, 0xf8, 0xff, 0xd6, 0xf4, 0xff, 0xff, 0xd6, 0xf4, 0xff, 0xff, 0xd6, 0xf4, 0xff, 0xff,
  0xd6, 0xf4, 0xff, 0xff, 0x71, 0x71, 0xf8, 0xff, 0x71, 0x71, 0xf8, 0xff, 0x71, 0x71, 0xf8, 0xff,
  0x7b, 0x64, 0x1a, 0xff, 0x7b, 0x64, 0x1a, 0xff, 0x7b, 0x64, 0x1a, 0xff, 0x7b, 0x64, 0x1a, 0xff,
  0x7b, 0x65, 0x1a, 0xff, 0x7b, 0x65, 0x1a, 0xff, 0x7b, 0x65, 0x1a, 0xff, 0x7b, 0x65, 0x1a, 0xff,
  0x7b, 0x65, 0x1a, 0xff, 0x7b, 0x66, 0x1a, 0xff, 0x7b, 0x66, 0x1a, 0xff, 0x7b, 0x66, 0x1a, 0xff,
  0x7b, 0x66, 0x1a, 0xff, 0x7b, 0x66, 0x1a, 0xff, 0x7b, 0x67, 0x1a, 0xff, 0x7b, 0x67, 0x1a, 0xff,
  0x7b, 0x67, 0x1a, 0xff, 0x7b, 0x67, 0x1a, 0xff, 0x7b, 0x67, 0x1a, 0xff, 0x7b, 0x68, 0x1a, 0xff,
  0x7b, 0x68, 0x1a, 0xff, 0x7b, 0x68, 0x1a, 0xff, 0x24, 0xbf, 0xfb, 0xe6, 0x24, 0xbf, 0xfb, 0xe6,
  0x24, 0xbf, 0xfb, 0xe6, 0x24, 0xbf, 0xfb, 0xe6, 0x24, 0xbf, 0xfb, 0xe6, 0x24, 0xbf, 0xfb, 0xe6,
  0x7b, 0x69, 0x1a, 0xff, 0x7b, 0x6a, 0x1a, 0xff, 0x7b, 0x6a, 0x1a, 0xff, 0x7b, 0x6a, 0x1a, 0xff,
  0x7b, 0x6a, 0x1a, 0xff, 0x7b, 0x6a, 0x1a, 0xff, 0x7b, 0x6b, 0x1a, 0xff, 0x7b, 0x6b, 0x1a, 0xff,
  0x7b, 0x6b, 0x1a, 0xff, 0x7b, 0x6b, 0x1a, 0xff, 0x7b, 0x6b, 0x1a, 0xff, 0x7b, 0x6c, 0x1a, 0xff,
  0x7b, 0x6c, 0x1a, 0xff, 0x7b, 0x6c, 0x1a, 0xff, 0x24, 0xbf, 0xfb, 0xe6, 0x24, 0xbf, 0xfb, 0xe6,
  0x24, 0xbf, 0xfb, 0xe6, 0x24, 0xbf, 0xfb, 0xe6, 0x24, 0xbf, 0xfb, 0xe6, 0x24, 0xbf, 0xfb, 0xe6,
  0x7b, 0x6d, 0x1a, 0xff, 0x7b, 0x6d, 0x1a, 0xff, 0x7b, 0x6e, 0x1a, 0xff, 0x7b, 0x6e, 0x1a, 0xff,
  0x7b, 0x6e, 0x1a, 0xff, 0x7b, 0x6e, 0x1a, 0xff, 0x7b, 0x6e, 0x1a, 0xff, 0x7b, 0x6f, 0x1a, 0xff,
  0x7b, 0x6f, 0x1a, 0xff, 0x7b, 0x6f, 0x1a, 0xff, 0x7b, 0x6f, 0x1a, 0xff, 0x7b, 0x6f, 0x1a, 0xff,
  0x7b, 0x70, 0x1a, 0xff, 0x7b, 0x70, 0x1a, 0xff, 0x7b, 0x70, 0x1a, 0xff, 0x30, 0x26, 0x12, 0xe9,
  0x30, 0x26, 0x12, 0xbf, 0x30, 0x26, 0x12, 0x95, 0x30, 0x26, 0x12, 0x6b, 0x30, 0x26, 0x12, 0x41,
  0x30, 0x26, 0x12, 0x17, 0x00, 0x00, 0x00, 0x00, 0x00, 0x00, 0x00, 0x00, 0x00, 0x00, 0x00, 0x00,
  0x00, 0x00, 0x00, 0x00, 0x00, 0x00, 0x00, 0x00, 0x00, 0x00, 0x00, 0x00, 0x00, 0x00, 0x00, 0x00,
  0x30, 0x26, 0x12, 0x1c, 0x30, 0x26, 0x12, 0x46, 0x30, 0x26, 0x12, 0x70, 0x30, 0x26, 0x12, 0x9a,
  0x30, 0x26, 0x12, 0xc5, 0x30, 0x26, 0x12, 0xef, 0x7b, 0x5e, 0x1a, 0xff, 0x7b, 0x5e, 0x1a, 0xff,
  0x7b, 0x5e, 0x1a, 0xff, 0x7b, 0x5f, 0x1a, 0xff, 0x7b, 0x5f, 0x1a, 0xff, 0x7b, 0x5f, 0x1a, 0xff,
  0x7b, 0x5f, 0x1a, 0xff, 0x7b, 0x5f, 0x1a, 0xff, 0x7b, 0x60, 0x1a, 0xff, 0x7b, 0x60, 0x1a, 0xff,
  0x7b, 0x60, 0x1a, 0xff, 0x7b, 0x60, 0x1a, 0xff, 0x7b, 0x60, 0x1a, 0xff, 0x7b, 0x61, 0x1a, 0xff,
  0x7b, 0x61, 0x1a, 0xff, 0x7b, 0x61, 0x1a, 0xff, 0x7b, 0x61, 0x1a, 0xff, 0x7b, 0x61, 0x1a, 0xff,
  0x7b, 0x62, 0x1a, 0xff, 0x7b, 0x62, 0x1a, 0xff, 0x71, 0x71, 0xf8, 0xff, 0x71, 0x71, 0xf8, 0xff,
  0x71, 0x71, 0xf8, 0xff, 0xd6, 0xf4, 0xff, 0xff, 0xd6, 0xf4, 0xff, 0xff, 0xd6, 0xf4, 0xff, 0xff,
  0xd6, 0xf4, 0xff, 0xff, 0x71, 0x71, 0xf8, 0xff, 0x71, 0x71, 0xf8, 0xff, 0x71, 0x71, 0xf8, 0xff,
  0x7b, 0x64, 0x1a, 0xff, 0x7b, 0x64, 0x1a, 0xff, 0x7b, 0x64, 0x1a, 0xff, 0x7b, 0x64, 0x1a, 0xff,
  0x7b, 0x65, 0x1a, 0xff, 0x7b, 0x65, 0x1a, 0xff, 0x7b, 0x65, 0x1a, 0xff, 0x7b, 0x65, 0x1a, 0xff,
  0x7b, 0x65, 0x1a, 0xff, 0x7b, 0x66, 0x1a, 0xff, 0x7b, 0x66, 0x1a, 0xff, 0x7b, 0x66, 0x1a, 0xff,
  0x7b, 0x66, 0x1a, 0xff, 0x7b, 0x66, 0x1a, 0xff, 0x7b, 0x67, 0x1a, 0xff, 0x7b, 0x67, 0x1a, 0xff,
  0x7b, 0x67, 0x1a, 0xff, 0x7b, 0x67, 0x1a, 0xff, 0x7b, 0x67, 0x1a, 0xff, 0x7b, 0x68, 0x1a, 0xff,
  0x7b, 0x68, 0x1a, 0xff, 0x7b, 0x68, 0x1a, 0xff, 0x24, 0xbf, 0xfb, 0xe6, 0x24, 0xbf, 0xfb, 0xe6,
  0x24, 0xbf, 0xfb, 0xe6, 0x24, 0xbf, 0xfb, 0xe6, 0x24, 0xbf, 0xfb, 0xe6, 0x24, 0xbf, 0xfb, 0xe6,
  0x7b, 0x69, 0x1a, 0xff, 0x7b, 0x6a, 0x1a, 0xff, 0x7b, 0x6a, 0x1a, 0xff, 0x7b, 0x6a, 0x1a, 0xff,
  0x7b, 0x6a, 0x1a, 0xff, 0x7b, 0x6a, 0x1a, 0xff, 0x7b, 0x6b, 0x1a, 0xff, 0x7b, 0x6b, 0x1a, 0xff,
  0x7b, 0x6b, 0x1a, 0xff, 0x7b, 0x6b, 0x1a, 0xff, 0x7b, 0x6b, 0x1a, 0xff, 0x7b, 0x6c, 0x1a, 0xff,
  0x7b, 0x6c, 0x1a, 0xff, 0x7b, 0x6c, 0x1a, 0xff, 0x24, 0xbf, 0xfb, 0xe6, 0x24, 0xbf, 0xfb, 0xe6,
  0x24, 0xbf, 0xfb, 0xe6, 0x24, 0xbf, 0xfb, 0xe6, 0x24, 0xbf, 0xfb, 0xe6, 0x24, 0xbf, 0xfb, 0xe6,
  0x7b, 0x6d, 0x1a, 0xff, 0x7b, 0x6d, 0x1a, 0xff, 0x7b, 0x6e, 0x1a, 0xff, 0x7b, 0x6e, 0x1a, 0xff,
  0x7b, 0x6e, 0x1a, 0xff, 0x7b, 0x6e, 0x1a, 0xff, 0x7b, 0x6e, 0x1a, 0xff, 0x7b, 0x6f, 0x1a, 0xff,
  0x7b, 0x6f, 0x1a, 0xff, 0x7b, 0x6f, 0x1a, 0xff, 0x7b, 0x6f, 0x1a, 0xff, 0x7b, 0x6f, 0x1a, 0xff,
  0x7b, 0x70, 0x1a, 0xff, 0x7b, 0x70, 0x1a, 0xff, 0x7b, 0x70, 0x1a, 0xff, 0x30, 0x26, 0x12, 0xef,
  0x30, 0x26, 0x12, 0xc5, 0x30, 0x26, 0x12, 0x9a, 0x30, 0x26, 0x12, 0x70, 0x30, 0x26, 0x12, 0x46,
  0x30, 0x26, 0x12, 0x1c, 0x00, 0x00, 0x00, 0x00, 0x00, 0x00, 0x00, 0x00, 0x00, 0x00, 0x00, 0x00,
  0x00, 0x00, 0x00, 0x00, 0x00, 0x00, 0x00, 0x00, 0x00, 0x00, 0x00, 0x00, 0x00, 0x00, 0x00, 0x00,
  0x30, 0x26, 0x12, 0x20, 0x30, 0x26, 0x12, 0x4b, 0x30, 0x26, 0x12, 0x75, 0x30, 0x26, 0x12, 0x9f,
  0x30, 0x26, 0x12, 0xc9, 0x30, 0x26, 0x12, 0xf4, 0x7a, 0x5e, 0x1b, 0xff, 0x7a, 0x5e, 0x1b, 0xff,
  0x7a, 0x5e, 0x1b, 0xff, 0x7a, 0x5f, 0x1b, 0xff, 0x7a, 0x5f, 0x1b, 0xff, 0x7a, 0x5f, 0x1b, 0xff,
  0x7a, 0x5f, 0x1b, 0xff, 0x7a, 0x5f, 0x1b, 0xff, 0x7a, 0x60, 0x1b, 0xff, 0x7a, 0x60, 0x1b, 0xff,
  0x7a, 0x60, 0x1b, 0xff, 0x7a, 0x60, 0x1b, 0xff, 0x7a, 0x60, 0x1b, 0xff, 0x7a, 0x61, 0x1b, 0xff,
  0x7a, 0x61, 0x1b, 0xff, 0x7a, 0x61, 0x1b, 0xff, 0x7a, 0x61, 0x1b, 0xff, 0x7a, 0x61, 0x1b, 0xff,
  0x7a, 0x62, 0x1b, 0xff, 0x7a, 0x62, 0x1b, 0xff, 0x71, 0x71, 0xf8, 0xff, 0x71, 0x71, 0xf8, 0xff,
  0x71, 0x71, 0xf8, 0xff, 0xd6, 0xf4, 0xff, 0xff, 0xd6, 0xf4, 0xff, 0xff, 0xd6, 0xf4, 0xff, 0xff,
  0xd6, 0xf4, 0xff, 0xff, 0x71, 0x71, 0xf8, 0xff, 0x71, 0x71, 0xf8, 0xff, 0x71, 0x71, 0xf8, 0xff,
  0x7a, 0x64, 0x1b, 0xff, 0x7a, 0x64, 0x1b, 0xff, 0x7a, 0x64, 0x1b, 0xff, 0x7a, 0x64, 0x1b, 0xff,
  0x7a, 0x65, 0x1b, 0xff, 0x7a, 0x65, 0x1b, 0xff, 0x7a, 0x65, 0x1b, 0xff, 0x7a, 0x65, 0x1b, 0xff,
  0x7a, 0x65, 0x1b, 0xff, 0x7a, 0x66, 0x1b, 0xff, 0x7a, 0x66, 0x1b, 0xff, 0x7a, 0x66, 0x1b, 0xff,
  0x7a, 0x66, 0x1b, 0xff, 0x7a, 0x66, 0x1b, 0xff, 0x7a, 0x67, 0x1b, 0xff, 0x7a, 0x67, 0x1b, 0xff,
  0x7a, 0x67, 0x1b, 0xff, 0x7a, 0x67, 0x1b, 0xff, 0x7a, 0x67, 0x1b, 0xff, 0x7a, 0x68, 0x1b, 0xff,
  0x7a, 0x68, 0x1b, 0xff, 0x7a, 0x68, 0x1b, 0xff, 0x24, 0xbf, 0xfb, 0xe6, 0x24, 0xbf, 0xfb, 0xe6,
  0x24, 0xbf, 0xfb, 0xe6, 0x24, 0xbf, 0xfb, 0xe6, 0x24, 0xbf, 0xfb, 0xe6, 0x24, 0xbf, 0xfb, 0xe6,
  0x7a, 0x69, 0x1b, 0xff, 0x7a, 0x6a, 0x1b, 0xff, 0x7a, 0x6a, 0x1b, 0xff, 0x7a, 0x6a, 0x1b, 0xff,
  0x7a, 0x6a, 0x1b, 0xff, 0x7a, 0x6a, 0x1b, 0xff, 0x7a, 0x6b, 0x1b, 0xff, 0x7a, 0x6b, 0x1b, 0xff,
  0x7a, 0x6b, 0x1b, 0xff, 0x7a, 0x6b, 0x1b, 0xff, 0x7a, 0x6b, 0x1b, 0xff, 0x7a, 0x6c, 0x1b, 0xff,
  0x7a, 0x6c, 0x1b, 0xff, 0x7a, 0x6c, 0x1b, 0xff, 0x24, 0xbf, 0xfb, 0xe6, 0x24, 0xbf, 0xfb, 0xe6,
  0x24, 0xbf, 0xfb, 0xe6, 0x24, 0xbf, 0xfb, 0xe6, 0x24, 0xbf, 0xfb, 0xe6, 0x24, 0xbf, 0xfb, 0xe6,
  0x7a, 0x6d, 0x1b, 0xff, 0x7a, 0x6d, 0x1b, 0xff, 0x7a, 0x6e, 0x1b, 0xff, 0x7a, 0x6e, 0x1b, 0xff,
  0x7a, 0x6e, 0x1b, 0xff, 0x7a, 0x6e, 0x1b, 0xff, 0x7a, 0x6e, 0x1b, 0xff, 0x7a, 0x6f, 0x1b, 0xff,
  0x7a, 0x6f, 0x1b, 0xff, 0x7a, 0x6f, 0x1b, 0xff, 0x7a, 0x6f, 0x1b, 0xff, 0x7a, 0x6f, 0x1b, 0xff,
  0x7a, 0x70, 0x1b, 0xff, 0x7a, 0x70, 0x1b, 0xff, 0x7a, 0x70, 0x1b, 0xff, 0x30, 0x26, 0x12, 0xf4,
  0x30, 0x26, 0x12, 0xc9, 0x30, 0x26, 0x12, 0x9f, 0x30, 0x26, 0x12, 0x75, 0x30, 0x26, 0x12, 0x4b,
  0x30, 0x26, 0x12, 0x20, 0x00, 0x00, 0x00, 0x00, 0x00, 0x00, 0x00, 0x00, 0x00, 0x00, 0x00, 0x00,
  0x00, 0x00, 0x00, 0x00, 0x00, 0x00, 0x00, 0x00, 0x00, 0x00, 0x00, 0x00, 0x00, 0x00, 0x00, 0x00,
  0x30, 0x26, 0x12, 0x24, 0x30, 0x26, 0x12, 0x4e, 0x30, 0x26, 0x12, 0x79, 0x30, 0x26, 0x12, 0xa3,
  0x30, 0x26, 0x12, 0xcd, 0x30, 0x26, 0x12, 0xf8, 0x7a, 0x5e, 0x1b, 0xff, 0x7a, 0x5e, 0x1b, 0xff,
  0x7a, 0x5e, 0x1b, 0xff, 0x7a, 0x5f, 0x1b, 0xff, 0x7a, 0x5f, 0x1b, 0xff, 0x7a, 0x5f, 0x1b, 0xff,
  0x7a, 0x5f, 0x1b, 0xff, 0x7a, 0x5f, 0x1b, 0xff, 0x7a, 0x60, 0x1b, 0xff, 0x7a, 0x60, 0x1b, 0xff,
  0x7a, 0x60, 0x1b, 0xff, 0x7a, 0x60, 0x1b, 0xff, 0x7a, 0x60, 0x1b, 0xff, 0x7a, 0x61, 0x1b, 0xff,
  0x7a, 0x61, 0x1b, 0xff, 0x7a, 0x61, 0x1b, 0xff, 0x7a, 0x61, 0x1b, 0xff, 0x7a, 0x61, 0x1b, 0xff,
  0x7a, 0x62, 0x1b, 0xff, 0x7a, 0x62, 0x1b, 0xff, 0x71, 0x71, 0xf8, 0xff, 0x71, 0x71, 0xf8, 0xff,
  0x71, 0x71, 0xf8, 0xff, 0xd6, 0xf4, 0xff, 0xff, 0xd6, 0xf4, 0xff, 0xff, 0xd6, 0xf4, 0xff, 0xff,
  0xd6, 0xf4, 0xff, 0xff, 0x71, 0x71, 0xf8, 0xff, 0x71, 0x71, 0xf8, 0xff, 0x71, 0x71, 0xf8, 0xff,
  0x7a, 0x64, 0x1b, 0xff, 0x7a, 0x64, 0x1b, 0xff, 0x7a, 0x64, 0x1b, 0xff, 0x7a, 0x64, 0x1b, 0xff,
  0x7a, 0x65, 0x1b, 0xff, 0x7a, 0x65, 0x1b, 0xff, 0x7a, 0x65, 0x1b, 0xff, 0x7a, 0x65, 0x1b, 0xff,
  0x7a, 0x65, 0x1b, 0xff, 0x7a, 0x66, 0x1b, 0xff, 0x7a, 0x66, 0x1b, 0xff, 0x7a, 0x66, 0x1b, 0xff,
  0x7a, 0x66, 0x1b, 0xff, 0x7a, 0x66, 0x1b, 0xff, 0x7a, 0x67, 0x1b, 0xff, 0x7a, 0x67, 0x1b, 0xff,
  0x7a, 0x67, 0x1b, 0xff, 0x7a, 0x67, 0x1b, 0xff, 0x7a, 0x67, 0x1b, 0xff, 0x7a, 0x68, 0x1b, 0xff,
  0xfa, 0xa5, 0x60, 0xff, 0xfa, 0xa5, 0x60, 0xff, 0xfa, 0xa5, 0x60, 0xff, 0xfa, 0xa5, 0x60, 0xff,
  0xfa, 0xa5, 0x60, 0xff, 0xfa, 0xa5, 0x60, 0xff, 0xfa, 0xa5, 0x60, 0xff, 0xfa, 0xa5, 0x60, 0xff,
  0xfa, 0xa5, 0x60, 0xff, 0x7a, 0x6a, 0x1b, 0xff, 0x7a, 0x6a, 0x1b, 0xff, 0x7a, 0x6a, 0x1b, 0xff,
  0x7a, 0x6a, 0x1b, 0xff, 0x7a, 0x6a, 0x1b, 0xff, 0x7a, 0x6b, 0x1b, 0xff, 0x7a, 0x6b, 0x1b, 0xff,
  0x7a, 0x6b, 0x1b, 0xff, 0x7a, 0x6b, 0x1b, 0xff, 0x7a, 0x6b, 0x1b, 0xff, 0x7a, 0x6c, 0x1b, 0xff,
  0x7a, 0x6c, 0x1b, 0xff, 0x7a, 0x6c, 0x1b, 0xff, 0x24, 0xbf, 0xfb, 0xe6, 0x24, 0xbf, 0xfb, 0xe6,
  0x24, 0xbf, 0xfb, 0xe6, 0x24, 0xbf, 0xfb, 0xe6, 0x24, 0xbf, 0xfb, 0xe6, 0x24, 0xbf, 0xfb, 0xe6,
  0x7a, 0x6d, 0x1b, 0xff, 0x7a, 0x6d, 0x1b, 0xff, 0x7a, 0x6e, 0x1b, 0xff, 0x7a, 0x6e, 0x1b, 0xff,
  0x7a, 0x6e, 0x1b, 0xff, 0x7a, 0x6e, 0x1b, 0xff, 0x7a, 0x6e, 0x1b, 0xff, 0x7a, 0x6f, 0x1b, 0xff,
  0x7a, 0x6f, 0x1b, 0xff, 0x7a, 0x6f, 0x1b, 0xff, 0x7a, 0x6f, 0x1b, 0xff, 0x7a, 0x6f, 0x1b, 0xff,
  0x7a, 0x70, 0x1b, 0xff, 0x7a, 0x70, 0x1b, 0xff, 0x7a, 0x70, 0x1b, 0xff, 0x30, 0x26, 0x12, 0xf8,
  0x30, 0x26, 0x12, 0xcd, 0x30, 0x26, 0x12, 0xa3, 0x30, 0x26, 0x12, 0x79, 0x30, 0x26, 0x12, 0x4e,
  0x30, 0x26, 0x12, 0x24, 0x00, 0x00, 0x00, 0x00, 0x00, 0x00, 0x00, 0x00, 0x00, 0x00, 0x00, 0x00,
  0x00, 0x00, 0x00, 0x00, 0x00, 0x00, 0x00, 0x00, 0x00, 0x00, 0x00, 0x00, 0x00, 0x00, 0x00, 0x00,
  0x30, 0x26, 0x12, 0x27, 0x30, 0x26, 0x12, 0x51, 0x30, 0x26, 0x12, 0x7c, 0x30, 0x26, 0x12, 0xa6,
  0x30, 0x26, 0x12, 0xd1, 0x30, 0x26, 0x12, 0xfb, 0x7a, 0x5e, 0x1b, 0xff, 0x7a, 0x5e, 0x1b, 0xff,
  0x7a, 0x5e, 0x1b, 0xff, 0x7a, 0x5f, 0x1b, 0xff, 0x7a, 0x5f, 0x1b, 0xff, 0x7a, 0x5f, 0x1b, 0xff,
  0x7a, 0x5f, 0x1b, 0xff, 0x7a, 0x5f, 0x1b, 0xff, 0x7a, 0x60, 0x1b, 0xff, 0x7a, 0x60, 0x1b, 0xff,
  0x7a, 0x60, 0x1b, 0xff, 0x7a, 0x60, 0x1b, 0xff, 0x7a, 0x60, 0x1b, 0xff, 0x7a, 0x61, 0x1b, 0xff,
  0x7a, 0x61, 0x1b, 0xff, 0x7a, 0x61, 0x1b, 0xff, 0x7a, 0x61, 0x1b, 0xff, 0x7a, 0x61, 0x1b, 0xff,
  0x7a, 0x62, 0x1b, 0xff, 0x7a, 0x62, 0x1b, 0xff, 0x71, 0x71, 0xf8, 0xff, 0x71, 0x71, 0xf8, 0xff,
  0x71, 0x71, 0xf8, 0xff, 0xd6, 0xf4, 0xff, 0xff, 0xd6, 0xf4, 0xff, 0xff, 0xd6, 0xf4, 0xff, 0xff,
  0xd6, 0xf4, 0xff, 0xff, 0x71, 0x71, 0xf8, 0xff, 0x71, 0x71, 0xf8, 0xff, 0x71, 0x71, 0xf8, 0xff,
  0x7a, 0x64, 0x1b, 0xff, 0x7a, 0x64, 0x1b, 0xff, 0x7a, 0x64, 0x1b, 0xff, 0x7a, 0x64, 0x1b, 0xff,
  0x7a, 0x65, 0x1b, 0xff, 0x7a, 0x65, 0x1b, 0xff, 0x7a, 0x65, 0x1b, 0xff, 0x7a, 0x65, 0x1b, 0xff,
  0x7a, 0x65, 0x1b, 0xff, 0x7a, 0x66, 0x1b, 0xff, 0x7a, 0x66, 0x1b, 0xff, 0x7a, 0x66, 0x1b, 0xff,
  0x7a, 0x66, 0x1b, 0xff, 0x7a, 0x66, 0x1b, 0xff, 0x7a, 0x67, 0x1b, 0xff, 0x7a, 0x67, 0x1b, 0xff,
  0x7a, 0x67, 0x1b, 0xff, 0x7a, 0x67, 0x1b, 0xff, 0xfa, 0xa5, 0x60, 0xff, 0xfa, 0xa5, 0x60, 0xff,
  0xfa, 0xa5, 0x60, 0xff, 0xfa, 0xa5, 0x60, 0xff, 0xfa, 0xa5, 0x60, 0xff, 0xfa, 0xa5, 0x60, 0xff,
  0xfa, 0xa5, 0x60, 0xff, 0xfa, 0xa5, 0x60, 0xff, 0xfa, 0xa5, 0x60, 0xff, 0xfa, 0xa5, 0x60, 0xff,
  0xfa, 0xa5, 0x60, 0xff, 0xfa, 0xa5, 0x60, 0xff, 0xfa, 0xa5, 0x60, 0xff, 0x7a, 0x6a, 0x1b, 0xff,
  0x7a, 0x6a, 0x1b, 0xff, 0x7a, 0x6a, 0x1b, 0xff, 0x7a, 0x6b, 0x1b, 0xff, 0x7a, 0x6b, 0x1b, 0xff,
  0x7a, 0x6b, 0x1b, 0xff, 0x7a, 0x6b, 0x1b, 0xff, 0x7a, 0x6b, 0x1b, 0xff, 0x7a, 0x6c, 0x1b, 0xff,
  0x7a, 0x6c, 0x1b, 0xff, 0x7a, 0x6c, 0x1b, 0xff, 0x24, 0xbf, 0xfb, 0xe6, 0x24, 0xbf, 0xfb, 0xe6,
  0x24, 0xbf, 0xfb, 0xe6, 0x24, 0xbf, 0xfb, 0xe6, 0x24, 0xbf, 0xfb, 0xe6, 0x24, 0xbf, 0xfb, 0xe6,
  0x7a, 0x6d, 0x1b, 0xff, 0x7a, 0x6d, 0x1b, 0xff, 0x7a, 0x6e, 0x1b, 0xff, 0x7a, 0x6e, 0x1b, 0xff,
  0x7a, 0x6e, 0x1b, 0xff, 0x7a, 0x6e, 0x1b, 0xff, 0x7a, 0x6e, 0x1b, 0xff, 0x7a, 0x6f, 0x1b, 0xff,
  0x7a, 0x6f, 0x1b, 0xff, 0x7a, 0x6f, 0x1b, 0xff, 0x7a, 0x6f, 0x1b, 0xff, 0x7a, 0x6f, 0x1b, 0xff,
  0x7a, 0x70, 0x1b, 0xff, 0x7a, 0x70, 0x1b, 0xff, 0x7a, 0x70, 0x1b, 0xff, 0x30, 0x26, 0x12, 0xfb,
  0x30, 0x26, 0x12, 0xd1, 0x30, 0x26, 0x12, 0xa6, 0x30, 0x26, 0x12, 0x7c, 0x30, 0x26, 0x12, 0x51,
  0x30, 0x26, 0x12, 0x27, 0x00, 0x00, 0x00, 0x00, 0x00, 0x00, 0x00, 0x00, 0x00, 0x00, 0x00, 0x00,
  0x00, 0x00, 0x00, 0x00, 0x00, 0x00, 0x00, 0x00, 0x00, 0x00, 0x00, 0x00, 0x00, 0x00, 0x00, 0x00,
  0x30, 0x26, 0x12, 0x29, 0x30, 0x26, 0x12, 0x53, 0x30, 0x26, 0x12, 0x7e, 0x30, 0x26, 0x12, 0xa8,
  0x30, 0x26, 0x12, 0xd3, 0x30, 0x26, 0x12, 0xfd, 0x7a, 0x5e, 0x1b, 0xff, 0x7a, 0x5e, 0x1b, 0xff,
  0x7a, 0x5e, 0x1b, 0xff, 0x7a, 0x5f, 0x1b, 0xff, 0x7a, 0x5f, 0x1b, 0xff, 0x7a, 0x5f, 0x1b, 0xff,
  0x7a, 0x5f, 0x1b, 0xff, 0x7a, 0x5f, 0x1b, 0xff, 0x7a, 0x60, 0x1b, 0xff, 0x7a, 0x60, 0x1b, 0xff,
  0x7a, 0x60, 0x1b, 0xff, 0x7a, 0x60, 0x1b, 0xff, 0x7a, 0x60, 0x1b, 0xff, 0x7a, 0x61, 0x1b, 0xff,
  0x7a, 0x61, 0x1b, 0xff, 0x7a, 0x61, 0x1b, 0xff, 0x7a, 0x61, 0x1b, 0xff, 0x7a, 0x61, 0x1b, 0xff,
  0x7a, 0x62, 0x1b, 0xff, 0x7a, 0x62, 0x1b, 0xff, 0x71, 0x71, 0xf8, 0xff, 0x71, 0x71, 0xf8, 0xff,
  0x71, 0x71, 0xf8, 0xff, 0xd6, 0xf4, 0xff, 0xff, 0xd6, 0xf4, 0xff, 0xff, 0xd6, 0xf4, 0xff, 0xff,
  0xd6, 0xf4, 0xff, 0xff, 0x71, 0x71, 0xf8, 0xff, 0x71, 0x71, 0xf8, 0xff, 0x71, 0x71, 0xf8, 0xff,
  0x7a, 0x64, 0x1b, 0xff, 0x7a, 0x64, 0x1b, 0xff, 0x7a, 0x64, 0x1b, 0xff, 0x7a, 0x64, 0x1b, 0xff,
  0x7a, 0x65, 0x1b, 0xff, 0x7a, 0x65, 0x1b, 0xff, 0x7a, 0x65, 0x1b, 0xff, 0x7a, 0x65, 0x1b, 0xff,
  0x7a, 0x65, 0x1b, 0xff, 0x7a, 0x66, 0x1b, 0xff, 0x7a, 0x66, 0x1b, 0xff, 0x7a, 0x66, 0x1b, 0xff,
  0x7a, 0x66, 0x1b, 0xff, 0x7a, 0x66, 0x1b, 0xff, 0x7a, 0x67, 0x1b, 0xff, 0x7a, 0x67, 0x1b, 0xff,
  0x7a, 0x67, 0x1b, 0xff, 0xfa, 0xa5, 0x60, 0xff, 0xfa, 0xa5, 0x60, 0xff, 0xfa, 0xa5, 0x60, 0xff,
  0xfa, 0xa5, 0x60, 0xff, 0xfa, 0xa5, 0x60, 0xff, 0xfa, 0xa5, 0x60, 0xff, 0xfa, 0xa5, 0x60, 0xff,
  0xfa, 0xa5, 0x60, 0xff, 0xfa, 0xa5, 0x60, 0xff, 0xfa, 0xa5, 0x60, 0xff, 0xfa, 0xa5, 0x60, 0xff,
  0xfa, 0xa5, 0x60, 0xff, 0xfa, 0xa5, 0x60, 0xff, 0xfa, 0xa5, 0x60, 0xff, 0xfa, 0xa5, 0x60, 0xff,
  0x7a, 0x6a, 0x1b, 0xff, 0x7a, 0x6a, 0x1b, 0xff, 0x7a, 0x6b, 0x1b, 0xff, 0x7a, 0x6b, 0x1b, 0xff,
  0x7a, 0x6b, 0x1b, 0xff, 0x7a, 0x6b, 0x1b, 0xff, 0x7a, 0x6b, 0x1b, 0xff, 0x7a, 0x6c, 0x1b, 0xff,
  0x7a, 0x6c, 0x1b, 0xff, 0x7a, 0x6c, 0x1b, 0xff, 0x24, 0xbf, 0xfb, 0xe6, 0x24, 0xbf, 0xfb, 0xe6,
  0x24, 0xbf, 0xfb, 0xe6, 0x24, 0xbf, 0xfb, 0xe6, 0x24, 0xbf, 0xfb, 0xe6, 0x24, 0xbf, 0xfb, 0xe6,
  0x7a, 0x6d, 0x1b, 0xff, 0x7a, 0x6d, 0x1b, 0xff, 0x7a, 0x6e, 0x1b, 0xff, 0x7a, 0x6e, 0x1b, 0xff,
  0x7a, 0x6e, 0x1b, 0xff, 0x7a, 0x6e, 0x1b, 0xff, 0x7a, 0x6e, 0x1b, 0xff, 0x7a, 0x6f, 0x1b, 0xff,
  0x7a, 0x6f, 0x1b, 0xff, 0x7a, 0x6f, 0x1b, 0xff, 0x7a, 0x6f, 0x1b, 0xff, 0x7a, 0x6f, 0x1b, 0xff,
  0x7a, 0x70, 0x1b, 0xff, 0x7a, 0x70, 0x1b, 0xff, 0x7a, 0x70, 0x1b, 0xff, 0x30, 0x26, 0x12, 0xfd,
  0x30, 0x26, 0x12, 0xd3, 0x30, 0x26, 0x12, 0xa8, 0x30, 0x26, 0x12, 0x7e, 0x30, 0x26, 0x12, 0x53,
  0x30, 0x26, 0x12, 0x29, 0x00, 0x00, 0x00, 0x00, 0x00, 0x00, 0x00, 0x00, 0x00, 0x00, 0x00, 0x00,
  0x00, 0x00, 0x00, 0x00, 0x00, 0x00, 0x00, 0x00, 0x00, 0x00, 0x00, 0x00, 0x00, 0x00, 0x00, 0x00,
  0x30, 0x26, 0x12, 0x2a, 0x30, 0x26, 0x12, 0x55, 0x30, 0x26, 0x12, 0x7f, 0x30, 0x26, 0x12, 0xaa,
  0x30, 0x26, 0x12, 0xd4, 0x30, 0x26, 0x12, 0xff, 0x79, 0x5e, 0x1b, 0xff, 0x79, 0x5e, 0x1b, 0xff,
  0x79, 0x5e, 0x1b, 0xff, 0x79, 0x5f, 0x1b, 0xff, 0x79, 0x5f, 0x1b, 0xff, 0x79, 0x5f, 0x1b, 0xff,
  0x79, 0x5f, 0x1b, 0xff, 0x79, 0x5f, 0x1b, 0xff, 0x79, 0x60, 0x1b, 0xff, 0x79, 0x60, 0x1b, 0xff,
  0x79, 0x60, 0x1b, 0xff, 0x79, 0x60, 0x1b, 0xff, 0x79, 0x60, 0x1b, 0xff, 0x79, 0x61, 0x1b, 0xff,
  0x79, 0x61, 0x1b, 0xff, 0x79, 0x61, 0x1b, 0xff, 0x79, 0x61, 0x1b, 0xff, 0x79, 0x61, 0x1b, 0xff,
  0x79, 0x62, 0x1b, 0xff, 0x79, 0x62, 0x1b, 0xff, 0x71, 0x71, 0xf8, 0xff, 0x71, 0x71, 0xf8, 0xff,
  0x71, 0x71, 0xf8, 0xff, 0xd6, 0xf4, 0xff, 0xff, 0xd6, 0xf4, 0xff, 0xff, 0xd6, 0xf4, 0xff, 0xff,
  0xd6, 0xf4, 0xff, 0xff, 0x71, 0x71, 0xf8, 0xff, 0x71, 0x71, 0xf8, 0xff, 0x71, 0x71, 0xf8, 0xff,
  0x79, 0x64, 0x1b, 0xff, 0x79, 0x64, 0x1b, 0xff, 0x79, 0x64, 0x1b, 0xff, 0x79, 0x64, 0x1b, 0xff,
  0x79, 0x65, 0x1b, 0xff, 0x79, 0x65, 0x1b, 0xff, 0x79, 0x65, 0x1b, 0xff, 0x79, 0x65, 0x1b, 0xff,
  0x79, 0x65, 0x1b, 0xff, 0x79, 0x66, 0x1b, 0xff, 0x79, 0x66, 0x1b, 0xff, 0x79, 0x66, 0x1b, 0xff,
  0x79, 0x66, 0x1b, 0xff, 0x79, 0x66, 0x1b, 0xff, 0x79, 0x67, 0x1b, 0xff, 0xfa, 0xa5, 0x60, 0xff,
  0xfa, 0xa5, 0x60, 0xff, 0xfa, 0xa5, 0x60, 0xff, 0xfa, 0xa5, 0x60, 0xff, 0xfa, 0xa5, 0x60, 0xff,
  0xfa, 0xa5, 0x60, 0xff, 0xfa, 0xa5, 0x60, 0xff, 0xfa, 0xa5, 0x60, 0xff, 0xfa, 0xa5, 0x60, 0xff,
  0xfa, 0xa5, 0x60, 0xff, 0xfa, 0xa5, 0x60, 0xff, 0xfa, 0xa5, 0x60, 0xff, 0xfa, 0xa5, 0x60, 0xff,
  0xfa, 0xa5, 0x60, 0xff, 0xfa, 0xa5, 0x60, 0xff, 0xfa, 0xa5, 0x60, 0xff, 0xfa, 0xa5, 0x60, 0xff,
  0xfa, 0xa5, 0x60, 0xff, 0xfa, 0xa5, 0x60, 0xff, 0x79, 0x6b, 0x1b, 0xff, 0x79, 0x6b, 0x1b, 0xff,
  0x79, 0x6b, 0x1b, 0xff, 0x79, 0x6b, 0x1b, 0xff, 0x79, 0x6b, 0x1b, 0xff, 0x79, 0x6c, 0x1b, 0xff,
  0x79, 0x6c, 0x1b, 0xff, 0x79, 0x6c, 0x1b, 0xff, 0x79, 0x6c, 0x1b, 0xff, 0x79, 0x6c, 0x1b, 0xff,
  0x79, 0x6d, 0x1b, 0xff, 0x79, 0x6d, 0x1b, 0xff, 0x79, 0x6d, 0x1b, 0xff, 0x79, 0x6d, 0x1b, 0xff,
  0x79, 0x6d, 0x1b, 0xff, 0x79, 0x6d, 0x1b, 0xff, 0x79, 0x6e, 0x1b, 0xff, 0x79, 0x6e, 0x1b, 0xff,
  0x79, 0x6e, 0x1b, 0xff, 0x79, 0x6e, 0x1b, 0xff, 0x79, 0x6e, 0x1b, 0xff, 0x79, 0x6f, 0x1b, 0xff,
  0x79, 0x6f, 0x1b, 0xff, 0x79, 0x6f, 0x1b, 0xff, 0x79, 0x6f, 0x1b, 0xff, 0x79, 0x6f, 0x1b, 0xff,
  0x79, 0x70, 0x1b, 0xff, 0x79, 0x70, 0x1b, 0xff, 0x79, 0x70, 0x1b, 0xff, 0x30, 0x26, 0x12, 0xff,
  0x30, 0x26, 0x12, 0xd4, 0x30, 0x26, 0x12, 0xaa, 0x30, 0x26, 0x12, 0x7f, 0x30, 0x26, 0x12, 0x55,
  0x30, 0x26, 0x12, 0x2a, 0x00, 0x00, 0x00, 0x00, 0x00, 0x00, 0x00, 0x00, 0x00, 0x00, 0x00, 0x00,
  0x00, 0x00, 0x00, 0x00, 0x00, 0x00, 0x00, 0x00, 0x00, 0x00, 0x00, 0x00, 0x30, 0x26, 0x12, 0x00,
  0x30, 0x26, 0x12, 0x2b, 0x30, 0x26, 0x12, 0x55, 0x30, 0x26, 0x12, 0x80, 0x30, 0x26, 0x12, 0xaa,
  0x30, 0x26, 0x12, 0xd5, 0x30, 0x26, 0x12, 0xff, 0x79, 0x5e, 0x1b, 0xff, 0x79, 0x5e, 0x1b, 0xff,
  0x79, 0x5e, 0x1b, 0xff, 0x79, 0x5f, 0x1b, 0xff, 0x79, 0x5f, 0x1b, 0xff, 0x79, 0x5f, 0x1b, 0xff,
  0x79, 0x5f, 0x1b, 0xff, 0x79, 0x5f, 0x1b, 0xff, 0x79, 0x60, 0x1b, 0xff, 0x79, 0x60, 0x1b, 0xff,
  0x79, 0x60, 0x1b, 0xff, 0x79, 0x60, 0x1b, 0xff, 0x79, 0x60, 0x1b, 0xff, 0x79, 0x61, 0x1b, 0xff,
  0x79, 0x61, 0x1b, 0xff, 0x79, 0x61, 0x1b, 0xff, 0x79, 0x61, 0x1b, 0xff, 0x79, 0x61, 0x1b, 0xff,
  0x79, 0x62, 0x1b, 0xff, 0x79, 0x62, 0x1b, 0xff, 0x71, 0x71, 0xf8, 0xff, 0x71, 0x71, 0xf8, 0xff,
  0x71, 0x71, 0xf8, 0xff, 0xd6, 0xf4, 0xff, 0xff, 0xd6, 0xf4, 0xff, 0xff, 0xd6, 0xf4, 0xff, 0xff,
  0xd6, 0xf4, 0xff, 0xff, 0x71, 0x71, 0xf8, 0xff, 0x71, 0x71, 0xf8, 0xff, 0x71, 0x71, 0xf8, 0xff,
  0x79, 0x64, 0x1b, 0xff, 0x79, 0x64, 0x1b, 0xff, 0x79, 0x64, 0x1b, 0xff, 0x79, 0x64, 0x1b, 0xff,
  0x79, 0x65, 0x1b, 0xff, 0x79, 0x65, 0x1b, 0xff, 0x79, 0x65, 0x1b, 0xff, 0x79, 0x65, 0x1b, 0xff,
  0x79, 0x65, 0x1b, 0xff, 0x79, 0x66, 0x1b, 0xff, 0x79, 0x66, 0x1b, 0xff, 0x79, 0x66, 0x1b, 0xff,
  0x79, 0x66, 0x1b, 0xff, 0x79, 0x66, 0x1b, 0xff, 0xfa, 0xa5, 0x60, 0xff, 0xfa, 0xa5, 0x60, 0xff,
  0xfa, 0xa5, 0x60, 0xff, 0xfa, 0xa5, 0x60, 0xff, 0xfa, 0xa5, 0x60, 0xff, 0xfa, 0xa5, 0x60, 0xff,
  0xfa, 0xa5, 0x60, 0xff, 0xfa, 0xa5, 0x60, 0xff, 0xfa, 0xa5, 0x60, 0xff, 0xfa, 0xa5, 0x60, 0xff,
  0xfa, 0xa5, 0x60, 0xff, 0xfa, 0xa5, 0x60, 0xff, 0xfa, 0xa5, 0x60, 0xff, 0xfa, 0xa5, 0x60, 0xff,
  0xfa, 0xa5, 0x60, 0xff, 0xfa, 0xa5, 0x60, 0xff, 0xfa, 0xa5, 0x60, 0xff, 0xfa, 0xa5, 0x60, 0xff,
  0xfa, 0xa5, 0x60, 0xff, 0xfa, 0xa5, 0x60, 0xff, 0xfa, 0xa5, 0x60, 0xff, 0x79, 0x6b, 0x1b, 0xff,
  0x79, 0x6b, 0x1b, 0xff, 0x79, 0x6b, 0x1b, 0xff, 0x79, 0x6b, 0x1b, 0xff, 0x79, 0x6c, 0x1b, 0xff,
  0x79, 0x6c, 0x1b, 0xff, 0x79, 0x6c, 0x1b, 0xff, 0x79, 0x6c, 0x1b, 0xff, 0x79, 0x6c, 0x1b, 0xff,
  0x79, 0x6d, 0x1b, 0xff, 0x79, 0x6d, 0x1b, 0xff, 0x79, 0x6d, 0x1b, 0xff, 0x79, 0x6d, 0x1b, 0xff,
  0x79, 0x6d, 0x1b, 0xff, 0x79, 0x6d, 0x1b, 0xff, 0x79, 0x6e, 0x1b, 0xff, 0x79, 0x6e, 0x1b, 0xff,
  0x79, 0x6e, 0x1b, 0xff, 0x79, 0x6e, 0x1b, 0xff, 0x79, 0x6e, 0x1b, 0xff, 0x79, 0x6f, 0x1b, 0xff,
  0x79, 0x6f, 0x1b, 0xff, 0x79, 0x6f, 0x1b, 0xff, 0x79, 0x6f, 0x1b, 0xff, 0x79, 0x6f, 0x1b, 0xff,
  0x79, 0x70, 0x1b, 0xff, 0x79, 0x70, 0x1b, 0xff, 0x79, 0x70, 0x1b, 0xff, 0x30, 0x26, 0x12, 0xff,
  0x30, 0x26, 0x12, 0xd5, 0x30, 0x26, 0x12, 0xaa, 0x30, 0x26, 0x12, 0x80, 0x30, 0x26, 0x12, 0x55,
  0x30, 0x26, 0x12, 0x2b, 0x30, 0x26, 0x12, 0x00, 0x00, 0x00, 0x00, 0x00, 0x00, 0x00, 0x00, 0x00,
  0x00, 0x00, 0x00, 0x00, 0x00, 0x00, 0x00, 0x00, 0x00, 0x00, 0x00, 0x00, 0x00, 0x00, 0x00, 0x00,
  0x30, 0x26, 0x12, 0x2a, 0x30, 0x26, 0x12, 0x55, 0x30, 0x26, 0x12, 0x7f, 0x30, 0x26, 0x12, 0xaa,
  0x30, 0x26, 0x12, 0xd4, 0x30, 0x26, 0x12, 0xff, 0x79, 0x5e, 0x1b, 0xff, 0x79, 0x5e, 0x1b, 0xff,
  0x79, 0x5e, 0x1b, 0xff, 0x79, 0x5f, 0x1b, 0xff, 0x79, 0x5f, 0x1b, 0xff, 0x79, 0x5f, 0x1b, 0xff,
  0x79, 0x5f, 0x1b, 0xff, 0x79, 0x5f, 0x1b, 0xff, 0x79, 0x60, 0x1b, 0xff, 0x79, 0x60, 0x1b, 0xff,
  0x79, 0x60, 0x1b, 0xff, 0x79, 0x60, 0x1b, 0xff, 0x79, 0x60, 0x1b, 0xff, 0x79, 0x61, 0x1b, 0xff,
  0x79, 0x61, 0x1b, 0xff, 0x79, 0x61, 0x1b, 0xff, 0x79, 0x61, 0x1b, 0xff, 0x79, 0x61, 0x1b, 0xff,
  0x79, 0x62, 0x1b, 0xff, 0x79, 0x62, 0x1b, 0xff, 0x71, 0x71, 0xf8, 0xff, 0x71, 0x71, 0xf8, 0xff,
  0x71, 0x71, 0xf8, 0xff, 0xd6, 0xf4, 0xff, 0xff, 0xd6, 0xf4, 0xff, 0xff, 0xd6, 0xf4, 0xff, 0xff,
  0xd6, 0xf4, 0xff, 0xff, 0x71, 0x71, 0xf8, 0xff, 0x71, 0x71, 0xf8, 0xff, 0x71, 0x71, 0xf8, 0xff,
  0x79, 0x64, 0x1b, 0xff, 0x79, 0x64, 0x1b, 0xff, 0x79, 0x64, 0x1b, 0xff, 0x79, 0x64, 0x1b, 0xff,
  0x79, 0x65, 0x1b, 0xff, 0x79, 0x65, 0x1b, 0xff, 0x79, 0x65, 0x1b, 0xff, 0x79, 0x65, 0x1b, 0xff,
  0x79, 0x65, 0x1b, 0xff, 0x79, 0x66, 0x1b, 0xff, 0x79, 0x66, 0x1b, 0xff, 0x79, 0x66, 0x1b, 0xff,
  0x79, 0x66, 0x1b, 0xff, 0x79, 0x66, 0x1b, 0xff, 0xfa, 0xa5, 0x60, 0xff, 0xfa, 0xa5, 0x60, 0xff,
  0xfa, 0xa5, 0x60, 0xff, 0xfa, 0xa5, 0x60, 0xff, 0xfa, 0xa5, 0x60, 0xff, 0xfa, 0xa5, 0x60, 0xff,
  0xfa, 0xa5, 0x60, 0xff, 0xfa, 0xa5, 0x60, 0xff, 0xfa, 0xa5, 0x60, 0xff, 0xfa, 0xa5, 0x60, 0xff,
  0xfa, 0xa5, 0x60, 0xff, 0xfa, 0xa5, 0x60, 0xff, 0xfa, 0xa5, 0x60, 0xff, 0xfa, 0xa5, 0x60, 0xff,
  0xfa, 0xa5, 0x60, 0xff, 0xfa, 0xa5, 0x60, 0xff, 0xfa, 0xa5, 0x60, 0xff, 0xfa, 0xa5, 0x60, 0xff,
  0xfa, 0xa5, 0x60, 0xff, 0xfa, 0xa5, 0x60, 0xff, 0xfa, 0xa5, 0x60, 0xff, 0x79, 0x6b, 0x1b, 0xff,
  0x79, 0x6b, 0x1b, 0xff, 0x79, 0x6b, 0x1b, 0xff, 0x79, 0x6b, 0x1b, 0xff, 0x79, 0x6c, 0x1b, 0xff,
  0x79, 0x6c, 0x1b, 0xff, 0x79, 0x6c, 0x1b, 0xff, 0x79, 0x6c, 0x1b, 0xff, 0x79, 0x6c, 0x1b, 0xff,
  0x79, 0x6d, 0x1b, 0xff, 0x79, 0x6d, 0x1b, 0xff, 0x79, 0x6d, 0x1b, 0xff, 0x79, 0x6d, 0x1b, 0xff,
  0x79, 0x6d, 0x1b, 0xff, 0x79, 0x6d, 0x1b, 0xff, 0x79, 0x6e, 0x1b, 0xff, 0x79, 0x6e, 0x1b, 0xff,
  0x79, 0x6e, 0x1b, 0xff, 0x79, 0x6e, 0x1b, 0xff, 0x79, 0x6e, 0x1b, 0xff, 0x79, 0x6f, 0x1b, 0xff,
  0x79, 0x6f, 0x1b, 0xff, 0x79, 0x6f, 0x1b, 0xff, 0x79, 0x6f, 0x1b, 0xff, 0x79, 0x6f, 0x1b, 0xff,
  0x79, 0x70, 0x1b, 0xff, 0x79, 0x70, 0x1b, 0xff, 0x79, 0x70, 0x1b, 0xff, 0x30, 0x26, 0x12, 0xff,
  0x30, 0x26, 0x12, 0xd4, 0x30, 0x26, 0x12, 0xaa, 0x30, 0x26, 0x12, 0x7f, 0x30, 0x26, 0x12, 0x55,
  0x30, 0x26, 0x12, 0x2a, 0x00, 0x00, 0x00, 0x00, 0x00, 0x00, 0x00, 0x00, 0x00, 0x00, 0x00, 0x00,
  0x00, 0x00, 0x00, 0x00, 0x00, 0x00, 0x00, 0x00, 0x00, 0x00, 0x00, 0x00, 0x00, 0x00, 0x00, 0x00,
  0x30, 0x26, 0x12, 0x29, 0x30, 0x26, 0x12, 0x53, 0x30, 0x26, 0x12, 0x7e, 0x30, 0x26, 0x12, 0xa8,
  0x30, 0x26, 0x12, 0xd3, 0x30, 0x26, 0x12, 0xfd, 0x78, 0x5e, 0x1b, 0xff, 0x78, 0x5e, 0x1b, 0xff,
  0x78, 0x5e, 0x1b, 0xff, 0x78, 0x5f, 0x1b, 0xff, 0x78, 0x5f, 0x1b, 0xff, 0x78, 0x5f, 0x1b, 0xff,
  0x78, 0x5f, 0x1b, 0xff, 0x78, 0x5f, 0x1b, 0xff, 0x78, 0x60, 0x1b, 0xff, 0x78, 0x60, 0x1b, 0xff,
  0x78, 0x60, 0x1b, 0xff, 0x78, 0x60, 0x1b, 0xff, 0x78, 0x60, 0x1b, 0xff, 0x78, 0x61, 0x1b, 0xff,
  0x78, 0x61, 0x1b, 0xff, 0x78, 0x61, 0x1b, 0xff, 0x78, 0x61, 0x1b, 0xff, 0x78, 0x61, 0x1b, 0xff,
  0x78, 0x62, 0x1b, 0xff, 0x78, 0x62, 0x1b, 0xff, 0x71, 0x71, 0xf8, 0xff, 0x71, 0x71, 0xf8, 0xff,
  0x71, 0x71, 0xf8, 0xff, 0xd6, 0xf4, 0xff, 0xff, 0xd6, 0xf4, 0xff, 0xff, 0xd6, 0xf4, 0xff, 0xff,
  0xd6, 0xf4, 0xff, 0xff, 0x71, 0x71, 0xf8, 0xff, 0x71, 0x71, 0xf8, 0xff, 0x71, 0x71, 0xf8, 0xff,
  0x78, 0x64, 0x1b, 0xff, 0x78, 0x64, 0x1b, 0xff, 0x78, 0x64, 0x1b, 0xff, 0x78, 0x64, 0x1b, 0xff,
  0x78, 0x65, 0x1b, 0xff, 0x78, 0x65, 0x1b, 0xff, 0x78, 0x65, 0x1b, 0xff, 0x78, 0x65, 0x1b, 0xff,
  0x78, 0x65, 0x1b, 0xff, 0x78, 0x66, 0x1b, 0xff, 0x78, 0x66, 0x1b, 0xff, 0x78, 0x66, 0x1b, 0xff,
  0x78, 0x66, 0x1b, 0xff, 0xfa, 0xa5, 0x60, 0xff, 0xfa, 0xa5, 0x60, 0xff, 0xfa, 0xa5, 0x60, 0xff,
  0xfa, 0xa5, 0x60, 0xff, 0xfa, 0xa5, 0x60, 0xff, 0xfa, 0xa5, 0x60, 0xff, 0xfa, 0xa5, 0x60, 0xff,
  0xfa, 0xa5, 0x60, 0xff, 0xfa, 0xa5, 0x60, 0xff, 0xfa, 0xa5, 0x60, 0xff, 0xfa, 0xa5, 0x60, 0xff,
  0xfa, 0xa5, 0x60, 0xff, 0xfa, 0xa5, 0x60, 0xff, 0xfa, 0xa5, 0x60, 0xff, 0xfa, 0xa5, 0x60, 0xff,
  0xfa, 0xa5, 0x60, 0xff, 0xfa, 0xa5, 0x60, 0xff, 0xfa, 0xa5, 0x60, 0xff, 0xfa, 0xa5, 0x60, 0xff,
  0xfa, 0xa5, 0x60, 0xff, 0xfa, 0xa5, 0x60, 0xff, 0xfa, 0xa5, 0x60, 0xff, 0xfa, 0xa5, 0x60, 0xff,
  0x78, 0x6b, 0x1b, 0xff, 0x78, 0x6b, 0x1b, 0xff, 0x78, 0x6b, 0x1b, 0xff, 0x78, 0x6c, 0x1b, 0xff,
  0x78, 0x6c, 0x1b, 0xff, 0x78, 0x6c, 0x1b, 0xff, 0x78, 0x6c, 0x1b, 0xff, 0x78, 0x6c, 0x1b, 0xff,
  0x78, 0x6d, 0x1b, 0xff, 0x78, 0x6d, 0x1b, 0xff, 0x78, 0x6d, 0x1b, 0xff, 0x78, 0x6d, 0x1b, 0xff,
  0x78, 0x6d, 0x1b, 0xff, 0x78, 0x6d, 0x1b, 0xff, 0x78, 0x6e, 0x1b, 0xff, 0x78, 0x6e, 0x1b, 0xff,
  0x78, 0x6e, 0x1b, 0xff, 0x78, 0x6e, 0x1b, 0xff, 0x78, 0x6e, 0x1b, 0xff, 0x78, 0x6f, 0x1b, 0xff,
  0x78, 0x6f, 0x1b, 0xff, 0x78, 0x6f, 0x1b, 0xff, 0x78, 0x6f, 0x1b, 0xff, 0x78, 0x6f, 0x1b, 0xff,
  0x78, 0x70, 0x1b, 0xff, 0x78, 0x70, 0x1b, 0xff, 0x78, 0x70, 0x1b, 0xff, 0x30, 0x26, 0x12, 0xfd,
  0x30, 0x26, 0x12, 0xd3, 0x30, 0x26, 0x12, 0xa8, 0x30, 0x26, 0x12, 0x7e, 0x30, 0x26, 0x12, 0x53,
  0x30, 0x26, 0x12, 0x29, 0x00, 0x00, 0x00, 0x00, 0x00, 0x00, 0x00, 0x00, 0x00, 0x00, 0x00, 0x00,
  0x00, 0x00, 0x00, 0x00, 0x00, 0x00, 0x00, 0x00, 0x00, 0x00, 0x00, 0x00, 0x00, 0x00, 0x00, 0x00,
  0x30, 0x26, 0x12, 0x27, 0x30, 0x26, 0x12, 0x51, 0x30, 0x26, 0x12, 0x7c, 0x30, 0x26, 0x12, 0xa6,
  0x30, 0x26, 0x12, 0xd1, 0x30, 0x26, 0x12, 0xfb, 0x78, 0x5e, 0x1b, 0xff, 0x78, 0x5e, 0x1b, 0xff,
  0x78, 0x5e, 0x1b, 0xff, 0x78, 0x5f, 0x1b, 0xff, 0x78, 0x5f, 0x1b, 0xff, 0x78, 0x5f, 0x1b, 0xff,
  0x78, 0x5f, 0x1b, 0xff, 0x78, 0x5f, 0x1b, 0xff, 0x78, 0x60, 0x1b, 0xff, 0x78, 0x60, 0x1b, 0xff,
  0x78, 0x60, 0x1b, 0xff, 0x78, 0x60, 0x1b, 0xff, 0x78, 0x60, 0x1b, 0xff, 0x78, 0x61, 0x1b, 0xff,
  0x78, 0x61, 0x1b, 0xff, 0x78, 0x61, 0x1b, 0xff, 0x78, 0x61, 0x1b, 0xff, 0x78, 0x61, 0x1b, 0xff,
  0x78, 0x62, 0x1b, 0xff, 0x78, 0x62, 0x1b, 0xff, 0x71, 0x71, 0xf8, 0xff, 0x71, 0x71, 0xf8, 0xff,
  0x71, 0x71, 0xf8, 0xff, 0xd6, 0xf4, 0xff, 0xff, 0xd6, 0xf4, 0xff, 0xff, 0xd6, 0xf4, 0xff, 0xff,
  0xd6, 0xf4, 0xff, 0xff, 0x71, 0x71, 0xf8, 0xff, 0x71, 0x71, 0xf8, 0xff, 0x71, 0x71, 0xf8, 0xff,
  0x78, 0x64, 0x1b, 0xff, 0x78, 0x64, 0x1b, 0xff, 0x78, 0x64, 0x1b, 0xff, 0x78, 0x64, 0x1b, 0xff,
  0x78, 0x65, 0x1b, 0xff, 0x78, 0x65, 0x1b, 0xff, 0x78, 0x65, 0x1b, 0xff, 0x78, 0x65, 0x1b, 0xff,
  0x78, 0x65, 0x1b, 0xff, 0x78, 0x66, 0x1b, 0xff, 0x78, 0x66, 0x1b, 0xff, 0x78, 0x66, 0x1b, 0xff,
  0xfa, 0xa5, 0x60, 0xff, 0xfa, 0xa5, 0x60, 0xff, 0xfa, 0xa5, 0x60, 0xff, 0xfa, 0xa5, 0x60, 0xff,
  0xfa, 0xa5, 0x60, 0xff, 0xfa, 0xa5, 0x60, 0xff, 0xfa, 0xa5, 0x60, 0xff, 0xfa, 0xa5, 0x60, 0xff,
  0xfa, 0xa5, 0x60, 0xff, 0xfa, 0xa5, 0x60, 0xff, 0xfa, 0xa5, 0x60, 0xff, 0xfa, 0xa5, 0x60, 0xff,
  0xfa, 0xa5, 0x60, 0xff, 0xfa, 0xa5, 0x60, 0xff, 0xfa, 0xa5, 0x60, 0xff, 0xfa, 0xa5, 0x60, 0xff,
  0xfa, 0xa5, 0x60, 0xff, 0xfa, 0xa5, 0x60, 0xff, 0xfa, 0xa5, 0x60, 0xff, 0xfa, 0xa5, 0x60, 0xff,
  0xfa, 0xa5, 0x60, 0xff, 0xfa, 0xa5, 0x60, 0xff, 0xfa, 0xa5, 0x60, 0xff, 0xfa, 0xa5, 0x60, 0xff,
  0xfa, 0xa5, 0x60, 0xff, 0x78, 0x6b, 0x1b, 0xff, 0x78, 0x6b, 0x1b, 0xff, 0x78, 0x6c, 0x1b, 0xff,
  0x78, 0x6c, 0x1b, 0xff, 0x78, 0x6c, 0x1b, 0xff, 0x78, 0x6c, 0x1b, 0xff, 0x78, 0x6c, 0x1b, 0xff,
  0x78, 0x6d, 0x1b, 0xff, 0x78, 0x6d, 0x1b, 0xff, 0x78, 0x6d, 0x1b, 0xff, 0x78, 0x6d, 0x1b, 0xff,
  0x78, 0x6d, 0x1b, 0xff, 0x78, 0x6d, 0x1b, 0xff, 0x78, 0x6e, 0x1b, 0xff, 0x78, 0x6e, 0x1b, 0xff,
  0x78, 0x6e, 0x1b, 0xff, 0x78, 0x6e, 0x1b, 0xff, 0x78, 0x6e, 0x1b, 0xff, 0x78, 0x6f, 0x1b, 0xff,
  0x78, 0x6f, 0x1b, 0xff, 0x78, 0x6f, 0x1b, 0xff, 0x78, 0x6f, 0x1b, 0xff, 0x78, 0x6f, 0x1b, 0xff,
  0x78, 0x70, 0x1b, 0xff, 0x78, 0x70, 0x1b, 0xff, 0x78, 0x70, 0x1b, 0xff, 0x30, 0x26, 0x12, 0xfb,
  0x30, 0x26, 0x12, 0xd1, 0x30, 0x26, 0x12, 0xa6, 0x30, 0x26, 0x12, 0x7c, 0x30, 0x26, 0x12, 0x51,
  0x30, 0x26, 0x12, 0x27, 0x00, 0x00, 0x00, 0x00, 0x00, 0x00, 0x00, 0x00, 0x00, 0x00, 0x00, 0x00,
  0x00, 0x00, 0x00, 0x00, 0x00, 0x00, 0x00, 0x00, 0x00, 0x00, 0x00, 0x00, 0x00, 0x00, 0x00, 0x00,
  0x30, 0x26, 0x12, 0x24, 0x30, 0x26, 0x12, 0x4e, 0x30, 0x26, 0x12, 0x79, 0x30, 0x26, 0x12, 0xa3,
  0x30, 0x26, 0x12, 0xcd, 0x30, 0x26, 0x12, 0xf8, 0x78, 0x5e, 0x1b, 0xff, 0x78, 0x5e, 0x1b, 0xff,
  0x78, 0x5e, 0x1b, 0xff, 0x78, 0x5f, 0x1b, 0xff, 0x78, 0x5f, 0x1b, 0xff, 0x78, 0x5f, 0x1b, 0xff,
  0x78, 0x5f, 0x1b, 0xff, 0x78, 0x5f, 0x1b, 0xff, 0x78, 0x60, 0x1b, 0xff, 0x78, 0x60, 0x1b, 0xff,
  0x78, 0x60, 0x1b, 0xff, 0x78, 0x60, 0x1b, 0xff, 0x78, 0x60, 0x1b, 0xff, 0x78, 0x61, 0x1b, 0xff,
  0x78, 0x61, 0x1b, 0xff, 0x78, 0x61, 0x1b, 0xff, 0x78, 0x61, 0x1b, 0xff, 0x78, 0x61, 0x1b, 0xff,
  0x78, 0x62, 0x1b, 0xff, 0x78, 0x62, 0x1b, 0xff, 0x71, 0x71, 0xf8, 0xff, 0x71, 0x71, 0xf8, 0xff,
  0x71, 0x71, 0xf8, 0xff, 0xd6, 0xf4, 0xff, 0xff, 0xd6, 0xf4, 0xff, 0xff, 0xd6, 0xf4, 0xff, 0xff,
  0xd6, 0xf4, 0xff, 0xff, 0x71, 0x71, 0xf8, 0xff, 0x71, 0x71, 0xf8, 0xff, 0x71, 0x71, 0xf8, 0xff,
  0x78, 0x64, 0x1b, 0xff, 0x78, 0x64, 0x1b, 0xff, 0x78, 0x64, 0x1b, 0xff, 0x78, 0x64, 0x1b, 0xff,
  0x78, 0x65, 0x1b, 0xff, 0x78, 0x65, 0x1b, 0xff, 0x78, 0x65, 0x1b, 0xff, 0x78, 0x65, 0x1b, 0xff,
  0x78, 0x65, 0x1b, 0xff, 0x78, 0x66, 0x1b, 0xff, 0x78, 0x66, 0x1b, 0xff, 0x78, 0x66, 0x1b, 0xff,
  0xfa, 0xa5, 0x60, 0xff, 0xfa, 0xa5, 0x60, 0xff, 0xfa, 0xa5, 0x60, 0xff, 0xfa, 0xa5, 0x60, 0xff,
  0xfa, 0xa5, 0x60, 0xff, 0xfa, 0xa5, 0x60, 0xff, 0xfa, 0xa5, 0x60, 0xff, 0xfa, 0xa5, 0x60, 0xff,
  0xfa, 0xa5, 0x60, 0xff, 0xfa, 0xa5, 0x60, 0xff, 0xfa, 0xa5, 0x60, 0xff, 0xfa, 0xa5, 0x60, 0xff,
  0xfa, 0xa5, 0x60, 0xff, 0xfa, 0xa5, 0x60, 0xff, 0xfa, 0xa5, 0x60, 0xff, 0xfa, 0xa5, 0x60, 0xff,
  0xfa, 0xa5, 0x60, 0xff, 0xfa, 0xa5, 0x60, 0xff, 0xfa, 0xa5, 0x60, 0xff, 0xfa, 0xa5, 0x60, 0xff,
  0xfa, 0xa5, 0x60, 0xff, 0xfa, 0xa5, 0x60, 0xff, 0xfa, 0xa5, 0x60, 0xff, 0xfa, 0xa5, 0x60, 0xff,
  0xfa, 0xa5, 0x60, 0xff, 0x78, 0x6b, 0x1b, 0xff, 0x78, 0x6b, 0x1b, 0xff, 0x78, 0x6c, 0x1b, 0xff,
  0x78, 0x6c, 0x1b, 0xff, 0x78, 0x6c, 0x1b, 0xff, 0x78, 0x6c, 0x1b, 0xff, 0x78, 0x6c, 0x1b, 0xff,
  0x78, 0x6d, 0x1b, 0xff, 0x78, 0x6d, 0x1b, 0xff, 0x78, 0x6d, 0x1b, 0xff, 0x78, 0x6d, 0x1b, 0xff,
  0x78, 0x6d, 0x1b, 0xff, 0x78, 0x6d, 0x1b, 0xff, 0x78, 0x6e, 0x1b, 0xff, 0x78, 0x6e, 0x1b, 0xff,
  0x78, 0x6e, 0x1b, 0xff, 0x78, 0x6e, 0x1b, 0xff, 0x78, 0x6e, 0x1b, 0xff, 0x78, 0x6f, 0x1b, 0xff,
  0x78, 0x6f, 0x1b, 0xff, 0x78, 0x6f, 0x1b, 0xff, 0x78, 0x6f, 0x1b, 0xff, 0x78, 0x6f, 0x1b, 0xff,
  0x78, 0x70, 0x1b, 0xff, 0x78, 0x70, 0x1b, 0xff, 0x78, 0x70, 0x1b, 0xff, 0x30, 0x26, 0x12, 0xf8,
  0x30, 0x26, 0x12, 0xcd, 0x30, 0x26, 0x12, 0xa3, 0x30, 0x26, 0x12, 0x79, 0x30, 0x26, 0x12, 0x4e,
  0x30, 0x26, 0x12, 0x24, 0x00, 0x00, 0x00, 0x00, 0x00, 0x00, 0x00, 0x00, 0x00, 0x00, 0x00, 0x00,
  0x00, 0x00, 0x00, 0x00, 0x00, 0x00, 0x00, 0x00, 0x00, 0x00, 0x00, 0x00, 0x00, 0x00, 0x00, 0x00,
  0x30, 0x26, 0x12, 0x20, 0x30, 0x26, 0x12, 0x4b, 0x30, 0x26, 0x12, 0x75, 0x30, 0x26, 0x12, 0x9f,
  0x30, 0x26, 0x12, 0xc9, 0x30, 0x26, 0x12, 0xf4, 0x78, 0x5e, 0x1b, 0xff, 0x78, 0x5e, 0x1b, 0xff,
  0x78, 0x5e, 0x1b, 0xff, 0x78, 0x5f, 0x1b, 0xff, 0x78, 0x5f, 0x1b, 0xff, 0x78, 0x5f, 0x1b, 0xff,
  0x78, 0x5f, 0x1b, 0xff, 0x78, 0x5f, 0x1b, 0xff, 0x78, 0x60, 0x1b, 0xff, 0x78, 0x60, 0x1b, 0xff,
  0x78, 0x60, 0x1b, 0xff, 0x78, 0x60, 0x1b, 0xff, 0x78, 0x60, 0x1b, 0xff, 0x78, 0x61, 0x1b, 0xff,
  0x78, 0x61, 0x1b, 0xff, 0x78, 0x61, 0x1b, 0xff, 0x78, 0x61, 0x1b, 0xff, 0x78, 0x61, 0x1b, 0xff,
  0x78, 0x62, 0x1b, 0xff, 0x78, 0x62, 0x1b, 0xff, 0x71, 0x71, 0xf8, 0xff, 0x71, 0x71, 0xf8, 0xff,
  0x71, 0x71, 0xf8, 0xff, 0xd6, 0xf4, 0xff, 0xff, 0xd6, 0xf4, 0xff, 0xff, 0xd6, 0xf4, 0xff, 0xff,
  0xd6, 0xf4, 0xff, 0xff, 0x71, 0x71, 0xf8, 0xff, 0x71, 0x71, 0xf8, 0xff, 0x71, 0x71, 0xf8, 0xff,
  0x78, 0x64, 0x1b, 0xff, 0x78, 0x64, 0x1b, 0xff, 0x78, 0x64, 0x1b, 0xff, 0x78, 0x64, 0x1b, 0xff,
  0x78, 0x65, 0x1b, 0xff, 0x78, 0x65, 0x1b, 0xff, 0x78, 0x65, 0x1b, 0xff, 0x78, 0x65, 0x1b, 0xff,
  0x78, 0x65, 0x1b, 0xff, 0x78, 0x66, 0x1b, 0xff, 0x78, 0x66, 0x1b, 0xff, 0xfa, 0xa5, 0x60, 0xff,
  0xfa, 0xa5, 0x60, 0xff, 0xfa, 0xa5, 0x60, 0xff, 0xfa, 0xa5, 0x60, 0xff, 0xfa, 0xa5, 0x60, 0xff,
  0xfa, 0xa5, 0x60, 0xff, 0xfa, 0xa5, 0x60, 0xff, 0xfa, 0xa5, 0x60, 0xff, 0xfa, 0xa5, 0x60, 0xff,
  0xfa, 0xa5, 0x60, 0xff, 0xfa, 0xa5, 0x60, 0xff, 0xfa, 0xa5, 0x60, 0xff, 0xfa, 0xa5, 0x60, 0xff,
  0xfa, 0xa5, 0x60, 0xff, 0xfa, 0xa5, 0x60, 0xff, 0xfa, 0xa5, 0x60, 0xff, 0xfa, 0xa5, 0x60, 0xff,
  0xfa, 0xa5, 0x60, 0xff, 0xfa, 0xa5, 0x60, 0xff, 0xfa, 0xa5, 0x60, 0xff, 0xfa, 0xa5, 0x60, 0xff,
  0xfa, 0xa5, 0x60, 0xff, 0xfa, 0xa5, 0x60, 0xff, 0xfa, 0xa5, 0x60, 0xff, 0xfa, 0xa5, 0x60, 0xff,
  0xfa, 0xa5, 0x60, 0xff, 0xfa, 0xa5, 0x60, 0xff, 0x78, 0x6b, 0x1b, 0xff, 0x78, 0x6c, 0x1b, 0xff,
  0x78, 0x6c, 0x1b, 0xff, 0x78, 0x6c, 0x1b, 0xff, 0x78, 0x6c, 0x1b, 0xff, 0x78, 0x6c, 0x1b, 0xff,
  0x78, 0x6d, 0x1b, 0xff, 0x78, 0x6d, 0x1b, 0xff, 0x78, 0x6d, 0x1b, 0xff, 0x78, 0x6d, 0x1b, 0xff,
  0x78, 0x6d, 0x1b, 0xff, 0x78, 0x6d, 0x1b, 0xff, 0x78, 0x6e, 0x1b, 0xff, 0x78, 0x6e, 0x1b, 0xff,
  0x78, 0x6e, 0x1b, 0xff, 0x78, 0x6e, 0x1b, 0xff, 0x78, 0x6e, 0x1b, 0xff, 0x78, 0x6f, 0x1b, 0xff,
  0x78, 0x6f, 0x1b, 0xff, 0x78, 0x6f, 0x1b, 0xff, 0x78, 0x6f, 0x1b, 0xff, 0x78, 0x6f, 0x1b, 0xff,
  0x78, 0x70, 0x1b, 0xff, 0x78, 0x70, 0x1b, 0xff, 0x78, 0x70, 0x1b, 0xff, 0x30, 0x26, 0x12, 0xf4,
  0x30, 0x26, 0x12, 0xc9, 0x30, 0x26, 0x12, 0x9f, 0x30, 0x26, 0x12, 0x75, 0x30, 0x26, 0x12, 0x4b,
  0x30, 0x26, 0x12, 0x20, 0x00, 0x00, 0x00, 0x00, 0x00, 0x00, 0x00, 0x00, 0x00, 0x00, 0x00, 0x00,
  0x00, 0x00, 0x00, 0x00, 0x00, 0x00, 0x00, 0x00, 0x00, 0x00, 0x00, 0x00, 0x00, 0x00, 0x00, 0x00,
  0x30, 0x26, 0x12, 0x1c, 0x30, 0x26, 0x12, 0x46, 0x30, 0x26, 0x12, 0x70, 0x30, 0x26, 0x12, 0x9a,
  0x30, 0x26, 0x12, 0xc5, 0x30, 0x26, 0x12, 0xef, 0x77, 0x5e, 0x1c, 0xff, 0x77, 0x5e, 0x1c, 0xff,
  0x77, 0x5e, 0x1c, 0xff, 0x77, 0x5f, 0x1c, 0xff, 0x77, 0x5f, 0x1c, 0xff, 0x77, 0x5f, 0x1c, 0xff,
  0x77, 0x5f, 0x1c, 0xff, 0x77, 0x5f, 0x1c, 0xff, 0x77, 0x60, 0x1c, 0xff, 0x77, 0x60, 0x1c, 0xff,
  0x77, 0x60, 0x1c, 0xff, 0x77, 0x60, 0x1c, 0xff, 0x77, 0x60, 0x1c, 0xff, 0x77, 0x61, 0x1c, 0xff,
  0x77, 0x61, 0x1c, 0xff, 0x77, 0x61, 0x1c, 0xff, 0x77, 0x61, 0x1c, 0xff, 0x77, 0x61, 0x1c, 0xff,
  0x77, 0x62, 0x1c, 0xff, 0x77, 0x62, 0x1c, 0xff, 0x71, 0x71, 0xf8, 0xff, 0x71, 0x71, 0xf8, 0xff,
  0x71, 0x71, 0xf8, 0xff, 0xd6, 0xf4, 0xff, 0xff, 0xd6, 0xf4, 0xff, 0xff, 0xd6, 0xf4, 0xff, 0xff,
  0xd6, 0xf4, 0xff, 0xff, 0x71, 0x71, 0xf8, 0xff, 0x71, 0x71, 0xf8, 0xff, 0x71, 0x71, 0xf8, 0xff,
  0x77, 0x64, 0x1c, 0xff, 0x77, 0x64, 0x1c, 0xff, 0x77, 0x64, 0x1c, 0xff, 0x77, 0x64, 0x1c, 0xff,
  0x77, 0x65, 0x1c, 0xff, 0x77, 0x65, 0x1c, 0xff, 0x77, 0x65, 0x1c, 0xff, 0x77, 0x65, 0x1c, 0xff,
  0x77, 0x65, 0x1c, 0xff, 0x77, 0x66, 0x1c, 0xff, 0x77, 0x66, 0x1c, 0xff, 0xfa, 0xa5, 0x60, 0xff,
  0xfa, 0xa5, 0x60, 0xff, 0xfa, 0xa5, 0x60, 0xff, 0xfa, 0xa5, 0x60, 0xff, 0xfa, 0xa5, 0x60, 0xff,
  0xfa, 0xa5, 0x60, 0xff, 0xfa, 0xa5, 0x60, 0xff, 0xfa, 0xa5, 0x60, 0xff, 0xfa, 0xa5, 0x60, 0xff,
  0xfa, 0xa5, 0x60, 0xff, 0xfa, 0xa5, 0x60, 0xff, 0xfa, 0xa5, 0x60, 0xff, 0xfa, 0xa5, 0x60, 0xff,
  0xfa, 0xa5, 0x60, 0xff, 0xfa, 0xa5, 0x60, 0xff, 0xfa, 0xa5, 0x60, 0xff, 0xfa, 0xa5, 0x60, 0xff,
  0xfa, 0xa5, 0x60, 0xff, 0xfa, 0xa5, 0x60, 0xff, 0xfa, 0xa5, 0x60, 0xff, 0xfa, 0xa5, 0x60, 0xff,
  0xfa, 0xa5, 0x60, 0xff, 0xfa, 0xa5, 0x60, 0xff, 0xfa, 0xa5, 0x60, 0xff, 0xfa, 0xa5, 0x60, 0xff,
  0xfa, 0xa5, 0x60, 0xff, 0xfa, 0xa5, 0x60, 0xff, 0x77, 0x6b, 0x1c, 0xff, 0x77, 0x6c, 0x1c, 0xff,
  0x77, 0x6c, 0x1c, 0xff, 0x77, 0x6c, 0x1c, 0xff, 0x77, 0x6c, 0x1c, 0xff, 0x77, 0x6c, 0x1c, 0xff,
  0x77, 0x6d, 0x1c, 0xff, 0x77, 0x6d, 0x1c, 0xff, 0x77, 0x6d, 0x1c, 0xff, 0x77, 0x6d, 0x1c, 0xff,
  0x77, 0x6d, 0x1c, 0xff, 0x77, 0x6d, 0x1c, 0xff, 0x77, 0x6e, 0x1c, 0xff, 0x77, 0x6e, 0x1c, 0xff,
  0x77, 0x6e, 0x1c, 0xff, 0x77, 0x6e, 0x1c, 0xff, 0x77, 0x6e, 0x1c, 0xff, 0x77, 0x6f, 0x1c, 0xff,
  0x77, 0x6f, 0x1c, 0xff, 0x77, 0x6f, 0x1c, 0xff, 0x77, 0x6f, 0x1c, 0xff, 0x77, 0x6f, 0x1c, 0xff,
  0x77, 0x70, 0x1c, 0xff, 0x77, 0x70, 0x1c, 0xff, 0x77, 0x70, 0x1c, 0xff, 0x30, 0x26, 0x12, 0xef,
  0x30, 0x26, 0x12, 0xc5, 0x30, 0x26, 0x12, 0x9a, 0x30, 0x26, 0x12, 0x70, 0x30, 0x26, 0x12, 0x46,
  0x30, 0x26, 0x12, 0x1c, 0x00, 0x00, 0x00, 0x00, 0x00, 0x00, 0x00, 0x00, 0x00, 0x00, 0x00, 0x00,
  0x00, 0x00, 0x00, 0x00, 0x00, 0x00, 0x00, 0x00, 0x00, 0x00, 0x00, 0x00, 0x00, 0x00, 0x00, 0x00,
  0x30, 0x26, 0x12, 0x17, 0x30, 0x26, 0x12, 0x41, 0x30, 0x26, 0x12, 0x6b, 0x30, 0x26, 0x12, 0x95,
  0x30, 0x26, 0x12, 0xbf, 0x30, 0x26, 0x12, 0xe9, 0x77, 0x5e, 0x1c, 0xff, 0x77, 0x5e, 0x1c, 0xff,
  0x77, 0x5e, 0x1c, 0xff, 0x77, 0x5f, 0x1c, 0xff, 0x77, 0x5f, 0x1c, 0xff, 0x77, 0x5f, 0x1c, 0xff,
  0x77, 0x5f, 0x1c, 0xff, 0x77, 0x5f, 0x1c, 0xff, 0x77, 0x60, 0x1c, 0xff, 0x77, 0x60, 0x1c, 0xff,
  0x77, 0x60, 0x1c, 0xff, 0x77, 0x60, 0x1c, 0xff, 0x77, 0x60, 0x1c, 0xff, 0x77, 0x61, 0x1c, 0xff,
  0x77, 0x61, 0x1c, 0xff, 0x77, 0x61, 0x1c, 0xff, 0x77, 0x61, 0x1c, 0xff, 0x77, 0x61, 0x1c, 0xff,
  0x77, 0x62, 0x1c, 0xff, 0x77, 0x62, 0x1c, 0xff, 0x71, 0x71, 0xf8, 0xff, 0x71, 0x71, 0xf8, 0xff,
  0x71, 0x71, 0xf8, 0xff, 0xd6, 0xf4, 0xff, 0xff, 0xd6, 0xf4, 0xff, 0xff, 0xd6, 0xf4, 0xff, 0xff,
  0xd6, 0xf4, 0xff, 0xff, 0x71, 0x71, 0xf8, 0xff, 0x71, 0x71, 0xf8, 0xff, 0x71, 0x71, 0xf8, 0xff,
  0x77, 0x64, 0x1c, 0xff, 0x77, 0x64, 0x1c, 0xff, 0x77, 0x64, 0x1c, 0xff, 0x77, 0x64, 0x1c, 0xff,
  0x77, 0x65, 0x1c, 0xff, 0x77, 0x65, 0x1c, 0xff, 0x77, 0x65, 0x1c, 0xff, 0x77, 0x65, 0x1c, 0xff,
  0x77, 0x65, 0x1c, 0xff, 0x77, 0x66, 0x1c, 0xff, 0x77, 0x66, 0x1c, 0xff, 0xfa, 0xa5, 0x60, 0xff,
  0xfa, 0xa5, 0x60, 0xff, 0xfa, 0xa5, 0x60, 0xff, 0xfa, 0xa5, 0x60, 0xff, 0xfa, 0xa5, 0x60, 0xff,
  0xfa, 0xa5, 0x60, 0xff, 0xfa, 0xa5, 0x60, 0xff, 0xfa, 0xa5, 0x60, 0xff, 0xfa, 0xa5, 0x60, 0xff,
  0xfa, 0xa5, 0x60, 0xff, 0xfa, 0xa5, 0x60, 0xff, 0xfa, 0xa5, 0x60, 0xff, 0xfa, 0xa5, 0x60, 0xff,
  0xfa, 0xa5, 0x60, 0xff, 0xfa, 0xa5, 0x60, 0xff, 0xfc, 0xfa, 0xf8, 0xdc, 0xfc, 0xfa, 0xf8, 0xdc,
  0xfc, 0xfa, 0xf8, 0xdc, 0xfc, 0xfa, 0xf8, 0xdc, 0xfc, 0xfa, 0xf8, 0xdc, 0xfc, 0xfa, 0xf8, 0xdc,
  0xfc, 0xfa, 0xf8, 0xdc, 0xfc, 0xfa, 0xf8, 0xdc, 0xfc, 0xfa, 0xf8, 0xdc, 0xfc, 0xfa, 0xf8, 0xdc,
  0xfc, 0xfa, 0xf8, 0xdc, 0xfc, 0xfa, 0xf8, 0xdc, 0xfc, 0xfa, 0xf8, 0xdc, 0xfc, 0xfa, 0xf8, 0xdc,
  0xfc, 0xfa, 0xf8, 0xdc, 0xfc, 0xfa, 0xf8, 0xdc, 0xfc, 0xfa, 0xf8, 0xdc, 0xfc, 0xfa, 0xf8, 0xdc,
  0xfc, 0xfa, 0xf8, 0xdc, 0xfc, 0xfa, 0xf8, 0xdc, 0xfc, 0xfa, 0xf8, 0xdc, 0xfc, 0xfa, 0xf8, 0xdc,
  0xfc, 0xfa, 0xf8, 0xdc, 0xfc, 0xfa, 0xf8, 0xdc, 0xfc, 0xfa, 0xf8, 0xdc, 0xfc, 0xfa, 0xf8, 0xdc,
  0x77, 0x6e, 0x1c, 0xff, 0x77, 0x6e, 0x1c, 0xff, 0x77, 0x6e, 0x1c, 0xff, 0x77, 0x6f, 0x1c, 0xff,
  0x77, 0x6f, 0x1c, 0xff, 0x77, 0x6f, 0x1c, 0xff, 0x77, 0x6f, 0x1c, 0xff, 0x77, 0x6f, 0x1c, 0xff,
  0x77, 0x70, 0x1c, 0xff, 0x77, 0x70, 0x1c, 0xff, 0x77, 0x70, 0x1c, 0xff, 0x30, 0x26, 0x12, 0xe9,
  0x30, 0x26, 0x12, 0xbf, 0x30, 0x26, 0x12, 0x95, 0x30, 0x26, 0x12, 0x6b, 0x30, 0x26, 0x12, 0x41,
  0x30, 0x26, 0x12, 0x17, 0x00, 0x00, 0x00, 0x00, 0x00, 0x00, 0x00, 0x00, 0x00, 0x00, 0x00, 0x00,
  0x00, 0x00, 0x00, 0x00, 0x00, 0x00, 0x00, 0x00, 0x00, 0x00, 0x00, 0x00, 0x00, 0x00, 0x00, 0x00,
  0x30, 0x26, 0x12, 0x10, 0x30, 0x26, 0x12, 0x3a, 0x30, 0x26, 0x12, 0x64, 0x30, 0x26, 0x12, 0x8e,
  0x30, 0x26, 0x12, 0xb8, 0x30, 0x26, 0x12, 0xe2, 0x77, 0x5e, 0x1c, 0xff, 0x77, 0x5e, 0x1c, 0xff,
  0x77, 0x5e, 0x1c, 0xff, 0x77, 0x5f, 0x1c, 0xff, 0x77, 0x5f, 0x1c, 0xff, 0x77, 0x5f, 0x1c, 0xff,
  0x77, 0x5f, 0x1c, 0xff, 0x77, 0x5f, 0x1c, 0xff, 0x77, 0x60, 0x1c, 0xff, 0x77, 0x60, 0x1c, 0xff,
  0x77, 0x60, 0x1c, 0xff, 0x77, 0x60, 0x1c, 0xff, 0x77, 0x60, 0x1c, 0xff, 0x77, 0x61, 0x1c, 0xff,
  0x77, 0x61, 0x1c, 0xff, 0x77, 0x61, 0x1c, 0xff, 0x77, 0x61, 0x1c, 0xff, 0x77, 0x61, 0x1c, 0xff,
  0x77, 0x62, 0x1c, 0xff, 0x77, 0x62, 0x1c, 0xff, 0x71, 0x71, 0xf8, 0xff, 0x71, 0x71, 0xf8, 0xff,
  0x71, 0x71, 0xf8, 0xff, 0xd6, 0xf4, 0xff, 0xff, 0xd6, 0xf4, 0xff, 0xff, 0xd6, 0xf4, 0xff, 0xff,
  0xd6, 0xf4, 0xff, 0xff, 0x71, 0x71, 0xf8, 0xff, 0x71, 0x71, 0xf8, 0xff, 0x71, 0x71, 0xf8, 0xff,
  0x77, 0x64, 0x1c, 0xff, 0x77, 0x64, 0x1c, 0xff, 0x77, 0x64, 0x1c, 0xff, 0x77, 0x64, 0x1c, 0xff,
  0x77, 0x65, 0x1c, 0xff, 0x77, 0x65, 0x1c, 0xff, 0x77, 0x65, 0x1c, 0xff, 0x77, 0x65, 0x1c, 0xff,
  0x77, 0x65, 0x1c, 0xff, 0x77, 0x66, 0x1c, 0xff, 0xfa, 0xa5, 0x60, 0xff, 0xfa, 0xa5, 0x60, 0xff,
  0xfa, 0xa5, 0x60, 0xff, 0xfa, 0xa5, 0x60, 0xff, 0xfa, 0xa5, 0x60, 0xff, 0xfa, 0xa5, 0x60, 0xff,
  0xfa, 0xa5, 0x60, 0xff, 0xfa, 0xa5, 0x60, 0xff, 0xfa, 0xa5, 0x60, 0xff, 0xfa, 0xa5, 0x60, 0xff,
  0xfa, 0xa5, 0x60, 0xff, 0xfa, 0xa5, 0x60, 0xff, 0xfa, 0xa5, 0x60, 0xff, 0xfa, 0xa5, 0x60, 0xff,
  0xfa, 0xa5, 0x60, 0xff, 0xfa, 0xa5, 0x60, 0xff, 0xfc, 0xfa, 0xf8, 0xdc, 0xfc, 0xfa, 0xf8, 0xdc,
  0xfc, 0xfa, 0xf8, 0xdc, 0xfc, 0xfa, 0xf8, 0xdc, 0xfc, 0xfa, 0xf8, 0xdc, 0xfc, 0xfa, 0xf8, 0xdc,
  0xfc, 0xfa, 0xf8, 0xdc, 0xfc, 0xfa, 0xf8, 0xdc, 0xfc, 0xfa, 0xf8, 0xdc, 0xfc, 0xfa, 0xf8, 0xdc,
  0xfc, 0xfa, 0xf8, 0xdc, 0xfc, 0xfa, 0xf8, 0xdc, 0xfc, 0xfa, 0xf8, 0xdc, 0xfc, 0xfa, 0xf8, 0xdc,
  0xfc, 0xfa, 0xf8, 0xdc, 0xfc, 0xfa, 0xf8, 0xdc, 0xfc, 0xfa, 0xf8, 0xdc, 0xfc, 0xfa, 0xf8, 0xdc,
  0xfc, 0xfa, 0xf8, 0xdc, 0xfc, 0xfa, 0xf8, 0xdc, 0xfc, 0xfa, 0xf8, 0xdc, 0xfc, 0xfa, 0xf8, 0xdc,
  0xfc, 0xfa, 0xf8, 0xdc, 0xfc, 0xfa, 0xf8, 0xdc, 0xfc, 0xfa, 0xf8, 0xdc, 0xfc, 0xfa, 0xf8, 0xdc,
  0x77, 0x6e, 0x1c, 0xff, 0x77, 0x6e, 0x1c, 0xff, 0x77, 0x6e, 0x1c, 0xff, 0x77, 0x6f, 0x1c, 0xff,
  0x77, 0x6f, 0x1c, 0xff, 0x77, 0x6f, 0x1c, 0xff, 0x77, 0x6f, 0x1c, 0xff, 0x77, 0x6f, 0x1c, 0xff,
  0x77, 0x70, 0x1c, 0xff, 0x77, 0x70, 0x1c, 0xff, 0x77, 0x70, 0x1c, 0xff, 0x30, 0x26, 0x12, 0xe2,
  0x30, 0x26, 0x12, 0xb8, 0x30, 0x26, 0x12, 0x8e, 0x30, 0x26, 0x12, 0x64, 0x30, 0x26, 0x12, 0x3a,
  0x30, 0x26, 0x12, 0x10, 0x00, 0x00, 0x00, 0x00, 0x00, 0x00, 0x00, 0x00, 0x00, 0x00, 0x00, 0x00,
  0x00, 0x00, 0x00, 0x00, 0x00, 0x00, 0x00, 0x00, 0x00, 0x00, 0x00, 0x00, 0x00, 0x00, 0x00, 0x00,
  0x30, 0x26, 0x12, 0x0a, 0x30, 0x26, 0x12, 0x34, 0x30, 0x26, 0x12, 0x5d, 0x30, 0x26, 0x12, 0x87,
  0x30, 0x26, 0x12, 0xb1, 0x30, 0x26, 0x12, 0xdb, 0x77, 0x5e, 0x1c, 0xff, 0x77, 0x5e, 0x1c, 0xff,
  0x77, 0x5e, 0x1c, 0xff, 0x77, 0x5f, 0x1c, 0xff, 0x77, 0x5f, 0x1c, 0xff, 0x77, 0x5f, 0x1c, 0xff,
  0x77, 0x5f, 0x1c, 0xff, 0x77, 0x5f, 0x1c, 0xff, 0x77, 0x60, 0x1c, 0xff, 0x77, 0x60, 0x1c, 0xff,
  0x77, 0x60, 0x1c, 0xff, 0x77, 0x60, 0x1c, 0xff, 0x77, 0x60, 0x1c, 0xff, 0x77, 0x61, 0x1c, 0xff,
  0x77, 0x61, 0x1c, 0xff, 0x77, 0x61, 0x1c, 0xff, 0x77, 0x61, 0x1c, 0xff, 0x77, 0x61, 0x1c, 0xff,
  0x77, 0x62, 0x1c, 0xff, 0x77, 0x62, 0x1c, 0xff, 0x71, 0x71, 0xf8, 0xff, 0x71, 0x71, 0xf8, 0xff,
  0x71, 0x71, 0xf8, 0xff, 0xd6, 0xf4, 0xff, 0xff, 0xd6, 0xf4, 0xff, 0xff, 0xd6, 0xf4, 0xff, 0xff,
  0xd6, 0xf4, 0xff, 0xff, 0x71, 0x71, 0xf8, 0xff, 0x71, 0x71, 0xf8, 0xff, 0x71, 0x71, 0xf8, 0xff,
  0x77, 0x64, 0x1c, 0xff, 0x77, 0x64, 0x1c, 0xff, 0x77, 0x64, 0x1c, 0xff, 0x77, 0x64, 0x1c, 0xff,
  0x77, 0x65, 0x1c, 0xff, 0x77, 0x65, 0x1c, 0xff, 0x77, 0x65, 0x1c, 0xff, 0x77, 0x65, 0x1c, 0xff,
  0x77, 0x65, 0x1c, 0xff, 0x77, 0x66, 0x1c, 0xff, 0xfa, 0xa5, 0x60, 0xff, 0xfa, 0xa5, 0x60, 0xff,
  0xfa, 0xa5, 0x60, 0xff, 0xfa, 0xa5, 0x60, 0xff, 0xfa, 0xa5, 0x60, 0xff, 0xfa, 0xa5, 0x60, 0xff,
  0xfa, 0xa5, 0x60, 0xff, 0xfa, 0xa5, 0x60, 0xff, 0xfa, 0xa5, 0x60, 0xff, 0xfa, 0xa5, 0x60, 0xff,
  0xfa, 0xa5, 0x60, 0xff, 0xfa, 0xa5, 0x60, 0xff, 0xfa, 0xa5, 0x60, 0xff, 0xfa, 0xa5, 0x60, 0xff,
  0xfa, 0xa5, 0x60, 0xff, 0xfa, 0xa5, 0x60, 0xff, 0xfc, 0xfa, 0xf8, 0xdc, 0xfc, 0xfa, 0xf8, 0xdc,
  0xfc, 0xfa, 0xf8, 0xdc, 0xfc, 0xfa, 0xf8, 0xdc, 0xfc, 0xfa, 0xf8, 0xdc, 0xfc, 0xfa, 0xf8, 0xdc,
  0xfc, 0xfa, 0xf8, 0xdc, 0xfc, 0xfa, 0xf8, 0xdc, 0xfc, 0xfa, 0xf8, 0xdc, 0xfc, 0xfa, 0xf8, 0xdc,
  0xfc, 0xfa, 0xf8, 0xdc, 0xfc, 0xfa, 0xf8, 0xdc, 0xfc, 0xfa, 0xf8, 0xdc, 0xfc, 0xfa, 0xf8, 0xdc,
  0xfc, 0xfa, 0xf8, 0xdc, 0xfc, 0xfa, 0xf8, 0xdc, 0xfc, 0xfa, 0xf8, 0xdc, 0xfc, 0xfa, 0xf8, 0xdc,
  0xfc, 0xfa, 0xf8, 0xdc, 0xfc, 0xfa, 0xf8, 0xdc, 0xfc, 0xfa, 0xf8, 0xdc, 0xfc, 0xfa, 0xf8, 0xdc,
  0xfc, 0xfa, 0xf8, 0xdc, 0xfc, 0xfa, 0xf8, 0xdc, 0xfc, 0xfa, 0xf8, 0xdc, 0xfc, 0xfa, 0xf8, 0xdc,
  0x77, 0x6e, 0x1c, 0xff, 0x77, 0x6e, 0x1c, 0xff, 0x77, 0x6e, 0x1c, 0xff, 0x77, 0x6f, 0x1c, 0xff,
  0x77, 0x6f, 0x1c, 0xff, 0x77, 0x6f, 0x1c, 0xff, 0x77, 0x6f, 0x1c, 0xff, 0x77, 0x6f, 0x1c, 0xff,
  0x77, 0x70, 0x1c, 0xff, 0x77, 0x70, 0x1c, 0xff, 0x77, 0x70, 0x1c, 0xff, 0x30, 0x26, 0x12, 0xdb,
  0x30, 0x26, 0x12, 0xb1, 0x30, 0x26, 0x12, 0x87, 0x30, 0x26, 0x12, 0x5d, 0x30, 0x26, 0x12, 0x34,
  0x30, 0x26, 0x12, 0x0a, 0x00, 0x00, 0x00, 0x00, 0x00, 0x00, 0x00, 0x00, 0x00, 0x00, 0x00, 0x00,
  0x00, 0x00, 0x00, 0x00, 0x00, 0x00, 0x00, 0x00, 0x00, 0x00, 0x00, 0x00, 0x00, 0x00, 0x00, 0x00,
  0x30, 0x26, 0x12, 0x02, 0x30, 0x26, 0x12, 0x2c, 0x30, 0x26, 0x12, 0x55, 0x30, 0x26, 0x12, 0x7f,
  0x30, 0x26, 0x12, 0xa9, 0x30, 0x26, 0x12, 0xd2, 0x30, 0x26, 0x12, 0xfc, 0x76, 0x5e, 0x1c, 0xff,
  0x76, 0x5e, 0x1c, 0xff, 0x76, 0x5f, 0x1c, 0xff, 0x76, 0x5f, 0x1c, 0xff, 0x76, 0x5f, 0x1c, 0xff,
  0x76, 0x5f, 0x1c, 0xff, 0x76, 0x5f, 0x1c, 0xff, 0x76, 0x60, 0x1c, 0xff, 0x76, 0x60, 0x1c, 0xff,
  0x76, 0x60, 0x1c, 0xff, 0x76, 0x60, 0x1c, 0xff, 0x76, 0x60, 0x1c, 0xff, 0x76, 0x61, 0x1c, 0xff,
  0x76, 0x61, 0x1c, 0xff, 0x76, 0x61, 0x1c, 0xff, 0x76, 0x61, 0x1c, 0xff, 0x76, 0x61, 0x1c, 0xff,
  0x76, 0x62, 0x1c, 0xff, 0x76, 0x62, 0x1c, 0xff, 0x71, 0x71, 0xf8, 0xff, 0x71, 0x71, 0xf8, 0xff,
  0x71, 0x71, 0xf8, 0xff, 0xd6, 0xf4, 0xff, 0xff, 0xd6, 0xf4, 0xff, 0xff, 0xd6, 0xf4, 0xff, 0xff,
  0xd6, 0xf4, 0xff, 0xff, 0x71, 0x71, 0xf8, 0xff, 0x71, 0x71, 0xf8, 0xff, 0x71, 0x71, 0xf8, 0xff,
  0x76, 0x64, 0x1c, 0xff, 0x76, 0x64, 0x1c, 0xff, 0x76, 0x64, 0x1c, 0xff, 0x76, 0x64, 0x1c, 0xff,
  0x76, 0x65, 0x1c, 0xff, 0x76, 0x65, 0x1c, 0xff, 0x76, 0x65, 0x1c, 0xff, 0x76, 0x65, 0x1c, 0xff,
  0x76, 0x65, 0x1c, 0xff, 0x76, 0x66, 0x1c, 0xff, 0xfa, 0xa5, 0x60, 0xff, 0xfa, 0xa5, 0x60, 0xff,
  0xfa, 0xa5, 0x60, 0xff, 0xfa, 0xa5, 0x60, 0xff, 0xfa, 0xa5, 0x60, 0xff, 0xfa, 0xa5, 0x60, 0xff,
  0xfa, 0xa5, 0x60, 0xff, 0xfa, 0xa5, 0x60, 0xff, 0xfa, 0xa5, 0x60, 0xff, 0xfa, 0xa5, 0x60, 0xff,
  0xfa, 0xa5, 0x60, 0xff, 0xfa, 0xa5, 0x60, 0xff, 0xfa, 0xa5, 0x60, 0xff, 0xfa, 0xa5, 0x60, 0xff,
  0xfa, 0xa5, 0x60, 0xff, 0xfa, 0xa5, 0x60, 0xff, 0xfc, 0xfa, 0xf8, 0xdc, 0xfc, 0xfa, 0xf8, 0xdc,
  0xfc, 0xfa, 0xf8, 0xdc, 0xfc, 0xfa, 0xf8, 0xdc, 0xfc, 0xfa, 0xf8, 0xdc, 0xfc, 0xfa, 0xf8, 0xdc,
  0xfc, 0xfa, 0xf8, 0xdc, 0xfc, 0xfa, 0xf8, 0xdc, 0xfc, 0xfa, 0xf8, 0xdc, 0xfc, 0xfa, 0xf8, 0xdc,
  0xfc, 0xfa, 0xf8, 0xdc, 0xfc, 0xfa, 0xf8, 0xdc, 0xfc, 0xfa, 0xf8, 0xdc, 0xfc, 0xfa, 0xf8, 0xdc,
  0xfc, 0xfa, 0xf8, 0xdc, 0xfc, 0xfa, 0xf8, 0xdc, 0xfc, 0xfa, 0xf8, 0xdc, 0xfc, 0xfa, 0xf8, 0xdc,
  0xfc, 0xfa, 0xf8, 0xdc, 0xfc, 0xfa, 0xf8, 0xdc, 0xfc, 0xfa, 0xf8, 0xdc, 0xfc, 0xfa, 0xf8, 0xdc,
  0xfc, 0xfa, 0xf8, 0xdc, 0xfc, 0xfa, 0xf8, 0xdc, 0xfc, 0xfa, 0xf8, 0xdc, 0xfc, 0xfa, 0xf8, 0xdc,
  0x76, 0x6e, 0x1c, 0xff, 0x76, 0x6e, 0x1c, 0xff, 0x76, 0x6e, 0x1c, 0xff, 0x76, 0x6f, 0x1c, 0xff,
  0x76, 0x6f, 0x1c, 0xff, 0x76, 0x6f, 0x1c, 0xff, 0x76, 0x6f, 0x1c, 0xff, 0x76, 0x6f, 0x1c, 0xff,
  0x76, 0x70, 0x1c, 0xff, 0x76, 0x70, 0x1c, 0xff, 0x30, 0x26, 0x12, 0xfc, 0x30, 0x26, 0x12, 0xd2,
  0x30, 0x26, 0x12, 0xa9, 0x30, 0x26, 0x12, 0x7f, 0x30, 0x26, 0x12, 0x55, 0x30, 0x26, 0x12, 0x2c,
  0x30, 0x26, 0x12, 0x02, 0x00, 0x00, 0x00, 0x00, 0x00, 0x00, 0x00, 0x00, 0x00, 0x00, 0x00, 0x00,
  0x00, 0x00, 0x00, 0x00, 0x00, 0x00, 0x00, 0x00, 0x00, 0x00, 0x00, 0x00, 0x00, 0x00, 0x00, 0x00,
  0x00, 0x00, 0x00, 0x00, 0x30, 0x26, 0x12, 0x23, 0x30, 0x26, 0x12, 0x4d, 0x30, 0x26, 0x12, 0x76,
  0x30, 0x26, 0x12, 0xa0, 0x30, 0x26, 0x12, 0xc9, 0x30, 0x26, 0x12, 0xf2, 0x76, 0x5e, 0x1c, 0xff,
  0x76, 0x5e, 0x1c, 0xff, 0x76, 0x5f, 0x1c, 0xff, 0x76, 0x5f, 0x1c, 0xff, 0x76, 0x5f, 0x1c, 0xff,
  0x76, 0x5f, 0x1c, 0xff, 0x76, 0x5f, 0x1c, 0xff, 0x76, 0x60, 0x1c, 0xff, 0x76, 0x60, 0x1c, 0xff,
  0x76, 0x60, 0x1c, 0xff, 0x76, 0x60, 0x1c, 0xff, 0x76, 0x60, 0x1c, 0xff, 0x76, 0x61, 0x1c, 0xff,
  0x76, 0x61, 0x1c, 0xff, 0x76, 0x61, 0x1c, 0xff, 0x76, 0x61, 0x1c, 0xff, 0x76, 0x61, 0x1c, 0xff,
  0x76, 0x62, 0x1c, 0xff, 0x76, 0x62, 0x1c, 0xff, 0x71, 0x71, 0xf8, 0xff, 0x71, 0x71, 0xf8, 0xff,
  0x71, 0x71, 0xf8, 0xff, 0xd6, 0xf4, 0xff, 0xff, 0xd6, 0xf4, 0xff, 0xff, 0xd6, 0xf4, 0xff, 0xff,
  0xd6, 0xf4, 0xff, 0xff, 0x71, 0x71, 0xf8, 0xff, 0x71, 0x71, 0xf8, 0xff, 0x71, 0x71, 0xf8, 0xff,
  0x76, 0x64, 0x1c, 0xff, 0x76, 0x64, 0x1c, 0xff, 0x76, 0x64, 0x1c, 0xff, 0x76, 0x64, 0x1c, 0xff,
  0x76, 0x65, 0x1c, 0xff, 0x76, 0x65, 0x1c, 0xff, 0x76, 0x65, 0x1c, 0xff, 0x76, 0x65, 0x1c, 0xff,
  0x76, 0x65, 0x1c, 0xff, 0x76, 0x66, 0x1c, 0xff, 0xfa, 0xa5, 0x60, 0xff, 0xfa, 0xa5, 0x60, 0xff,
  0xfa, 0xa5, 0x60, 0xff, 0xfa, 0xa5, 0x60, 0xff, 0xfa, 0xa5, 0x60, 0xff, 0xfa, 0xa5, 0x60, 0xff,
  0xfa, 0xa5, 0x60, 0xff, 0xfa, 0xa5, 0x60, 0xff, 0xfa, 0xa5, 0x60, 0xff, 0xfa, 0xa5, 0x60, 0xff,
  0xfa, 0xa5, 0x60, 0xff, 0xfa, 0xa5, 0x60, 0xff, 0xfa, 0xa5, 0x60, 0xff, 0xfa, 0xa5, 0x60, 0xff,
  0xfa, 0xa5, 0x60, 0xff, 0xfa, 0xa5, 0x60, 0xff, 0xfc, 0xfa, 0xf8, 0xdc, 0xfc, 0xfa, 0xf8, 0xdc,
  0xfc, 0xfa, 0xf8, 0xdc, 0xfc, 0xfa, 0xf8, 0xdc, 0xfc, 0xfa, 0xf8, 0xdc, 0xfc, 0xfa, 0xf8, 0xdc,
  0xfc, 0xfa, 0xf8, 0xdc, 0xfc, 0xfa, 0xf8, 0xdc, 0xfc, 0xfa, 0xf8, 0xdc, 0xfc, 0xfa, 0xf8, 0xdc,
  0xfc, 0xfa, 0xf8, 0xdc, 0xfc, 0xfa, 0xf8, 0xdc, 0xfc, 0xfa, 0xf8, 0xdc, 0xfc, 0xfa, 0xf8, 0xdc,
  0xfc, 0xfa, 0xf8, 0xdc, 0xfc, 0xfa, 0xf8, 0xdc, 0xfc, 0xfa, 0xf8, 0xdc, 0xfc, 0xfa, 0xf8, 0xdc,
  0xfc, 0xfa, 0xf8, 0xdc, 0xfc, 0xfa, 0xf8, 0xdc, 0xfc, 0xfa, 0xf8, 0xdc, 0xfc, 0xfa, 0xf8, 0xdc,
  0xfc, 0xfa, 0xf8, 0xdc, 0xfc, 0xfa, 0xf8, 0xdc, 0xfc, 0xfa, 0xf8, 0xdc, 0xfc, 0xfa, 0xf8, 0xdc,
  0x76, 0x6e, 0x1c, 0xff, 0x76, 0x6e, 0x1c, 0xff, 0x76, 0x6e, 0x1c, 0xff, 0x76, 0x6f, 0x1c, 0xff,
  0x76, 0x6f, 0x1c, 0xff, 0x76, 0x6f, 0x1c, 0xff, 0x76, 0x6f, 0x1c, 0xff, 0x76, 0x6f, 0x1c, 0xff,
  0x76, 0x70, 0x1c, 0xff, 0x76, 0x70, 0x1c, 0xff, 0x30, 0x26, 0x12, 0xf2, 0x30, 0x26, 0x12, 0xc9,
  0x30, 0x26, 0x12, 0xa0, 0x30, 0x26, 0x12, 0x76, 0x30, 0x26, 0x12, 0x4d, 0x30, 0x26, 0x12, 0x23,
  0x00, 0x00, 0x00, 0x00, 0x00, 0x00, 0x00, 0x00, 0x00, 0x00, 0x00, 0x00, 0x00, 0x00, 0x00, 0x00,
  0x00, 0x00, 0x00, 0x00, 0x00, 0x00, 0x00, 0x00, 0x00, 0x00, 0x00, 0x00, 0x00, 0x00, 0x00, 0x00,
  0x00, 0x00, 0x00, 0x00, 0x30, 0x26, 0x12, 0x1a, 0x30, 0x26, 0x12, 0x43, 0x30, 0x26, 0x12, 0x6c,
  0x30, 0x26, 0x12, 0x96, 0x30, 0x26, 0x12, 0xbf, 0x30, 0x26, 0x12, 0xe8, 0x76, 0x5e, 0x1c, 0xff,
  0x76, 0x5e, 0x1c, 0xff, 0x76, 0x5f, 0x1c, 0xff, 0x76, 0x5f, 0x1c, 0xff, 0x76, 0x5f, 0x1c, 0xff,
  0x76, 0x5f, 0x1c, 0xff, 0x76, 0x5f, 0x1c, 0xff, 0x76, 0x60, 0x1c, 0xff, 0x76, 0x60, 0x1c, 0xff,
  0x76, 0x60, 0x1c, 0xff, 0x76, 0x60, 0x1c, 0xff, 0x76, 0x60, 0x1c, 0xff, 0x76, 0x61, 0x1c, 0xff,
  0x76, 0x61, 0x1c, 0xff, 0x76, 0x61, 0x1c, 0xff, 0x76, 0x61, 0x1c, 0xff, 0x76, 0x61, 0x1c, 0xff,
  0x71, 0x71, 0xf8, 0xff, 0x71, 0x71, 0xf8, 0xff, 0x71, 0x71, 0xf8, 0xff, 0x71, 0x71, 0xf8, 0xff,
  0x71, 0x71, 0xf8, 0xff, 0xd6, 0xf4, 0xff, 0xff, 0xd6, 0xf4, 0xff, 0xff, 0xd6, 0xf4, 0xff, 0xff,
  0xd6, 0xf4, 0xff, 0xff, 0x71, 0x71, 0xf8, 0xff, 0x71, 0x71, 0xf8, 0xff, 0x71, 0x71, 0xf8, 0xff,
  0x71, 0x71, 0xf8, 0xff, 0x76, 0x64, 0x1c, 0xff, 0x76, 0x64, 0x1c, 0xff, 0x76, 0x64, 0x1c, 0xff,
  0x76, 0x65, 0x1c, 0xff, 0x76, 0x65, 0x1c, 0xff, 0x76, 0x65, 0x1c, 0xff, 0x76, 0x65, 0x1c, 0xff,
  0x76, 0x65, 0x1c, 0xff, 0x76, 0x66, 0x1c, 0xff, 0xfa, 0xa5, 0x60, 0xff, 0xfa, 0xa5, 0x60, 0xff,
  0xfa, 0xa5, 0x60, 0xff, 0xfa, 0xa5, 0x60, 0xff, 0xfa, 0xa5, 0x60, 0xff, 0xfa, 0xa5, 0x60, 0xff,
  0xfa, 0xa5, 0x60, 0xff, 0xfa, 0xa5, 0x60, 0xff, 0xfa, 0xa5, 0x60, 0xff, 0xfa, 0xa5, 0x60, 0xff,
  0xfa, 0xa5, 0x60, 0xff, 0xfa, 0xa5, 0x60, 0xff, 0xfa, 0xa5, 0x60, 0xff, 0xfa, 0xa5, 0x60, 0xff,
  0xfa, 0xa5, 0x60, 0xff, 0xfa, 0xa5, 0x60, 0xff, 0xfc, 0xfa, 0xf8, 0xdc, 0xfc, 0xfa, 0xf8, 0xdc,
  0xfc, 0xfa, 0xf8, 0xdc, 0xfc, 0xfa, 0xf8, 0xdc, 0xfc, 0xfa, 0xf8, 0xdc, 0xfc, 0xfa, 0xf8, 0xdc,
  0xfc, 0xfa, 0xf8, 0xdc, 0xfc, 0xfa, 0xf8, 0xdc, 0xfc, 0xfa, 0xf8, 0xdc, 0xfc, 0xfa, 0xf8, 0xdc,
  0xfc, 0xfa, 0xf8, 0xdc, 0xfc, 0xfa, 0xf8, 0xdc, 0xfc, 0xfa, 0xf8, 0xdc, 0xfc, 0xfa, 0xf8, 0xdc,
  0xfc, 0xfa, 0xf8, 0xdc, 0xfc, 0xfa, 0xf8, 0xdc, 0xfc, 0xfa, 0xf8, 0xdc, 0xfc, 0xfa, 0xf8, 0xdc,
  0xfc, 0xfa, 0xf8, 0xdc, 0xfc, 0xfa, 0xf8, 0xdc, 0xfc, 0xfa, 0xf8, 0xdc, 0xfc, 0xfa, 0xf8, 0xdc,
  0xfc, 0xfa, 0xf8, 0xdc, 0xfc, 0xfa, 0xf8, 0xdc, 0xfc, 0xfa, 0xf8, 0xdc, 0xfc, 0xfa, 0xf8, 0xdc,
  0x76, 0x6e, 0x1c, 0xff, 0x76, 0x6e, 0x1c, 0xff, 0x76, 0x6e, 0x1c, 0xff, 0x76, 0x6f, 0x1c, 0xff,
  0x76, 0x6f, 0x1c, 0xff, 0x76, 0x6f, 0x1c, 0xff, 0x76, 0x6f, 0x1c, 0xff, 0x76, 0x6f, 0x1c, 0xff,
  0x76, 0x70, 0x1c, 0xff, 0x76, 0x70, 0x1c, 0xff, 0x30, 0x26, 0x12, 0xe8, 0x30, 0x26, 0x12, 0xbf,
  0x30, 0x26, 0x12, 0x96, 0x30, 0x26, 0x12, 0x6c, 0x30, 0x26, 0x12, 0x43, 0x30, 0x26, 0x12, 0x1a,
  0x00, 0x00, 0x00, 0x00, 0x00, 0x00, 0x00, 0x00, 0x00, 0x00, 0x00, 0x00, 0x00, 0x00, 0x00, 0x00,
  0x00, 0x00, 0x00, 0x00, 0x00, 0x00, 0x00, 0x00, 0x00, 0x00, 0x00, 0x00, 0x00, 0x00, 0x00, 0x00,
  0x00, 0x00, 0x00, 0x00, 0x30, 0x26, 0x12, 0x10, 0x30, 0x26, 0x12, 0x39, 0x30, 0x26, 0x12, 0x62,
  0x30, 0x26, 0x12, 0x8b, 0x30, 0x26, 0x12, 0xb4, 0x30, 0x26, 0x12, 0xdd, 0x76, 0x5e, 0x1c, 0xff,
  0x76, 0x5e, 0x1c, 0xff, 0x76, 0x5f, 0x1c, 0xff, 0x76, 0x5f, 0x1c, 0xff, 0x76, 0x5f, 0x1c, 0xff,
  0x76, 0x5f, 0x1c, 0xff, 0x76, 0x5f, 0x1c, 0xff, 0x76, 0x60, 0x1c, 0xff, 0x76, 0x60, 0x1c, 0xff,
  0x76, 0x60, 0x1c, 0xff, 0x76, 0x60, 0x1c, 0xff, 0x76, 0x60, 0x1c, 0xff, 0x76, 0x61, 0x1c, 0xff,
  0x76, 0x61, 0x1c, 0xff, 0x76, 0x61, 0x1c, 0xff, 0x76, 0x61, 0x1c, 0xff, 0x71, 0x71, 0xf8, 0xff,
  0x71, 0x71, 0xf8, 0xff, 0x71, 0x71, 0xf8, 0xff, 0x71, 0x71, 0xf8, 0xff, 0x71, 0x71, 0xf8, 0xff,
  0x71, 0x71, 0xf8, 0xff, 0xd6, 0xf4, 0xff, 0xff, 0xd6, 0xf4, 0xff, 0xff, 0xd6, 0xf4, 0xff, 0xff,
  0xd6, 0xf4, 0xff, 0xff, 0x71, 0x71, 0xf8, 0xff, 0x71, 0x71, 0xf8, 0xff, 0x71, 0x71, 0xf8, 0xff,
  0x71, 0x71, 0xf8, 0xff, 0x71, 0x71, 0xf8, 0xff, 0x76, 0x64, 0x1c, 0xff, 0x76, 0x64, 0x1c, 0xff,
  0x76, 0x65, 0x1c, 0xff, 0x76, 0x65, 0x1c, 0xff, 0x76, 0x65, 0x1c, 0xff, 0x76, 0x65, 0x1c, 0xff,
  0x76, 0x65, 0x1c, 0xff, 0x76, 0x66, 0x1c, 0xff, 0xfa, 0xa5, 0x60, 0xff, 0xfa, 0xa5, 0x60, 0xff,
  0xfa, 0xa5, 0x60, 0xff, 0xfa, 0xa5, 0x60, 0xff, 0xfa, 0xa5, 0x60, 0xff, 0xfa, 0xa5, 0x60, 0xff,
  0xfa, 0xa5, 0x60, 0xff, 0xfa, 0xa5, 0x60, 0xff, 0xfa, 0xa5, 0x60, 0xff, 0xfa, 0xa5, 0x60, 0xff,
  0xfa, 0xa5, 0x60, 0xff, 0xfa, 0xa5, 0x60, 0xff, 0xfa, 0xa5, 0x60, 0xff, 0xfa, 0xa5, 0x60, 0xff,
  0xfa, 0xa5, 0x60, 0xff, 0xfa, 0xa5, 0x60, 0xff, 0xfa, 0xa5, 0x60, 0xff, 0xfa, 0xa5, 0x60, 0xff,
  0xfa, 0xa5, 0x60, 0xff, 0xfa, 0xa5, 0x60, 0xff, 0xfa, 0xa5, 0x60, 0xff, 0xfa, 0xa5, 0x60, 0xff,
  0xfa, 0xa5, 0x60, 0xff, 0xfa, 0xa5, 0x60, 0xff, 0xfa, 0xa5, 0x60, 0xff, 0xfa, 0xa5, 0x60, 0xff,
  0xfa, 0xa5, 0x60, 0xff, 0xfa, 0xa5, 0x60, 0xff, 0xfa, 0xa5, 0x60, 0xff, 0x76, 0x6c, 0x1c, 0xff,
  0x76, 0x6c, 0x1c, 0xff, 0x76, 0x6c, 0x1c, 0xff, 0x76, 0x6c, 0x1c, 0xff, 0x76, 0x6c, 0x1c, 0xff,
  0x76, 0x6d, 0x1c, 0xff, 0x76, 0x6d, 0x1c, 0xff, 0x76, 0x6d, 0x1c, 0xff, 0x76, 0x6d, 0x1c, 0xff,
  0x76, 0x6d, 0x1c, 0xff, 0x76, 0x6d, 0x1c, 0xff, 0x76, 0x6e, 0x1c, 0xff, 0x76, 0x6e, 0x1c, 0xff,
  0x76, 0x6e, 0x1c, 0xff, 0x76, 0x6e, 0x1c, 0xff, 0x76, 0x6e, 0x1c, 0xff, 0x76, 0x6f, 0x1c, 0xff,
  0x76, 0x6f, 0x1c, 0xff, 0x76, 0x6f, 0x1c, 0xff, 0x76, 0x6f, 0x1c, 0xff, 0x76, 0x6f, 0x1c, 0xff,
  0x76, 0x70, 0x1c, 0xff, 0x76, 0x70, 0x1c, 0xff, 0x30, 0x26, 0x12, 0xdd, 0x30, 0x26, 0x12, 0xb4,
  0x30, 0x26, 0x12, 0x8b, 0x30, 0x26, 0x12, 0x62, 0x30, 0x26, 0x12, 0x39, 0x30, 0x26, 0x12, 0x10,
  0x00, 0x00, 0x00, 0x00, 0x00, 0x00, 0x00, 0x00, 0x00, 0x00, 0x00, 0x00, 0x00, 0x00, 0x00, 0x00,
  0x00, 0x00, 0x00, 0x00, 0x00, 0x00, 0x00, 0x00, 0x00, 0x00, 0x00, 0x00, 0x00, 0x00, 0x00, 0x00,
  0x00, 0x00, 0x00, 0x00, 0x30, 0x26, 0x12, 0x05, 0x30, 0x26, 0x12, 0x2e, 0x30, 0x26, 0x12, 0x57,
  0x30, 0x26, 0x12, 0x80, 0x30, 0x26, 0x12, 0xa8, 0x30, 0x26, 0x12, 0xd1, 0x30, 0x26, 0x12, 0xfa,
  0x75, 0x5e, 0x1c, 0xff, 0x75, 0x5f, 0x1c, 0xff, 0x75, 0x5f, 0x1c, 0xff, 0x75, 0x5f, 0x1c, 0xff,
  0x75, 0x5f, 0x1c, 0xff, 0x75, 0x5f, 0x1c, 0xff, 0x75, 0x60, 0x1c, 0xff, 0x75, 0x60, 0x1c, 0xff,
  0x75, 0x60, 0x1c, 0xff, 0x75, 0x60, 0x1c, 0xff, 0x75, 0x60, 0x1c, 0xff, 0x75, 0x61, 0x1c, 0xff,
  0x75, 0x61, 0x1c, 0xff, 0x75, 0x61, 0x1c, 0xff, 0x71, 0x71, 0xf8, 0xff, 0x71, 0x71, 0xf8, 0xff,
  0x71, 0x71, 0xf8, 0xff, 0x71, 0x71, 0xf8, 0xff, 0x71, 0x71, 0xf8, 0xff, 0x71, 0x71, 0xf8, 0xff,
  0x71, 0x71, 0xf8, 0xff, 0xd6, 0xf4, 0xff, 0xff, 0xd6, 0xf4, 0xff, 0xff, 0xd6, 0xf4, 0xff, 0xff,
  0xd6, 0xf4, 0xff, 0xff, 0x71, 0x71, 0xf8, 0xff, 0x71, 0x71, 0xf8, 0xff, 0x71, 0x71, 0xf8, 0xff,
  0x71, 0x71, 0xf8, 0xff, 0x71, 0x71, 0xf8, 0xff, 0x71, 0x71, 0xf8, 0xff, 0x75, 0x64, 0x1c, 0xff,
  0x75, 0x65, 0x1c, 0xff, 0x75, 0x65, 0x1c, 0xff, 0x75, 0x65, 0x1c, 0xff, 0x75, 0x65, 0x1c, 0xff,
  0x75, 0x65, 0x1c, 0xff, 0x75, 0x66, 0x1c, 0xff, 0xfa, 0xa5, 0x60, 0xff, 0xfa, 0xa5, 0x60, 0xff,
  0xfa, 0xa5, 0x60, 0xff, 0xfa, 0xa5, 0x60, 0xff, 0xfa, 0xa5, 0x60, 0xff, 0xfa, 0xa5, 0x60, 0xff,
  0xfa, 0xa5, 0x60, 0xff, 0xfa, 0xa5, 0x60, 0xff, 0xfa, 0xa5, 0x60, 0xff, 0xfa, 0xa5, 0x60, 0xff,
  0xfa, 0xa5, 0x60, 0xff, 0xfa, 0xa5, 0x60, 0xff, 0xfa, 0xa5, 0x60, 0xff, 0xfa, 0xa5, 0x60, 0xff,
  0xfa, 0xa5, 0x60, 0xff, 0xfa, 0xa5, 0x60, 0xff, 0xfa, 0xa5, 0x60, 0xff, 0xfa, 0xa5, 0x60, 0xff,
  0xfa, 0xa5, 0x60, 0xff, 0xfa, 0xa5, 0x60, 0xff, 0xfa, 0xa5, 0x60, 0xff, 0xfa, 0xa5, 0x60, 0xff,
  0xfa, 0xa5, 0x60, 0xff, 0xfa, 0xa5, 0x60, 0xff, 0xfa, 0xa5, 0x60, 0xff, 0xfa, 0xa5, 0x60, 0xff,
  0xfa, 0xa5, 0x60, 0xff, 0xfa, 0xa5, 0x60, 0xff, 0xfa, 0xa5, 0x60, 0xff, 0x75, 0x6c, 0x1c, 0xff,
  0x75, 0x6c, 0x1c, 0xff, 0x75, 0x6c, 0x1c, 0xff, 0x75, 0x6c, 0x1c, 0xff, 0x75, 0x6c, 0x1c, 0xff,
  0x75, 0x6d, 0x1c, 0xff, 0x75, 0x6d, 0x1c, 0xff, 0x75, 0x6d, 0x1c, 0xff, 0x75, 0x6d, 0x1c, 0xff,
  0x75, 0x6d, 0x1c, 0xff, 0x75, 0x6d, 0x1c, 0xff, 0x75, 0x6e, 0x1c, 0xff, 0x75, 0x6e, 0x1c, 0xff,
  0x75, 0x6e, 0x1c, 0xff, 0x75, 0x6e, 0x1c, 0xff, 0x75, 0x6e, 0x1c, 0xff, 0x75, 0x6f, 0x1c, 0xff,
  0x75, 0x6f, 0x1c, 0xff, 0x75, 0x6f, 0x1c, 0xff, 0x75, 0x6f, 0x1c, 0xff, 0x75, 0x6f, 0x1c, 0xff,
  0x75, 0x70, 0x1c, 0xff, 0x30, 0x26, 0x12, 0xfa, 0x30, 0x26, 0x12, 0xd1, 0x30, 0x26, 0x12, 0xa8,
  0x30, 0x26, 0x12, 0x80, 0x30, 0x26, 0x12, 0x57, 0x30, 0x26, 0x12, 0x2e, 0x30, 0x26, 0x12, 0x05,
  0x00, 0x00, 0x00, 0x00, 0x00, 0x00, 0x00, 0x00, 0x00, 0x00, 0x00, 0x00, 0x00, 0x00, 0x00, 0x00,
  0x00, 0x00, 0x00, 0x00, 0x00, 0x00, 0x00, 0x00, 0x00, 0x00, 0x00, 0x00, 0x00, 0x00, 0x00, 0x00,
  0x00, 0x00, 0x00, 0x00, 0x00, 0x00, 0x00, 0x00, 0x30, 0x26, 0x12, 0x22, 0x30, 0x26, 0x12, 0x4b,
  0x30, 0x26, 0x12, 0x73, 0x30, 0x26, 0x12, 0x9c, 0x30, 0x26, 0x12, 0xc4, 0x30, 0x26, 0x12, 0xed,
  0x75, 0x5e, 0x1c, 0xff, 0x75, 0x5f, 0x1c, 0xff, 0x75, 0x5f, 0x1c, 0xff, 0x75, 0x5f, 0x1c, 0xff,
  0x75, 0x5f, 0x1c, 0xff, 0x75, 0x5f, 0x1c, 0xff, 0x75, 0x60, 0x1c, 0xff, 0x75, 0x60, 0x1c, 0xff,
  0x75, 0x60, 0x1c, 0xff, 0x75, 0x60, 0x1c, 0xff, 0x75, 0x60, 0x1c, 0xff, 0x75, 0x61, 0x1c, 0xff,
  0x75, 0x61, 0x1c, 0xff, 0x71, 0x71, 0xf8, 0xff, 0x71, 0x71, 0xf8, 0xff, 0x71, 0x71, 0xf8, 0xff,
  0x71, 0x71, 0xf8, 0xff, 0x71, 0x71, 0xf8, 0xff, 0x71, 0x71, 0xf8, 0xff, 0x71, 0x71, 0xf8, 0xff,
  0x71, 0x71, 0xf8, 0xff, 0x71, 0x71, 0xf8, 0xff, 0x71, 0x71, 0xf8, 0xff, 0x71, 0x71, 0xf8, 0xff,
  0x71, 0x71, 0xf8, 0xff, 0x71, 0x71, 0xf8, 0xff, 0x71, 0x71, 0xf8, 0xff, 0x71, 0x71, 0xf8, 0xff,
  0x71, 0x71, 0xf8, 0xff, 0x71, 0x71, 0xf8, 0xff, 0x71, 0x71, 0xf8, 0xff, 0x71, 0x71, 0xf8, 0xff,
  0x75, 0x65, 0x1c, 0xff, 0x75, 0x65, 0x1c, 0xff, 0x75, 0x65, 0x1c, 0xff, 0x75, 0x65, 0x1c, 0xff,
  0x75, 0x65, 0x1c, 0xff, 0x75, 0x66, 0x1c, 0xff, 0xfa, 0xa5, 0x60, 0xff, 0xfa, 0xa5, 0x60, 0xff,
  0xfa, 0xa5, 0x60, 0xff, 0xfa, 0xa5, 0x60, 0xff, 0xfa, 0xa5, 0x60, 0xff, 0xfa, 0xa5, 0x60, 0xff,
  0xfa, 0xa5, 0x60, 0xff, 0xfa, 0xa5, 0x60, 0xff, 0xfa, 0xa5, 0x60, 0xff, 0xfa, 0xa5, 0x60, 0xff,
  0xfa, 0xa5, 0x60, 0xff, 0xfa, 0xa5, 0x60, 0xff, 0xfa, 0xa5, 0x60, 0xff, 0xfa, 0xa5, 0x60, 0xff,
  0xfa, 0xa5, 0x60, 0xff, 0xfa, 0xa5, 0x60, 0xff, 0xfa, 0xa5, 0x60, 0xff, 0xfa, 0xa5, 0x60, 0xff,
  0xfa, 0xa5, 0x60, 0xff, 0xfa, 0xa5, 0x60, 0xff, 0xfa, 0xa5, 0x60, 0xff, 0xfa, 0xa5, 0x60, 0xff,
  0xfa, 0xa5, 0x60, 0xff, 0xfa, 0xa5, 0x60, 0xff, 0xfa, 0xa5, 0x60, 0xff, 0xfa, 0xa5, 0x60, 0xff,
  0xfa, 0xa5, 0x60, 0xff, 0xfa, 0xa5, 0x60, 0xff, 0xfa, 0xa5, 0x60, 0xff, 0x75, 0x6c, 0x1c, 0xff,
  0x75, 0x6c, 0x1c, 0xff, 0x75, 0x6c, 0x1c, 0xff, 0x75, 0x6c, 0x1c, 0xff, 0x75, 0x6c, 0x1c, 0xff,
  0x75, 0x6d, 0x1c, 0xff, 0x75, 0x6d, 0x1c, 0xff, 0x75, 0x6d, 0x1c, 0xff, 0x75, 0x6d, 0x1c, 0xff,
  0x75, 0x6d, 0x1c, 0xff, 0x75, 0x6d, 0x1c, 0xff, 0x75, 0x6e, 0x1c, 0xff, 0x75, 0x6e, 0x1c, 0xff,
  0x75, 0x6e, 0x1c, 0xff, 0x75, 0x6e, 0x1c, 0xff, 0x75, 0x6e, 0x1c, 0xff, 0x75, 0x6f, 0x1c, 0xff,
  0x75, 0x6f, 0x1c, 0xff, 0x75, 0x6f, 0x1c, 0xff, 0x75, 0x6f, 0x1c, 0xff, 0x75, 0x6f, 0x1c, 0xff,
  0x75, 0x70, 0x1c, 0xff, 0x30, 0x26, 0x12, 0xed, 0x30, 0x26, 0x12, 0xc4, 0x30, 0x26, 0x12, 0x9c,
  0x30, 0x26, 0x12, 0x73, 0x30, 0x26, 0x12, 0x4b, 0x30, 0x26, 0x12, 0x22, 0x00, 0x00, 0x00, 0x00,
  0x00, 0x00, 0x00, 0x00, 0x00, 0x00, 0x00, 0x00, 0x00, 0x00, 0x00, 0x00, 0x00, 0x00, 0x00, 0x00,
  0x00, 0x00, 0x00, 0x00, 0x00, 0x00, 0x00, 0x00, 0x00, 0x00, 0x00, 0x00, 0x00, 0x00, 0x00, 0x00,
  0x00, 0x00, 0x00, 0x00, 0x00, 0x00, 0x00, 0x00, 0x30, 0x26, 0x12, 0x15, 0x30, 0x26, 0x12, 0x3e,
  0x30, 0x26, 0x12, 0x66, 0x30, 0x26, 0x12, 0x8e, 0x30, 0x26, 0x12, 0xb7, 0x30, 0x26, 0x12, 0xdf,
  0x75, 0x5e, 0x1c, 0xff, 0x75, 0x5f, 0x1c, 0xff, 0x75, 0x5f, 0x1c, 0xff, 0x75, 0x5f, 0x1c, 0xff,
  0x75, 0x5f, 0x1c, 0xff, 0x75, 0x5f, 0x1c, 0xff, 0x75, 0x60, 0x1c, 0xff, 0x75, 0x60, 0x1c, 0xff,
  0x75, 0x60, 0x1c, 0xff, 0x75, 0x60, 0x1c, 0xff, 0x75, 0x60, 0x1c, 0xff, 0x75, 0x61, 0x1c, 0xff,
  0x71, 0x71, 0xf8, 0xff, 0x71, 0x71, 0xf8, 0xff, 0x71, 0x71, 0xf8, 0xff, 0x71, 0x71, 0xf8, 0xff,
  0x71, 0x71, 0xf8, 0xff, 0x71, 0x71, 0xf8, 0xff, 0x71, 0x71, 0xf8, 0xff, 0x71, 0x71, 0xf8, 0xff,
  0x71, 0x71, 0xf8, 0xff, 0x71, 0x71, 0xf8, 0xff, 0x71, 0x71, 0xf8, 0xff, 0x71, 0x71, 0xf8, 0xff,
  0x71, 0x71, 0xf8, 0xff, 0x71, 0x71, 0xf8, 0xff, 0x71, 0x71, 0xf8, 0xff, 0x71, 0x71, 0xf8, 0xff,
  0x71, 0x71, 0xf8, 0xff, 0x71, 0x71, 0xf8, 0xff, 0x71, 0x71, 0xf8, 0xff, 0x71, 0x71, 0xf8, 0xff,
  0x71, 0x71, 0xf8, 0xff, 0x75, 0x65, 0x1c, 0xff, 0x75, 0x65, 0x1c, 0xff, 0x75, 0x65, 0x1c, 0xff,
  0x75, 0x65, 0x1c, 0xff, 0x75, 0x66, 0x1c, 0xff, 0xfa, 0xa5, 0x60, 0xff, 0xfa, 0xa5, 0x60, 0xff,
  0xfa, 0xa5, 0x60, 0xff, 0xfa, 0xa5, 0x60, 0xff, 0xfa, 0xa5, 0x60, 0xff, 0xfa, 0xa5, 0x60, 0xff,
  0xfa, 0xa5, 0x60, 0xff, 0xfa, 0xa5, 0x60, 0xff, 0xfa, 0xa5, 0x60, 0xff, 0xfa, 0xa5, 0x60, 0xff,
  0xfa, 0xa5, 0x60, 0xff, 0xfa, 0xa5, 0x60, 0xff, 0xfa, 0xa5, 0x60, 0xff, 0xfa, 0xa5, 0x60, 0xff,
  0xfa, 0xa5, 0x60, 0xff, 0xfa, 0xa5, 0x60, 0xff, 0xfa, 0xa5, 0x60, 0xff, 0xfa, 0xa5, 0x60, 0xff,
  0xfa, 0xa5, 0x60, 0xff, 0xfa, 0xa5, 0x60, 0xff, 0xfa, 0xa5, 0x60, 0xff, 0xfa, 0xa5, 0x60, 0xff,
  0xfa, 0xa5, 0x60, 0xff, 0xfa, 0xa5, 0x60, 0xff, 0xfa, 0xa5, 0x60, 0xff, 0xfa, 0xa5, 0x60, 0xff,
  0xfa, 0xa5, 0x60, 0xff, 0xfa, 0xa5, 0x60, 0xff, 0xfa, 0xa5, 0x60, 0xff, 0x75, 0x6c, 0x1c, 0xff,
  0x75, 0x6c, 0x1c, 0xff, 0x75, 0x6c, 0x1c, 0xff, 0x75, 0x6c, 0x1c, 0xff, 0x75, 0x6c, 0x1c, 0xff,
  0x75, 0x6d, 0x1c, 0xff, 0x75, 0x6d, 0x1c, 0xff, 0x75, 0x6d, 0x1c, 0xff, 0x75, 0x6d, 0x1c, 0xff,
  0x75, 0x6d, 0x1c, 0xff, 0x75, 0x6d, 0x1c, 0xff, 0x75, 0x6e, 0x1c, 0xff, 0x75, 0x6e, 0x1c, 0xff,
  0x75, 0x6e, 0x1c, 0xff, 0x75, 0x6e, 0x1c, 0xff, 0x75, 0x6e, 0x1c, 0xff, 0x75, 0x6f, 0x1c, 0xff,
  0x75, 0x6f, 0x1c, 0xff, 0x75, 0x6f, 0x1c, 0xff, 0x75, 0x6f, 0x1c, 0xff, 0x75, 0x6f, 0x1c, 0xff,
  0x75, 0x70, 0x1c, 0xff, 0x30, 0x26, 0x12, 0xdf, 0x30, 0x26, 0x12, 0xb7, 0x30, 0x26, 0x12, 0x8e,
  0x30, 0x26, 0x12, 0x66, 0x30, 0x26, 0x12, 0x3e, 0x30, 0x26, 0x12, 0x15, 0x00, 0x00, 0x00, 0x00,
  0x00, 0x00, 0x00, 0x00, 0x00, 0x00, 0x00, 0x00, 0x00, 0x00, 0x00, 0x00, 0x00, 0x00, 0x00, 0x00,
  0x00, 0x00, 0x00, 0x00, 0x00, 0x00, 0x00, 0x00, 0x00, 0x00, 0x00, 0x00, 0x00, 0x00, 0x00, 0x00,
  0x00, 0x00, 0x00, 0x00, 0x00, 0x00, 0x00, 0x00, 0x30, 0x26, 0x12, 0x08, 0x30, 0x26, 0x12, 0x30,
  0x30, 0x26, 0x12, 0x58, 0x30, 0x26, 0x12, 0x80, 0x30, 0x26, 0x12, 0xa8, 0x30, 0x26, 0x12, 0xd0,
  0x30, 0x26, 0x12, 0xf8, 0x74, 0x5f, 0x1d, 0xff, 0x74, 0x5f, 0x1d, 0xff, 0x74, 0x5f, 0x1d, 0xff,
  0x74, 0x5f, 0x1d, 0xff, 0x74, 0x5f, 0x1d, 0xff, 0x74, 0x60, 0x1d, 0xff, 0x74, 0x60, 0x1d, 0xff,
  0x74, 0x60, 0x1d, 0xff, 0x74, 0x60, 0x1d, 0xff, 0x74, 0x60, 0x1d, 0xff, 0x74, 0x61, 0x1d, 0xff,
  0x71, 0x71, 0xf8, 0xff, 0x71, 0x71, 0xf8, 0xff, 0x71, 0x71, 0xf8, 0xff, 0x71, 0x71, 0xf8, 0xff,
  0x71, 0x71, 0xf8, 0xff, 0x71, 0x71, 0xf8, 0xff, 0x71, 0x71, 0xf8, 0xff, 0x71, 0x71, 0xf8, 0xff,
  0x71, 0x71, 0xf8, 0xff, 0x71, 0x71, 0xf8, 0xff, 0x71, 0x71, 0xf8, 0xff, 0x71, 0x71, 0xf8, 0xff,
  0x71, 0x71, 0xf8, 0xff, 0x71, 0x71, 0xf8, 0xff, 0x71, 0x71, 0xf8, 0xff, 0x71, 0x71, 0xf8, 0xff,
  0x71, 0x71, 0xf8, 0xff, 0x71, 0x71, 0xf8, 0xff, 0x71, 0x71, 0xf8, 0xff, 0x71, 0x71, 0xf8, 0xff,
  0x71, 0x71, 0xf8, 0xff, 0x74, 0x65, 0x1d, 0xff, 0x74, 0x65, 0x1d, 0xff, 0x74, 0x65, 0x1d, 0xff,
  0x74, 0x65, 0x1d, 0xff, 0x74, 0x66, 0x1d, 0xff, 0xfa, 0xa5, 0x60, 0xff, 0xfa, 0xa5, 0x60, 0xff,
  0xfa, 0xa5, 0x60, 0xff, 0xfa, 0xa5, 0x60, 0xff, 0xfa, 0xa5, 0x60, 0xff, 0xfa, 0xa5, 0x60, 0xff,
  0xfa, 0xa5, 0x60, 0xff, 0xfa, 0xa5, 0x60, 0xff, 0xfa, 0xa5, 0x60, 0xff, 0xfa, 0xa5, 0x60, 0xff,
  0xfa, 0xa5, 0x60, 0xff, 0xfa, 0xa5, 0x60, 0xff, 0xfa, 0xa5, 0x60, 0xff, 0xfa, 0xa5, 0x60, 0xff,
  0xfa, 0xa5, 0x60, 0xff, 0xfa, 0xa5, 0x60, 0xff, 0xfa, 0xa5, 0x60, 0xff, 0xfa, 0xa5, 0x60, 0xff,
  0xfa, 0xa5, 0x60, 0xff, 0xfa, 0xa5, 0x60, 0xff, 0xfa, 0xa5, 0x60, 0xff, 0xfa, 0xa5, 0x60, 0xff,
  0xfa, 0xa5, 0x60, 0xff, 0xfa, 0xa5, 0x60, 0xff, 0xfa, 0xa5, 0x60, 0xff, 0xfa, 0xa5, 0x60, 0xff,
  0xfa, 0xa5, 0x60, 0xff, 0xfa, 0xa5, 0x60, 0xff, 0xfa, 0xa5, 0x60, 0xff, 0x74, 0x6c, 0x1d, 0xff,
  0x74, 0x6c, 0x1d, 0xff, 0x74, 0x6c, 0x1d, 0xff, 0x74, 0x6c, 0x1d, 0xff, 0x74, 0x6c, 0x1d, 0xff,
  0x74, 0x6d, 0x1d, 0xff, 0x74, 0x6d, 0x1d, 0xff, 0x74, 0x6d, 0x1d, 0xff, 0x74, 0x6d, 0x1d, 0xff,
  0x74, 0x6d, 0x1d, 0xff, 0x74, 0x6d, 0x1d, 0xff, 0x74, 0x6e, 0x1d, 0xff, 0x74, 0x6e, 0x1d, 0xff,
  0x74, 0x6e, 0x1d, 0xff, 0x74, 0x6e, 0x1d, 0xff, 0x74, 0x6e, 0x1d, 0xff, 0x74, 0x6f, 0x1d, 0xff,
  0x74, 0x6f, 0x1d, 0xff, 0x74, 0x6f, 0x1d, 0xff, 0x74, 0x6f, 0x1d, 0xff, 0x74, 0x6f, 0x1d, 0xff,
  0x30, 0x26, 0x12, 0xf8, 0x30, 0x26, 0x12, 0xd0, 0x30, 0x26, 0x12, 0xa8, 0x30, 0x26, 0x12, 0x80,
  0x30, 0x26, 0x12, 0x58, 0x30, 0x26, 0x12, 0x30, 0x30, 0x26, 0x12, 0x08, 0x00, 0x00, 0x00, 0x00,
  0x00, 0x00, 0x00, 0x00, 0x00, 0x00, 0x00, 0x00, 0x00, 0x00, 0x00, 0x00, 0x00, 0x00, 0x00, 0x00,
  0x00, 0x00, 0x00, 0x00, 0x00, 0x00, 0x00, 0x00, 0x00, 0x00, 0x00, 0x00, 0x00, 0x00, 0x00, 0x00,
  0x00, 0x00, 0x00, 0x00, 0x00, 0x00, 0x00, 0x00, 0x00, 0x00, 0x00, 0x00, 0x30, 0x26, 0x12, 0x22,
  0x30, 0x26, 0x12, 0x4a, 0x30, 0x26, 0x12, 0x72, 0x30, 0x26, 0x12, 0x99, 0x30, 0x26, 0x12, 0xc1,
  0x30, 0x26, 0x12, 0xe8, 0x74, 0x5f, 0x1d, 0xff, 0x74, 0x5f, 0x1d, 0xff, 0x74, 0x5f, 0x1d, 0xff,
  0x74, 0x5f, 0x1d, 0xff, 0x74, 0x5f, 0x1d, 0xff, 0x74, 0x60, 0x1d, 0xff, 0x74, 0x60, 0x1d, 0xff,
  0x74, 0x60, 0x1d, 0xff, 0x74, 0x60, 0x1d, 0xff, 0x74, 0x60, 0x1d, 0xff, 0x71, 0x71, 0xf8, 0xff,
  0x71, 0x71, 0xf8, 0xff, 0x71, 0x71, 0xf8, 0xff, 0x71, 0x71, 0xf8, 0xff, 0x71, 0x71, 0xf8, 0xff,
  0x71, 0x71, 0xf8, 0xff, 0x71, 0x71, 0xf8, 0xff, 0x71, 0x71, 0xf8, 0xff, 0x71, 0x71, 0xf8, 0xff,
  0x71, 0x71, 0xf8, 0xff, 0x71, 0x71, 0xf8, 0xff, 0x71, 0x71, 0xf8, 0xff, 0x71, 0x71, 0xf8, 0xff,
  0x71, 0x71, 0xf8, 0xff, 0x71, 0x71, 0xf8, 0xff, 0x71, 0x71, 0xf8, 0xff, 0x71, 0x71, 0xf8, 0xff,
  0x71, 0x71, 0xf8, 0xff, 0x71, 0x71, 0xf8, 0xff, 0x71, 0x71, 0xf8, 0xff, 0x71, 0x71, 0xf8, 0xff,
  0x71, 0x71, 0xf8, 0xff, 0x71, 0x71, 0xf8, 0xff, 0x74, 0x65, 0x1d, 0xff, 0x74, 0x65, 0x1d, 0xff,
  0x74, 0x65, 0x1d, 0xff, 0x74, 0x66, 0x1d, 0xff, 0xfa, 0xa5, 0x60, 0xff, 0xfa, 0xa5, 0x60, 0xff,
  0xfa, 0xa5, 0x60, 0xff, 0xfa, 0xa5, 0x60, 0xff, 0xfa, 0xa5, 0x60, 0xff, 0xfa, 0xa5, 0x60, 0xff,
  0xfa, 0xa5, 0x60, 0xff, 0xfa, 0xa5, 0x60, 0xff, 0xfa, 0xa5, 0x60, 0xff, 0xfa, 0xa5, 0x60, 0xff,
  0xfa, 0xa5, 0x60, 0xff, 0xfa, 0xa5, 0x60, 0xff, 0xfa, 0xa5, 0x60, 0xff, 0xfa, 0xa5, 0x60, 0xff,
  0xfa, 0xa5, 0x60, 0xff, 0xfa, 0xa5, 0x60, 0xff, 0xfa, 0xa5, 0x60, 0xff, 0xfa, 0xa5, 0x60, 0xff,
  0xfa, 0xa5, 0x60, 0xff, 0xfa, 0xa5, 0x60, 0xff, 0xfa, 0xa5, 0x60, 0xff, 0xfa, 0xa5, 0x60, 0xff,
  0xfa, 0xa5, 0x60, 0xff, 0xfa, 0xa5, 0x60, 0xff, 0xfa, 0xa5, 0x60, 0xff, 0xfa, 0xa5, 0x60, 0xff,
  0xfa, 0xa5, 0x60, 0xff, 0xfa, 0xa5, 0x60, 0xff, 0xfa, 0xa5, 0x60, 0xff, 0x74, 0x6c, 0x1d, 0xff,
  0x74, 0x6c, 0x1d, 0xff, 0x74, 0x6c, 0x1d, 0xff, 0x74, 0x6c, 0x1d, 0xff, 0x74, 0x6c, 0x1d, 0xff,
  0x74, 0x6d, 0x1d, 0xff, 0x74, 0x6d, 0x1d, 0xff, 0x74, 0x6d, 0x1d, 0xff, 0x74, 0x6d, 0x1d, 0xff,
  0x74, 0x6d, 0x1d, 0xff, 0x74, 0x6d, 0x1d, 0xff, 0x74, 0x6e, 0x1d, 0xff, 0x74, 0x6e, 0x1d, 0xff,
  0x74, 0x6e, 0x1d, 0xff, 0x74, 0x6e, 0x1d, 0xff, 0x74, 0x6e, 0x1d, 0xff, 0x74, 0x6f, 0x1d, 0xff,
  0x74, 0x6f, 0x1d, 0xff, 0x74, 0x6f, 0x1d, 0xff, 0x74, 0x6f, 0x1d, 0xff, 0x74, 0x6f, 0x1d, 0xff,
  0x30, 0x26, 0x12, 0xe8, 0x30, 0x26, 0x12, 0xc1, 0x30, 0x26, 0x12, 0x99, 0x30, 0x26, 0x12, 0x72,
  0x30, 0x26, 0x12, 0x4a, 0x30, 0x26, 0x12, 0x22, 0x00, 0x00, 0x00, 0x00, 0x00, 0x00, 0x00, 0x00,
  0x00, 0x00, 0x00, 0x00, 0x00, 0x00, 0x00, 0x00, 0x00, 0x00, 0x00, 0x00, 0x00, 0x00, 0x00, 0x00,
  0x00, 0x00, 0x00, 0x00, 0x00, 0x00, 0x00, 0x00, 0x00, 0x00, 0x00, 0x00, 0x00, 0x00, 0x00, 0x00,
  0x00, 0x00, 0x00, 0x00, 0x00, 0x00, 0x00, 0x00, 0x00, 0x00, 0x00, 0x00, 0x30, 0x26, 0x12, 0x13,
  0x30, 0x26, 0x12, 0x3a, 0x30, 0x26, 0x12, 0x62, 0x30, 0x26, 0x12, 0x89, 0x30, 0x26, 0x12, 0xb1,
  0x30, 0x26, 0x12, 0xd8, 0x30, 0x26, 0x12, 0xff, 0x74, 0x5f, 0x1d, 0xff, 0x74, 0x5f, 0x1d, 0xff,
  0x74, 0x5f, 0x1d, 0xff, 0x74, 0x5f, 0x1d, 0xff, 0x74, 0x60, 0x1d, 0xff, 0x74, 0x60, 0x1d, 0xff,
  0x74, 0x60, 0x1d, 0xff, 0x74, 0x60, 0x1d, 0xff, 0x74, 0x60, 0x1d, 0xff, 0x71, 0x71, 0xf8, 0xff,
  0x71, 0x71, 0xf8, 0xff, 0x71, 0x71, 0xf8, 0xff, 0x71, 0x71, 0xf8, 0xff, 0x71, 0x71, 0xf8, 0xff,
  0x71, 0x71, 0xf8, 0xff, 0x71, 0x71, 0xf8, 0xff, 0x71, 0x71, 0xf8, 0xff, 0x71, 0x71, 0xf8, 0xff,
  0x71, 0x71, 0xf8, 0xff, 0x71, 0x71, 0xf8, 0xff, 0x71, 0x71, 0xf8, 0xff, 0x71, 0x71, 0xf8, 0xff,
  0x71, 0x71, 0xf8, 0xff, 0x71, 0x71, 0xf8, 0xff, 0x71, 0x71, 0xf8, 0xff, 0x71, 0x71, 0xf8, 0xff,
  0x71, 0x71, 0xf8, 0xff, 0x71, 0x71, 0xf8, 0xff, 0x71, 0x71, 0xf8, 0xff, 0x71, 0x71, 0xf8, 0xff,
  0x71, 0x71, 0xf8, 0xff, 0x71, 0x71, 0xf8, 0xff, 0x74, 0x65, 0x1d, 0xff, 0x74, 0x65, 0x1d, 0xff,
  0x74, 0x65, 0x1d, 0xff, 0x74, 0x66, 0x1d, 0xff, 0xfa, 0xa5, 0x60, 0xff, 0xfa, 0xa5, 0x60, 0xff,
  0xfa, 0xa5, 0x60, 0xff, 0xfa, 0xa5, 0x60, 0xff, 0xfa, 0xa5, 0x60, 0xff, 0xfa, 0xa5, 0x60, 0xff,
  0xfa, 0xa5, 0x60, 0xff, 0xfa, 0xa5, 0x60, 0xff, 0xfa, 0xa5, 0x60, 0xff, 0xfa, 0xa5, 0x60, 0xff,
  0xfa, 0xa5, 0x60, 0xff, 0xfa, 0xa5, 0x60, 0xff, 0xfa, 0xa5, 0x60, 0xff, 0xfa, 0xa5, 0x60, 0xff,
  0xfa, 0xa5, 0x60, 0xff, 0xfa, 0xa5, 0x60, 0xff, 0xfa, 0xa5, 0x60, 0xff, 0xfa, 0xa5, 0x60, 0xff,
  0xfa, 0xa5, 0x60, 0xff, 0xfa, 0xa5, 0x60, 0xff, 0xfa, 0xa5, 0x60, 0xff, 0xfa, 0xa5, 0x60, 0xff,
  0xfa, 0xa5, 0x60, 0xff, 0xfa, 0xa5, 0x60, 0xff, 0xfa, 0xa5, 0x60, 0xff, 0xfa, 0xa5, 0x60, 0xff,
  0xfa, 0xa5, 0x60, 0xff, 0xfa, 0xa5, 0x60, 0xff, 0xfa, 0xa5, 0x60, 0xff, 0x74, 0x6c, 0x1d, 0xff,
  0x74, 0x6c, 0x1d, 0xff, 0x74, 0x6c, 0x1d, 0xff, 0x74, 0x6c, 0x1d, 0xff, 0x74, 0x6c, 0x1d, 0xff,
  0x74, 0x6d, 0x1d, 0xff, 0x74, 0x6d, 0x1d, 0xff, 0x74, 0x6d, 0x1d, 0xff, 0x74, 0x6d, 0x1d, 0xff,
  0x74, 0x6d, 0x1d, 0xff, 0x74, 0x6d, 0x1d, 0xff, 0x74, 0x6e, 0x1d, 0xff, 0x74, 0x6e, 0x1d, 0xff,
  0x74, 0x6e, 0x1d, 0xff, 0x74, 0x6e, 0x1d, 0xff, 0x74, 0x6e, 0x1d, 0xff, 0x74, 0x6f, 0x1d, 0xff,
  0x74, 0x6f, 0x1d, 0xff, 0x74, 0x6f, 0x1d, 0xff, 0x74, 0x6f, 0x1d, 0xff, 0x30, 0x26, 0x12, 0xff,
  0x30, 0x26, 0x12, 0xd8, 0x30, 0x26, 0x12, 0xb1, 0x30, 0x26, 0x12, 0x89, 0x30, 0x26, 0x12, 0x62,
  0x30, 0x26, 0x12, 0x3a, 0x30, 0x26, 0x12, 0x13, 0x00, 0x00, 0x00, 0x00, 0x00, 0x00, 0x00, 0x00,
  0x00, 0x00, 0x00, 0x00, 0x00, 0x00, 0x00, 0x00, 0x00, 0x00, 0x00, 0x00, 0x00, 0x00, 0x00, 0x00,
  0x00, 0x00, 0x00, 0x00, 0x00, 0x00, 0x00, 0x00, 0x00, 0x00, 0x00, 0x00, 0x00, 0x00, 0x00, 0x00,
  0x00, 0x00, 0x00, 0x00, 0x00, 0x00, 0x00, 0x00, 0x00, 0x00, 0x00, 0x00, 0x30, 0x26, 0x12, 0x03,
  0x30, 0x26, 0x12, 0x2b, 0x30, 0x26, 0x12, 0x52, 0x30, 0x26, 0x12, 0x79, 0x30, 0x26, 0x12, 0xa0,
  0x30, 0x26, 0x12, 0xc6, 0x30, 0x26, 0x12, 0xed, 0x74, 0x5f, 0x1d, 0xff, 0x74, 0x5f, 0x1d, 0xff,
  0x74, 0x5f, 0x1d, 0xff, 0x74, 0x5f, 0x1d, 0xff, 0x74, 0x60, 0x1d, 0xff, 0x74, 0x60, 0x1d, 0xff,
  0x74, 0x60, 0x1d, 0xff, 0x74, 0x60, 0x1d, 0xff, 0x74, 0x60, 0x1d, 0xff, 0x71, 0x71, 0xf8, 0xff,
  0x71, 0x71, 0xf8, 0xff, 0x71, 0x71, 0xf8, 0xff, 0x71, 0x71, 0xf8, 0xff, 0x71, 0x71, 0xf8, 0xff,
  0x71, 0x71, 0xf8, 0xff, 0x71, 0x71, 0xf8, 0xff, 0x71, 0x71, 0xf8, 0xff, 0x71, 0x71, 0xf8, 0xff,
  0x71, 0x71, 0xf8, 0xff, 0x71, 0x71, 0xf8, 0xff, 0x71, 0x71, 0xf8, 0xff, 0x71, 0x71, 0xf8, 0xff,
  0x71, 0x71, 0xf8, 0xff, 0x71, 0x71, 0xf8, 0xff, 0x71, 0x71, 0xf8, 0xff, 0x71, 0x71, 0xf8, 0xff,
  0x71, 0x71, 0xf8, 0xff, 0x71, 0x71, 0xf8, 0xff, 0x71, 0x71, 0xf8, 0xff, 0x71, 0x71, 0xf8, 0xff,
  0x71, 0x71, 0xf8, 0xff, 0x71, 0x71, 0xf8, 0xff, 0x74, 0x65, 0x1d, 0xff, 0x74, 0x65, 0x1d, 0xff,
  0x74, 0x65, 0x1d, 0xff, 0x74, 0x66, 0x1d, 0xff, 0xfa, 0xa5, 0x60, 0xff, 0xfa, 0xa5, 0x60, 0xff,
  0xfa, 0xa5, 0x60, 0xff, 0xfa, 0xa5, 0x60, 0xff, 0xfa, 0xa5, 0x60, 0xff, 0xfa, 0xa5, 0x60, 0xff,
  0xfa, 0xa5, 0x60, 0xff, 0xfa, 0xa5, 0x60, 0xff, 0xfc, 0xfa, 0xf8, 0xdc, 0xfc, 0xfa, 0xf8, 0xdc,
  0xfc, 0xfa, 0xf8, 0xdc, 0xfc, 0xfa, 0xf8, 0xdc, 0xfc, 0xfa, 0xf8, 0xdc, 0xfc, 0xfa, 0xf8, 0xdc,
  0xfc, 0xfa, 0xf8, 0xdc, 0xfc, 0xfa, 0xf8, 0xdc, 0xfc, 0xfa, 0xf8, 0xdc, 0xfc, 0xfa, 0xf8, 0xdc,
  0xfc, 0xfa, 0xf8, 0xdc, 0xfc, 0xfa, 0xf8, 0xdc, 0xfc, 0xfa, 0xf8, 0xdc, 0xfc, 0xfa, 0xf8, 0xdc,
  0xfc, 0xfa, 0xf8, 0xdc, 0xfc, 0xfa, 0xf8, 0xdc, 0xfc, 0xfa, 0xf8, 0xdc, 0xfc, 0xfa, 0xf8, 0xdc,
  0xfc, 0xfa, 0xf8, 0xdc, 0xfc, 0xfa, 0xf8, 0xdc, 0xfc, 0xfa, 0xf8, 0xdc, 0xfc, 0xfa, 0xf8, 0xdc,
  0xfc, 0xfa, 0xf8, 0xdc, 0xfc, 0xfa, 0xf8, 0xdc, 0xfc, 0xfa, 0xf8, 0xdc, 0xfc, 0xfa, 0xf8, 0xdc,
  0xfc, 0xfa, 0xf8, 0xdc, 0xfc, 0xfa, 0xf8, 0xdc, 0xfc, 0xfa, 0xf8, 0xdc, 0x74, 0x6d, 0x1d, 0xff,
  0x74, 0x6d, 0x1d, 0xff, 0x74, 0x6d, 0x1d, 0xff, 0x74, 0x6e, 0x1d, 0xff, 0x74, 0x6e, 0x1d, 0xff,
  0x74, 0x6e, 0x1d, 0xff, 0x74, 0x6e, 0x1d, 0xff, 0x74, 0x6e, 0x1d, 0xff, 0x74, 0x6f, 0x1d, 0xff,
  0x74, 0x6f, 0x1d, 0xff, 0x74, 0x6f, 0x1d, 0xff, 0x74, 0x6f, 0x1d, 0xff, 0x30, 0x26, 0x12, 0xed,
  0x30, 0x26, 0x12, 0xc6, 0x30, 0x26, 0x12, 0xa0, 0x30, 0x26, 0x12, 0x79, 0x30, 0x26, 0x12, 0x52,
  0x30, 0x26, 0x12, 0x2b, 0x30, 0x26, 0x12, 0x03, 0x00, 0x00, 0x00, 0x00, 0x00, 0x00, 0x00, 0x00,
  0x00, 0x00, 0x00, 0x00, 0x00, 0x00, 0x00, 0x00, 0x00, 0x00, 0x00, 0x00, 0x00, 0x00, 0x00, 0x00,
  0x00, 0x00, 0x00, 0x00, 0x00, 0x00, 0x00, 0x00, 0x00, 0x00, 0x00, 0x00, 0x00, 0x00, 0x00, 0x00,
  0x00, 0x00, 0x00, 0x00, 0x00, 0x00, 0x00, 0x00, 0x00, 0x00, 0x00, 0x00, 0x00, 0x00, 0x00, 0x00,
  0x30, 0x26, 0x12, 0x1a, 0x30, 0x26, 0x12, 0x41, 0x30, 0x26, 0x12, 0x67, 0x30, 0x26, 0x12, 0x8e,
  0x30, 0x26, 0x12, 0xb4, 0x30, 0x26, 0x12, 0xdb, 0x73, 0x5f, 0x1d, 0xff, 0x73, 0x5f, 0x1d, 0xff,
  0x73, 0x5f, 0x1d, 0xff, 0x73, 0x5f, 0x1d, 0xff, 0x73, 0x60, 0x1d, 0xff, 0x73, 0x60, 0x1d, 0xff,
  0x73, 0x60, 0x1d, 0xff, 0x73, 0x60, 0x1d, 0xff, 0x73, 0x60, 0x1d, 0xff, 0x71, 0x71, 0xf8, 0xff,
  0x71, 0x71, 0xf8, 0xff, 0x71, 0x71, 0xf8, 0xff, 0x71, 0x71, 0xf8, 0xff, 0x71, 0x71, 0xf8, 0xff,
  0x71, 0x71, 0xf8, 0xff, 0x71, 0x71, 0xf8, 0xff, 0x71, 0x71, 0xf8, 0xff, 0x71, 0x71, 0xf8, 0xff,
  0x71, 0x71, 0xf8, 0xff, 0x71, 0x71, 0xf8, 0xff, 0x71, 0x71, 0xf8, 0xff, 0x71, 0x71, 0xf8, 0xff,
  0x71, 0x71, 0xf8, 0xff, 0x71, 0x71, 0xf8, 0xff, 0x71, 0x71, 0xf8, 0xff, 0x71, 0x71, 0xf8, 0xff,
  0x71, 0x71, 0xf8, 0xff, 0x71, 0x71, 0xf8, 0xff, 0x71, 0x71, 0xf8, 0xff, 0x71, 0x71, 0xf8, 0xff,
  0x71, 0x71, 0xf8, 0xff, 0x71, 0x71, 0xf8, 0xff, 0x73, 0x65, 0x1d, 0xff, 0x73, 0x65, 0x1d, 0xff,
  0x73, 0x65, 0x1d, 0xff, 0x73, 0x66, 0x1d, 0xff, 0x73, 0x66, 0x1d, 0xff, 0xfa, 0xa5, 0x60, 0xff,
  0xfa, 0xa5, 0x60, 0xff, 0xfa, 0xa5, 0x60, 0xff, 0xfa, 0xa5, 0x60, 0xff, 0xfa, 0xa5, 0x60, 0xff,
  0xfa, 0xa5, 0x60, 0xff, 0xfa, 0xa5, 0x60, 0xff, 0xfc, 0xfa, 0xf8, 0xdc, 0xfc, 0xfa, 0xf8, 0xdc,
  0xfc, 0xfa, 0xf8, 0xdc, 0xfc, 0xfa, 0xf8, 0xdc, 0xfc, 0xfa, 0xf8, 0xdc, 0xfc, 0xfa, 0xf8, 0xdc,
  0xfc, 0xfa, 0xf8, 0xdc, 0xfc, 0xfa, 0xf8, 0xdc, 0xfc, 0xfa, 0xf8, 0xdc, 0xfc, 0xfa, 0xf8, 0xdc,
  0xfc, 0xfa, 0xf8, 0xdc, 0xfc, 0xfa, 0xf8, 0xdc, 0xfc, 0xfa, 0xf8, 0xdc, 0xfc, 0xfa, 0xf8, 0xdc,
  0xfc, 0xfa, 0xf8, 0xdc, 0xfc, 0xfa, 0xf8, 0xdc, 0xfc, 0xfa, 0xf8, 0xdc, 0xfc, 0xfa, 0xf8, 0xdc,
  0xfc, 0xfa, 0xf8, 0xdc, 0xfc, 0xfa, 0xf8, 0xdc, 0xfc, 0xfa, 0xf8, 0xdc, 0xfc, 0xfa, 0xf8, 0xdc,
  0xfc, 0xfa, 0xf8, 0xdc, 0xfc, 0xfa, 0xf8, 0xdc, 0xfc, 0xfa, 0xf8, 0xdc, 0xfc, 0xfa, 0xf8, 0xdc,
  0xfc, 0xfa, 0xf8, 0xdc, 0xfc, 0xfa, 0xf8, 0xdc, 0xfc, 0xfa, 0xf8, 0xdc, 0x73, 0x6d, 0x1d, 0xff,
  0x73, 0x6d, 0x1d, 0xff, 0x73, 0x6d, 0x1d, 0xff, 0x73, 0x6e, 0x1d, 0xff, 0x73, 0x6e, 0x1d, 0xff,
  0x73, 0x6e, 0x1d, 0xff, 0x73, 0x6e, 0x1d, 0xff, 0x73, 0x6e, 0x1d, 0xff, 0x73, 0x6f, 0x1d, 0xff,
  0x73, 0x6f, 0x1d, 0xff, 0x73, 0x6f, 0x1d, 0xff, 0x73, 0x6f, 0x1d, 0xff, 0x30, 0x26, 0x12, 0xdb,
  0x30, 0x26, 0x12, 0xb4, 0x30, 0x26, 0x12, 0x8e, 0x30, 0x26, 0x12, 0x67, 0x30, 0x26, 0x12, 0x41,
  0x30, 0x26, 0x12, 0x1a, 0x00, 0x00, 0x00, 0x00, 0x00, 0x00, 0x00, 0x00, 0x00, 0x00, 0x00, 0x00,
  0x00, 0x00, 0x00, 0x00, 0x00, 0x00, 0x00, 0x00, 0x00, 0x00, 0x00, 0x00, 0x00, 0x00, 0x00, 0x00,
  0x00, 0x00, 0x00, 0x00, 0x00, 0x00, 0x00, 0x00, 0x00, 0x00, 0x00, 0x00, 0x00, 0x00, 0x00, 0x00,
  0x00, 0x00, 0x00, 0x00, 0x00, 0x00, 0x00, 0x00, 0x00, 0x00, 0x00, 0x00, 0x00, 0x00, 0x00, 0x00,
  0x30, 0x26, 0x12, 0x08, 0x30, 0x26, 0x12, 0x2f, 0x30, 0x26, 0x12, 0x55, 0x30, 0x26, 0x12, 0x7c,
  0x30, 0x26, 0x12, 0xa2, 0x30, 0x26, 0x12, 0xc8, 0x30, 0x26, 0x12, 0xed, 0x73, 0x5f, 0x1d, 0xff,
  0x73, 0x5f, 0x1d, 0xff, 0x73, 0x5f, 0x1d, 0xff, 0x73, 0x60, 0x1d, 0xff, 0x73, 0x60, 0x1d, 0xff,
  0x73, 0x60, 0x1d, 0xff, 0x73, 0x60, 0x1d, 0xff, 0x71, 0x71, 0xf8, 0xff, 0x71, 0x71, 0xf8, 0xff,
  0x71, 0x71, 0xf8, 0xff, 0x71, 0x71, 0xf8, 0xff, 0x71, 0x71, 0xf8, 0xff, 0x71, 0x71, 0xf8, 0xff,
  0x71, 0x71, 0xf8, 0xff, 0x71, 0x71, 0xf8, 0xff, 0x71, 0x71, 0xf8, 0xff, 0x71, 0x71, 0xf8, 0xff,
  0x71, 0x71, 0xf8, 0xff, 0x71, 0x71, 0xf8, 0xff, 0x71, 0x71, 0xf8, 0xff, 0x71, 0x71, 0xf8, 0xff,
  0x71, 0x71, 0xf8, 0xff, 0x71, 0x71, 0xf8, 0xff, 0x71, 0x71, 0xf8, 0xff, 0x71, 0x71, 0xf8, 0xff,
  0x71, 0x71, 0xf8, 0xff, 0x71, 0x71, 0xf8, 0xff, 0x71, 0x71, 0xf8, 0xff, 0x71, 0x71, 0xf8, 0xff,
  0x71, 0x71, 0xf8, 0xff, 0x71, 0x71, 0xf8, 0xff, 0x71, 0x71, 0xf8, 0xff, 0x73, 0x65, 0x1d, 0xff,
  0x73, 0x65, 0x1d, 0xff, 0x73, 0x66, 0x1d, 0xff, 0x73, 0x66, 0x1d, 0xff, 0xfa, 0xa5, 0x60, 0xff,
  0xfa, 0xa5, 0x60, 0xff, 0xfa, 0xa5, 0x60, 0xff, 0xfa, 0xa5, 0x60, 0xff, 0xfa, 0xa5, 0x60, 0xff,
  0xfa, 0xa5, 0x60, 0xff, 0xfa, 0xa5, 0x60, 0xff, 0xfc, 0xfa, 0xf8, 0xdc, 0xfc, 0xfa, 0xf8, 0xdc,
  0xfc, 0xfa, 0xf8, 0xdc, 0xfc, 0xfa, 0xf8, 0xdc, 0xfc, 0xfa, 0xf8, 0xdc, 0xfc, 0xfa, 0xf8, 0xdc,
  0xfc, 0xfa, 0xf8, 0xdc, 0xfc, 0xfa, 0xf8, 0xdc, 0xfc, 0xfa, 0xf8, 0xdc, 0xfc, 0xfa, 0xf8, 0xdc,
  0xfc, 0xfa, 0xf8, 0xdc, 0xfc, 0xfa, 0xf8, 0xdc, 0xfc, 0xfa, 0xf8, 0xdc, 0xfc, 0xfa, 0xf8, 0xdc,
  0xfc, 0xfa, 0xf8, 0xdc, 0xfc, 0xfa, 0xf8, 0xdc, 0xfc, 0xfa, 0xf8, 0xdc, 0xfc, 0xfa, 0xf8, 0xdc,
  0xfc, 0xfa, 0xf8, 0xdc, 0xfc, 0xfa, 0xf8, 0xdc, 0xfc, 0xfa, 0xf8, 0xdc, 0xfc, 0xfa, 0xf8, 0xdc,
  0xfc, 0xfa, 0xf8, 0xdc, 0xfc, 0xfa, 0xf8, 0xdc, 0xfc, 0xfa, 0xf8, 0xdc, 0xfc, 0xfa, 0xf8, 0xdc,
  0xfc, 0xfa, 0xf8, 0xdc, 0xfc, 0xfa, 0xf8, 0xdc, 0xfc, 0xfa, 0xf8, 0xdc, 0x73, 0x6d, 0x1d, 0xff,
  0x73, 0x6d, 0x1d, 0xff, 0x73, 0x6d, 0x1d, 0xff, 0x73, 0x6e, 0x1d, 0xff, 0x73, 0x6e, 0x1d, 0xff,
  0x73, 0x6e, 0x1d, 0xff, 0x73, 0x6e, 0x1d, 0xff, 0x73, 0x6e, 0x1d, 0xff, 0x73, 0x6f, 0x1d, 0xff,
  0x73, 0x6f, 0x1d, 0xff, 0x73, 0x6f, 0x1d, 0xff, 0x30, 0x26, 0x12, 0xed, 0x30, 0x26, 0x12, 0xc8,
  0x30, 0x26, 0x12, 0xa2, 0x30, 0x26, 0x12, 0x7c, 0x30, 0x26, 0x12, 0x55, 0x30, 0x26, 0x12, 0x2f,
  0x30, 0x26, 0x12, 0x08, 0x00, 0x00, 0x00, 0x00, 0x00, 0x00, 0x00, 0x00, 0x00, 0x00, 0x00, 0x00,
  0x00, 0x00, 0x00, 0x00, 0x00, 0x00, 0x00, 0x00, 0x00, 0x00, 0x00, 0x00, 0x00, 0x00, 0x00, 0x00,
  0x00, 0x00, 0x00, 0x00, 0x00, 0x00, 0x00, 0x00, 0x00, 0x00, 0x00, 0x00, 0x00, 0x00, 0x00, 0x00,
  0x00, 0x00, 0x00, 0x00, 0x00, 0x00, 0x00, 0x00, 0x00, 0x00, 0x00, 0x00, 0x00, 0x00, 0x00, 0x00,
  0x00, 0x00, 0x00, 0x00, 0x30, 0x26, 0x12, 0x1d, 0x30, 0x26, 0x12, 0x43, 0x30, 0x26, 0x12, 0x69,
  0x30, 0x26, 0x12, 0x8e, 0x30, 0x26, 0x12, 0xb4, 0x30, 0x26, 0x12, 0xd9, 0x30, 0x26, 0x12, 0xff,
  0x73, 0x5f, 0x1d, 0xff, 0x73, 0x5f, 0x1d, 0xff, 0x73, 0x60, 0x1d, 0xff, 0x73, 0x60, 0x1d, 0xff,
  0x73, 0x60, 0x1d, 0xff, 0x73, 0x60, 0x1d, 0xff, 0x73, 0x60, 0x1d, 0xff, 0x71, 0x71, 0xf8, 0xff,
  0x71, 0x71, 0xf8, 0xff, 0x71, 0x71, 0xf8, 0xff, 0x71, 0x71, 0xf8, 0xff, 0x71, 0x71, 0xf8, 0xff,
  0x71, 0x71, 0xf8, 0xff, 0x71, 0x71, 0xf8, 0xff, 0x71, 0x71, 0xf8, 0xff, 0x71, 0x71, 0xf8, 0xff,
  0x71, 0x71, 0xf8, 0xff, 0x71, 0x71, 0xf8, 0xff, 0x71, 0x71, 0xf8, 0xff, 0x71, 0x71, 0xf8, 0xff,
  0x71, 0x71, 0xf8, 0xff, 0x71, 0x71, 0xf8, 0xff, 0x71, 0x71, 0xf8, 0xff, 0x71, 0x71, 0xf8, 0xff,
  0x71, 0x71, 0xf8, 0xff, 0x71, 0x71, 0xf8, 0xff, 0x71, 0x71, 0xf8, 0xff, 0x71, 0x71, 0xf8, 0xff,
  0x71, 0x71, 0xf8, 0xff, 0x71, 0x71, 0xf8, 0xff, 0x73, 0x65, 0x1d, 0xff, 0x73, 0x65, 0x1d, 0xff,
  0x73, 0x65, 0x1d, 0xff, 0x73, 0x66, 0x1d, 0xff, 0x73, 0x66, 0x1d, 0xff, 0xfa, 0xa5, 0x60, 0xff,
  0xfa, 0xa5, 0x60, 0xff, 0xfa, 0xa5, 0x60, 0xff, 0xfa, 0xa5, 0x60, 0xff, 0xfa, 0xa5, 0x60, 0xff,
  0xfa, 0xa5, 0x60, 0xff, 0xfa, 0xa5, 0x60, 0xff, 0xfc, 0xfa, 0xf8, 0xdc, 0xfc, 0xfa, 0xf8, 0xdc,
  0xfc, 0xfa, 0xf8, 0xdc, 0xfc, 0xfa, 0xf8, 0xdc, 0xfc, 0xfa, 0xf8, 0xdc, 0xfc, 0xfa, 0xf8, 0xdc,
  0xfc, 0xfa, 0xf8, 0xdc, 0xfc, 0xfa, 0xf8, 0xdc, 0xfc, 0xfa, 0xf8, 0xdc, 0xfc, 0xfa, 0xf8, 0xdc,
  0xfc, 0xfa, 0xf8, 0xdc, 0xfc, 0xfa, 0xf8, 0xdc, 0xfc, 0xfa, 0xf8, 0xdc, 0xfc, 0xfa, 0xf8, 0xdc,
  0xfc, 0xfa, 0xf8, 0xdc, 0xfc, 0xfa, 0xf8, 0xdc, 0xfc, 0xfa, 0xf8, 0xdc, 0xfc, 0xfa, 0xf8, 0xdc,
  0xfc, 0xfa, 0xf8, 0xdc, 0xfc, 0xfa, 0xf8, 0xdc, 0xfc, 0xfa, 0xf8, 0xdc, 0xfc, 0xfa, 0xf8, 0xdc,
  0xfc, 0xfa, 0xf8, 0xdc, 0xfc, 0xfa, 0xf8, 0xdc, 0xfc, 0xfa, 0xf8, 0xdc, 0xfc, 0xfa, 0xf8, 0xdc,
  0xfc, 0xfa, 0xf8, 0xdc, 0xfc, 0xfa, 0xf8, 0xdc, 0xfc, 0xfa, 0xf8, 0xdc, 0x73, 0x6d, 0x1d, 0xff,
  0x73, 0x6d, 0x1d, 0xff, 0x73, 0x6d, 0x1d, 0xff, 0x73, 0x6e, 0x1d, 0xff, 0x73, 0x6e, 0x1d, 0xff,
  0x73, 0x6e, 0x1d, 0xff, 0x73, 0x6e, 0x1d, 0xff, 0x73, 0x6e, 0x1d, 0xff, 0x73, 0x6f, 0x1d, 0xff,
  0x73, 0x6f, 0x1d, 0xff, 0x30, 0x26, 0x12, 0xff, 0x30, 0x26, 0x12, 0xd9, 0x30, 0x26, 0x12, 0xb4,
  0x30, 0x26, 0x12, 0x8e, 0x30, 0x26, 0x12, 0x69, 0x30, 0x26, 0x12, 0x43, 0x30, 0x26, 0x12, 0x1d,
  0x00, 0x00, 0x00, 0x00, 0x00, 0x00, 0x00, 0x00, 0x00, 0x00, 0x00, 0x00, 0x00, 0x00, 0x00, 0x00,
  0x00, 0x00, 0x00, 0x00, 0x00, 0x00, 0x00, 0x00, 0x00, 0x00, 0x00, 0x00, 0x00, 0x00, 0x00, 0x00,
  0x00, 0x00, 0x00, 0x00, 0x00, 0x00, 0x00, 0x00, 0x00, 0x00, 0x00, 0x00, 0x00, 0x00, 0x00, 0x00,
  0x00, 0x00, 0x00, 0x00, 0x00, 0x00, 0x00, 0x00, 0x00, 0x00, 0x00, 0x00, 0x00, 0x00, 0x00, 0x00,
  0x00, 0x00, 0x00, 0x00, 0x30, 0x26, 0x12, 0x0a, 0x30, 0x26, 0x12, 0x2f, 0x30, 0x26, 0x12, 0x55,
  0x30, 0x26, 0x12, 0x7a, 0x30, 0x26, 0x12, 0xa0, 0x30, 0x26, 0x12, 0xc5, 0x30, 0x26, 0x12, 0xe9,
  0x73, 0x5f, 0x1d, 0xff, 0x73, 0x5f, 0x1d, 0xff, 0x73, 0x60, 0x1d, 0xff, 0x73, 0x60, 0x1d, 0xff,
  0x73, 0x60, 0x1d, 0xff, 0x73, 0x60, 0x1d, 0xff, 0x73, 0x60, 0x1d, 0xff, 0x71, 0x71, 0xf8, 0xff,
  0x71, 0x71, 0xf8, 0xff, 0x71, 0x71, 0xf8, 0xff, 0x71, 0x71, 0xf8, 0xff, 0x71, 0x71, 0xf8, 0xff,
  0x71, 0x71, 0xf8, 0xff, 0x71, 0x71, 0xf8, 0xff, 0x71, 0x71, 0xf8, 0xff, 0x71, 0x71, 0xf8, 0xff,
  0x71, 0x71, 0xf8, 0xff, 0x71, 0x71, 0xf8, 0xff, 0x71, 0x71, 0xf8, 0xff, 0x71, 0x71, 0xf8, 0xff,
  0x71, 0x71, 0xf8, 0xff, 0x71, 0x71, 0xf8, 0xff, 0x71, 0x71, 0xf8, 0xff, 0x71, 0x71, 0xf8, 0xff,
  0x71, 0x71, 0xf8, 0xff, 0x71, 0x71, 0xf8, 0xff, 0x71, 0x71, 0xf8, 0xff, 0x71, 0x71, 0xf8, 0xff,
  0x71, 0x71, 0xf8, 0xff, 0x71, 0x71, 0xf8, 0xff, 0x73, 0x65, 0x1d, 0xff, 0x73, 0x65, 0x1d, 0xff,
  0x73, 0x65, 0x1d, 0xff, 0x73, 0x66, 0x1d, 0xff, 0x73, 0x66, 0x1d, 0xff, 0x73, 0x66, 0x1d, 0xff,
  0xfa, 0xa5, 0x60, 0xff, 0xfa, 0xa5, 0x60, 0xff, 0xfa, 0xa5, 0x60, 0xff, 0xfa, 0xa5, 0x60, 0xff,
  0xfa, 0xa5, 0x60, 0xff, 0xfa, 0xa5, 0x60, 0xff, 0xfc, 0xfa, 0xf8, 0xdc, 0xfc, 0xfa, 0xf8, 0xdc,
  0xfc, 0xfa, 0xf8, 0xdc, 0xfc, 0xfa, 0xf8, 0xdc, 0xfc, 0xfa, 0xf8, 0xdc, 0xfc, 0xfa, 0xf8, 0xdc,
  0xfc, 0xfa, 0xf8, 0xdc, 0xfc, 0xfa, 0xf8, 0xdc, 0xfc, 0xfa, 0xf8, 0xdc, 0xfc, 0xfa, 0xf8, 0xdc,
  0xfc, 0xfa, 0xf8, 0xdc, 0xfc, 0xfa, 0xf8, 0xdc, 0xfc, 0xfa, 0xf8, 0xdc, 0xfc, 0xfa, 0xf8, 0xdc,
  0xfc, 0xfa, 0xf8, 0xdc, 0xfc, 0xfa, 0xf8, 0xdc, 0xfc, 0xfa, 0xf8, 0xdc, 0xfc, 0xfa, 0xf8, 0xdc,
  0xfc, 0xfa, 0xf8, 0xdc, 0xfc, 0xfa, 0xf8, 0xdc, 0xfc, 0xfa, 0xf8, 0xdc, 0xfc, 0xfa, 0xf8, 0xdc,
  0xfc, 0xfa, 0xf8, 0xdc, 0xfc, 0xfa, 0xf8, 0xdc, 0xfc, 0xfa, 0xf8, 0xdc, 0xfc, 0xfa, 0xf8, 0xdc,
  0xfc, 0xfa, 0xf8, 0xdc, 0xfc, 0xfa, 0xf8, 0xdc, 0xfc, 0xfa, 0xf8, 0xdc, 0x73, 0x6d, 0x1d, 0xff,
  0x73, 0x6d, 0x1d, 0xff, 0x73, 0x6d, 0x1d, 0xff, 0x73, 0x6e, 0x1d, 0xff, 0x73, 0x6e, 0x1d, 0xff,
  0x73, 0x6e, 0x1d, 0xff, 0x73, 0x6e, 0x1d, 0xff, 0x73, 0x6e, 0x1d, 0xff, 0x73, 0x6f, 0x1d, 0xff,
  0x73, 0x6f, 0x1d, 0xff, 0x30, 0x26, 0x12, 0xe9, 0x30, 0x26, 0x12, 0xc5, 0x30, 0x26, 0x12, 0xa0,
  0x30, 0x26, 0x12, 0x7a, 0x30, 0x26, 0x12, 0x55, 0x30, 0x26, 0x12, 0x2f, 0x30, 0x26, 0x12, 0x0a,
  0x00, 0x00, 0x00, 0x00, 0x00, 0x00, 0x00, 0x00, 0x00, 0x00, 0x00, 0x00, 0x00, 0x00, 0x00, 0x00,
  0x00, 0x00, 0x00, 0x00, 0x00, 0x00, 0x00, 0x00, 0x00, 0x00, 0x00, 0x00, 0x00, 0x00, 0x00, 0x00,
  0x00, 0x00, 0x00, 0x00, 0x00, 0x00, 0x00, 0x00, 0x00, 0x00, 0x00, 0x00, 0x00, 0x00, 0x00, 0x00,
  0x00, 0x00, 0x00, 0x00, 0x00, 0x00, 0x00, 0x00, 0x00, 0x00, 0x00, 0x00, 0x00, 0x00, 0x00, 0x00,
  0x00, 0x00, 0x00, 0x00, 0x00, 0x00, 0x00, 0x00, 0x30, 0x26, 0x12, 0x1b, 0x30, 0x26, 0x12, 0x41,
  0x30, 0x26, 0x12, 0x66, 0x30, 0x26, 0x12, 0x8b, 0x30, 0x26, 0x12, 0xaf, 0x30, 0x26, 0x12, 0xd4,
  0x30, 0x26, 0x12, 0xf8, 0x72, 0x5f, 0x1d, 0xff, 0x72, 0x60, 0x1d, 0xff, 0x72, 0x60, 0x1d, 0xff,
  0x72, 0x60, 0x1d, 0xff, 0x72, 0x60, 0x1d, 0xff, 0x72, 0x60, 0x1d, 0xff, 0x71, 0x71, 0xf8, 0xff,
  0x71, 0x71, 0xf8, 0xff, 0x71, 0x71, 0xf8, 0xff, 0x71, 0x71, 0xf8, 0xff, 0x71, 0x71, 0xf8, 0xff,
  0x71, 0x71, 0xf8, 0xff, 0x71, 0x71, 0xf8, 0xff, 0x71, 0x71, 0xf8, 0xff, 0x71, 0x71, 0xf8, 0xff,
  0x71, 0x71, 0xf8, 0xff, 0x71, 0x71, 0xf8, 0xff, 0x71, 0x71, 0xf8, 0xff, 0x71, 0x71, 0xf8, 0xff,
  0x71, 0x71, 0xf8, 0xff, 0x71, 0x71, 0xf8, 0xff, 0x71, 0x71, 0xf8, 0xff, 0x71, 0x71, 0xf8, 0xff,
  0x71, 0x71, 0xf8, 0xff, 0x71, 0x71, 0xf8, 0xff, 0x71, 0x71, 0xf8, 0xff, 0x71, 0x71, 0xf8, 0xff,
  0x71, 0x71, 0xf8, 0xff, 0x71, 0x71, 0xf8, 0xff, 0x72, 0x65, 0x1d, 0xff, 0x72, 0x65, 0x1d, 0xff,
  0x72, 0x65, 0x1d, 0xff, 0x72, 0x66, 0x1d, 0xff, 0x72, 0x66, 0x1d, 0xff, 0x72, 0x66, 0x1d, 0xff,
  0xfa, 0xa5, 0x60, 0xff, 0xfa, 0xa5, 0x60, 0xff, 0xfa, 0xa5, 0x60, 0xff, 0xfa, 0xa5, 0x60, 0xff,
  0xfa, 0xa5, 0x60, 0xff, 0xfa, 0xa5, 0x60, 0xff, 0xfc, 0xfa, 0xf8, 0xdc, 0xfc, 0xfa, 0xf8, 0xdc,
  0xfc, 0xfa, 0xf8, 0xdc, 0xfc, 0xfa, 0xf8, 0xdc, 0xfc, 0xfa, 0xf8, 0xdc, 0xfc, 0xfa, 0xf8, 0xdc,
  0xfc, 0xfa, 0xf8, 0xdc, 0xfc, 0xfa, 0xf8, 0xdc, 0xfc, 0xfa, 0xf8, 0xdc, 0xfc, 0xfa, 0xf8, 0xdc,
  0xfc, 0xfa, 0xf8, 0xdc, 0xfc, 0xfa, 0xf8, 0xdc, 0xfc, 0xfa, 0xf8, 0xdc, 0xfc, 0xfa, 0xf8, 0xdc,
  0xfc, 0xfa, 0xf8, 0xdc, 0xfc, 0xfa, 0xf8, 0xdc, 0xfc, 0xfa, 0xf8, 0xdc, 0xfc, 0xfa, 0xf8, 0xdc,
  0xfc, 0xfa, 0xf8, 0xdc, 0xfc, 0xfa, 0xf8, 0xdc, 0xfc, 0xfa, 0xf8, 0xdc, 0xfc, 0xfa, 0xf8, 0xdc,
  0xfc, 0xfa, 0xf8, 0xdc, 0xfc, 0xfa, 0xf8, 0xdc, 0xfc, 0xfa, 0xf8, 0xdc, 0xfc, 0xfa, 0xf8, 0xdc,
  0xfc, 0xfa, 0xf8, 0xdc, 0xfc, 0xfa, 0xf8, 0xdc, 0xfc, 0xfa, 0xf8, 0xdc, 0x72, 0x6d, 0x1d, 0xff,
  0x72, 0x6d, 0x1d, 0xff, 0x72, 0x6d, 0x1d, 0xff, 0x72, 0x6e, 0x1d, 0xff, 0x72, 0x6e, 0x1d, 0xff,
  0x72, 0x6e, 0x1d, 0xff, 0x72, 0x6e, 0x1d, 0xff, 0x72, 0x6e, 0x1d, 0xff, 0x72, 0x6f, 0x1d, 0xff,
  0x30, 0x26, 0x12, 0xf8, 0x30, 0x26, 0x12, 0xd4, 0x30, 0x26, 0x12, 0xaf, 0x30, 0x26, 0x12, 0x8b,
  0x30, 0x26, 0x12, 0x66, 0x30, 0x26, 0x12, 0x41, 0x30, 0x26, 0x12, 0x1b, 0x00, 0x00, 0x00, 0x00,
  0x00, 0x00, 0x00, 0x00, 0x00, 0x00, 0x00, 0x00, 0x00, 0x00, 0x00, 0x00, 0x00, 0x00, 0x00, 0x00,
  0x00, 0x00, 0x00, 0x00, 0x00, 0x00, 0x00, 0x00, 0x00, 0x00, 0x00, 0x00, 0x00, 0x00, 0x00, 0x00,
  0x00, 0x00, 0x00, 0x00, 0x00, 0x00, 0x00, 0x00, 0x00, 0x00, 0x00, 0x00, 0x00, 0x00, 0x00, 0x00,
  0x00, 0x00, 0x00, 0x00, 0x00, 0x00, 0x00, 0x00, 0x00, 0x00, 0x00, 0x00, 0x00, 0x00, 0x00, 0x00,
  0x00, 0x00, 0x00, 0x00, 0x00, 0x00, 0x00, 0x00, 0x30, 0x26, 0x12, 0x07, 0x30, 0x26, 0x12, 0x2c,
  0x30, 0x26, 0x12, 0x50, 0x30, 0x26, 0x12, 0x75, 0x30, 0x26, 0x12, 0x99, 0x30, 0x26, 0x12, 0xbd,
  0x30, 0x26, 0x12, 0xe1, 0x72, 0x5f, 0x1d, 0xff, 0x72, 0x60, 0x1d, 0xff, 0x72, 0x60, 0x1d, 0xff,
  0x72, 0x60, 0x1d, 0xff, 0x72, 0x60, 0x1d, 0xff, 0x72, 0x60, 0x1d, 0xff, 0x71, 0x71, 0xf8, 0xff,
  0x71, 0x71, 0xf8, 0xff, 0x71, 0x71, 0xf8, 0xff, 0x71, 0x71, 0xf8, 0xff, 0x71, 0x71, 0xf8, 0xff,
  0x71, 0x71, 0xf8, 0xff, 0x71, 0x71, 0xf8, 0xff, 0x71, 0x71, 0xf8, 0xff, 0x71, 0x71, 0xf8, 0xff,
  0x71, 0x71, 0xf8, 0xff, 0x71, 0x71, 0xf8, 0xff, 0x71, 0x71, 0xf8, 0xff, 0x71, 0x71, 0xf8, 0xff,
  0x71, 0x71, 0xf8, 0xff, 0x71, 0x71, 0xf8, 0xff, 0x71, 0x71, 0xf8, 0xff, 0x71, 0x71, 0xf8, 0xff,
  0x71, 0x71, 0xf8, 0xff, 0x71, 0x71, 0xf8, 0xff, 0x71, 0x71, 0xf8, 0xff, 0x71, 0x71, 0xf8, 0xff,
  0x71, 0x71, 0xf8, 0xff, 0x71, 0x71, 0xf8, 0xff, 0x72, 0x65, 0x1d, 0xff, 0x72, 0x65, 0x1d, 0xff,
  0x72, 0x65, 0x1d, 0xff, 0x72, 0x66, 0x1d, 0xff, 0x72, 0x66, 0x1d, 0xff, 0x72, 0x66, 0x1d, 0xff,
  0x72, 0x66, 0x1d, 0xff, 0xfa, 0xa5, 0x60, 0xff, 0xfa, 0xa5, 0x60, 0xff, 0xfa, 0xa5, 0x60, 0xff,
  0xfa, 0xa5, 0x60, 0xff, 0xfa, 0xa5, 0x60, 0xff, 0xfa, 0xa5, 0x60, 0xff, 0xfa, 0xa5, 0x60, 0xff,
  0xfa, 0xa5, 0x60, 0xff, 0xfa, 0xa5, 0x60, 0xff, 0xfa, 0xa5, 0x60, 0xff, 0xfa, 0xa5, 0x60, 0xff,
  0xfa, 0xa5, 0x60, 0xff, 0xfa, 0xa5, 0x60, 0xff, 0xfa, 0xa5, 0x60, 0xff, 0xfa, 0xa5, 0x60, 0xff,
  0xfa, 0xa5, 0x60, 0xff, 0xfa, 0xa5, 0x60, 0xff, 0xfa, 0xa5, 0x60, 0xff, 0xfa, 0xa5, 0x60, 0xff,
  0xfa, 0xa5, 0x60, 0xff, 0xfa, 0xa5, 0x60, 0xff, 0xfa, 0xa5, 0x60, 0xff, 0xfa, 0xa5, 0x60, 0xff,
  0x72, 0x6b, 0x1d, 0xff, 0x72, 0x6b, 0x1d, 0xff, 0x72, 0x6b, 0x1d, 0xff, 0x72, 0x6c, 0x1d, 0xff,
  0x72, 0x6c, 0x1d, 0xff, 0x72, 0x6c, 0x1d, 0xff, 0x72, 0x6c, 0x1d, 0xff, 0x72, 0x6c, 0x1d, 0xff,
  0x72, 0x6d, 0x1d, 0xff, 0x72, 0x6d, 0x1d, 0xff, 0x72, 0x6d, 0x1d, 0xff, 0x72, 0x6d, 0x1d, 0xff,
  0x72, 0x6d, 0x1d, 0xff, 0x72, 0x6d, 0x1d, 0xff, 0x72, 0x6e, 0x1d, 0xff, 0x72, 0x6e, 0x1d, 0xff,
  0x72, 0x6e, 0x1d, 0xff, 0x72, 0x6e, 0x1d, 0xff, 0x72, 0x6e, 0x1d, 0xff, 0x72, 0x6f, 0x1d, 0xff,
  0x30, 0x26, 0x12, 0xe1, 0x30, 0x26, 0x12, 0xbd, 0x30, 0x26, 0x12, 0x99, 0x30, 0x26, 0x12, 0x75,
  0x30, 0x26, 0x12, 0x50, 0x30, 0x26, 0x12, 0x2c, 0x30, 0x26, 0x12, 0x07, 0x00, 0x00, 0x00, 0x00,
  0x00, 0x00, 0x00, 0x00, 0x00, 0x00, 0x00, 0x00, 0x00, 0x00, 0x00, 0x00, 0x00, 0x00, 0x00, 0x00,
  0x00, 0x00, 0x00, 0x00, 0x00, 0x00, 0x00, 0x00, 0x00, 0x00, 0x00, 0x00, 0x00, 0x00, 0x00, 0x00,
  0x00, 0x00, 0x00, 0x00, 0x00, 0x00, 0x00, 0x00, 0x00, 0x00, 0x00, 0x00, 0x00, 0x00, 0x00, 0x00,
  0x00, 0x00, 0x00, 0x00, 0x00, 0x00, 0x00, 0x00, 0x00, 0x00, 0x00, 0x00, 0x00, 0x00, 0x00, 0x00,
  0x00, 0x00, 0x00, 0x00, 0x00, 0x00, 0x00, 0x00, 0x00, 0x00, 0x00, 0x00, 0x30, 0x26, 0x12, 0x16,
  0x30, 0x26, 0x12, 0x3a, 0x30, 0x26, 0x12, 0x5f, 0x30, 0x26, 0x12, 0x82, 0x30, 0x26, 0x12, 0xa6,
  0x30, 0x26, 0x12, 0xc9, 0x30, 0x26, 0x12, 0xed, 0x72, 0x60, 0x1d, 0xff, 0x72, 0x60, 0x1d, 0xff,
  0x72, 0x60, 0x1d, 0xff, 0x72, 0x60, 0x1d, 0xff, 0x72, 0x60, 0x1d, 0xff, 0x72, 0x61, 0x1d, 0xff,
  0x71, 0x71, 0xf8, 0xff, 0x71, 0x71, 0xf8, 0xff, 0x71, 0x71, 0xf8, 0xff, 0x71, 0x71, 0xf8, 0xff,
  0x71, 0x71, 0xf8, 0xff, 0x71, 0x71, 0xf8, 0xff, 0x71, 0x71, 0xf8, 0xff, 0x71, 0x71, 0xf8, 0xff,
  0x71, 0x71, 0xf8, 0xff, 0x71, 0x71, 0xf8, 0xff, 0x71, 0x71, 0xf8, 0xff, 0x71, 0x71, 0xf8, 0xff,
  0x71, 0x71, 0xf8, 0xff, 0x71, 0x71, 0xf8, 0xff, 0x71, 0x71, 0xf8, 0xff, 0x71, 0x71, 0xf8, 0xff,
  0x71, 0x71, 0xf8, 0xff, 0x71, 0x71, 0xf8, 0xff, 0x71, 0x71, 0xf8, 0xff, 0x71, 0x71, 0xf8, 0xff,
  0x71, 0x71, 0xf8, 0xff, 0x72, 0x65, 0x1d, 0xff, 0x72, 0x65, 0x1d, 0xff, 0x72, 0x65, 0x1d, 0xff,
  0x72, 0x65, 0x1d, 0xff, 0x72, 0x66, 0x1d, 0xff, 0x72, 0x66, 0x1d, 0xff, 0x72, 0x66, 0x1d, 0xff,
  0x72, 0x66, 0x1d, 0xff, 0x72, 0x66, 0x1d, 0xff, 0xfa, 0xa5, 0x60, 0xff, 0xfa, 0xa5, 0x60, 0xff,
  0xfa, 0xa5, 0x60, 0xff, 0xfa, 0xa5, 0x60, 0xff, 0xfa, 0xa5, 0x60, 0xff, 0xfa, 0xa5, 0x60, 0xff,
  0xfa, 0xa5, 0x60, 0xff, 0xfa, 0xa5, 0x60, 0xff, 0xfa, 0xa5, 0x60, 0xff, 0xfa, 0xa5, 0x60, 0xff,
  0xfa, 0xa5, 0x60, 0xff, 0xfa, 0xa5, 0x60, 0xff, 0xfa, 0xa5, 0x60, 0xff, 0xfa, 0xa5, 0x60, 0xff,
  0xfa, 0xa5, 0x60, 0xff, 0xfa, 0xa5, 0x60, 0xff, 0xfa, 0xa5, 0x60, 0xff, 0xfa, 0xa5, 0x60, 0xff,
  0xfa, 0xa5, 0x60, 0xff, 0xfa, 0xa5, 0x60, 0xff, 0xfa, 0xa5, 0x60, 0xff, 0x72, 0x6b, 0x1d, 0xff,
  0x72, 0x6b, 0x1d, 0xff, 0x72, 0x6b, 0x1d, 0xff, 0x72, 0x6b, 0x1d, 0xff, 0x72, 0x6c, 0x1d, 0xff,
  0x72, 0x6c, 0x1d, 0xff, 0x72, 0x6c, 0x1d, 0xff, 0x72, 0x6c, 0x1d, 0xff, 0x72, 0x6c, 0x1d, 0xff,
  0x72, 0x6d, 0x1d, 0xff, 0x72, 0x6d, 0x1d, 0xff, 0x72, 0x6d, 0x1d, 0xff, 0x72, 0x6d, 0x1d, 0xff,
  0x72, 0x6d, 0x1d, 0xff, 0x72, 0x6d, 0x1d, 0xff, 0x72, 0x6e, 0x1d, 0xff, 0x72, 0x6e, 0x1d, 0xff,
  0x72, 0x6e, 0x1d, 0xff, 0x72, 0x6e, 0x1d, 0xff, 0x72, 0x6e, 0x1d, 0xff, 0x30, 0x26, 0x12, 0xed,
  0x30, 0x26, 0x12, 0xc9, 0x30, 0x26, 0x12, 0xa6, 0x30, 0x26, 0x12, 0x82, 0x30, 0x26, 0x12, 0x5f,
  0x30, 0x26, 0x12, 0x3a, 0x30, 0x26, 0x12, 0x16, 0x00, 0x00, 0x00, 0x00, 0x00, 0x00, 0x00, 0x00,
  0x00, 0x00, 0x00, 0x00, 0x00, 0x00, 0x00, 0x00, 0x00, 0x00, 0x00, 0x00, 0x00, 0x00, 0x00, 0x00,
  0x00, 0x00, 0x00, 0x00, 0x00, 0x00, 0x00, 0x00, 0x00, 0x00, 0x00, 0x00, 0x00, 0x00, 0x00, 0x00,
  0x00, 0x00, 0x00, 0x00, 0x00, 0x00, 0x00, 0x00, 0x00, 0x00, 0x00, 0x00, 0x00, 0x00, 0x00, 0x00,
  0x00, 0x00, 0x00, 0x00, 0x00, 0x00, 0x00, 0x00, 0x00, 0x00, 0x00, 0x00, 0x00, 0x00, 0x00, 0x00,
  0x00, 0x00, 0x00, 0x00, 0x00, 0x00, 0x00, 0x00, 0x00, 0x00, 0x00, 0x00, 0x30, 0x26, 0x12, 0x00,
  0x30, 0x26, 0x12, 0x24, 0x30, 0x26, 0x12, 0x48, 0x30, 0x26, 0x12, 0x6b, 0x30, 0x26, 0x12, 0x8e,
  0x30, 0x26, 0x12, 0xb1, 0x30, 0x26, 0x12, 0xd4, 0x30, 0x26, 0x12, 0xf6, 0x72, 0x60, 0x1e, 0xff,
  0x72, 0x60, 0x1e, 0xff, 0x72, 0x60, 0x1e, 0xff, 0x72, 0x60, 0x1e, 0xff, 0x72, 0x61, 0x1e, 0xff,
  0x71, 0x71, 0xf8, 0xff, 0x71, 0x71, 0xf8, 0xff, 0x71, 0x71, 0xf8, 0xff, 0x71, 0x71, 0xf8, 0xff,
  0x71, 0x71, 0xf8, 0xff, 0x71, 0x71, 0xf8, 0xff, 0x71, 0x71, 0xf8, 0xff, 0x71, 0x71, 0xf8, 0xff,
  0x71, 0x71, 0xf8, 0xff, 0x71, 0x71, 0xf8, 0xff, 0x71, 0x71, 0xf8, 0xff, 0x71, 0x71, 0xf8, 0xff,
  0x71, 0x71, 0xf8, 0xff, 0x71, 0x71, 0xf8, 0xff, 0x71, 0x71, 0xf8, 0xff, 0x71, 0x71, 0xf8, 0xff,
  0x71, 0x71, 0xf8, 0xff, 0x71, 0x71, 0xf8, 0xff, 0x71, 0x71, 0xf8, 0xff, 0x71, 0x71, 0xf8, 0xff,
  0x71, 0x71, 0xf8, 0xff, 0x72, 0x65, 0x1e, 0xff, 0x72, 0x65, 0x1e, 0xff, 0x72, 0x65, 0x1e, 0xff,
  0x72, 0x65, 0x1e, 0xff, 0x72, 0x66, 0x1e, 0xff, 0x72, 0x66, 0x1e, 0xff, 0x72, 0x66, 0x1e, 0xff,
  0x72, 0x66, 0x1e, 0xff, 0x72, 0x66, 0x1e, 0xff, 0xfa, 0xa5, 0x60, 0xff, 0xfa, 0xa5, 0x60, 0xff,
  0xfa, 0xa5, 0x60, 0xff, 0xfa, 0xa5, 0x60, 0xff, 0xfa, 0xa5, 0x60, 0xff, 0xfa, 0xa5, 0x60, 0xff,
  0xfa, 0xa5, 0x60, 0xff, 0xfa, 0xa5, 0x60, 0xff, 0xfa, 0xa5, 0x60, 0xff, 0xfa, 0xa5, 0x60, 0xff,
  0xfa, 0xa5, 0x60, 0xff, 0xfa, 0xa5, 0x60, 0xff, 0xfa, 0xa5, 0x60, 0xff, 0xfa, 0xa5, 0x60, 0xff,
  0xfa, 0xa5, 0x60, 0xff, 0xfa, 0xa5, 0x60, 0xff, 0xfa, 0xa5, 0x60, 0xff, 0xfa, 0xa5, 0x60, 0xff,
  0xfa, 0xa5, 0x60, 0xff, 0xfa, 0xa5, 0x60, 0xff, 0xfa, 0xa5, 0x60, 0xff, 0x72, 0x6b, 0x1e, 0xff,
  0x72, 0x6b, 0x1e, 0xff, 0x72, 0x6b, 0x1e, 0xff, 0x72, 0x6b, 0x1e, 0xff, 0x72, 0x6c, 0x1e, 0xff,
  0x72, 0x6c, 0x1e, 0xff, 0x72, 0x6c, 0x1e, 0xff, 0x72, 0x6c, 0x1e, 0xff, 0x72, 0x6c, 0x1e, 0xff,
  0x72, 0x6d, 0x1e, 0xff, 0x72, 0x6d, 0x1e, 0xff, 0x72, 0x6d, 0x1e, 0xff, 0x72, 0x6d, 0x1e, 0xff,
  0x72, 0x6d, 0x1e, 0xff, 0x72, 0x6d, 0x1e, 0xff, 0x72, 0x6e, 0x1e, 0xff, 0x72, 0x6e, 0x1e, 0xff,
  0x72, 0x6e, 0x1e, 0xff, 0x72, 0x6e, 0x1e, 0xff, 0x30, 0x26, 0x12, 0xf6, 0x30, 0x26, 0x12, 0xd4,
  0x30, 0x26, 0x12, 0xb1, 0x30, 0x26, 0x12, 0x8e, 0x30, 0x26, 0x12, 0x6b, 0x30, 0x26, 0x12, 0x48,
  0x30, 0x26, 0x12, 0x24, 0x30, 0x26, 0x12, 0x00, 0x00, 0x00, 0x00, 0x00, 0x00, 0x00, 0x00, 0x00,
  0x00, 0x00, 0x00, 0x00, 0x00, 0x00, 0x00, 0x00, 0x00, 0x00, 0x00, 0x00, 0x00, 0x00, 0x00, 0x00,
  0x00, 0x00, 0x00, 0x00, 0x00, 0x00, 0x00, 0x00, 0x00, 0x00, 0x00, 0x00, 0x00, 0x00, 0x00, 0x00,
  0x00, 0x00, 0x00, 0x00, 0x00, 0x00, 0x00, 0x00, 0x00, 0x00, 0x00, 0x00, 0x00, 0x00, 0x00, 0x00,
  0x00, 0x00, 0x00, 0x00, 0x00, 0x00, 0x00, 0x00, 0x00, 0x00, 0x00, 0x00, 0x00, 0x00, 0x00, 0x00,
  0x00, 0x00, 0x00, 0x00, 0x00, 0x00, 0x00, 0x00, 0x00, 0x00, 0x00, 0x00, 0x00, 0x00, 0x00, 0x00,
  0x30, 0x26, 0x12, 0x0d, 0x30, 0x26, 0x12, 0x30, 0x30, 0x26, 0x12, 0x53, 0x30, 0x26, 0x12, 0x76,
  0x30, 0x26, 0x12, 0x99, 0x30, 0x26, 0x12, 0xbb, 0x30, 0x26, 0x12, 0xdd, 0x30, 0x26, 0x12, 0xff,
  0x71, 0x60, 0x1e, 0xff, 0x71, 0x60, 0x1e, 0xff, 0x71, 0x60, 0x1e, 0xff, 0x71, 0x61, 0x1e, 0xff,
  0x71, 0x61, 0x1e, 0xff, 0x71, 0x71, 0xf8, 0xff, 0x71, 0x71, 0xf8, 0xff, 0x71, 0x71, 0xf8, 0xff,
  0x71, 0x71, 0xf8, 0xff, 0x71, 0x71, 0xf8, 0xff, 0x71, 0x71, 0xf8, 0xff, 0x71, 0x71, 0xf8, 0xff,
  0x71, 0x71, 0xf8, 0xff, 0x71, 0x71, 0xf8, 0xff, 0x71, 0x71, 0xf8, 0xff, 0x71, 0x71, 0xf8, 0xff,
  0x71, 0x71, 0xf8, 0xff, 0x71, 0x71, 0xf8, 0xff, 0x71, 0x71, 0xf8, 0xff, 0x71, 0x71, 0xf8, 0xff,
  0x71, 0x71, 0xf8, 0xff, 0x71, 0x71, 0xf8, 0xff, 0x71, 0x71, 0xf8, 0xff, 0x71, 0x71, 0xf8, 0xff,
  0x71, 0x65, 0x1e, 0xff, 0x71, 0x65, 0x1e, 0xff, 0x71, 0x65, 0x1e, 0xff, 0x71, 0x65, 0x1e, 0xff,
  0x71, 0x65, 0x1e, 0xff, 0x71, 0x66, 0x1e, 0xff, 0x71, 0x66, 0x1e, 0xff, 0x71, 0x66, 0x1e, 0xff,
  0x71, 0x66, 0x1e, 0xff, 0x71, 0x66, 0x1e, 0xff, 0x71, 0x67, 0x1e, 0xff, 0xfa, 0xa5, 0x60, 0xff,
  0xfa, 0xa5, 0x60, 0xff, 0xfa, 0xa5, 0x60, 0xff, 0xfa, 0xa5, 0x60, 0xff, 0xfa, 0xa5, 0x60, 0xff,
  0xfa, 0xa5, 0x60, 0xff, 0xfa, 0xa5, 0x60, 0xff, 0xfa, 0xa5, 0x60, 0xff, 0xfa, 0xa5, 0x60, 0xff,
  0xfa, 0xa5, 0x60, 0xff, 0xfa, 0xa5, 0x60, 0xff, 0xfa, 0xa5, 0x60, 0xff, 0xfa, 0xa5, 0x60, 0xff,
  0xfa, 0xa5, 0x60, 0xff, 0xfa, 0xa5, 0x60, 0xff, 0xfa, 0xa5, 0x60, 0xff, 0xfa, 0xa5, 0x60, 0xff,
  0xfa, 0xa5, 0x60, 0xff, 0xfa, 0xa5, 0x60, 0xff, 0x71, 0x6b, 0x1e, 0xff, 0x71, 0x6b, 0x1e, 0xff,
  0x71, 0x6b, 0x1e, 0xff, 0x71, 0x6b, 0x1e, 0xff, 0x71, 0x6b, 0x1e, 0xff, 0x71, 0x6c, 0x1e, 0xff,
  0x71, 0x6c, 0x1e, 0xff, 0x71, 0x6c, 0x1e, 0xff, 0x71, 0x6c, 0x1e, 0xff, 0x71, 0x6c, 0x1e, 0xff,
  0x71, 0x6d, 0x1e, 0xff, 0x71, 0x6d, 0x1e, 0xff, 0x71, 0x6d, 0x1e, 0xff, 0x71, 0x6d, 0x1e, 0xff,
  0x71, 0x6d, 0x1e, 0xff, 0x71, 0x6d, 0x1e, 0xff, 0x71, 0x6e, 0x1e, 0xff, 0x71, 0x6e, 0x1e, 0xff,
  0x71, 0x6e, 0x1e, 0xff, 0x30, 0x26, 0x12, 0xff, 0x30, 0x26, 0x12, 0xdd, 0x30, 0x26, 0x12, 0xbb,
  0x30, 0x26, 0x12, 0x99, 0x30, 0x26, 0x12, 0x76, 0x30, 0x26, 0x12, 0x53, 0x30, 0x26, 0x12, 0x30,
  0x30, 0x26, 0x12, 0x0d, 0x00, 0x00, 0x00, 0x00, 0x00, 0x00, 0x00, 0x00, 0x00, 0x00, 0x00, 0x00,
  0x00, 0x00, 0x00, 0x00, 0x00, 0x00, 0x00, 0x00, 0x00, 0x00, 0x00, 0x00, 0x00, 0x00, 0x00, 0x00,
  0x00, 0x00, 0x00, 0x00, 0x00, 0x00, 0x00, 0x00, 0x00, 0x00, 0x00, 0x00, 0x00, 0x00, 0x00, 0x00,
  0x00, 0x00, 0x00, 0x00, 0x00, 0x00, 0x00, 0x00, 0x00, 0x00, 0x00, 0x00, 0x00, 0x00, 0x00, 0x00,
  0x00, 0x00, 0x00, 0x00, 0x00, 0x00, 0x00, 0x00, 0x00, 0x00, 0x00, 0x00, 0x00, 0x00, 0x00, 0x00,
  0x00, 0x00, 0x00, 0x00, 0x00, 0x00, 0x00, 0x00, 0x00, 0x00, 0x00, 0x00, 0x00, 0x00, 0x00, 0x00,
  0x00, 0x00, 0x00, 0x00, 0x30, 0x26, 0x12, 0x18, 0x30, 0x26, 0x12, 0x3b, 0x30, 0x26, 0x12, 0x5d,
  0x30, 0x26, 0x12, 0x80, 0x30, 0x26, 0x12, 0xa1, 0x30, 0x26, 0x12, 0xc3, 0x30, 0x26, 0x12, 0xe4,
  0x71, 0x60, 0x1e, 0xff, 0x71, 0x60, 0x1e, 0xff, 0x71, 0x60, 0x1e, 0xff, 0x71, 0x61, 0x1e, 0xff,
  0x71, 0x61, 0x1e, 0xff, 0x71, 0x61, 0x1e, 0xff, 0x71, 0x71, 0xf8, 0xff, 0x71, 0x71, 0xf8, 0xff,
  0x71, 0x71, 0xf8, 0xff, 0x71, 0x71, 0xf8, 0xff, 0x71, 0x71, 0xf8, 0xff, 0x71, 0x71, 0xf8, 0xff,
  0x71, 0x71, 0xf8, 0xff, 0x71, 0x71, 0xf8, 0xff, 0x71, 0x71, 0xf8, 0xff, 0x71, 0x71, 0xf8, 0xff,
  0x71, 0x71, 0xf8, 0xff, 0x71, 0x71, 0xf8, 0xff, 0x71, 0x71, 0xf8, 0xff, 0x71, 0x71, 0xf8, 0xff,
  0x71, 0x71, 0xf8, 0xff, 0x71, 0x71, 0xf8, 0xff, 0x71, 0x71, 0xf8, 0xff, 0x71, 0x64, 0x1e, 0xff,
  0x71, 0x65, 0x1e, 0xff, 0x71, 0x65, 0x1e, 0xff, 0x71, 0x65, 0x1e, 0xff, 0x71, 0x65, 0x1e, 0xff,
  0x71, 0x65, 0x1e, 0xff, 0x71, 0x66, 0x1e, 0xff, 0x71, 0x66, 0x1e, 0xff, 0xfc, 0xfa, 0xf8, 0xdc,
  0xfc, 0xfa, 0xf8, 0xdc, 0xfc, 0xfa, 0xf8, 0xdc, 0xfc, 0xfa, 0xf8, 0xdc, 0xfc, 0xfa, 0xf8, 0xdc,
  0xfc, 0xfa, 0xf8, 0xdc, 0xfc, 0xfa, 0xf8, 0xdc, 0xfc, 0xfa, 0xf8, 0xdc, 0xfc, 0xfa, 0xf8, 0xdc,
  0xfc, 0xfa, 0xf8, 0xdc, 0xfc, 0xfa, 0xf8, 0xdc, 0xfc, 0xfa, 0xf8, 0xdc, 0xfc, 0xfa, 0xf8, 0xdc,
  0xfc, 0xfa, 0xf8, 0xdc, 0xfc, 0xfa, 0xf8, 0xdc, 0xfc, 0xfa, 0xf8, 0xdc, 0xfc, 0xfa, 0xf8, 0xdc,
  0xfc, 0xfa, 0xf8, 0xdc, 0xfc, 0xfa, 0xf8, 0xdc, 0xfc, 0xfa, 0xf8, 0xdc, 0xfc, 0xfa, 0xf8, 0xdc,
  0xfc, 0xfa, 0xf8, 0xdc, 0xfc, 0xfa, 0xf8, 0xdc, 0xfc, 0xfa, 0xf8, 0xdc, 0xfc, 0xfa, 0xf8, 0xdc,
  0xfc, 0xfa, 0xf8, 0xdc, 0xfc, 0xfa, 0xf8, 0xdc, 0xfc, 0xfa, 0xf8, 0xdc, 0x71, 0x6c, 0x1e, 0xff,
  0x71, 0x6c, 0x1e, 0xff, 0x71, 0x6c, 0x1e, 0xff, 0x71, 0x6c, 0x1e, 0xff, 0x71, 0x6c, 0x1e, 0xff,
  0x71, 0x6d, 0x1e, 0xff, 0x71, 0x6d, 0x1e, 0xff, 0x71, 0x6d, 0x1e, 0xff, 0x71, 0x6d, 0x1e, 0xff,
  0x71, 0x6d, 0x1e, 0xff, 0x71, 0x6d, 0x1e, 0xff, 0x71, 0x6e, 0x1e, 0xff, 0x71, 0x6e, 0x1e, 0xff,
  0x71, 0x6e, 0x1e, 0xff, 0x30, 0x26, 0x12, 0xe4, 0x30, 0x26, 0x12, 0xc3, 0x30, 0x26, 0x12, 0xa1,
  0x30, 0x26, 0x12, 0x80, 0x30, 0x26, 0x12, 0x5d, 0x30, 0x26, 0x12, 0x3b, 0x30, 0x26, 0x12, 0x18,
  0x00, 0x00, 0x00, 0x00, 0x00, 0x00, 0x00, 0x00, 0x00, 0x00, 0x00, 0x00, 0x00, 0x00, 0x00, 0x00,
  0x00, 0x00, 0x00, 0x00, 0x00, 0x00, 0x00, 0x00, 0x00, 0x00, 0x00, 0x00, 0x00, 0x00, 0x00, 0x00,
  0x00, 0x00, 0x00, 0x00, 0x00, 0x00, 0x00, 0x00, 0x00, 0x00, 0x00, 0x00, 0x00, 0x00, 0x00, 0x00,
  0x00, 0x00, 0x00, 0x00, 0x00, 0x00, 0x00, 0x00, 0x00, 0x00, 0x00, 0x00, 0x00, 0x00, 0x00, 0x00,
  0x00, 0x00, 0x00, 0x00, 0x00, 0x00, 0x00, 0x00, 0x00, 0x00, 0x00, 0x00, 0x00, 0x00, 0x00, 0x00,
  0x00, 0x00, 0x00, 0x00, 0x00, 0x00, 0x00, 0x00, 0x00, 0x00, 0x00, 0x00, 0x00, 0x00, 0x00, 0x00,
  0x00, 0x00, 0x00, 0x00, 0x00, 0x00, 0x00, 0x00, 0x30, 0x26, 0x12, 0x22, 0x30, 0x26, 0x12, 0x44,
  0x30, 0x26, 0x12, 0x66, 0x30, 0x26, 0x12, 0x87, 0x30, 0x26, 0x12, 0xa8, 0x30, 0x26, 0x12, 0xc9,
  0x30, 0x26, 0x12, 0xe9, 0x71, 0x60, 0x1e, 0xff, 0x71, 0x60, 0x1e, 0xff, 0x71, 0x61, 0x1e, 0xff,
  0x71, 0x61, 0x1e, 0xff, 0x71, 0x61, 0x1e, 0xff, 0x71, 0x61, 0x1e, 0xff, 0x71, 0x71, 0xf8, 0xff,
  0x71, 0x71, 0xf8, 0xff, 0x71, 0x71, 0xf8, 0xff, 0x71, 0x71, 0xf8, 0xff, 0x71, 0x71, 0xf8, 0xff,
  0x71, 0x71, 0xf8, 0xff, 0x71, 0x71, 0xf8, 0xff, 0x71, 0x71, 0xf8, 0xff, 0x71, 0x71, 0xf8, 0xff,
  0x71, 0x71, 0xf8, 0xff, 0x71, 0x71, 0xf8, 0xff, 0x71, 0x71, 0xf8, 0xff, 0x71, 0x71, 0xf8, 0xff,
  0x71, 0x71, 0xf8, 0xff, 0x71, 0x71, 0xf8, 0xff, 0x71, 0x64, 0x1e, 0xff, 0x71, 0x64, 0x1e, 0xff,
  0x71, 0x65, 0x1e, 0xff, 0x71, 0x65, 0x1e, 0xff, 0x71, 0x65, 0x1e, 0xff, 0x71, 0x65, 0x1e, 0xff,
  0x71, 0x65, 0x1e, 0xff, 0x71, 0x66, 0x1e, 0xff, 0x71, 0x66, 0x1e, 0xff, 0xfc, 0xfa, 0xf8, 0xdc,
  0xfc, 0xfa, 0xf8, 0xdc, 0xfc, 0xfa, 0xf8, 0xdc, 0xfc, 0xfa, 0xf8, 0xdc, 0xfc, 0xfa, 0xf8, 0xdc,
  0xfc, 0xfa, 0xf8, 0xdc, 0xfc, 0xfa, 0xf8, 0xdc, 0xfc, 0xfa, 0xf8, 0xdc, 0xfc, 0xfa, 0xf8, 0xdc,
  0xfc, 0xfa, 0xf8, 0xdc, 0xfc, 0xfa, 0xf8, 0xdc, 0xfc, 0xfa, 0xf8, 0xdc, 0xfc, 0xfa, 0xf8, 0xdc,
  0xfc, 0xfa, 0xf8, 0xdc, 0xfc, 0xfa, 0xf8, 0xdc, 0xfc, 0xfa, 0xf8, 0xdc, 0xfc, 0xfa, 0xf8, 0xdc,
  0xfc, 0xfa, 0xf8, 0xdc, 0xfc, 0xfa, 0xf8, 0xdc, 0xfc, 0xfa, 0xf8, 0xdc, 0xfc, 0xfa, 0xf8, 0xdc,
  0xfc, 0xfa, 0xf8, 0xdc, 0xfc, 0xfa, 0xf8, 0xdc, 0xfc, 0xfa, 0xf8, 0xdc, 0xfc, 0xfa, 0xf8, 0xdc,
  0xfc, 0xfa, 0xf8, 0xdc, 0xfc, 0xfa, 0xf8, 0xdc, 0xfc, 0xfa, 0xf8, 0xdc, 0x71, 0x6c, 0x1e, 0xff,
  0x71, 0x6c, 0x1e, 0xff, 0x71, 0x6c, 0x1e, 0xff, 0x71, 0x6c, 0x1e, 0xff, 0x71, 0x6c, 0x1e, 0xff,
  0x71, 0x6d, 0x1e, 0xff, 0x71, 0x6d, 0x1e, 0xff, 0x71, 0x6d, 0x1e, 0xff, 0x71, 0x6d, 0x1e, 0xff,
  0x71, 0x6d, 0x1e, 0xff, 0x71, 0x6d, 0x1e, 0xff, 0x71, 0x6e, 0x1e, 0xff, 0x71, 0x6e, 0x1e, 0xff,
  0x30, 0x26, 0x12, 0xe9, 0x30, 0x26, 0x12, 0xc9, 0x30, 0x26, 0x12, 0xa8, 0x30, 0x26, 0x12, 0x87,
  0x30, 0x26, 0x12, 0x66, 0x30, 0x26, 0x12, 0x44, 0x30, 0x26, 0x12, 0x22, 0x00, 0x00, 0x00, 0x00,
  0x00, 0x00, 0x00, 0x00, 0x00, 0x00, 0x00, 0x00, 0x00, 0x00, 0x00, 0x00, 0x00, 0x00, 0x00, 0x00,
  0x00, 0x00, 0x00, 0x00, 0x00, 0x00, 0x00, 0x00, 0x00, 0x00, 0x00, 0x00, 0x00, 0x00, 0x00, 0x00,
  0x00, 0x00, 0x00, 0x00, 0x00, 0x00, 0x00, 0x00, 0x00, 0x00, 0x00, 0x00, 0x00, 0x00, 0x00, 0x00,
  0x00, 0x00, 0x00, 0x00, 0x00, 0x00, 0x00, 0x00, 0x00, 0x00, 0x00, 0x00, 0x00, 0x00, 0x00, 0x00,
  0x00, 0x00, 0x00, 0x00, 0x00, 0x00, 0x00, 0x00, 0x00, 0x00, 0x00, 0x00, 0x00, 0x00, 0x00, 0x00,
  0x00, 0x00, 0x00, 0x00, 0x00, 0x00, 0x00, 0x00, 0x00, 0x00, 0x00, 0x00, 0x00, 0x00, 0x00, 0x00,
  0x00, 0x00, 0x00, 0x00, 0x00, 0x00, 0x00, 0x00, 0x30, 0x26, 0x12, 0x08, 0x30, 0x26, 0x12, 0x2a,
  0x30, 0x26, 0x12, 0x4b, 0x30, 0x26, 0x12, 0x6c, 0x30, 0x26, 0x12, 0x8d, 0x30, 0x26, 0x12, 0xad,
  0x30, 0x26, 0x12, 0xcd, 0x30, 0x26, 0x12, 0xed, 0x70, 0x60, 0x1e, 0xff, 0x70, 0x61, 0x1e, 0xff,
  0x70, 0x61, 0x1e, 0xff, 0x70, 0x61, 0x1e, 0xff, 0x70, 0x61, 0x1e, 0xff, 0x70, 0x61, 0x1e, 0xff,
  0x71, 0x71, 0xf8, 0xff, 0x71, 0x71, 0xf8, 0xff, 0x71, 0x71, 0xf8, 0xff, 0x71, 0x71, 0xf8, 0xff,
  0x71, 0x71, 0xf8, 0xff, 0x71, 0x71, 0xf8, 0xff, 0x71, 0x71, 0xf8, 0xff, 0x71, 0x71, 0xf8, 0xff,
  0x71, 0x71, 0xf8, 0xff, 0x71, 0x71, 0xf8, 0xff, 0x71, 0x71, 0xf8, 0xff, 0x71, 0x71, 0xf8, 0xff,
  0x71, 0x71, 0xf8, 0xff, 0x70, 0x64, 0x1e, 0xff, 0x70, 0x64, 0x1e, 0xff, 0x70, 0x64, 0x1e, 0xff,
  0x70, 0x65, 0x1e, 0xff, 0x70, 0x65, 0x1e, 0xff, 0x70, 0x65, 0x1e, 0xff, 0x70, 0x65, 0x1e, 0xff,
  0x70, 0x65, 0x1e, 0xff, 0x70, 0x66, 0x1e, 0xff, 0x70, 0x66, 0x1e, 0xff, 0xfc, 0xfa, 0xf8, 0xdc,
  0xfc, 0xfa, 0xf8, 0xdc, 0xfc, 0xfa, 0xf8, 0xdc, 0xfc, 0xfa, 0xf8, 0xdc, 0xfc, 0xfa, 0xf8, 0xdc,
  0xfc, 0xfa, 0xf8, 0xdc, 0xfc, 0xfa, 0xf8, 0xdc, 0xfc, 0xfa, 0xf8, 0xdc, 0xfc, 0xfa, 0xf8, 0xdc,
  0xfc, 0xfa, 0xf8, 0xdc, 0xfc, 0xfa, 0xf8, 0xdc, 0xfc, 0xfa, 0xf8, 0xdc, 0xfc, 0xfa, 0xf8, 0xdc,
  0xfc, 0xfa, 0xf8, 0xdc, 0xfc, 0xfa, 0xf8, 0xdc, 0xfc, 0xfa, 0xf8, 0xdc, 0xfc, 0xfa, 0xf8, 0xdc,
  0xfc, 0xfa, 0xf8, 0xdc, 0xfc, 0xfa, 0xf8, 0xdc, 0xfc, 0xfa, 0xf8, 0xdc, 0xfc, 0xfa, 0xf8, 0xdc,
  0xfc, 0xfa, 0xf8, 0xdc, 0xfc, 0xfa, 0xf8, 0xdc, 0xfc, 0xfa, 0xf8, 0xdc, 0xfc, 0xfa, 0xf8, 0xdc,
  0xfc, 0xfa, 0xf8, 0xdc, 0xfc, 0xfa, 0xf8, 0xdc, 0xfc, 0xfa, 0xf8, 0xdc, 0x70, 0x6c, 0x1e, 0xff,
  0x70, 0x6c, 0x1e, 0xff, 0x70, 0x6c, 0x1e, 0xff, 0x70, 0x6c, 0x1e, 0xff, 0x70, 0x6c, 0x1e, 0xff,
  0x70, 0x6d, 0x1e, 0xff, 0x70, 0x6d, 0x1e, 0xff, 0x70, 0x6d, 0x1e, 0xff, 0x70, 0x6d, 0x1e, 0xff,
  0x70, 0x6d, 0x1e, 0xff, 0x70, 0x6d, 0x1e, 0xff, 0x70, 0x6e, 0x1e, 0xff, 0x30, 0x26, 0x12, 0xed,
  0x30, 0x26, 0x12, 0xcd, 0x30, 0x26, 0x12, 0xad, 0x30, 0x26, 0x12, 0x8d, 0x30, 0x26, 0x12, 0x6c,
  0x30, 0x26, 0x12, 0x4b, 0x30, 0x26, 0x12, 0x2a, 0x30, 0x26, 0x12, 0x08, 0x00, 0x00, 0x00, 0x00,
  0x00, 0x00, 0x00, 0x00, 0x00, 0x00, 0x00, 0x00, 0x00, 0x00, 0x00, 0x00, 0x00, 0x00, 0x00, 0x00,
  0x00, 0x00, 0x00, 0x00, 0x00, 0x00, 0x00, 0x00, 0x00, 0x00, 0x00, 0x00, 0x00, 0x00, 0x00, 0x00,
  0x00, 0x00, 0x00, 0x00, 0x00, 0x00, 0x00, 0x00, 0x00, 0x00, 0x00, 0x00, 0x00, 0x00, 0x00, 0x00,
  0x00, 0x00, 0x00, 0x00, 0x00, 0x00, 0x00, 0x00, 0x00, 0x00, 0x00, 0x00, 0x00, 0x00, 0x00, 0x00,
  0x00, 0x00, 0x00, 0x00, 0x00, 0x00, 0x00, 0x00, 0x00, 0x00, 0x00, 0x00, 0x00, 0x00, 0x00, 0x00,
  0x00, 0x00, 0x00, 0x00, 0x00, 0x00, 0x00, 0x00, 0x00, 0x00, 0x00, 0x00, 0x00, 0x00, 0x00, 0x00,
  0x00, 0x00, 0x00, 0x00, 0x00, 0x00, 0x00, 0x00, 0x00, 0x00, 0x00, 0x00, 0x30, 0x26, 0x12, 0x10,
  0x30, 0x26, 0x12, 0x31, 0x30, 0x26, 0x12, 0x51, 0x30, 0x26, 0x12, 0x72, 0x30, 0x26, 0x12, 0x91,
  0x30, 0x26, 0x12, 0xb1, 0x30, 0x26, 0x12, 0xd0, 0x30, 0x26, 0x12, 0xef, 0x70, 0x61, 0x1e, 0xff,
  0x70, 0x61, 0x1e, 0xff, 0x70, 0x61, 0x1e, 0xff, 0x70, 0x61, 0x1e, 0xff, 0x70, 0x61, 0x1e, 0xff,
  0x70, 0x62, 0x1e, 0xff, 0x70, 0x62, 0x1e, 0xff, 0x71, 0x71, 0xf8, 0xff, 0x71, 0x71, 0xf8, 0xff,
  0x71, 0x71, 0xf8, 0xff, 0x71, 0x71, 0xf8, 0xff, 0x71, 0x71, 0xf8, 0xff, 0x71, 0x71, 0xf8, 0xff,
  0x71, 0x71, 0xf8, 0xff, 0x71, 0x71, 0xf8, 0xff, 0x71, 0x71, 0xf8, 0xff, 0x70, 0x64, 0x1e, 0xff,
  0x70, 0x64, 0x1e, 0xff, 0x70, 0x64, 0x1e, 0xff, 0x70, 0x64, 0x1e, 0xff, 0x70, 0x64, 0x1e, 0xff,
  0x70, 0x65, 0x1e, 0xff, 0x70, 0x65, 0x1e, 0xff, 0x70, 0x65, 0x1e, 0xff, 0x70, 0x65, 0x1e, 0xff,
  0x70, 0x65, 0x1e, 0xff, 0x70, 0x66, 0x1e, 0xff, 0x70, 0x66, 0x1e, 0xff, 0xfc, 0xfa, 0xf8, 0xdc,
  0xfc, 0xfa, 0xf8, 0xdc, 0xfc, 0xfa, 0xf8, 0xdc, 0xfc, 0xfa, 0xf8, 0xdc, 0xfc, 0xfa, 0xf8, 0xdc,
  0xfc, 0xfa, 0xf8, 0xdc, 0xfc, 0xfa, 0xf8, 0xdc, 0xfc, 0xfa, 0xf8, 0xdc, 0xfc, 0xfa, 0xf8, 0xdc,
  0xfc, 0xfa, 0xf8, 0xdc, 0xfc, 0xfa, 0xf8, 0xdc, 0xfc, 0xfa, 0xf8, 0xdc, 0xfc, 0xfa, 0xf8, 0xdc,
  0xfc, 0xfa, 0xf8, 0xdc, 0xfc, 0xfa, 0xf8, 0xdc, 0xfc, 0xfa, 0xf8, 0xdc, 0xfc, 0xfa, 0xf8, 0xdc,
  0xfc, 0xfa, 0xf8, 0xdc, 0xfc, 0xfa, 0xf8, 0xdc, 0xfc, 0xfa, 0xf8, 0xdc, 0xfc, 0xfa, 0xf8, 0xdc,
  0xfc, 0xfa, 0xf8, 0xdc, 0xfc, 0xfa, 0xf8, 0xdc, 0xfc, 0xfa, 0xf8, 0xdc, 0xfc, 0xfa, 0xf8, 0xdc,
  0xfc, 0xfa, 0xf8, 0xdc, 0xfc, 0xfa, 0xf8, 0xdc, 0xfc, 0xfa, 0xf8, 0xdc, 0x70, 0x6c, 0x1e, 0xff,
  0x70, 0x6c, 0x1e, 0xff, 0x70, 0x6c, 0x1e, 0xff, 0x70, 0x6c, 0x1e, 0xff, 0x70, 0x6c, 0x1e, 0xff,
  0x70, 0x6d, 0x1e, 0xff, 0x70, 0x6d, 0x1e, 0xff, 0x70, 0x6d, 0x1e, 0xff, 0x70, 0x6d, 0x1e, 0xff,
  0x70, 0x6d, 0x1e, 0xff, 0x70, 0x6d, 0x1e, 0xff, 0x30, 0x26, 0x12, 0xef, 0x30, 0x26, 0x12, 0xd0,
  0x30, 0x26, 0x12, 0xb1, 0x30, 0x26, 0x12, 0x91, 0x30, 0x26, 0x12, 0x72, 0x30, 0x26, 0x12, 0x51,
  0x30, 0x26, 0x12, 0x31, 0x30, 0x26, 0x12, 0x10, 0x00, 0x00, 0x00, 0x00, 0x00, 0x00, 0x00, 0x00,
  0x00, 0x00, 0x00, 0x00, 0x00, 0x00, 0x00, 0x00, 0x00, 0x00, 0x00, 0x00, 0x00, 0x00, 0x00, 0x00,
  0x00, 0x00, 0x00, 0x00, 0x00, 0x00, 0x00, 0x00, 0x00, 0x00, 0x00, 0x00, 0x00, 0x00, 0x00, 0x00,
  0x00, 0x00, 0x00, 0x00, 0x00, 0x00, 0x00, 0x00, 0x00, 0x00, 0x00, 0x00, 0x00, 0x00, 0x00, 0x00,
  0x00, 0x00, 0x00, 0x00, 0x00, 0x00, 0x00, 0x00, 0x00, 0x00, 0x00, 0x00, 0x00, 0x00, 0x00, 0x00,
  0x00, 0x00, 0x00, 0x00, 0x00, 0x00, 0x00, 0x00, 0x00, 0x00, 0x00, 0x00, 0x00, 0x00, 0x00, 0x00,
  0x00, 0x00, 0x00, 0x00, 0x00, 0x00, 0x00, 0x00, 0x00, 0x00, 0x00, 0x00, 0x00, 0x00, 0x00, 0x00,
  0x00, 0x00, 0x00, 0x00, 0x00, 0x00, 0x00, 0x00, 0x00, 0x00, 0x00, 0x00, 0x00, 0x00, 0x00, 0x00,
  0x30, 0x26, 0x12, 0x15, 0x30, 0x26, 0x12, 0x36, 0x30, 0x26, 0x12, 0x55, 0x30, 0x26, 0x12, 0x75,
  0x30, 0x26, 0x12, 0x94, 0x30, 0x26, 0x12, 0xb3, 0x30, 0x26, 0x12, 0xd1, 0x30, 0x26, 0x12, 0xef,
  0x70, 0x61, 0x1e, 0xff, 0x70, 0x61, 0x1e, 0xff, 0x70, 0x61, 0x1e, 0xff, 0x70, 0x61, 0x1e, 0xff,
  0x70, 0x62, 0x1e, 0xff, 0x70, 0x62, 0x1e, 0xff, 0x70, 0x62, 0x1e, 0xff, 0x70, 0x62, 0x1e, 0xff,
  0x70, 0x62, 0x1e, 0xff, 0x70, 0x62, 0x1e, 0xff, 0x71, 0x71, 0xf8, 0xff, 0x70, 0x63, 0x1e, 0xff,
  0x70, 0x63, 0x1e, 0xff, 0x70, 0x63, 0x1e, 0xff, 0x70, 0x63, 0x1e, 0xff, 0x70, 0x64, 0x1e, 0xff,
  0x70, 0x64, 0x1e, 0xff, 0x70, 0x64, 0x1e, 0xff, 0x70, 0x64, 0x1e, 0xff, 0x70, 0x64, 0x1e, 0xff,
  0x70, 0x65, 0x1e, 0xff, 0x70, 0x65, 0x1e, 0xff, 0x70, 0x65, 0x1e, 0xff, 0x70, 0x65, 0x1e, 0xff,
  0x70, 0x65, 0x1e, 0xff, 0x70, 0x66, 0x1e, 0xff, 0x70, 0x66, 0x1e, 0xff, 0xfc, 0xfa, 0xf8, 0xdc,
  0xfc, 0xfa, 0xf8, 0xdc, 0xfc, 0xfa, 0xf8, 0xdc, 0xfc, 0xfa, 0xf8, 0xdc, 0xfc, 0xfa, 0xf8, 0xdc,
  0xfc, 0xfa, 0xf8, 0xdc, 0xfc, 0xfa, 0xf8, 0xdc, 0xfc, 0xfa, 0xf8, 0xdc, 0xfc, 0xfa, 0xf8, 0xdc,
  0xfc, 0xfa, 0xf8, 0xdc, 0xfc, 0xfa, 0xf8, 0xdc, 0xfc, 0xfa, 0xf8, 0xdc, 0xfc, 0xfa, 0xf8, 0xdc,
  0xfc, 0xfa, 0xf8, 0xdc, 0xfc, 0xfa, 0xf8, 0xdc, 0xfc, 0xfa, 0xf8, 0xdc, 0xfc, 0xfa, 0xf8, 0xdc,
  0xfc, 0xfa, 0xf8, 0xdc, 0xfc, 0xfa, 0xf8, 0xdc, 0xfc, 0xfa, 0xf8, 0xdc, 0xfc, 0xfa, 0xf8, 0xdc,
  0xfc, 0xfa, 0xf8, 0xdc, 0xfc, 0xfa, 0xf8, 0xdc, 0xfc, 0xfa, 0xf8, 0xdc, 0xfc, 0xfa, 0xf8, 0xdc,
  0xfc, 0xfa, 0xf8, 0xdc, 0xfc, 0xfa, 0xf8, 0xdc, 0xfc, 0xfa, 0xf8, 0xdc, 0x70, 0x6c, 0x1e, 0xff,
  0x70, 0x6c, 0x1e, 0xff, 0x70, 0x6c, 0x1e, 0xff, 0x70, 0x6c, 0x1e, 0xff, 0x70, 0x6c, 0x1e, 0xff,
  0x70, 0x6d, 0x1e, 0xff, 0x70, 0x6d, 0x1e, 0xff, 0x70, 0x6d, 0x1e, 0xff, 0x70, 0x6d, 0x1e, 0xff,
  0x70, 0x6d, 0x1e, 0xff, 0x30, 0x26, 0x12, 0xef, 0x30, 0x26, 0x12, 0xd1, 0x30, 0x26, 0x12, 0xb3,
  0x30, 0x26, 0x12, 0x94, 0x30, 0x26, 0x12, 0x75, 0x30, 0x26, 0x12, 0x55, 0x30, 0x26, 0x12, 0x36,
  0x30, 0x26, 0x12, 0x15, 0x00, 0x00, 0x00, 0x00, 0x00, 0x00, 0x00, 0x00, 0x00, 0x00, 0x00, 0x00,
  0x00, 0x00, 0x00, 0x00, 0x00, 0x00, 0x00, 0x00, 0x00, 0x00, 0x00, 0x00, 0x00, 0x00, 0x00, 0x00,
  0x00, 0x00, 0x00, 0x00, 0x00, 0x00, 0x00, 0x00, 0x00, 0x00, 0x00, 0x00, 0x00, 0x00, 0x00, 0x00,
  0x00, 0x00, 0x00, 0x00, 0x00, 0x00, 0x00, 0x00, 0x00, 0x00, 0x00, 0x00, 0x00, 0x00, 0x00, 0x00,
  0x00, 0x00, 0x00, 0x00, 0x00, 0x00, 0x00, 0x00, 0x00, 0x00, 0x00, 0x00, 0x00, 0x00, 0x00, 0x00,
  0x00, 0x00, 0x00, 0x00, 0x00, 0x00, 0x00, 0x00, 0x00, 0x00, 0x00, 0x00, 0x00, 0x00, 0x00, 0x00,
  0x00, 0x00, 0x00, 0x00, 0x00, 0x00, 0x00, 0x00, 0x00, 0x00, 0x00, 0x00, 0x00, 0x00, 0x00, 0x00,
  0x00, 0x00, 0x00, 0x00, 0x00, 0x00, 0x00, 0x00, 0x00, 0x00, 0x00, 0x00, 0x00, 0x00, 0x00, 0x00,
  0x00, 0x00, 0x00, 0x00, 0x30, 0x26, 0x12, 0x19, 0x30, 0x26, 0x12, 0x39, 0x30, 0x26, 0x12, 0x58,
  0x30, 0x26, 0x12, 0x77, 0x30, 0x26, 0x12, 0x95, 0x30, 0x26, 0x12, 0xb3, 0x30, 0x26, 0x12, 0xd0,
  0x30, 0x26, 0x12, 0xed, 0x70, 0x61, 0x1e, 0xff, 0x70, 0x61, 0x1e, 0xff, 0x70, 0x61, 0x1e, 0xff,
  0x70, 0x62, 0x1e, 0xff, 0x70, 0x62, 0x1e, 0xff, 0x70, 0x62, 0x1e, 0xff, 0x70, 0x62, 0x1e, 0xff,
  0x70, 0x62, 0x1e, 0xff, 0x70, 0x62, 0x1e, 0xff, 0x70, 0x63, 0x1e, 0xff, 0x70, 0x63, 0x1e, 0xff,
  0x70, 0x63, 0x1e, 0xff, 0x70, 0x63, 0x1e, 0xff, 0x70, 0x63, 0x1e, 0xff, 0x70, 0x64, 0x1e, 0xff,
  0x70, 0x64, 0x1e, 0xff, 0x70, 0x64, 0x1e, 0xff, 0x70, 0x64, 0x1e, 0xff, 0x70, 0x64, 0x1e, 0xff,
  0x70, 0x65, 0x1e, 0xff, 0x70, 0x65, 0x1e, 0xff, 0x70, 0x65, 0x1e, 0xff, 0x70, 0x65, 0x1e, 0xff,
  0x70, 0x65, 0x1e, 0xff, 0x70, 0x66, 0x1e, 0xff, 0x70, 0x66, 0x1e, 0xff, 0xfc, 0xfa, 0xf8, 0xdc,
  0xfc, 0xfa, 0xf8, 0xdc, 0xfc, 0xfa, 0xf8, 0xdc, 0xfc, 0xfa, 0xf8, 0xdc, 0xfc, 0xfa, 0xf8, 0xdc,
  0xfc, 0xfa, 0xf8, 0xdc, 0xfc, 0xfa, 0xf8, 0xdc, 0xfc, 0xfa, 0xf8, 0xdc, 0xfc, 0xfa, 0xf8, 0xdc,
  0xfc, 0xfa, 0xf8, 0xdc, 0xfc, 0xfa, 0xf8, 0xdc, 0xfc, 0xfa, 0xf8, 0xdc, 0xfc, 0xfa, 0xf8, 0xdc,
  0xfc, 0xfa, 0xf8, 0xdc, 0xfc, 0xfa, 0xf8, 0xdc, 0xfc, 0xfa, 0xf8, 0xdc, 0xfc, 0xfa, 0xf8, 0xdc,
  0xfc, 0xfa, 0xf8, 0xdc, 0xfc, 0xfa, 0xf8, 0xdc, 0xfc, 0xfa, 0xf8, 0xdc, 0xfc, 0xfa, 0xf8, 0xdc,
  0xfc, 0xfa, 0xf8, 0xdc, 0xfc, 0xfa, 0xf8, 0xdc, 0xfc, 0xfa, 0xf8, 0xdc, 0xfc, 0xfa, 0xf8, 0xdc,
  0xfc, 0xfa, 0xf8, 0xdc, 0xfc, 0xfa, 0xf8, 0xdc, 0xfc, 0xfa, 0xf8, 0xdc, 0x70, 0x6c, 0x1e, 0xff,
  0x70, 0x6c, 0x1e, 0xff, 0x70, 0x6c, 0x1e, 0xff, 0x70, 0x6c, 0x1e, 0xff, 0x70, 0x6c, 0x1e, 0xff,
  0x70, 0x6d, 0x1e, 0xff, 0x70, 0x6d, 0x1e, 0xff, 0x70, 0x6d, 0x1e, 0xff, 0x70, 0x6d, 0x1e, 0xff,
  0x30, 0x26, 0x12, 0xed, 0x30, 0x26, 0x12, 0xd0, 0x30, 0x26, 0x12, 0xb3, 0x30, 0x26, 0x12, 0x95,
  0x30, 0x26, 0x12, 0x77, 0x30, 0x26, 0x12, 0x58, 0x30, 0x26, 0x12, 0x39, 0x30, 0x26, 0x12, 0x19,
  0x00, 0x00, 0x00, 0x00, 0x00, 0x00, 0x00, 0x00, 0x00, 0x00, 0x00, 0x00, 0x00, 0x00, 0x00, 0x00,
  0x00, 0x00, 0x00, 0x00, 0x00, 0x00, 0x00, 0x00, 0x00, 0x00, 0x00, 0x00, 0x00, 0x00, 0x00, 0x00,
  0x00, 0x00, 0x00, 0x00, 0x00, 0x00, 0x00, 0x00, 0x00, 0x00, 0x00, 0x00, 0x00, 0x00, 0x00, 0x00,
  0x00, 0x00, 0x00, 0x00, 0x00, 0x00, 0x00, 0x00, 0x00, 0x00, 0x00, 0x00, 0x00, 0x00, 0x00, 0x00,
  0x00, 0x00, 0x00, 0x00, 0x00, 0x00, 0x00, 0x00, 0x00, 0x00, 0x00, 0x00, 0x00, 0x00, 0x00, 0x00,
  0x00, 0x00, 0x00, 0x00, 0x00, 0x00, 0x00, 0x00, 0x00, 0x00, 0x00, 0x00, 0x00, 0x00, 0x00, 0x00,
  0x00, 0x00, 0x00, 0x00, 0x00, 0x00, 0x00, 0x00, 0x00, 0x00, 0x00, 0x00, 0x00, 0x00, 0x00, 0x00,
  0x00, 0x00, 0x00, 0x00, 0x00, 0x00, 0x00, 0x00, 0x00, 0x00, 0x00, 0x00, 0x00, 0x00, 0x00, 0x00,
  0x00, 0x00, 0x00, 0x00, 0x00, 0x00, 0x00, 0x00, 0x30, 0x26, 0x12, 0x1c, 0x30, 0x26, 0x12, 0x3a,
  0x30, 0x26, 0x12, 0x59, 0x30, 0x26, 0x12, 0x77, 0x30, 0x26, 0x12, 0x94, 0x30, 0x26, 0x12, 0xb1,
  0x30, 0x26, 0x12, 0xcd, 0x30, 0x26, 0x12, 0xe9, 0x6f, 0x61, 0x1e, 0xff, 0x6f, 0x61, 0x1e, 0xff,
  0x6f, 0x62, 0x1e, 0xff, 0x6f, 0x62, 0x1e, 0xff, 0x6f, 0x62, 0x1e, 0xff, 0x6f, 0x62, 0x1e, 0xff,
  0x6f, 0x62, 0x1e, 0xff, 0x6f, 0x62, 0x1e, 0xff, 0x6f, 0x63, 0x1e, 0xff, 0x6f, 0x63, 0x1e, 0xff,
  0x6f, 0x63, 0x1e, 0xff, 0x6f, 0x63, 0x1e, 0xff, 0x6f, 0x63, 0x1e, 0xff, 0x6f, 0x64, 0x1e, 0xff,
  0x6f, 0x64, 0x1e, 0xff, 0x6f, 0x64, 0x1e, 0xff, 0x6f, 0x64, 0x1e, 0xff, 0x6f, 0x64, 0x1e, 0xff,
  0x6f, 0x65, 0x1e, 0xff, 0x6f, 0x65, 0x1e, 0xff, 0x6f, 0x65, 0x1e, 0xff, 0x6f, 0x65, 0x1e, 0xff,
  0x6f, 0x65, 0x1e, 0xff, 0x6f, 0x66, 0x1e, 0xff, 0x6f, 0x66, 0x1e, 0xff, 0x6f, 0x66, 0x1e, 0xff,
  0x6f, 0x66, 0x1e, 0xff, 0x6f, 0x66, 0x1e, 0xff, 0x6f, 0x67, 0x1e, 0xff, 0x6f, 0x67, 0x1e, 0xff,
  0x6f, 0x67, 0x1e, 0xff, 0x6f, 0x67, 0x1e, 0xff, 0x6f, 0x67, 0x1e, 0xff, 0x6f, 0x68, 0x1e, 0xff,
  0x6f, 0x68, 0x1e, 0xff, 0x6f, 0x68, 0x1e, 0xff, 0x6f, 0x68, 0x1e, 0xff, 0x6f, 0x68, 0x1e, 0xff,
  0x6f, 0x69, 0x1e, 0xff, 0x6f, 0x69, 0x1e, 0xff, 0x6f, 0x69, 0x1e, 0xff, 0x6f, 0x69, 0x1e, 0xff,
  0x6f, 0x69, 0x1e, 0xff, 0x6f, 0x6a, 0x1e, 0xff, 0x6f, 0x6a, 0x1e, 0xff, 0x6f, 0x6a, 0x1e, 0xff,
  0x6f, 0x6a, 0x1e, 0xff, 0x6f, 0x6a, 0x1e, 0xff, 0x6f, 0x6b, 0x1e, 0xff, 0x6f, 0x6b, 0x1e, 0xff,
  0x6f, 0x6b, 0x1e, 0xff, 0x6f, 0x6b, 0x1e, 0xff, 0x6f, 0x6b, 0x1e, 0xff, 0x6f, 0x6c, 0x1e, 0xff,
  0x6f, 0x6c, 0x1e, 0xff, 0x6f, 0x6c, 0x1e, 0xff, 0x6f, 0x6c, 0x1e, 0xff, 0x6f, 0x6c, 0x1e, 0xff,
  0x6f, 0x6d, 0x1e, 0xff, 0x6f, 0x6d, 0x1e, 0xff, 0x6f, 0x6d, 0x1e, 0xff, 0x30, 0x26, 0x12, 0xe9,
  0x30, 0x26, 0x12, 0xcd, 0x30, 0x26, 0x12, 0xb1, 0x30, 0x26, 0x12, 0x94, 0x30, 0x26, 0x12, 0x77,
  0x30, 0x26, 0x12, 0x59, 0x30, 0x26, 0x12, 0x3a, 0x30, 0x26, 0x12, 0x1c, 0x00, 0x00, 0x00, 0x00,
  0x00, 0x00, 0x00, 0x00, 0x00, 0x00, 0x00, 0x00, 0x00, 0x00, 0x00, 0x00, 0x00, 0x00, 0x00, 0x00,
  0x00, 0x00, 0x00, 0x00, 0x00, 0x00, 0x00, 0x00, 0x00, 0x00, 0x00, 0x00, 0x00, 0x00, 0x00, 0x00,
  0x00, 0x00, 0x00, 0x00, 0x00, 0x00, 0x00, 0x00, 0x00, 0x00, 0x00, 0x00, 0x00, 0x00, 0x00, 0x00,
  0x00, 0x00, 0x00, 0x00, 0x00, 0x00, 0x00, 0x00, 0x00, 0x00, 0x00, 0x00, 0x00, 0x00, 0x00, 0x00,
  0x00, 0x00, 0x00, 0x00, 0x00, 0x00, 0x00, 0x00, 0x00, 0x00, 0x00, 0x00, 0x00, 0x00, 0x00, 0x00,
  0x00, 0x00, 0x00, 0x00, 0x00, 0x00, 0x00, 0x00, 0x00, 0x00, 0x00, 0x00, 0x00, 0x00, 0x00, 0x00,
  0x00, 0x00, 0x00, 0x00, 0x00, 0x00, 0x00, 0x00, 0x00, 0x00, 0x00, 0x00, 0x00, 0x00, 0x00, 0x00,
  0x00, 0x00, 0x00, 0x00, 0x00, 0x00, 0x00, 0x00, 0x00, 0x00, 0x00, 0x00, 0x00, 0x00, 0x00, 0x00,
  0x00, 0x00, 0x00, 0x00, 0x00, 0x00, 0x00, 0x00, 0x00, 0x00, 0x00, 0x00, 0x30, 0x26, 0x12, 0x1d,
  0x30, 0x26, 0x12, 0x3a, 0x30, 0x26, 0x12, 0x58, 0x30, 0x26, 0x12, 0x75, 0x30, 0x26, 0x12, 0x91,
  0x30, 0x26, 0x12, 0xad, 0x30, 0x26, 0x12, 0xc9, 0x30, 0x26, 0x12, 0xe4, 0x30, 0x26, 0x12, 0xff,
  0x6f, 0x62, 0x1e, 0xff, 0x6f, 0x62, 0x1e, 0xff, 0x6f, 0x62, 0x1e, 0xff, 0x6f, 0x62, 0x1e, 0xff,
  0x6f, 0x62, 0x1e, 0xff, 0x6f, 0x62, 0x1e, 0xff, 0x6f, 0x63, 0x1e, 0xff, 0x6f, 0x63, 0x1e, 0xff,
  0x6f, 0x63, 0x1e, 0xff, 0x6f, 0x63, 0x1e, 0xff, 0x6f, 0x63, 0x1e, 0xff, 0x6f, 0x64, 0x1e, 0xff,
  0x6f, 0x64, 0x1e, 0xff, 0x6f, 0x64, 0x1e, 0xff, 0x6f, 0x64, 0x1e, 0xff, 0x6f, 0x64, 0x1e, 0xff,
  0x6f, 0x65, 0x1e, 0xff, 0x6f, 0x65, 0x1e, 0xff, 0x6f, 0x65, 0x1e, 0xff, 0x6f, 0x65, 0x1e, 0xff,
  0x6f, 0x65, 0x1e, 0xff, 0x6f, 0x66, 0x1e, 0xff, 0x6f, 0x66, 0x1e, 0xff, 0x6f, 0x66, 0x1e, 0xff,
  0x6f, 0x66, 0x1e, 0xff, 0x6f, 0x66, 0x1e, 0xff, 0x6f, 0x67, 0x1e, 0xff, 0x6f, 0x67, 0x1e, 0xff,
  0x6f, 0x67, 0x1e, 0xff, 0x6f, 0x67, 0x1e, 0xff, 0x6f, 0x67, 0x1e, 0xff, 0x6f, 0x68, 0x1e, 0xff,
  0x6f, 0x68, 0x1e, 0xff, 0x6f, 0x68, 0x1e, 0xff, 0x6f, 0x68, 0x1e, 0xff, 0x6f, 0x68, 0x1e, 0xff,
  0x6f, 0x69, 0x1e, 0xff, 0x6f, 0x69, 0x1e, 0xff, 0x6f, 0x69, 0x1e, 0xff, 0x6f, 0x69, 0x1e, 0xff,
  0x6f, 0x69, 0x1e, 0xff, 0x6f, 0x6a, 0x1e, 0xff, 0x6f, 0x6a, 0x1e, 0xff, 0x6f, 0x6a, 0x1e, 0xff,
  0x6f, 0x6a, 0x1e, 0xff, 0x6f, 0x6a, 0x1e, 0xff, 0x6f, 0x6b, 0x1e, 0xff, 0x6f, 0x6b, 0x1e, 0xff,
  0x6f, 0x6b, 0x1e, 0xff, 0x6f, 0x6b, 0x1e, 0xff, 0x6f, 0x6b, 0x1e, 0xff, 0x6f, 0x6c, 0x1e, 0xff,
  0x6f, 0x6c, 0x1e, 0xff, 0x6f, 0x6c, 0x1e, 0xff, 0x6f, 0x6c, 0x1e, 0xff, 0x6f, 0x6c, 0x1e, 0xff,
  0x6f, 0x6d, 0x1e, 0xff, 0x30, 0x26, 0x12, 0xff, 0x30, 0x26, 0x12, 0xe4, 0x30, 0x26, 0x12, 0xc9,
  0x30, 0x26, 0x12, 0xad, 0x30, 0x26, 0x12, 0x91, 0x30, 0x26, 0x12, 0x75, 0x30, 0x26, 0x12, 0x58,
  0x30, 0x26, 0x12, 0x3a, 0x30, 0x26, 0x12, 0x1d, 0x00, 0x00, 0x00, 0x00, 0x00, 0x00, 0x00, 0x00,
  0x00, 0x00, 0x00, 0x00, 0x00, 0x00, 0x00, 0x00, 0x00, 0x00, 0x00, 0x00, 0x00, 0x00, 0x00, 0x00,
  0x00, 0x00, 0x00, 0x00, 0x00, 0x00, 0x00, 0x00, 0x00, 0x00, 0x00, 0x00, 0x00, 0x00, 0x00, 0x00,
  0x00, 0x00, 0x00, 0x00, 0x00, 0x00, 0x00, 0x00, 0x00, 0x00, 0x00, 0x00, 0x00, 0x00, 0x00, 0x00,
  0x00, 0x00, 0x00, 0x00, 0x00, 0x00, 0x00, 0x00, 0x00, 0x00, 0x00, 0x00, 0x00, 0x00, 0x00, 0x00,
  0x00, 0x00, 0x00, 0x00, 0x00, 0x00, 0x00, 0x00, 0x00, 0x00, 0x00, 0x00, 0x00, 0x00, 0x00, 0x00,
  0x00, 0x00, 0x00, 0x00, 0x00, 0x00, 0x00, 0x00, 0x00, 0x00, 0x00, 0x00, 0x00, 0x00, 0x00, 0x00,
  0x00, 0x00, 0x00, 0x00, 0x00, 0x00, 0x00, 0x00, 0x00, 0x00, 0x00, 0x00, 0x00, 0x00, 0x00, 0x00,
  0x00, 0x00, 0x00, 0x00, 0x00, 0x00, 0x00, 0x00, 0x00, 0x00, 0x00, 0x00, 0x00, 0x00, 0x00, 0x00,
  0x00, 0x00, 0x00, 0x00, 0x00, 0x00, 0x00, 0x00, 0x00, 0x00, 0x00, 0x00, 0x00, 0x00, 0x00, 0x00,
  0x30, 0x26, 0x12, 0x1c, 0x30, 0x26, 0x12, 0x39, 0x30, 0x26, 0x12, 0x55, 0x30, 0x26, 0x12, 0x72,
  0x30, 0x26, 0x12, 0x8d, 0x30, 0x26, 0x12, 0xa8, 0x30, 0x26, 0x12, 0xc3, 0x30, 0x26, 0x12, 0xdd,
  0x30, 0x26, 0x12, 0xf6, 0x6f, 0x62, 0x1e, 0xff, 0x6f, 0x62, 0x1e, 0xff, 0x6f, 0x62, 0x1e, 0xff,
  0x6f, 0x62, 0x1e, 0xff, 0x6f, 0x62, 0x1e, 0xff, 0x6f, 0x63, 0x1e, 0xff, 0x6f, 0x63, 0x1e, 0xff,
  0x6f, 0x63, 0x1e, 0xff, 0x6f, 0x63, 0x1e, 0xff, 0x6f, 0x63, 0x1e, 0xff, 0x6f, 0x64, 0x1e, 0xff,
  0x6f, 0x64, 0x1e, 0xff, 0x6f, 0x64, 0x1e, 0xff, 0x6f, 0x64, 0x1e, 0xff, 0x6f, 0x64, 0x1e, 0xff,
  0x6f, 0x65, 0x1e, 0xff, 0x6f, 0x65, 0x1e, 0xff, 0x6f, 0x65, 0x1e, 0xff, 0x6f, 0x65, 0x1e, 0xff,
  0x6f, 0x65, 0x1e, 0xff, 0x6f, 0x66, 0x1e, 0xff, 0x6f, 0x66, 0x1e, 0xff, 0x6f, 0x66, 0x1e, 0xff,
  0x6f, 0x66, 0x1e, 0xff, 0x6f, 0x66, 0x1e, 0xff, 0x6f, 0x67, 0x1e, 0xff, 0x6f, 0x67, 0x1e, 0xff,
  0x6f, 0x67, 0x1e, 0xff, 0x6f, 0x67, 0x1e, 0xff, 0x6f, 0x67, 0x1e, 0xff, 0x6f, 0x68, 0x1e, 0xff,
  0x6f, 0x68, 0x1e, 0xff, 0x6f, 0x68, 0x1e, 0xff, 0x6f, 0x68, 0x1e, 0xff, 0x6f, 0x68, 0x1e, 0xff,
  0x6f, 0x69, 0x1e, 0xff, 0x6f, 0x69, 0x1e, 0xff, 0x6f, 0x69, 0x1e, 0xff, 0x6f, 0x69, 0x1e, 0xff,
  0x6f, 0x69, 0x1e, 0xff, 0x6f, 0x6a, 0x1e, 0xff, 0x6f, 0x6a, 0x1e, 0xff, 0x6f, 0x6a, 0x1e, 0xff,
  0x6f, 0x6a, 0x1e, 0xff, 0x6f, 0x6a, 0x1e, 0xff, 0x6f, 0x6b, 0x1e, 0xff, 0x6f, 0x6b, 0x1e, 0xff,
  0x6f, 0x6b, 0x1e, 0xff, 0x6f, 0x6b, 0x1e, 0xff, 0x6f, 0x6b, 0x1e, 0xff, 0x6f, 0x6c, 0x1e, 0xff,
  0x6f, 0x6c, 0x1e, 0xff, 0x6f, 0x6c, 0x1e, 0xff, 0x6f, 0x6c, 0x1e, 0xff, 0x6f, 0x6c, 0x1e, 0xff,
  0x30, 0x26, 0x12, 0xf6, 0x30, 0x26, 0x12, 0xdd, 0x30, 0x26, 0x12, 0xc3, 0x30, 0x26, 0x12, 0xa8,
  0x30, 0x26, 0x12, 0x8d, 0x30, 0x26, 0x12, 0x72, 0x30, 0x26, 0x12, 0x55, 0x30, 0x26, 0x12, 0x39,
  0x30, 0x26, 0x12, 0x1c, 0x00, 0x00, 0x00, 0x00, 0x00, 0x00, 0x00, 0x00, 0x00, 0x00, 0x00, 0x00,
  0x00, 0x00, 0x00, 0x00, 0x00, 0x00, 0x00, 0x00, 0x00, 0x00, 0x00, 0x00, 0x00, 0x00, 0x00, 0x00,
  0x00, 0x00, 0x00, 0x00, 0x00, 0x00, 0x00, 0x00, 0x00, 0x00, 0x00, 0x00, 0x00, 0x00, 0x00, 0x00,
  0x00, 0x00, 0x00, 0x00, 0x00, 0x00, 0x00, 0x00, 0x00, 0x00, 0x00, 0x00, 0x00, 0x00, 0x00, 0x00,
  0x00, 0x00, 0x00, 0x00, 0x00, 0x00, 0x00, 0x00, 0x00, 0x00, 0x00, 0x00, 0x00, 0x00, 0x00, 0x00,
  0x00, 0x00, 0x00, 0x00, 0x00, 0x00, 0x00, 0x00, 0x00, 0x00, 0x00, 0x00, 0x00, 0x00, 0x00, 0x00,
  0x00, 0x00, 0x00, 0x00, 0x00, 0x00, 0x00, 0x00, 0x00, 0x00, 0x00, 0x00, 0x00, 0x00, 0x00, 0x00,
  0x00, 0x00, 0x00, 0x00, 0x00, 0x00, 0x00, 0x00, 0x00, 0x00, 0x00, 0x00, 0x00, 0x00, 0x00, 0x00,
  0x00, 0x00, 0x00, 0x00, 0x00, 0x00, 0x00, 0x00, 0x00, 0x00, 0x00, 0x00, 0x00, 0x00, 0x00, 0x00,
  0x00, 0x00, 0x00, 0x00, 0x00, 0x00, 0x00, 0x00, 0x00, 0x00, 0x00, 0x00, 0x00, 0x00, 0x00, 0x00,
  0x00, 0x00, 0x00, 0x00, 0x30, 0x26, 0x12, 0x19, 0x30, 0x26, 0x12, 0x36, 0x30, 0x26, 0x12, 0x51,
  0x30, 0x26, 0x12, 0x6c, 0x30, 0x26, 0x12, 0x87, 0x30, 0x26, 0x12, 0xa1, 0x30, 0x26, 0x12, 0xbb,
  0x30, 0x26, 0x12, 0xd4, 0x30, 0x26, 0x12, 0xed, 0x6f, 0x62, 0x1e, 0xff, 0x6f, 0x62, 0x1e, 0xff,
  0x6f, 0x62, 0x1e, 0xff, 0x6f, 0x62, 0x1e, 0xff, 0x6f, 0x63, 0x1e, 0xff, 0x6f, 0x63, 0x1e, 0xff,
  0x6f, 0x63, 0x1e, 0xff, 0x6f, 0x63, 0x1e, 0xff, 0x6f, 0x63, 0x1e, 0xff, 0x6f, 0x64, 0x1e, 0xff,
  0x6f, 0x64, 0x1e, 0xff, 0x6f, 0x64, 0x1e, 0xff, 0x6f, 0x64, 0x1e, 0xff, 0x6f, 0x64, 0x1e, 0xff,
  0x6f, 0x65, 0x1e, 0xff, 0x6f, 0x65, 0x1e, 0xff, 0x6f, 0x65, 0x1e, 0xff, 0x6f, 0x65, 0x1e, 0xff,
  0x6f, 0x65, 0x1e, 0xff, 0x6f, 0x66, 0x1e, 0xff, 0x6f, 0x66, 0x1e, 0xff, 0x6f, 0x66, 0x1e, 0xff,
  0x6f, 0x66, 0x1e, 0xff, 0x6f, 0x66, 0x1e, 0xff, 0x6f, 0x67, 0x1e, 0xff, 0x6f, 0x67, 0x1e, 0xff,
  0x6f, 0x67, 0x1e, 0xff, 0x6f, 0x67, 0x1e, 0xff, 0x6f, 0x67, 0x1e, 0xff, 0x6f, 0x68, 0x1e, 0xff,
  0x6f, 0x68, 0x1e, 0xff, 0x6f, 0x68, 0x1e, 0xff, 0x6f, 0x68, 0x1e, 0xff, 0x6f, 0x68, 0x1e, 0xff,
  0x6f, 0x69, 0x1e, 0xff, 0x6f, 0x69, 0x1e, 0xff, 0x6f, 0x69, 0x1e, 0xff, 0x6f, 0x69, 0x1e, 0xff,
  0x6f, 0x69, 0x1e, 0xff, 0x6f, 0x6a, 0x1e, 0xff, 0x6f, 0x6a, 0x1e, 0xff, 0x6f, 0x6a, 0x1e, 0xff,
  0x6f, 0x6a, 0x1e, 0xff, 0x6f, 0x6a, 0x1e, 0xff, 0x6f, 0x6b, 0x1e, 0xff, 0x6f, 0x6b, 0x1e, 0xff,
  0x6f, 0x6b, 0x1e, 0xff, 0x6f, 0x6b, 0x1e, 0xff, 0x6f, 0x6b, 0x1e, 0xff, 0x6f, 0x6c, 0x1e, 0xff,
  0x6f, 0x6c, 0x1e, 0xff, 0x6f, 0x6c, 0x1e, 0xff, 0x6f, 0x6c, 0x1e, 0xff, 0x30, 0x26, 0x12, 0xed,
  0x30, 0x26, 0x12, 0xd4, 0x30, 0x26, 0x12, 0xbb, 0x30, 0x26, 0x12, 0xa1, 0x30, 0x26, 0x12, 0x87,
  0x30, 0x26, 0x12, 0x6c, 0x30, 0x26, 0x12, 0x51, 0x30, 0x26, 0x12, 0x36, 0x30, 0x26, 0x12, 0x19,
  0x00, 0x00, 0x00, 0x00, 0x00, 0x00, 0x00, 0x00, 0x00, 0x00, 0x00, 0x00, 0x00, 0x00, 0x00, 0x00,
  0x00, 0x00, 0x00, 0x00, 0x00, 0x00, 0x00, 0x00, 0x00, 0x00, 0x00, 0x00, 0x00, 0x00, 0x00, 0x00,
  0x00, 0x00, 0x00, 0x00, 0x00, 0x00, 0x00, 0x00, 0x00, 0x00, 0x00, 0x00, 0x00, 0x00, 0x00, 0x00,
  0x00, 0x00, 0x00, 0x00, 0x00, 0x00, 0x00, 0x00, 0x00, 0x00, 0x00, 0x00, 0x00, 0x00, 0x00, 0x00,
  0x00, 0x00, 0x00, 0x00, 0x00, 0x00, 0x00, 0x00, 0x00, 0x00, 0x00, 0x00, 0x00, 0x00, 0x00, 0x00,
  0x00, 0x00, 0x00, 0x00, 0x00, 0x00, 0x00, 0x00, 0x00, 0x00, 0x00, 0x00, 0x00, 0x00, 0x00, 0x00,
  0x00, 0x00, 0x00, 0x00, 0x00, 0x00, 0x00, 0x00, 0x00, 0x00, 0x00, 0x00, 0x00, 0x00, 0x00, 0x00,
  0x00, 0x00, 0x00, 0x00, 0x00, 0x00, 0x00, 0x00, 0x00, 0x00, 0x00, 0x00, 0x00, 0x00, 0x00, 0x00,
  0x00, 0x00, 0x00, 0x00, 0x00, 0x00, 0x00, 0x00, 0x00, 0x00, 0x00, 0x00, 0x00, 0x00, 0x00, 0x00,
  0x00, 0x00, 0x00, 0x00, 0x00, 0x00, 0x00, 0x00, 0x00, 0x00, 0x00, 0x00, 0x00, 0x00, 0x00, 0x00,
  0x00, 0x00, 0x00, 0x00, 0x00, 0x00, 0x00, 0x00, 0x30, 0x26, 0x12, 0x15, 0x30, 0x26, 0x12, 0x31,
  0x30, 0x26, 0x12, 0x4b, 0x30, 0x26, 0x12, 0x66, 0x30, 0x26, 0x12, 0x80, 0x30, 0x26, 0x12, 0x99,
  0x30, 0x26, 0x12, 0xb1, 0x30, 0x26, 0x12, 0xc9, 0x30, 0x26, 0x12, 0xe1, 0x30, 0x26, 0x12, 0xf8,
  0x6e, 0x62, 0x1f, 0xff, 0x6e, 0x62, 0x1f, 0xff, 0x6e, 0x63, 0x1f, 0xff, 0x6e, 0x63, 0x1f, 0xff,
  0x6e, 0x63, 0x1f, 0xff, 0x6e, 0x63, 0x1f, 0xff, 0x6e, 0x63, 0x1f, 0xff, 0x6e, 0x64, 0x1f, 0xff,
  0x6e, 0x64, 0x1f, 0xff, 0x6e, 0x64, 0x1f, 0xff, 0x6e, 0x64, 0x1f, 0xff, 0x6e, 0x64, 0x1f, 0xff,
  0x6e, 0x65, 0x1f, 0xff, 0x6e, 0x65, 0x1f, 0xff, 0x6e, 0x65, 0x1f, 0xff, 0x6e, 0x65, 0x1f, 0xff,
  0x6e, 0x65, 0x1f, 0xff, 0x6e, 0x66, 0x1f, 0xff, 0x6e, 0x66, 0x1f, 0xff, 0x6e, 0x66, 0x1f, 0xff,
  0x6e, 0x66, 0x1f, 0xff, 0x6e, 0x66, 0x1f, 0xff, 0x6e, 0x67, 0x1f, 0xff, 0x6e, 0x67, 0x1f, 0xff,
  0x6e, 0x67, 0x1f, 0xff, 0x6e, 0x67, 0x1f, 0xff, 0x6e, 0x67, 0x1f, 0xff, 0x6e, 0x68, 0x1f, 0xff,
  0x6e, 0x68, 0x1f, 0xff, 0x6e, 0x68, 0x1f, 0xff, 0x6e, 0x68, 0x1f, 0xff, 0x6e, 0x68, 0x1f, 0xff,
  0x6e, 0x69, 0x1f, 0xff, 0x6e, 0x69, 0x1f, 0xff, 0x6e, 0x69, 0x1f, 0xff, 0x6e, 0x69, 0x1f, 0xff,
  0x6e, 0x69, 0x1f, 0xff, 0x6e, 0x6a, 0x1f, 0xff, 0x6e, 0x6a, 0x1f, 0xff, 0x6e, 0x6a, 0x1f, 0xff,
  0x6e, 0x6a, 0x1f, 0xff, 0x6e, 0x6a, 0x1f, 0xff, 0x6e, 0x6b, 0x1f, 0xff, 0x6e, 0x6b, 0x1f, 0xff,
  0x6e, 0x6b, 0x1f, 0xff, 0x6e, 0x6b, 0x1f, 0xff, 0x6e, 0x6b, 0x1f, 0xff, 0x6e, 0x6c, 0x1f, 0xff,
  0x6e, 0x6c, 0x1f, 0xff, 0x30, 0x26, 0x12, 0xf8, 0x30, 0x26, 0x12, 0xe1, 0x30, 0x26, 0x12, 0xc9,
  0x30, 0x26, 0x12, 0xb1, 0x30, 0x26, 0x12, 0x99, 0x30, 0x26, 0x12, 0x80, 0x30, 0x26, 0x12, 0x66,
  0x30, 0x26, 0x12, 0x4b, 0x30, 0x26, 0x12, 0x31, 0x30, 0x26, 0x12, 0x15, 0x00, 0x00, 0x00, 0x00,
  0x00, 0x00, 0x00, 0x00, 0x00, 0x00, 0x00, 0x00, 0x00, 0x00, 0x00, 0x00, 0x00, 0x00, 0x00, 0x00,
  0x00, 0x00, 0x00, 0x00, 0x00, 0x00, 0x00, 0x00, 0x00, 0x00, 0x00, 0x00, 0x00, 0x00, 0x00, 0x00,
  0x00, 0x00, 0x00, 0x00, 0x00, 0x00, 0x00, 0x00, 0x00, 0x00, 0x00, 0x00, 0x00, 0x00, 0x00, 0x00,
  0x00, 0x00, 0x00, 0x00, 0x00, 0x00, 0x00, 0x00, 0x00, 0x00, 0x00, 0x00, 0x00, 0x00, 0x00, 0x00,
  0x00, 0x00, 0x00, 0x00, 0x00, 0x00, 0x00, 0x00, 0x00, 0x00, 0x00, 0x00, 0x00, 0x00, 0x00, 0x00,
  0x00, 0x00, 0x00, 0x00, 0x00, 0x00, 0x00, 0x00, 0x00, 0x00, 0x00, 0x00, 0x00, 0x00, 0x00, 0x00,
  0x00, 0x00, 0x00, 0x00, 0x00, 0x00, 0x00, 0x00, 0x00, 0x00, 0x00, 0x00, 0x00, 0x00, 0x00, 0x00,
  0x00, 0x00, 0x00, 0x00, 0x00, 0x00, 0x00, 0x00, 0x00, 0x00, 0x00, 0x00, 0x00, 0x00, 0x00, 0x00,
  0x00, 0x00, 0x00, 0x00, 0x00, 0x00, 0x00, 0x00, 0x00, 0x00, 0x00, 0x00, 0x00, 0x00, 0x00, 0x00,
  0x00, 0x00, 0x00, 0x00, 0x00, 0x00, 0x00, 0x00, 0x00, 0x00, 0x00, 0x00, 0x00, 0x00, 0x00, 0x00,
  0x00, 0x00, 0x00, 0x00, 0x00, 0x00, 0x00, 0x00, 0x00, 0x00, 0x00, 0x00, 0x30, 0x26, 0x12, 0x10,
  0x30, 0x26, 0x12, 0x2a, 0x30, 0x26, 0x12, 0x44, 0x30, 0x26, 0x12, 0x5d, 0x30, 0x26, 0x12, 0x76,
  0x30, 0x26, 0x12, 0x8e, 0x30, 0x26, 0x12, 0xa6, 0x30, 0x26, 0x12, 0xbd, 0x30, 0x26, 0x12, 0xd4,
  0x30, 0x26, 0x12, 0xe9, 0x30, 0x26, 0x12, 0xff, 0x6e, 0x63, 0x1f, 0xff, 0x6e, 0x63, 0x1f, 0xff,
  0x6e, 0x63, 0x1f, 0xff, 0x6e, 0x63, 0x1f, 0xff, 0x6e, 0x63, 0x1f, 0xff, 0x6e, 0x64, 0x1f, 0xff,
  0x6e, 0x64, 0x1f, 0xff, 0x6e, 0x64, 0x1f, 0xff, 0x6e, 0x64, 0x1f, 0xff, 0x6e, 0x64, 0x1f, 0xff,
  0x6e, 0x65, 0x1f, 0xff, 0x6e, 0x65, 0x1f, 0xff, 0x6e, 0x65, 0x1f, 0xff, 0x6e, 0x65, 0x1f, 0xff,
  0x6e, 0x65, 0x1f, 0xff, 0x6e, 0x66, 0x1f, 0xff, 0x6e, 0x66, 0x1f, 0xff, 0x6e, 0x66, 0x1f, 0xff,
  0x6e, 0x66, 0x1f, 0xff, 0x6e, 0x66, 0x1f, 0xff, 0x6e, 0x67, 0x1f, 0xff, 0x6e, 0x67, 0x1f, 0xff,
  0x6e, 0x67, 0x1f, 0xff, 0x6e, 0x67, 0x1f, 0xff, 0x6e, 0x67, 0x1f, 0xff, 0x6e, 0x68, 0x1f, 0xff,
  0x6e, 0x68, 0x1f, 0xff, 0x6e, 0x68, 0x1f, 0xff, 0x6e, 0x68, 0x1f, 0xff, 0x6e, 0x68, 0x1f, 0xff,
  0x6e, 0x69, 0x1f, 0xff, 0x6e, 0x69, 0x1f, 0xff, 0x6e, 0x69, 0x1f, 0xff, 0x6e, 0x69, 0x1f, 0xff,
  0x6e, 0x69, 0x1f, 0xff, 0x6e, 0x6a, 0x1f, 0xff, 0x6e, 0x6a, 0x1f, 0xff, 0x6e, 0x6a, 0x1f, 0xff,
  0x6e, 0x6a, 0x1f, 0xff, 0x6e, 0x6a, 0x1f, 0xff, 0x6e, 0x6b, 0x1f, 0xff, 0x6e, 0x6b, 0x1f, 0xff,
  0x6e, 0x6b, 0x1f, 0xff, 0x6e, 0x6b, 0x1f, 0xff, 0x6e, 0x6b, 0x1f, 0xff, 0x30, 0x26, 0x12, 0xff,
  0x30, 0x26, 0x12, 0xe9, 0x30, 0x26, 0x12, 0xd4, 0x30, 0x26, 0x12, 0xbd, 0x30, 0x26, 0x12, 0xa6,
  0x30, 0x26, 0x12, 0x8e, 0x30, 0x26, 0x12, 0x76, 0x30, 0x26, 0x12, 0x5d, 0x30, 0x26, 0x12, 0x44,
  0x30, 0x26, 0x12, 0x2a, 0x30, 0x26, 0x12, 0x10, 0x00, 0x00, 0x00, 0x00, 0x00, 0x00, 0x00, 0x00,
  0x00, 0x00, 0x00, 0x00, 0x00, 0x00, 0x00, 0x00, 0x00, 0x00, 0x00, 0x00, 0x00, 0x00, 0x00, 0x00,
  0x00, 0x00, 0x00, 0x00, 0x00, 0x00, 0x00, 0x00, 0x00, 0x00, 0x00, 0x00, 0x00, 0x00, 0x00, 0x00,
  0x00, 0x00, 0x00, 0x00, 0x00, 0x00, 0x00, 0x00, 0x00, 0x00, 0x00, 0x00, 0x00, 0x00, 0x00, 0x00,
  0x00, 0x00, 0x00, 0x00, 0x00, 0x00, 0x00, 0x00, 0x00, 0x00, 0x00, 0x00, 0x00, 0x00, 0x00, 0x00,
  0x00, 0x00, 0x00, 0x00, 0x00, 0x00, 0x00, 0x00, 0x00, 0x00, 0x00, 0x00, 0x00, 0x00, 0x00, 0x00,
  0x00, 0x00, 0x00, 0x00, 0x00, 0x00, 0x00, 0x00, 0x00, 0x00, 0x00, 0x00, 0x00, 0x00, 0x00, 0x00,
  0x00, 0x00, 0x00, 0x00, 0x00, 0x00, 0x00, 0x00, 0x00, 0x00, 0x00, 0x00, 0x00, 0x00, 0x00, 0x00,
  0x00, 0x00, 0x00, 0x00, 0x00, 0x00, 0x00, 0x00, 0x00, 0x00, 0x00, 0x00, 0x00, 0x00, 0x00, 0x00,
  0x00, 0x00, 0x00, 0x00, 0x00, 0x00, 0x00, 0x00, 0x00, 0x00, 0x00, 0x00, 0x00, 0x00, 0x00, 0x00,
  0x00, 0x00, 0x00, 0x00, 0x00, 0x00, 0x00, 0x00, 0x00, 0x00, 0x00, 0x00, 0x00, 0x00, 0x00, 0x00,
  0x00, 0x00, 0x00, 0x00, 0x00, 0x00, 0x00, 0x00, 0x00, 0x00, 0x00, 0x00, 0x00, 0x00, 0x00, 0x00,
  0x30, 0x26, 0x12, 0x08, 0x30, 0x26, 0x12, 0x22, 0x30, 0x26, 0x12, 0x3b, 0x30, 0x26, 0x12, 0x53,
  0x30, 0x26, 0x12, 0x6b, 0x30, 0x26, 0x12, 0x82, 0x30, 0x26, 0x12, 0x99, 0x30, 0x26, 0x12, 0xaf,
  0x30, 0x26, 0x12, 0xc5, 0x30, 0x26, 0x12, 0xd9, 0x30, 0x26, 0x12, 0xed, 0x6e, 0x63, 0x1f, 0xff,
  0x6e, 0x63, 0x1f, 0xff, 0x6e, 0x63, 0x1f, 0xff, 0x6e, 0x63, 0x1f, 0xff, 0x6e, 0x64, 0x1f, 0xff,
  0x6e, 0x64, 0x1f, 0xff, 0x6e, 0x64, 0x1f, 0xff, 0x6e, 0x64, 0x1f, 0xff, 0x6e, 0x64, 0x1f, 0xff,
  0x6e, 0x65, 0x1f, 0xff, 0x6e, 0x65, 0x1f, 0xff, 0x6e, 0x65, 0x1f, 0xff, 0x6e, 0x65, 0x1f, 0xff,
  0x6e, 0x65, 0x1f, 0xff, 0x6e, 0x66, 0x1f, 0xff, 0x6e, 0x66, 0x1f, 0xff, 0x6e, 0x66, 0x1f, 0xff,
  0x6e, 0x66, 0x1f, 0xff, 0x6e, 0x66, 0x1f, 0xff, 0x6e, 0x67, 0x1f, 0xff, 0x6e, 0x67, 0x1f, 0xff,
  0x6e, 0x67, 0x1f, 0xff, 0x6e, 0x67, 0x1f, 0xff, 0x6e, 0x67, 0x1f, 0xff, 0x6e, 0x68, 0x1f, 0xff,
  0x6e, 0x68, 0x1f, 0xff, 0x6e, 0x68, 0x1f, 0xff, 0x6e, 0x68, 0x1f, 0xff, 0x6e, 0x68, 0x1f, 0xff,
  0x6e, 0x69, 0x1f, 0xff, 0x6e, 0x69, 0x1f, 0xff, 0x6e, 0x69, 0x1f, 0xff, 0x6e, 0x69, 0x1f, 0xff,
  0x6e, 0x69, 0x1f, 0xff, 0x6e, 0x6a, 0x1f, 0xff, 0x6e, 0x6a, 0x1f, 0xff, 0x6e, 0x6a, 0x1f, 0xff,
  0x6e, 0x6a, 0x1f, 0xff, 0x6e, 0x6a, 0x1f, 0xff, 0x6e, 0x6b, 0x1f, 0xff, 0x6e, 0x6b, 0x1f, 0xff,
  0x6e, 0x6b, 0x1f, 0xff, 0x6e, 0x6b, 0x1f, 0xff, 0x30, 0x26, 0x12, 0xed, 0x30, 0x26, 0x12, 0xd9,
  0x30, 0x26, 0x12, 0xc5, 0x30, 0x26, 0x12, 0xaf, 0x30, 0x26, 0x12, 0x99, 0x30, 0x26, 0x12, 0x82,
  0x30, 0x26, 0x12, 0x6b, 0x30, 0x26, 0x12, 0x53, 0x30, 0x26, 0x12, 0x3b, 0x30, 0x26, 0x12, 0x22,
  0x30, 0x26, 0x12, 0x08, 0x00, 0x00, 0x00, 0x00, 0x00, 0x00, 0x00, 0x00, 0x00, 0x00, 0x00, 0x00,
  0x00, 0x00, 0x00, 0x00, 0x00, 0x00, 0x00, 0x00, 0x00, 0x00, 0x00, 0x00, 0x00, 0x00, 0x00, 0x00,
  0x00, 0x00, 0x00, 0x00, 0x00, 0x00, 0x00, 0x00, 0x00, 0x00, 0x00, 0x00, 0x00, 0x00, 0x00, 0x00,
  0x00, 0x00, 0x00, 0x00, 0x00, 0x00, 0x00, 0x00, 0x00, 0x00, 0x00, 0x00, 0x00, 0x00, 0x00, 0x00,
  0x00, 0x00, 0x00, 0x00, 0x00, 0x00, 0x00, 0x00, 0x00, 0x00, 0x00, 0x00, 0x00, 0x00, 0x00, 0x00,
  0x00, 0x00, 0x00, 0x00, 0x00, 0x00, 0x00, 0x00, 0x00, 0x00, 0x00, 0x00, 0x00, 0x00, 0x00, 0x00,
  0x00, 0x00, 0x00, 0x00, 0x00, 0x00, 0x00, 0x00, 0x00, 0x00, 0x00, 0x00, 0x00, 0x00, 0x00, 0x00,
  0x00, 0x00, 0x00, 0x00, 0x00, 0x00, 0x00, 0x00, 0x00, 0x00, 0x00, 0x00, 0x00, 0x00, 0x00, 0x00,
  0x00, 0x00, 0x00, 0x00, 0x00, 0x00, 0x00, 0x00, 0x00, 0x00, 0x00, 0x00, 0x00, 0x00, 0x00, 0x00,
  0x00, 0x00, 0x00, 0x00, 0x00, 0x00, 0x00, 0x00, 0x00, 0x00, 0x00, 0x00, 0x00, 0x00, 0x00, 0x00,
  0x00, 0x00, 0x00, 0x00, 0x00, 0x00, 0x00, 0x00, 0x00, 0x00, 0x00, 0x00, 0x00, 0x00, 0x00, 0x00,
  0x00, 0x00, 0x00, 0x00, 0x00, 0x00, 0x00, 0x00, 0x00, 0x00, 0x00, 0x00, 0x00, 0x00, 0x00, 0x00,
  0x00, 0x00, 0x00, 0x00, 0x00, 0x00, 0x00, 0x00, 0x30, 0x26, 0x12, 0x18, 0x30, 0x26, 0x12, 0x30,
  0x30, 0x26, 0x12, 0x48, 0x30, 0x26, 0x12, 0x5f, 0x30, 0x26, 0x12, 0x75, 0x30, 0x26, 0x12, 0x8b,
  0x30, 0x26, 0x12, 0xa0, 0x30, 0x26, 0x12, 0xb4, 0x30, 0x26, 0x12, 0xc8, 0x30, 0x26, 0x12, 0xdb,
  0x30, 0x26, 0x12, 0xed, 0x30, 0x26, 0x12, 0xff, 0x6d, 0x63, 0x1f, 0xff, 0x6d, 0x64, 0x1f, 0xff,
  0x6d, 0x64, 0x1f, 0xff, 0x6d, 0x64, 0x1f, 0xff, 0x6d, 0x64, 0x1f, 0xff, 0x6d, 0x64, 0x1f, 0xff,
  0x6d, 0x65, 0x1f, 0xff, 0x6d, 0x65, 0x1f, 0xff, 0x6d, 0x65, 0x1f, 0xff, 0x6d, 0x65, 0x1f, 0xff,
  0x6d, 0x65, 0x1f, 0xff, 0x6d, 0x66, 0x1f, 0xff, 0x6d, 0x66, 0x1f, 0xff, 0x6d, 0x66, 0x1f, 0xff,
  0x6d, 0x66, 0x1f, 0xff, 0x6d, 0x66, 0x1f, 0xff, 0x6d, 0x67, 0x1f, 0xff, 0x6d, 0x67, 0x1f, 0xff,
  0x6d, 0x67, 0x1f, 0xff, 0x6d, 0x67, 0x1f, 0xff, 0x6d, 0x67, 0x1f, 0xff, 0x6d, 0x68, 0x1f, 0xff,
  0x6d, 0x68, 0x1f, 0xff, 0x6d, 0x68, 0x1f, 0xff, 0x6d, 0x68, 0x1f, 0xff, 0x6d, 0x68, 0x1f, 0xff,
  0x6d, 0x69, 0x1f, 0xff, 0x6d, 0x69, 0x1f, 0xff, 0x6d, 0x69, 0x1f, 0xff, 0x6d, 0x69, 0x1f, 0xff,
  0x6d, 0x69, 0x1f, 0xff, 0x6d, 0x6a, 0x1f, 0xff, 0x6d, 0x6a, 0x1f, 0xff, 0x6d, 0x6a, 0x1f, 0xff,
  0x6d, 0x6a, 0x1f, 0xff, 0x6d, 0x6a, 0x1f, 0xff, 0x6d, 0x6b, 0x1f, 0xff, 0x30, 0x26, 0x12, 0xff,
  0x30, 0x26, 0x12, 0xed, 0x30, 0x26, 0x12, 0xdb, 0x30, 0x26, 0x12, 0xc8, 0x30, 0x26, 0x12, 0xb4,
  0x30, 0x26, 0x12, 0xa0, 0x30, 0x26, 0x12, 0x8b, 0x30, 0x26, 0x12, 0x75, 0x30, 0x26, 0x12, 0x5f,
  0x30, 0x26, 0x12, 0x48, 0x30, 0x26, 0x12, 0x30, 0x30, 0x26, 0x12, 0x18, 0x00, 0x00, 0x00, 0x00,
  0x00, 0x00, 0x00, 0x00, 0x00, 0x00, 0x00, 0x00, 0x00, 0x00, 0x00, 0x00, 0x00, 0x00, 0x00, 0x00,
  0x00, 0x00, 0x00, 0x00, 0x00, 0x00, 0x00, 0x00, 0x00, 0x00, 0x00, 0x00, 0x00, 0x00, 0x00, 0x00,
  0x00, 0x00, 0x00, 0x00, 0x00, 0x00, 0x00, 0x00, 0x00, 0x00, 0x00, 0x00, 0x00, 0x00, 0x00, 0x00,
  0x00, 0x00, 0x00, 0x00, 0x00, 0x00, 0x00, 0x00, 0x00, 0x00, 0x00, 0x00, 0x00, 0x00, 0x00, 0x00,
  0x00, 0x00, 0x00, 0x00, 0x00, 0x00, 0x00, 0x00, 0x00, 0x00, 0x00, 0x00, 0x00, 0x00, 0x00, 0x00,
  0x00, 0x00, 0x00, 0x00, 0x00, 0x00, 0x00, 0x00, 0x00, 0x00, 0x00, 0x00, 0x00, 0x00, 0x00, 0x00,
  0x00, 0x00, 0x00, 0x00, 0x00, 0x00, 0x00, 0x00, 0x00, 0x00, 0x00, 0x00, 0x00, 0x00, 0x00, 0x00,
  0x00, 0x00, 0x00, 0x00, 0x00, 0x00, 0x00, 0x00, 0x00, 0x00, 0x00, 0x00, 0x00, 0x00, 0x00, 0x00,
  0x00, 0x00, 0x00, 0x00, 0x00, 0x00, 0x00, 0x00, 0x00, 0x00, 0x00, 0x00, 0x00, 0x00, 0x00, 0x00,
  0x00, 0x00, 0x00, 0x00, 0x00, 0x00, 0x00, 0x00, 0x00, 0x00, 0x00, 0x00, 0x00, 0x00, 0x00, 0x00,
  0x00, 0x00, 0x00, 0x00, 0x00, 0x00, 0x00, 0x00, 0x00, 0x00, 0x00, 0x00, 0x00, 0x00, 0x00, 0x00,
  0x00, 0x00, 0x00, 0x00, 0x00, 0x00, 0x00, 0x00, 0x00, 0x00, 0x00, 0x00, 0x00, 0x00, 0x00, 0x00,
  0x00, 0x00, 0x00, 0x00, 0x00, 0x00, 0x00, 0x00, 0x00, 0x00, 0x00, 0x00, 0x30, 0x26, 0x12, 0x0d,
  0x30, 0x26, 0x12, 0x24, 0x30, 0x26, 0x12, 0x3a, 0x30, 0x26, 0x12, 0x50, 0x30, 0x26, 0x12, 0x66,
  0x30, 0x26, 0x12, 0x7a, 0x30, 0x26, 0x12, 0x8e, 0x30, 0x26, 0x12, 0xa2, 0x30, 0x26, 0x12, 0xb4,
  0x30, 0x26, 0x12, 0xc6, 0x30, 0x26, 0x12, 0xd8, 0x30, 0x26, 0x12, 0xe8, 0x30, 0x26, 0x12, 0xf8,
  0x6d, 0x64, 0x1f, 0xff, 0x6d, 0x64, 0x1f, 0xff, 0x6d, 0x64, 0x1f, 0xff, 0x6d, 0x64, 0x1f, 0xff,
  0x6d, 0x65, 0x1f, 0xff, 0x6d, 0x65, 0x1f, 0xff, 0x6d, 0x65, 0x1f, 0xff, 0x6d, 0x65, 0x1f, 0xff,
  0x6d, 0x65, 0x1f, 0xff, 0x6d, 0x66, 0x1f, 0xff, 0x6d, 0x66, 0x1f, 0xff, 0x6d, 0x66, 0x1f, 0xff,
  0x6d, 0x66, 0x1f, 0xff, 0x6d, 0x66, 0x1f, 0xff, 0x6d, 0x67, 0x1f, 0xff, 0x6d, 0x67, 0x1f, 0xff,
  0x6d, 0x67, 0x1f, 0xff, 0x6d, 0x67, 0x1f, 0xff, 0x6d, 0x67, 0x1f, 0xff, 0x6d, 0x68, 0x1f, 0xff,
  0x6d, 0x68, 0x1f, 0xff, 0x6d, 0x68, 0x1f, 0xff, 0x6d, 0x68, 0x1f, 0xff, 0x6d, 0x68, 0x1f, 0xff,
  0x6d, 0x69, 0x1f, 0xff, 0x6d, 0x69, 0x1f, 0xff, 0x6d, 0x69, 0x1f, 0xff, 0x6d, 0x69, 0x1f, 0xff,
  0x6d, 0x69, 0x1f, 0xff, 0x6d, 0x6a, 0x1f, 0xff, 0x6d, 0x6a, 0x1f, 0xff, 0x6d, 0x6a, 0x1f, 0xff,
  0x6d, 0x6a, 0x1f, 0xff, 0x30, 0x26, 0x12, 0xf8, 0x30, 0x26, 0x12, 0xe8, 0x30, 0x26, 0x12, 0xd8,
  0x30, 0x26, 0x12, 0xc6, 0x30, 0x26, 0x12, 0xb4, 0x30, 0x26, 0x12, 0xa2, 0x30, 0x26, 0x12, 0x8e,
  0x30, 0x26, 0x12, 0x7a, 0x30, 0x26, 0x12, 0x66, 0x30, 0x26, 0x12, 0x50, 0x30, 0x26, 0x12, 0x3a,
  0x30, 0x26, 0x12, 0x24, 0x30, 0x26, 0x12, 0x0d, 0x00, 0x00, 0x00, 0x00, 0x00, 0x00, 0x00, 0x00,
  0x00, 0x00, 0x00, 0x00, 0x00, 0x00, 0x00, 0x00, 0x00, 0x00, 0x00, 0x00, 0x00, 0x00, 0x00, 0x00,
  0x00, 0x00, 0x00, 0x00, 0x00, 0x00, 0x00, 0x00, 0x00, 0x00, 0x00, 0x00, 0x00, 0x00, 0x00, 0x00,
  0x00, 0x00, 0x00, 0x00, 0x00, 0x00, 0x00, 0x00, 0x00, 0x00, 0x00, 0x00, 0x00, 0x00, 0x00, 0x00,
  0x00, 0x00, 0x00, 0x00, 0x00, 0x00, 0x00, 0x00, 0x00, 0x00, 0x00, 0x00, 0x00, 0x00, 0x00, 0x00,
  0x00, 0x00, 0x00, 0x00, 0x00, 0x00, 0x00, 0x00, 0x00, 0x00, 0x00, 0x00, 0x00, 0x00, 0x00, 0x00,
  0x00, 0x00, 0x00, 0x00, 0x00, 0x00, 0x00, 0x00, 0x00, 0x00, 0x00, 0x00, 0x00, 0x00, 0x00, 0x00,
  0x00, 0x00, 0x00, 0x00, 0x00, 0x00, 0x00, 0x00, 0x00, 0x00, 0x00, 0x00, 0x00, 0x00, 0x00, 0x00,
  0x00, 0x00, 0x00, 0x00, 0x00, 0x00, 0x00, 0x00, 0x00, 0x00, 0x00, 0x00, 0x00, 0x00, 0x00, 0x00,
  0x00, 0x00, 0x00, 0x00, 0x00, 0x00, 0x00, 0x00, 0x00, 0x00, 0x00, 0x00, 0x00, 0x00, 0x00, 0x00,
  0x00, 0x00, 0x00, 0x00, 0x00, 0x00, 0x00, 0x00, 0x00, 0x00, 0x00, 0x00, 0x00, 0x00, 0x00, 0x00,
  0x00, 0x00, 0x00, 0x00, 0x00, 0x00, 0x00, 0x00, 0x00, 0x00, 0x00, 0x00, 0x00, 0x00, 0x00, 0x00,
  0x00, 0x00, 0x00, 0x00, 0x00, 0x00, 0x00, 0x00, 0x00, 0x00, 0x00, 0x00, 0x00, 0x00, 0x00, 0x00,
  0x00, 0x00, 0x00, 0x00, 0x00, 0x00, 0x00, 0x00, 0x00, 0x00, 0x00, 0x00, 0x00, 0x00, 0x00, 0x00,
  0x30, 0x26, 0x12, 0x00, 0x30, 0x26, 0x12, 0x16, 0x30, 0x26, 0x12, 0x2c, 0x30, 0x26, 0x12, 0x41,
  0x30, 0x26, 0x12, 0x55, 0x30, 0x26, 0x12, 0x69, 0x30, 0x26, 0x12, 0x7c, 0x30, 0x26, 0x12, 0x8e,
  0x30, 0x26, 0x12, 0xa0, 0x30, 0x26, 0x12, 0xb1, 0x30, 0x26, 0x12, 0xc1, 0x30, 0x26, 0x12, 0xd0,
  0x30, 0x26, 0x12, 0xdf, 0x30, 0x26, 0x12, 0xed, 0x30, 0x26, 0x12, 0xfa, 0x6d, 0x64, 0x1f, 0xff,
  0x6d, 0x65, 0x1f, 0xff, 0x6d, 0x65, 0x1f, 0xff, 0x6d, 0x65, 0x1f, 0xff, 0x6d, 0x65, 0x1f, 0xff,
  0x6d, 0x65, 0x1f, 0xff, 0x6d, 0x66, 0x1f, 0xff, 0x6d, 0x66, 0x1f, 0xff, 0x6d, 0x66, 0x1f, 0xff,
  0x6d, 0x66, 0x1f, 0xff, 0x6d, 0x66, 0x1f, 0xff, 0x6d, 0x67, 0x1f, 0xff, 0x6d, 0x67, 0x1f, 0xff,
  0x6d, 0x67, 0x1f, 0xff, 0x6d, 0x67, 0x1f, 0xff, 0x6d, 0x67, 0x1f, 0xff, 0x6d, 0x68, 0x1f, 0xff,
  0x6d, 0x68, 0x1f, 0xff, 0x6d, 0x68, 0x1f, 0xff, 0x6d, 0x68, 0x1f, 0xff, 0x6d, 0x68, 0x1f, 0xff,
  0x6d, 0x69, 0x1f, 0xff, 0x6d, 0x69, 0x1f, 0xff, 0x6d, 0x69, 0x1f, 0xff, 0x6d, 0x69, 0x1f, 0xff,
  0x6d, 0x69, 0x1f, 0xff, 0x6d, 0x6a, 0x1f, 0xff, 0x30, 0x26, 0x12, 0xfa, 0x30, 0x26, 0x12, 0xed,
  0x30, 0x26, 0x12, 0xdf, 0x30, 0x26, 0x12, 0xd0, 0x30, 0x26, 0x12, 0xc1, 0x30, 0x26, 0x12, 0xb1,
  0x30, 0x26, 0x12, 0xa0, 0x30, 0x26, 0x12, 0x8e, 0x30, 0x26, 0x12, 0x7c, 0x30, 0x26, 0x12, 0x69,
  0x30, 0x26, 0x12, 0x55, 0x30, 0x26, 0x12, 0x41, 0x30, 0x26, 0x12, 0x2c, 0x30, 0x26, 0x12, 0x16,
  0x30, 0x26, 0x12, 0x00, 0x00, 0x00, 0x00, 0x00, 0x00, 0x00, 0x00, 0x00, 0x00, 0x00, 0x00, 0x00,
  0x00, 0x00, 0x00, 0x00, 0x00, 0x00, 0x00, 0x00, 0x00, 0x00, 0x00, 0x00, 0x00, 0x00, 0x00, 0x00,
  0x00, 0x00, 0x00, 0x00, 0x00, 0x00, 0x00, 0x00, 0x00, 0x00, 0x00, 0x00, 0x00, 0x00, 0x00, 0x00,
  0x00, 0x00, 0x00, 0x00, 0x00, 0x00, 0x00, 0x00, 0x00, 0x00, 0x00, 0x00, 0x00, 0x00, 0x00, 0x00,
  0x00, 0x00, 0x00, 0x00, 0x00, 0x00, 0x00, 0x00, 0x00, 0x00, 0x00, 0x00, 0x00, 0x00, 0x00, 0x00,
  0x00, 0x00, 0x00, 0x00, 0x00, 0x00, 0x00, 0x00, 0x00, 0x00, 0x00, 0x00, 0x00, 0x00, 0x00, 0x00,
  0x00, 0x00, 0x00, 0x00, 0x00, 0x00, 0x00, 0x00, 0x00, 0x00, 0x00, 0x00, 0x00, 0x00, 0x00, 0x00,
  0x00, 0x00, 0x00, 0x00, 0x00, 0x00, 0x00, 0x00, 0x00, 0x00, 0x00, 0x00, 0x00, 0x00, 0x00, 0x00,
  0x00, 0x00, 0x00, 0x00, 0x00, 0x00, 0x00, 0x00, 0x00, 0x00, 0x00, 0x00, 0x00, 0x00, 0x00, 0x00,
  0x00, 0x00, 0x00, 0x00, 0x00, 0x00, 0x00, 0x00, 0x00, 0x00, 0x00, 0x00, 0x00, 0x00, 0x00, 0x00,
  0x00, 0x00, 0x00, 0x00, 0x00, 0x00, 0x00, 0x00, 0x00, 0x00, 0x00, 0x00, 0x00, 0x00, 0x00, 0x00,
  0x00, 0x00, 0x00, 0x00, 0x00, 0x00, 0x00, 0x00, 0x00, 0x00, 0x00, 0x00, 0x00, 0x00, 0x00, 0x00,
  0x00, 0x00, 0x00, 0x00, 0x00, 0x00, 0x00, 0x00, 0x00, 0x00, 0x00, 0x00, 0x00, 0x00, 0x00, 0x00,
  0x00, 0x00, 0x00, 0x00, 0x00, 0x00, 0x00, 0x00, 0x00, 0x00, 0x00, 0x00, 0x00, 0x00, 0x00, 0x00,
  0x00, 0x00, 0x00, 0x00, 0x00, 0x00, 0x00, 0x00, 0x30, 0x26, 0x12, 0x07, 0x30, 0x26, 0x12, 0x1b,
  0x30, 0x26, 0x12, 0x2f, 0x30, 0x26, 0x12, 0x43, 0x30, 0x26, 0x12, 0x55, 0x30, 0x26, 0x12, 0x67,
  0x30, 0x26, 0x12, 0x79, 0x30, 0x26, 0x12, 0x89, 0x30, 0x26, 0x12, 0x99, 0x30, 0x26, 0x12, 0xa8,
  0x30, 0x26, 0x12, 0xb7, 0x30, 0x26, 0x12, 0xc4, 0x30, 0x26, 0x12, 0xd1, 0x30, 0x26, 0x12, 0xdd,
  0x30, 0x26, 0x12, 0xe8, 0x30, 0x26, 0x12, 0xf2, 0x30, 0x26, 0x12, 0xfc, 0x6d, 0x65, 0x1f, 0xff,
  0x6d, 0x65, 0x1f, 0xff, 0x6d, 0x66, 0x1f, 0xff, 0x6d, 0x66, 0x1f, 0xff, 0x6d, 0x66, 0x1f, 0xff,
  0x6d, 0x66, 0x1f, 0xff, 0x6d, 0x66, 0x1f, 0xff, 0x6d, 0x67, 0x1f, 0xff, 0x6d, 0x67, 0x1f, 0xff,
  0x6d, 0x67, 0x1f, 0xff, 0x6d, 0x67, 0x1f, 0xff, 0x6d, 0x67, 0x1f, 0xff, 0x6d, 0x68, 0x1f, 0xff,
  0x6d, 0x68, 0x1f, 0xff, 0x6d, 0x68, 0x1f, 0xff, 0x6d, 0x68, 0x1f, 0xff, 0x6d, 0x68, 0x1f, 0xff,
  0x6d, 0x69, 0x1f, 0xff, 0x6d, 0x69, 0x1f, 0xff, 0x30, 0x26, 0x12, 0xfc, 0x30, 0x26, 0x12, 0xf2,
  0x30, 0x26, 0x12, 0xe8, 0x30, 0x26, 0x12, 0xdd, 0x30, 0x26, 0x12, 0xd1, 0x30, 0x26, 0x12, 0xc4,
  0x30, 0x26, 0x12, 0xb7, 0x30, 0x26, 0x12, 0xa8, 0x30, 0x26, 0x12, 0x99, 0x30, 0x26, 0x12, 0x89,
  0x30, 0x26, 0x12, 0x79, 0x30, 0x26, 0x12, 0x67, 0x30, 0x26, 0x12, 0x55, 0x30, 0x26, 0x12, 0x43,
  0x30, 0x26, 0x12, 0x2f, 0x30, 0x26, 0x12, 0x1b, 0x30, 0x26, 0x12, 0x07, 0x00, 0x00, 0x00, 0x00,
  0x00, 0x00, 0x00, 0x00, 0x00, 0x00, 0x00, 0x00, 0x00, 0x00, 0x00, 0x00, 0x00, 0x00, 0x00, 0x00,
  0x00, 0x00, 0x00, 0x00, 0x00, 0x00, 0x00, 0x00, 0x00, 0x00, 0x00, 0x00, 0x00, 0x00, 0x00, 0x00,
  0x00, 0x00, 0x00, 0x00, 0x00, 0x00, 0x00, 0x00, 0x00, 0x00, 0x00, 0x00, 0x00, 0x00, 0x00, 0x00,
  0x00, 0x00, 0x00, 0x00, 0x00, 0x00, 0x00, 0x00, 0x00, 0x00, 0x00, 0x00, 0x00, 0x00, 0x00, 0x00,
  0x00, 0x00, 0x00, 0x00, 0x00, 0x00, 0x00, 0x00, 0x00, 0x00, 0x00, 0x00, 0x00, 0x00, 0x00, 0x00,
  0x00, 0x00, 0x00, 0x00, 0x00, 0x00, 0x00, 0x00, 0x00, 0x00, 0x00, 0x00, 0x00, 0x00, 0x00, 0x00,
  0x00, 0x00, 0x00, 0x00, 0x00, 0x00, 0x00, 0x00, 0x00, 0x00, 0x00, 0x00, 0x00, 0x00, 0x00, 0x00,
  0x00, 0x00, 0x00, 0x00, 0x00, 0x00, 0x00, 0x00, 0x00, 0x00, 0x00, 0x00, 0x00, 0x00, 0x00, 0x00,
  0x00, 0x00, 0x00, 0x00, 0x00, 0x00, 0x00, 0x00, 0x00, 0x00, 0x00, 0x00, 0x00, 0x00, 0x00, 0x00,
  0x00, 0x00, 0x00, 0x00, 0x00, 0x00, 0x00, 0x00, 0x00, 0x00, 0x00, 0x00, 0x00, 0x00, 0x00, 0x00,
  0x00, 0x00, 0x00, 0x00, 0x00, 0x00, 0x00, 0x00, 0x00, 0x00, 0x00, 0x00, 0x00, 0x00, 0x00, 0x00,
  0x00, 0x00, 0x00, 0x00, 0x00, 0x00, 0x00, 0x00, 0x00, 0x00, 0x00, 0x00, 0x00, 0x00, 0x00, 0x00,
  0x00, 0x00, 0x00, 0x00, 0x00, 0x00, 0x00, 0x00, 0x00, 0x00, 0x00, 0x00, 0x00, 0x00, 0x00, 0x00,
  0x00, 0x00, 0x00, 0x00, 0x00, 0x00, 0x00, 0x00, 0x00, 0x00, 0x00, 0x00, 0x00, 0x00, 0x00, 0x00,
  0x00, 0x00, 0x00, 0x00, 0x00, 0x00, 0x00, 0x00, 0x00, 0x00, 0x00, 0x00, 0x00, 0x00, 0x00, 0x00,
  0x30, 0x26, 0x12, 0x0a, 0x30, 0x26, 0x12, 0x1d, 0x30, 0x26, 0x12, 0x2f, 0x30, 0x26, 0x12, 0x41,
  0x30, 0x26, 0x12, 0x52, 0x30, 0x26, 0x12, 0x62, 0x30, 0x26, 0x12, 0x72, 0x30, 0x26, 0x12, 0x80,
  0x30, 0x26, 0x12, 0x8e, 0x30, 0x26, 0x12, 0x9c, 0x30, 0x26, 0x12, 0xa8, 0x30, 0x26, 0x12, 0xb4,
  0x30, 0x26, 0x12, 0xbf, 0x30, 0x26, 0x12, 0xc9, 0x30, 0x26, 0x12, 0xd2, 0x30, 0x26, 0x12, 0xdb,
  0x30, 0x26, 0x12, 0xe2, 0x30, 0x26, 0x12, 0xe9, 0x30, 0x26, 0x12, 0xef, 0x30, 0x26, 0x12, 0xf4,
  0x30, 0x26, 0x12, 0xf8, 0x30, 0x26, 0x12, 0xfb, 0x30, 0x26, 0x12, 0xfd, 0x30, 0x26, 0x12, 0xff,
  0x30, 0x26, 0x12, 0xff, 0x30, 0x26, 0x12, 0xff, 0x30, 0x26, 0x12, 0xfd, 0x30, 0x26, 0x12, 0xfb,
  0x30, 0x26, 0x12, 0xf8, 0x30, 0x26, 0x12, 0xf4, 0x30, 0x26, 0x12, 0xef, 0x30, 0x26, 0x12, 0xe9,
  0x30, 0x26, 0x12, 0xe2, 0x30, 0x26, 0x12, 0xdb, 0x30, 0x26, 0x12, 0xd2, 0x30, 0x26, 0x12, 0xc9,
  0x30, 0x26, 0x12, 0xbf, 0x30, 0x26, 0x12, 0xb4, 0x30, 0x26, 0x12, 0xa8, 0x30, 0x26, 0x12, 0x9c,
  0x30, 0x26, 0x12, 0x8e, 0x30, 0x26, 0x12, 0x80, 0x30, 0x26, 0x12, 0x72, 0x30, 0x26, 0x12, 0x62,
  0x30, 0x26, 0x12, 0x52, 0x30, 0x26, 0x12, 0x41, 0x30, 0x26, 0x12, 0x2f, 0x30, 0x26, 0x12, 0x1d,
  0x30, 0x26, 0x12, 0x0a, 0x00, 0x00, 0x00, 0x00, 0x00, 0x00, 0x00, 0x00, 0x00, 0x00, 0x00, 0x00,
  0x00, 0x00, 0x00, 0x00, 0x00, 0x00, 0x00, 0x00, 0x00, 0x00, 0x00, 0x00, 0x00, 0x00, 0x00, 0x00,
  0x00, 0x00, 0x00, 0x00, 0x00, 0x00, 0x00, 0x00, 0x00, 0x00, 0x00, 0x00, 0x00, 0x00, 0x00, 0x00,
  0x00, 0x00, 0x00, 0x00, 0x00, 0x00, 0x00, 0x00, 0x00, 0x00, 0x00, 0x00, 0x00, 0x00, 0x00, 0x00,
  0x00, 0x00, 0x00, 0x00, 0x00, 0x00, 0x00, 0x00, 0x00, 0x00, 0x00, 0x00, 0x00, 0x00, 0x00, 0x00,
  0x00, 0x00, 0x00, 0x00, 0x00, 0x00, 0x00, 0x00, 0x00, 0x00, 0x00, 0x00, 0x00, 0x00, 0x00, 0x00,
  0x00, 0x00, 0x00, 0x00, 0x00, 0x00, 0x00, 0x00, 0x00, 0x00, 0x00, 0x00, 0x00, 0x00, 0x00, 0x00,
  0x00, 0x00, 0x00, 0x00, 0x00, 0x00, 0x00, 0x00, 0x00, 0x00, 0x00, 0x00, 0x00, 0x00, 0x00, 0x00,
  0x00, 0x00, 0x00, 0x00, 0x00, 0x00, 0x00, 0x00, 0x00, 0x00, 0x00, 0x00, 0x00, 0x00, 0x00, 0x00,
  0x00, 0x00, 0x00, 0x00, 0x00, 0x00, 0x00, 0x00, 0x00, 0x00, 0x00, 0x00, 0x00, 0x00, 0x00, 0x00,
  0x00, 0x00, 0x00, 0x00, 0x00, 0x00, 0x00, 0x00, 0x00, 0x00, 0x00, 0x00, 0x00, 0x00, 0x00, 0x00,
  0x00, 0x00, 0x00, 0x00, 0x00, 0x00, 0x00, 0x00, 0x00, 0x00, 0x00, 0x00, 0x00, 0x00, 0x00, 0x00,
  0x00, 0x00, 0x00, 0x00, 0x00, 0x00, 0x00, 0x00, 0x00, 0x00, 0x00, 0x00, 0x00, 0x00, 0x00, 0x00,
  0x00, 0x00, 0x00, 0x00, 0x00, 0x00, 0x00, 0x00, 0x00, 0x00, 0x00, 0x00, 0x00, 0x00, 0x00, 0x00,
  0x00, 0x00, 0x00, 0x00, 0x00, 0x00, 0x00, 0x00, 0x00, 0x00, 0x00, 0x00, 0x00, 0x00, 0x00, 0x00,
  0x00, 0x00, 0x00, 0x00, 0x00, 0x00, 0x00, 0x00, 0x00, 0x00, 0x00, 0x00, 0x00, 0x00, 0x00, 0x00,
  0x00, 0x00, 0x00, 0x00, 0x00, 0x00, 0x00, 0x00, 0x30, 0x26, 0x12, 0x08, 0x30, 0x26, 0x12, 0x1a,
  0x30, 0x26, 0x12, 0x2b, 0x30, 0x26, 0x12, 0x3a, 0x30, 0x26, 0x12, 0x4a, 0x30, 0x26, 0x12, 0x58,
  0x30, 0x26, 0x12, 0x66, 0x30, 0x26, 0x12, 0x73, 0x30, 0x26, 0x12, 0x80, 0x30, 0x26, 0x12, 0x8b,
  0x30, 0x26, 0x12, 0x96, 0x30, 0x26, 0x12, 0xa0, 0x30, 0x26, 0x12, 0xa9, 0x30, 0x26, 0x12, 0xb1,
  0x30, 0x26, 0x12, 0xb8, 0x30, 0x26, 0x12, 0xbf, 0x30, 0x26, 0x12, 0xc5, 0x30, 0x26, 0x12, 0xc9,
  0x30, 0x26, 0x12, 0xcd, 0x30, 0x26, 0x12, 0xd1, 0x30, 0x26, 0x12, 0xd3, 0x30, 0x26, 0x12, 0xd4,
  0x30, 0x26, 0x12, 0xd5, 0x30, 0x26, 0x12, 0xd4, 0x30, 0x26, 0x12, 0xd3, 0x30, 0x26, 0x12, 0xd1,
  0x30, 0x26, 0x12, 0xcd, 0x30, 0x26, 0x12, 0xc9, 0x30, 0x26, 0x12, 0xc5, 0x30, 0x26, 0x12, 0xbf,
  0x30, 0x26, 0x12, 0xb8, 0x30, 0x26, 0x12, 0xb1, 0x30, 0x26, 0x12, 0xa9, 0x30, 0x26, 0x12, 0xa0,
  0x30, 0x26, 0x12, 0x96, 0x30, 0x26, 0x12, 0x8b, 0x30, 0x26, 0x12, 0x80, 0x30, 0x26, 0x12, 0x73,
  0x30, 0x26, 0x12, 0x66, 0x30, 0x26, 0x12, 0x58, 0x30, 0x26, 0x12, 0x4a, 0x30, 0x26, 0x12, 0x3a,
  0x30, 0x26, 0x12, 0x2b, 0x30, 0x26, 0x12, 0x1a, 0x30, 0x26, 0x12, 0x08, 0x00, 0x00, 0x00, 0x00,
  0x00, 0x00, 0x00, 0x00, 0x00, 0x00, 0x00, 0x00, 0x00, 0x00, 0x00, 0x00, 0x00, 0x00, 0x00, 0x00,
  0x00, 0x00, 0x00, 0x00, 0x00, 0x00, 0x00, 0x00, 0x00, 0x00, 0x00, 0x00, 0x00, 0x00, 0x00, 0x00,
  0x00, 0x00, 0x00, 0x00, 0x00, 0x00, 0x00, 0x00, 0x00, 0x00, 0x00, 0x00, 0x00, 0x00, 0x00, 0x00,
  0x00, 0x00, 0x00, 0x00, 0x00, 0x00, 0x00, 0x00, 0x00, 0x00, 0x00, 0x00, 0x00, 0x00, 0x00, 0x00,
  0x00, 0x00, 0x00, 0x00, 0x00, 0x00, 0x00, 0x00, 0x00, 0x00, 0x00, 0x00, 0x00, 0x00, 0x00, 0x00,
  0x00, 0x00, 0x00, 0x00, 0x00, 0x00, 0x00, 0x00, 0x00, 0x00, 0x00, 0x00, 0x00, 0x00, 0x00, 0x00,
  0x00, 0x00, 0x00, 0x00, 0x00, 0x00, 0x00, 0x00, 0x00, 0x00, 0x00, 0x00, 0x00, 0x00, 0x00, 0x00,
  0x00, 0x00, 0x00, 0x00, 0x00, 0x00, 0x00, 0x00, 0x00, 0x00, 0x00, 0x00, 0x00, 0x00, 0x00, 0x00,
  0x00, 0x00, 0x00, 0x00, 0x00, 0x00, 0x00, 0x00, 0x00, 0x00, 0x00, 0x00, 0x00, 0x00, 0x00, 0x00,
  0x00, 0x00, 0x00, 0x00, 0x00, 0x00, 0x00, 0x00, 0x00, 0x00, 0x00, 0x00, 0x00, 0x00, 0x00, 0x00,
  0x00, 0x00, 0x00, 0x00, 0x00, 0x00, 0x00, 0x00, 0x00, 0x00, 0x00, 0x00, 0x00, 0x00, 0x00, 0x00,
  0x00, 0x00, 0x00, 0x00, 0x00, 0x00, 0x00, 0x00, 0x00, 0x00, 0x00, 0x00, 0x00, 0x00, 0x00, 0x00,
  0x00, 0x00, 0x00, 0x00, 0x00, 0x00, 0x00, 0x00, 0x00, 0x00, 0x00, 0x00, 0x00, 0x00, 0x00, 0x00,
  0x00, 0x00, 0x00, 0x00, 0x00, 0x00, 0x00, 0x00, 0x00, 0x00, 0x00, 0x00, 0x00, 0x00, 0x00, 0x00,
  0x00, 0x00, 0x00, 0x00, 0x00, 0x00, 0x00, 0x00, 0x00, 0x00, 0x00, 0x00, 0x00, 0x00, 0x00, 0x00,
  0x00, 0x00, 0x00, 0x00, 0x00, 0x00, 0x00, 0x00, 0x00, 0x00, 0x00, 0x00, 0x00, 0x00, 0x00, 0x00,
  0x00, 0x00, 0x00, 0x00, 0x00, 0x00, 0x00, 0x00, 0x00, 0x00, 0x00, 0x00, 0x00, 0x00, 0x00, 0x00,
  0x30, 0x26, 0x12, 0x03, 0x30, 0x26, 0x12, 0x13, 0x30, 0x26, 0x12, 0x22, 0x30, 0x26, 0x12, 0x30,
  0x30, 0x26, 0x12, 0x3e, 0x30, 0x26, 0x12, 0x4b, 0x30, 0x26, 0x12, 0x57, 0x30, 0x26, 0x12, 0x62,
  0x30, 0x26, 0x12, 0x6c, 0x30, 0x26, 0x12, 0x76, 0x30, 0x26, 0x12, 0x7f, 0x30, 0x26, 0x12, 0x87,
  0x30, 0x26, 0x12, 0x8e, 0x30, 0x26, 0x12, 0x95, 0x30, 0x26, 0x12, 0x9a, 0x30, 0x26, 0x12, 0x9f,
  0x30, 0x26, 0x12, 0xa3, 0x30, 0x26, 0x12, 0xa6, 0x30, 0x26, 0x12, 0xa8, 0x30, 0x26, 0x12, 0xaa,
  0x30, 0x26, 0x12, 0xaa, 0x30, 0x26, 0x12, 0xaa, 0x30, 0x26, 0x12, 0xa8, 0x30, 0x26, 0x12, 0xa6,
  0x30, 0x26, 0x12, 0xa3, 0x30, 0x26, 0x12, 0x9f, 0x30, 0x26, 0x12, 0x9a, 0x30, 0x26, 0x12, 0x95,
  0x30, 0x26, 0x12, 0x8e, 0x30, 0x26, 0x12, 0x87, 0x30, 0x26, 0x12, 0x7f, 0x30, 0x26, 0x12, 0x76,
  0x30, 0x26, 0x12, 0x6c, 0x30, 0x26, 0x12, 0x62, 0x30, 0x26, 0x12, 0x57, 0x30, 0x26, 0x12, 0x4b,
  0x30, 0x26, 0x12, 0x3e, 0x30, 0x26, 0x12, 0x30, 0x30, 0x26, 0x12, 0x22, 0x30, 0x26, 0x12, 0x13,
  0x30, 0x26, 0x12, 0x03, 0x00, 0x00, 0x00, 0x00, 0x00, 0x00, 0x00, 0x00, 0x00, 0x00, 0x00, 0x00,
  0x00, 0x00, 0x00, 0x00, 0x00, 0x00, 0x00, 0x00, 0x00, 0x00, 0x00, 0x00, 0x00, 0x00, 0x00, 0x00,
  0x00, 0x00, 0x00, 0x00, 0x00, 0x00, 0x00, 0x00, 0x00, 0x00, 0x00, 0x00, 0x00, 0x00, 0x00, 0x00,
  0x00, 0x00, 0x00, 0x00, 0x00, 0x00, 0x00, 0x00, 0x00, 0x00, 0x00, 0x00, 0x00, 0x00, 0x00, 0x00,
  0x00, 0x00, 0x00, 0x00, 0x00, 0x00, 0x00, 0x00, 0x00, 0x00, 0x00, 0x00, 0x00, 0x00, 0x00, 0x00,
  0x00, 0x00, 0x00, 0x00, 0x00, 0x00, 0x00, 0x00, 0x00, 0x00, 0x00, 0x00, 0x00, 0x00, 0x00, 0x00,
  0x00, 0x00, 0x00, 0x00, 0x00, 0x00, 0x00, 0x00, 0x00, 0x00, 0x00, 0x00, 0x00, 0x00, 0x00, 0x00,
  0x00, 0x00, 0x00, 0x00, 0x00, 0x00, 0x00, 0x00, 0x00, 0x00, 0x00, 0x00, 0x00, 0x00, 0x00, 0x00,
  0x00, 0x00, 0x00, 0x00, 0x00, 0x00, 0x00, 0x00, 0x00, 0x00, 0x00, 0x00, 0x00, 0x00, 0x00, 0x00,
  0x00, 0x00, 0x00, 0x00, 0x00, 0x00, 0x00, 0x00, 0x00, 0x00, 0x00, 0x00, 0x00, 0x00, 0x00, 0x00,
  0x00, 0x00, 0x00, 0x00, 0x00, 0x00, 0x00, 0x00, 0x00, 0x00, 0x00, 0x00, 0x00, 0x00, 0x00, 0x00,
  0x00, 0x00, 0x00, 0x00, 0x00, 0x00, 0x00, 0x00, 0x00, 0x00, 0x00, 0x00, 0x00, 0x00, 0x00, 0x00,
  0x00, 0x00, 0x00, 0x00, 0x00, 0x00, 0x00, 0x00, 0x00, 0x00, 0x00, 0x00, 0x00, 0x00, 0x00, 0x00,
  0x00, 0x00, 0x00, 0x00, 0x00, 0x00, 0x00, 0x00, 0x00, 0x00, 0x00, 0x00, 0x00, 0x00, 0x00, 0x00,
  0x00, 0x00, 0x00, 0x00, 0x00, 0x00, 0x00, 0x00, 0x00, 0x00, 0x00, 0x00, 0x00, 0x00, 0x00, 0x00,
  0x00, 0x00, 0x00, 0x00, 0x00, 0x00, 0x00, 0x00, 0x00, 0x00, 0x00, 0x00, 0x00, 0x00, 0x00, 0x00,
  0x00, 0x00, 0x00, 0x00, 0x00, 0x00, 0x00, 0x00, 0x00, 0x00, 0x00, 0x00, 0x00, 0x00, 0x00, 0x00,
  0x00, 0x00, 0x00, 0x00, 0x00, 0x00, 0x00, 0x00, 0x00, 0x00, 0x00, 0x00, 0x00, 0x00, 0x00, 0x00,
  0x00, 0x00, 0x00, 0x00, 0x00, 0x00, 0x00, 0x00, 0x00, 0x00, 0x00, 0x00, 0x30, 0x26, 0x12, 0x08,
  0x30, 0x26, 0x12, 0x15, 0x30, 0x26, 0x12, 0x22, 0x30, 0x26, 0x12, 0x2e, 0x30, 0x26, 0x12, 0x39,
  0x30, 0x26, 0x12, 0x43, 0x30, 0x26, 0x12, 0x4d, 0x30, 0x26, 0x12, 0x55, 0x30, 0x26, 0x12, 0x5d,
  0x30, 0x26, 0x12, 0x64, 0x30, 0x26, 0x12, 0x6b, 0x30, 0x26, 0x12, 0x70, 0x30, 0x26, 0x12, 0x75,
  0x30, 0x26, 0x12, 0x79, 0x30, 0x26, 0x12, 0x7c, 0x30, 0x26, 0x12, 0x7e, 0x30, 0x26, 0x12, 0x7f,
  0x30, 0x26, 0x12, 0x80, 0x30, 0x26, 0x12, 0x7f, 0x30, 0x26, 0x12, 0x7e, 0x30, 0x26, 0x12, 0x7c,
  0x30, 0x26, 0x12, 0x79, 0x30, 0x26, 0x12, 0x75, 0x30, 0x26, 0x12, 0x70, 0x30, 0x26, 0x12, 0x6b,
  0x30, 0x26, 0x12, 0x64, 0x30, 0x26, 0x12, 0x5d, 0x30, 0x26, 0x12, 0x55, 0x30, 0x26, 0x12, 0x4d,
  0x30, 0x26, 0x12, 0x43, 0x30, 0x26, 0x12, 0x39, 0x30, 0x26, 0x12, 0x2e, 0x30, 0x26, 0x12, 0x22,
  0x30, 0x26, 0x12, 0x15, 0x30, 0x26, 0x12, 0x08, 0x00, 0x00, 0x00, 0x00, 0x00, 0x00, 0x00, 0x00,
  0x00, 0x00, 0x00, 0x00, 0x00, 0x00, 0x00, 0x00, 0x00, 0x00, 0x00, 0x00, 0x00, 0x00, 0x00, 0x00,
  0x00, 0x00, 0x00, 0x00, 0x00, 0x00, 0x00, 0x00, 0x00, 0x00, 0x00, 0x00, 0x00, 0x00, 0x00, 0x00,
  0x00, 0x00, 0x00, 0x00, 0x00, 0x00, 0x00, 0x00, 0x00, 0x00, 0x00, 0x00, 0x00, 0x00, 0x00, 0x00,
  0x00, 0x00, 0x00, 0x00, 0x00, 0x00, 0x00, 0x00, 0x00, 0x00, 0x00, 0x00, 0x00, 0x00, 0x00, 0x00,
  0x00, 0x00, 0x00, 0x00, 0x00, 0x00, 0x00, 0x00, 0x00, 0x00, 0x00, 0x00, 0x00, 0x00, 0x00, 0x00,
  0x00, 0x00, 0x00, 0x00, 0x00, 0x00, 0x00, 0x00, 0x00, 0x00, 0x00, 0x00, 0x00, 0x00, 0x00, 0x00,
  0x00, 0x00, 0x00, 0x00, 0x00, 0x00, 0x00, 0x00, 0x00, 0x00, 0x00, 0x00, 0x00, 0x00, 0x00, 0x00,
  0x00, 0x00, 0x00, 0x00, 0x00, 0x00, 0x00, 0x00, 0x00, 0x00, 0x00, 0x00, 0x00, 0x00, 0x00, 0x00,
  0x00, 0x00, 0x00, 0x00, 0x00, 0x00, 0x00, 0x00, 0x00, 0x00, 0x00, 0x00, 0x00, 0x00, 0x00, 0x00,
  0x00, 0x00, 0x00, 0x00, 0x00, 0x00, 0x00, 0x00, 0x00, 0x00, 0x00, 0x00, 0x00, 0x00, 0x00, 0x00,
  0x00, 0x00, 0x00, 0x00, 0x00, 0x00, 0x00, 0x00, 0x00, 0x00, 0x00, 0x00, 0x00, 0x00, 0x00, 0x00,
  0x00, 0x00, 0x00, 0x00, 0x00, 0x00, 0x00, 0x00, 0x00, 0x00, 0x00, 0x00, 0x00, 0x00, 0x00, 0x00,
  0x00, 0x00, 0x00, 0x00, 0x00, 0x00, 0x00, 0x00, 0x00, 0x00, 0x00, 0x00, 0x00, 0x00, 0x00, 0x00,
  0x00, 0x00, 0x00, 0x00, 0x00, 0x00, 0x00, 0x00, 0x00, 0x00, 0x00, 0x00, 0x00, 0x00, 0x00, 0x00,
  0x00, 0x00, 0x00, 0x00, 0x00, 0x00, 0x00, 0x00, 0x00, 0x00, 0x00, 0x00, 0x00, 0x00, 0x00, 0x00,
  0x00, 0x00, 0x00, 0x00, 0x00, 0x00, 0x00, 0x00, 0x00, 0x00, 0x00, 0x00, 0x00, 0x00, 0x00, 0x00,
  0x00, 0x00, 0x00, 0x00, 0x00, 0x00, 0x00, 0x00, 0x00, 0x00, 0x00, 0x00, 0x00, 0x00, 0x00, 0x00,
  0x00, 0x00, 0x00, 0x00, 0x00, 0x00, 0x00, 0x00, 0x00, 0x00, 0x00, 0x00, 0x00, 0x00, 0x00, 0x00,
  0x00, 0x00, 0x00, 0x00, 0x00, 0x00, 0x00, 0x00, 0x00, 0x00, 0x00, 0x00, 0x00, 0x00, 0x00, 0x00,
  0x00, 0x00, 0x00, 0x00, 0x00, 0x00, 0x00, 0x00, 0x30, 0x26, 0x12, 0x05, 0x30, 0x26, 0x12, 0x10,
  0x30, 0x26, 0x12, 0x1a, 0x30, 0x26, 0x12, 0x23, 0x30, 0x26, 0x12, 0x2c, 0x30, 0x26, 0x12, 0x34,
  0x30, 0x26, 0x12, 0x3a, 0x30, 0x26, 0x12, 0x41, 0x30, 0x26, 0x12, 0x46, 0x30, 0x26, 0x12, 0x4b,
  0x30, 0x26, 0x12, 0x4e, 0x30, 0x26, 0x12, 0x51, 0x30, 0x26, 0x12, 0x53, 0x30, 0x26, 0x12, 0x55,
  0x30, 0x26, 0x12, 0x55, 0x30, 0x26, 0x12, 0x55, 0x30, 0x26, 0x12, 0x53, 0x30, 0x26, 0x12, 0x51,
  0x30, 0x26, 0x12, 0x4e, 0x30, 0x26, 0x12, 0x4b, 0x30, 0x26, 0x12, 0x46, 0x30, 0x26, 0x12, 0x41,
  0x30, 0x26, 0x12, 0x3a, 0x30, 0x26, 0x12, 0x34, 0x30, 0x26, 0x12, 0x2c, 0x30, 0x26, 0x12, 0x23,
  0x30, 0x26, 0x12, 0x1a, 0x30, 0x26, 0x12, 0x10, 0x30, 0x26, 0x12, 0x05, 0x00, 0x00, 0x00, 0x00,
  0x00, 0x00, 0x00, 0x00, 0x00, 0x00, 0x00, 0x00, 0x00, 0x00, 0x00, 0x00, 0x00, 0x00, 0x00, 0x00,
  0x00, 0x00, 0x00, 0x00, 0x00, 0x00, 0x00, 0x00, 0x00, 0x00, 0x00, 0x00, 0x00, 0x00, 0x00, 0x00,
  0x00, 0x00, 0x00, 0x00, 0x00, 0x00, 0x00, 0x00, 0x00, 0x00, 0x00, 0x00, 0x00, 0x00, 0x00, 0x00,
  0x00, 0x00, 0x00, 0x00, 0x00, 0x00, 0x00, 0x00, 0x00, 0x00, 0x00, 0x00, 0x00, 0x00, 0x00, 0x00,
  0x00, 0x00, 0x00, 0x00, 0x00, 0x00, 0x00, 0x00, 0x00, 0x00, 0x00, 0x00, 0x00, 0x00, 0x00, 0x00,
  0x00, 0x00, 0x00, 0x00, 0x00, 0x00, 0x00, 0x00, 0x00, 0x00, 0x00, 0x00, 0x00, 0x00, 0x00, 0x00,
  0x00, 0x00, 0x00, 0x00, 0x00, 0x00, 0x00, 0x00, 0x00, 0x00, 0x00, 0x00, 0x00, 0x00, 0x00, 0x00,
  0x00, 0x00, 0x00, 0x00, 0x00, 0x00, 0x00, 0x00, 0x00, 0x00, 0x00, 0x00, 0x00, 0x00, 0x00, 0x00,
  0x00, 0x00, 0x00, 0x00, 0x00, 0x00, 0x00, 0x00, 0x00, 0x00, 0x00, 0x00, 0x00, 0x00, 0x00, 0x00,
  0x00, 0x00, 0x00, 0x00, 0x00, 0x00, 0x00, 0x00, 0x00, 0x00, 0x00, 0x00, 0x00, 0x00, 0x00, 0x00,
  0x00, 0x00, 0x00, 0x00, 0x00, 0x00, 0x00, 0x00, 0x00, 0x00, 0x00, 0x00, 0x00, 0x00, 0x00, 0x00,
  0x00, 0x00, 0x00, 0x00, 0x00, 0x00, 0x00, 0x00, 0x00, 0x00, 0x00, 0x00, 0x00, 0x00, 0x00, 0x00,
  0x00, 0x00, 0x00, 0x00, 0x00, 0x00, 0x00, 0x00, 0x00, 0x00, 0x00, 0x00, 0x00, 0x00, 0x00, 0x00,
  0x00, 0x00, 0x00, 0x00, 0x00, 0x00, 0x00, 0x00, 0x00, 0x00, 0x00, 0x00, 0x00, 0x00, 0x00, 0x00,
  0x00, 0x00, 0x00, 0x00, 0x00, 0x00, 0x00, 0x00, 0x00, 0x00, 0x00, 0x00, 0x00, 0x00, 0x00, 0x00,
  0x00, 0x00, 0x00, 0x00, 0x00, 0x00, 0x00, 0x00, 0x00, 0x00, 0x00, 0x00, 0x00, 0x00, 0x00, 0x00,
  0x00, 0x00, 0x00, 0x00, 0x00, 0x00, 0x00, 0x00, 0x00, 0x00, 0x00, 0x00, 0x00, 0x00, 0x00, 0x00,
  0x00, 0x00, 0x00, 0x00, 0x00, 0x00, 0x00, 0x00, 0x00, 0x00, 0x00, 0x00, 0x00, 0x00, 0x00, 0x00,
  0x00, 0x00, 0x00, 0x00, 0x00, 0x00, 0x00, 0x00, 0x00, 0x00, 0x00, 0x00, 0x00, 0x00, 0x00, 0x00,
  0x00, 0x00, 0x00, 0x00, 0x00, 0x00, 0x00, 0x00, 0x00, 0x00, 0x00, 0x00, 0x00, 0x00, 0x00, 0x00,
  0x00, 0x00, 0x00, 0x00, 0x00, 0x00, 0x00, 0x00, 0x00, 0x00, 0x00, 0x00, 0x00, 0x00, 0x00, 0x00,
  0x00, 0x00, 0x00, 0x00, 0x00, 0x00, 0x00, 0x00, 0x30, 0x26, 0x12, 0x02, 0x30, 0x26, 0x12, 0x0a,
  0x30, 0x26, 0x12, 0x10, 0x30, 0x26, 0x12, 0x17, 0x30, 0x26, 0x12, 0x1c, 0x30, 0x26, 0x12, 0x20,
  0x30, 0x26, 0x12, 0x24, 0x30, 0x26, 0x12, 0x27, 0x30, 0x26, 0x12, 0x29, 0x30, 0x26, 0x12, 0x2a,
  0x30, 0x26, 0x12, 0x2b, 0x30, 0x26, 0x12, 0x2a, 0x30, 0x26, 0x12, 0x29, 0x30, 0x26, 0x12, 0x27,
  0x30, 0x26, 0x12, 0x24, 0x30, 0x26, 0x12, 0x20, 0x30, 0x26, 0x12, 0x1c, 0x30, 0x26, 0x12, 0x17,
  0x30, 0x26, 0x12, 0x10, 0x30, 0x26, 0x12, 0x0a, 0x30, 0x26, 0x12, 0x02, 0x00, 0x00, 0x00, 0x00,
  0x00, 0x00, 0x00, 0x00, 0x00, 0x00, 0x00, 0x00, 0x00, 0x00, 0x00, 0x00, 0x00, 0x00, 0x00, 0x00,
  0x00, 0x00, 0x00, 0x00, 0x00, 0x00, 0x00, 0x00, 0x00, 0x00, 0x00, 0x00, 0x00, 0x00, 0x00, 0x00,
  0x00, 0x00, 0x00, 0x00, 0x00, 0x00, 0x00, 0x00, 0x00, 0x00, 0x00, 0x00, 0x00, 0x00, 0x00, 0x00,
  0x00, 0x00, 0x00, 0x00, 0x00, 0x00, 0x00, 0x00, 0x00, 0x00, 0x00, 0x00, 0x00, 0x00, 0x00, 0x00,
  0x00, 0x00, 0x00, 0x00, 0x00, 0x00, 0x00, 0x00, 0x00, 0x00, 0x00, 0x00, 0x00, 0x00, 0x00, 0x00,
  0x00, 0x00, 0x00, 0x00, 0x00, 0x00, 0x00, 0x00, 0x00, 0x00, 0x00, 0x00, 0x00, 0x00, 0x00, 0x00,
  0x00, 0x00, 0x00, 0x00, 0x00, 0x00, 0x00, 0x00, 0x00, 0x00, 0x00, 0x00, 0x00, 0x00, 0x00, 0x00,
  0x00, 0x00, 0x00, 0x00, 0x00, 0x00, 0x00, 0x00, 0x00, 0x00, 0x00, 0x00, 0x00, 0x00, 0x00, 0x00,
  0x00, 0x00, 0x00, 0x00, 0x00, 0x00, 0x00, 0x00, 0x00, 0x00, 0x00, 0x00, 0x00, 0x00, 0x00, 0x00,
  0x00, 0x00, 0x00, 0x00, 0x00, 0x00, 0x00, 0x00, 0x00, 0x00, 0x00, 0x00, 0x00, 0x00, 0x00, 0x00,
  0x00, 0x00, 0x00, 0x00, 0x00, 0x00, 0x00, 0x00, 0x00, 0x00, 0x00, 0x00, 0x00, 0x00, 0x00, 0x00,
  0x00, 0x00, 0x00, 0x00, 0x00, 0x00, 0x00, 0x00, 0x00, 0x00, 0x00, 0x00, 0x00, 0x00, 0x00, 0x00,
  0x00, 0x00, 0x00, 0x00, 0x00, 0x00, 0x00, 0x00, 0x00, 0x00, 0x00, 0x00, 0x00, 0x00, 0x00, 0x00,
  0x00, 0x00, 0x00, 0x00, 0x00, 0x00, 0x00, 0x00, 0x00, 0x00, 0x00, 0x00, 0x00, 0x00, 0x00, 0x00,
  0x00, 0x00, 0x00, 0x00, 0x00, 0x00, 0x00, 0x00, 0x00, 0x00, 0x00, 0x00, 0x00, 0x00, 0x00, 0x00,
  0x00, 0x00, 0x00, 0x00, 0x00, 0x00, 0x00, 0x00, 0x00, 0x00, 0x00, 0x00, 0x00, 0x00, 0x00, 0x00,
  0x00, 0x00, 0x00, 0x00, 0x00, 0x00, 0x00, 0x00, 0x00, 0x00, 0x00, 0x00, 0x00, 0x00, 0x00, 0x00,
  0x00, 0x00, 0x00, 0x00, 0x00, 0x00, 0x00, 0x00, 0x00, 0x00, 0x00, 0x00, 0x00, 0x00, 0x00, 0x00,
  0x00, 0x00, 0x00, 0x00, 0x00, 0x00, 0x00, 0x00, 0x00, 0x00, 0x00, 0x00, 0x00, 0x00, 0x00, 0x00,
  0x00, 0x00, 0x00, 0x00, 0x00, 0x00, 0x00, 0x00, 0x00, 0x00, 0x00, 0x00, 0x00, 0x00, 0x00, 0x00,
  0x00, 0x00, 0x00, 0x00, 0x00, 0x00, 0x00, 0x00, 0x00, 0x00, 0x00, 0x00, 0x00, 0x00, 0x00, 0x00,
  0x00, 0x00, 0x00, 0x00, 0x00, 0x00, 0x00, 0x00, 0x00, 0x00, 0x00, 0x00, 0x00, 0x00, 0x00, 0x00,
  0x00, 0x00, 0x00, 0x00, 0x00, 0x00, 0x00, 0x00, 0x00, 0x00, 0x00, 0x00, 0x00, 0x00, 0x00, 0x00,
  0x00, 0x00, 0x00, 0x00, 0x00, 0x00, 0x00, 0x00, 0x00, 0x00, 0x00, 0x00, 0x00, 0x00, 0x00, 0x00,
  0x00, 0x00, 0x00, 0x00, 0x00, 0x00, 0x00, 0x00, 0x00, 0x00, 0x00, 0x00, 0x00, 0x00, 0x00, 0x00,
  0x30, 0x26, 0x12, 0x00, 0x00, 0x00, 0x00, 0x00, 0x00, 0x00, 0x00, 0x00, 0x00, 0x00, 0x00, 0x00,
  0x00, 0x00, 0x00, 0x00, 0x00, 0x00, 0x00, 0x00, 0x00, 0x00, 0x00, 0x00, 0x00, 0x00, 0x00, 0x00,
  0x00, 0x00, 0x00, 0x00, 0x00, 0x00, 0x00, 0x00, 0x00, 0x00, 0x00, 0x00, 0x00, 0x00, 0x00, 0x00,
  0x00, 0x00, 0x00, 0x00, 0x00, 0x00, 0x00, 0x00, 0x00, 0x00, 0x00, 0x00, 0x00, 0x00, 0x00, 0x00,
  0x00, 0x00, 0x00, 0x00, 0x00, 0x00, 0x00, 0x00, 0x00, 0x00, 0x00, 0x00, 0x00, 0x00, 0x00, 0x00,
  0x00, 0x00, 0x00, 0x00, 0x00, 0x00, 0x00, 0x00, 0x00, 0x00, 0x00, 0x00, 0x00, 0x00, 0x00, 0x00,
  0x00, 0x00, 0x00, 0x00, 0x00, 0x00, 0x00, 0x00, 0x00, 0x00, 0x00, 0x00, 0x00, 0x00, 0x00, 0x00,
  0x00, 0x00, 0x00, 0x00, 0x00, 0x00, 0x00, 0x00, 0x00, 0x00, 0x00, 0x00, 0x00, 0x00, 0x00, 0x00,
  0x00, 0x00, 0x00, 0x00, 0x00, 0x00, 0x00, 0x00, 0x00, 0x00, 0x00, 0x00, 0x00, 0x00, 0x00, 0x00,
  0x00, 0x00, 0x00, 0x00, 0x00, 0x00, 0x00, 0x00, 0x00, 0x00, 0x00, 0x00, 0x00, 0x00, 0x00, 0x00,
  0x00, 0x00, 0x00, 0x00, 0x00, 0x00, 0x00, 0x00, 0x00, 0x00, 0x00, 0x00, 0x00, 0x00, 0x00, 0x00,
  0x00, 0x00, 0x00, 0x00, 0x00, 0x00, 0x00, 0x00, 0x00, 0x00, 0x00, 0x00, 0x00, 0x00, 0x00, 0x00,
  0x00, 0x00, 0x00, 0x00, 0x00, 0x00, 0x00, 0x00, 0x00, 0x00, 0x00, 0x00, 0x00, 0x00, 0x00, 0x00,
  0x00, 0x00, 0x00, 0x00, 0x00, 0x00, 0x00, 0x00, 0x00, 0x00, 0x00, 0x00, 0x00, 0x00, 0x00, 0x00,
  0x00, 0x00, 0x00, 0x00, 0x00, 0x00, 0x00, 0x00, 0x00, 0x00, 0x00, 0x00, 0x00, 0x00, 0x00, 0x00,
  0x00, 0x00, 0x00, 0x00, 0x00, 0x00, 0x00, 0x00, 0x00, 0x00, 0x00, 0x00, 0x00, 0x00, 0x00, 0x00,
  0x00, 0x00, 0x00, 0x00, 0x00, 0x00, 0x00, 0x00, 0x00, 0x00, 0x00, 0x00, 0x00, 0x00, 0x00, 0x00,
  0x00, 0x00, 0x00, 0x00, 0x00, 0x00, 0x00, 0x00, 0x00, 0x00, 0x00, 0x00, 0x00, 0x00, 0x00, 0x00,
  0x00, 0x00, 0x00, 0x00, 0x00, 0x00, 0x00, 0x00, 0x00, 0x00, 0x00, 0x00, 0x00, 0x00, 0x00, 0x00,
  0x00, 0x00, 0x00, 0x00, 0x00, 0x00, 0x00, 0x00, 0x00, 0x00, 0x00, 0x00, 0x00, 0x00, 0x00, 0x00,
  0x00, 0x00, 0x00, 0x00, 0x00, 0x00, 0x00, 0x00, 0x00, 0x00, 0x00, 0x00, 0x00, 0x00, 0x00, 0x00,
  0x00, 0x00, 0x00, 0x00, 0x00, 0x00, 0x00, 0x00, 0x00, 0x00, 0x00, 0x00, 0x00, 0x00, 0x00, 0x00,
  0x00, 0x00, 0x00, 0x00, 0x00, 0x00, 0x00, 0x00, 0x00, 0x00, 0x00, 0x00, 0x00, 0x00, 0x00, 0x00,
  0x00, 0x00, 0x00, 0x00, 0x00, 0x00, 0x00, 0x00, 0x00, 0x00, 0x00, 0x00, 0x00, 0x00, 0x00, 0x00,
  0x00, 0x00, 0x00, 0x00, 0x00, 0x00, 0x00, 0x00, 0x00, 0x00, 0x00, 0x00, 0x00, 0x00, 0x00, 0x00,
  0x00, 0x00, 0x00, 0x00, 0x00, 0x00, 0x00, 0x00, 0x00, 0x00, 0x00, 0x00, 0x00, 0x00, 0x00, 0x00,
  0x00, 0x00, 0x00, 0x00, 0x00, 0x00, 0x00, 0x00, 0x00, 0x00, 0x00, 0x00, 0x00, 0x00, 0x00, 0x00,
  0x00, 0x00, 0x00, 0x00, 0x00, 0x00, 0x00, 0x00, 0x00, 0x00, 0x00, 0x00, 0x00, 0x00, 0x00, 0x00,
  0x00, 0x00, 0x00, 0x00, 0x00, 0x00, 0x00, 0x00, 0x00, 0x00, 0x00, 0x00, 0x00, 0x00, 0x00, 0x00,
  0x00, 0x00, 0x00, 0x00, 0x00, 0x00, 0x00, 0x00, 0x00, 0x00, 0x00, 0x00, 0x00, 0x00, 0x00, 0x00,
  0x00, 0x00, 0x00, 0x00, 0x00, 0x00, 0x00, 0x00, 0x00, 0x00, 0x00, 0x00, 0x00, 0x00, 0x00, 0x00,
  0x00, 0x00, 0x00, 0x00, 0x00, 0x00, 0x00, 0x00, 0x00, 0x00, 0x00, 0x00, 0x00, 0x00, 0x00, 0x00,
  0x00, 0x00, 0x00, 0x00, 0x00, 0x00, 0x00, 0x00, 0x00, 0x00, 0x00, 0x00, 0x00, 0x00, 0x00, 0x00,
  0x00, 0x00, 0x00, 0x00, 0x00, 0x00, 0x00, 0x00, 0x00, 0x00, 0x00, 0x00, 0x00, 0x00, 0x00, 0x00,
  0x00, 0x00, 0x00, 0x00, 0x00, 0x00, 0x00, 0x00, 0x00, 0x00, 0x00, 0x00, 0x00, 0x00, 0x00, 0x00,
  0x00, 0x00, 0x00, 0x00, 0x00, 0x00, 0x00, 0x00, 0x00, 0x00, 0x00, 0x00, 0x00, 0x00, 0x00, 0x00,
  0x00, 0x00, 0x00, 0x00, 0x00, 0x00, 0x00, 0x00, 0x00, 0x00, 0x00, 0x00, 0x00, 0x00, 0x00, 0x00,
  0x00, 0x00, 0x00, 0x00, 0x00, 0x00, 0x00, 0x00, 0x00, 0x00, 0x00, 0x00, 0x00, 0x00, 0x00, 0x00,
  0x00, 0x00, 0x00, 0x00, 0x00, 0x00, 0x00, 0x00, 0x00, 0x00, 0x00, 0x00, 0x00, 0x00, 0x00, 0x00,
  0x00, 0x00, 0x00, 0x00, 0x00, 0x00, 0x00, 0x00, 0x00, 0x00, 0x00, 0x00, 0x00, 0x00, 0x00, 0x00,
  0x00, 0x00, 0x00, 0x00, 0x00, 0x00, 0x00, 0x00, 0x00, 0x00, 0x00, 0x00, 0x00, 0x00, 0x00, 0x00,
  0x00, 0x00, 0x00, 0x00, 0x00, 0x00, 0x00, 0x00, 0x00, 0x00, 0x00, 0x00, 0x00, 0x00, 0x00, 0x00,
  0x00, 0x00, 0x00, 0x00, 0x00, 0x00, 0x00, 0x00, 0x00, 0x00, 0x00, 0x00, 0x00, 0x00, 0x00, 0x00,
  0x00, 0x00, 0x00, 0x00, 0x00, 0x00, 0x00, 0x00, 0x00, 0x00, 0x00, 0x00, 0x00, 0x00, 0x00, 0x00,
  0x00, 0x00, 0x00, 0x00, 0x00, 0x00, 0x00, 0x00, 0x00, 0x00, 0x00, 0x00, 0x00, 0x00, 0x00, 0x00,
  0x00, 0x00, 0x00, 0x00, 0x00, 0x00, 0x00, 0x00, 0x00, 0x00, 0x00, 0x00, 0x00, 0x00, 0x00, 0x00,
  0x00, 0x00, 0x00, 0x00, 0x00, 0x00, 0x00, 0x00, 0x00, 0x00, 0x00, 0x00, 0x00, 0x00, 0x00, 0x00,
  0x00, 0x00, 0x00, 0x00, 0x00, 0x00, 0x00, 0x00, 0x00, 0x00, 0x00, 0x00, 0x00, 0x00, 0x00, 0x00,
  0x00, 0x00, 0x00, 0x00, 0x00, 0x00, 0x00, 0x00, 0x00, 0x00, 0x00, 0x00, 0x00, 0x00, 0x00, 0x00,
  0x00, 0x00, 0x00, 0x00, 0x00, 0x00, 0x00, 0x00, 0x00, 0x00, 0x00, 0x00, 0x00, 0x00, 0x00, 0x00,
  0x00, 0x00, 0x00, 0x00, 0x00, 0x00, 0x00, 0x00, 0x00, 0x00, 0x00, 0x00, 0x00, 0x00, 0x00, 0x00,
  0x00, 0x00, 0x00, 0x00, 0x00, 0x00, 0x00, 0x00, 0x00, 0x00, 0x00, 0x00, 0x00, 0x00, 0x00, 0x00,
  0x00, 0x00, 0x00, 0x00, 0x00, 0x00, 0x00, 0x00, 0x00, 0x00, 0x00, 0x00, 0x00, 0x00, 0x00, 0x00,
  0x00, 0x00, 0x00, 0x00, 0x00, 0x00, 0x00, 0x00, 0x00, 0x00, 0x00, 0x00, 0x00, 0x00, 0x00, 0x00,
  0x00, 0x00, 0x00, 0x00, 0x00, 0x00, 0x00, 0x00, 0x00, 0x00, 0x00, 0x00, 0x00, 0x00, 0x00, 0x00,
  0x00, 0x00, 0x00, 0x00, 0x00, 0x00, 0x00, 0x00, 0x00, 0x00, 0x00, 0x00, 0x00, 0x00, 0x00, 0x00,
  0x00, 0x00, 0x00, 0x00, 0x00, 0x00, 0x00, 0x00, 0x00, 0x00, 0x00, 0x00, 0x00, 0x00, 0x00, 0x00,
  0x00, 0x00, 0x00, 0x00, 0x00, 0x00, 0x00, 0x00, 0x00, 0x00, 0x00, 0x00, 0x00, 0x00, 0x00, 0x00,
  0x00, 0x00, 0x00, 0x00, 0x00, 0x00, 0x00, 0x00, 0x00, 0x00, 0x00, 0x00, 0x00, 0x00, 0x00, 0x00,
  0x00, 0x00, 0x00, 0x00, 0x00, 0x00, 0x00, 0x00, 0x00, 0x00, 0x00, 0x00, 0x00, 0x00, 0x00, 0x00,
  0x00, 0x00, 0x00, 0x00, 0x00, 0x00, 0x00, 0x00, 0x00, 0x00, 0x00, 0x00, 0x00, 0x00, 0x00, 0x00,
  0x00, 0x00, 0x00, 0x00, 0x00, 0x00, 0x00, 0x00, 0x00, 0x00, 0x00, 0x00, 0x00, 0x00, 0x00, 0x00,
  0x00, 0x00, 0x00, 0x00, 0x00, 0x00, 0x00, 0x00, 0x00, 0x00, 0x00, 0x00, 0x00, 0x00, 0x00, 0x00,
  0x00, 0x00, 0x00, 0x00, 0x00, 0x00, 0x00, 0x00, 0x00, 0x00, 0x00, 0x00, 0x00, 0x00, 0x00, 0x00,
  0x00, 0x00, 0x00, 0x00, 0x00, 0x00, 0x00, 0x00, 0x00, 0x00, 0x00, 0x00, 0x00, 0x00, 0x00, 0x00,
  0x00, 0x00, 0x00, 0x00, 0x00, 0x00, 0x00, 0x00, 0x00, 0x00, 0x00, 0x00, 0x00, 0x00, 0x00, 0x00,
  0x00, 0x00, 0x00, 0x00, 0x00, 0x00, 0x00, 0x00, 0x00, 0x00, 0x00, 0x00, 0x00, 0x00, 0x00, 0x00,
  0x00, 0x00, 0x00, 0x00, 0x00, 0x00, 0x00, 0x00, 0x00, 0x00, 0x00, 0x00, 0x00, 0x00, 0x00, 0x00,
  0x00, 0x00, 0x00, 0x00, 0x00, 0x00, 0x00, 0x00, 0x00, 0x00, 0x00, 0x00, 0x00, 0x00, 0x00, 0x00,
  0x00, 0x00, 0x00, 0x00, 0x00, 0x00, 0x00, 0x00, 0x00, 0x00, 0x00, 0x00, 0x00, 0x00, 0x00, 0x00,
#else
  #error "img_app_environment_monitor supports LV_COLOR_DEPTH 16 or 32"
#endif
};

const lv_img_dsc_t img_app_environment_monitor = {
  .header.cf = LV_IMG_CF_TRUE_COLOR_ALPHA,
  .header.always_zero = 0,
  .header.reserved = 0,
  .header.w = 112,
  .header.h = 112,
  .data_size = 12544 * LV_IMG_PX_SIZE_ALPHA_BYTE,
  .data = img_app_environment_monitor_map,
};
